                                                                        S      1
,,21HWind_Tunnel_Rudder v1,18HWind_Tunnel_Rudder,22HAutodesk Inventor 20G      1
26,7Hunknown,32,38,7,99,15,,1.,2,2HMM,1,0.08,15H20260831.131502,0.01,   G      2
10000.,14HAdminForWorker,,11,0,15H20260827.000000;                      G      3
     186       1                                                00000000D      1
     186            -143       1       0                               0D      2
     514       2                                                00010000D      3
     514                       2       1                               0D      4
     510       4                                                00010000D      5
     510            -143       1       1                               0D      6
     510       5                                                00010000D      7
     510            -143       1       1                               0D      8
     510       6                                                00010000D      9
     510            -143       1       1                               0D     10
     510       7                                                00010000D     11
     510            -143       1       1                               0D     12
     510       8                                                00010000D     13
     510            -143       1       1                               0D     14
     510       9                                                00010000D     15
     510            -143       1       1                               0D     16
     510      10                                                00010000D     17
     510            -143       1       1                               0D     18
     510      11                                                00010000D     19
     510            -143       1       1                               0D     20
     510      12                                                00010000D     21
     510            -143       1       1                               0D     22
     510      13                                                00010000D     23
     510            -143       1       1                               0D     24
     510      14                                                00010000D     25
     510            -143       1       1                               0D     26
     510      15                                                00010000D     27
     510            -143       1       1                               0D     28
     510      16                                                00010000D     29
     510            -143       1       1                               0D     30
     508      17                                                00010000D     31
     508                       1       1                               0D     32
     508      18                                                00010000D     33
     508                       2       1                               0D     34
     508      20                                                00010000D     35
     508                       2       1                               0D     36
     508      22                                                00010000D     37
     508                       1       1                               0D     38
     508      23                                                00010000D     39
     508                       1       1                               0D     40
     508      24                                                00010000D     41
     508                       1       1                               0D     42
     508      25                                                00010000D     43
     508                       2       1                               0D     44
     508      27                                                00010000D     45
     508                       2       1                               0D     46
     508      29                                                00010000D     47
     508                       1       1                               0D     48
     508      30                                                00010000D     49
     508                       1       1                               0D     50
     508      31                                                00010000D     51
     508                       1       1                               0D     52
     508      32                                                00010000D     53
     508                       1       1                               0D     54
     508      33                                                00010000D     55
     508                       2       1                               0D     56
     126      35                                                00010000D     57
     126       0               7       0                               0D     58
     126      42                                                00010000D     59
     126       0             156       0                               0D     60
     126     198                                                00010000D     61
     126       0               4       0                               0D     62
     126     202                                                00010000D     63
     126       0              30       0                               0D     64
     126     232                                                00010000D     65
     126       0               4       0                               0D     66
     126     236                                                00010000D     67
     126       0               4       0                               0D     68
     126     240                                                00010000D     69
     126       0               7       0                               0D     70
     126     247                                                00010000D     71
     126       0               4       0                               0D     72
     126     251                                                00010000D     73
     126       0               6       0                               0D     74
     126     257                                                00010000D     75
     126       0               7       0                               0D     76
     126     264                                                00010000D     77
     126       0              11       0                               0D     78
     126     275                                                00010000D     79
     126       0             124       0                               0D     80
     126     399                                                00010000D     81
     126       0             121       0                               0D     82
     126     520                                                00010000D     83
     126       0               7       0                               0D     84
     126     527                                                00010000D     85
     126       0               8       0                               0D     86
     126     535                                                00010000D     87
     126       0             156       0                               0D     88
     126     691                                                00010000D     89
     126       0               7       0                               0D     90
     126     698                                                00010000D     91
     126       0               7       0                               0D     92
     126     705                                                00010000D     93
     126       0               4       0                               0D     94
     126     709                                                00010000D     95
     126       0             108       0                               0D     96
     126     817                                                00010000D     97
     126       0               8       0                               0D     98
     126     825                                                00010000D     99
     126       0              11       0                               0D    100
     126     836                                                00010000D    101
     126       0             119       0                               0D    102
     126     955                                                00010000D    103
     126       0              11       0                               0D    104
     126     966                                                00010000D    105
     126       0               7       0                               0D    106
     126     973                                                00010000D    107
     126       0               7       0                               0D    108
     126     980                                                00010000D    109
     126       0               7       0                               0D    110
     128     987                                                00010000D    111
     128       0    -143       9       0                               0D    112
     128     996                                                00010000D    113
     128       0    -143     862       0                               0D    114
     128    1858                                                00010000D    115
     128       0    -143      16       0                               0D    116
     128    1874                                                00010000D    117
     128       0    -143     650       0                               0D    118
     128    2524                                                00010000D    119
     128       0    -143     288       0                               0D    120
     128    2812                                                00010000D    121
     128       0    -143       9       0                               0D    122
     128    2821                                                00010000D    123
     128       0    -143     862       0                               0D    124
     128    3683                                                00010000D    125
     128       0    -143      16       0                               0D    126
     128    3699                                                00010000D    127
     128       0    -143     650       0                               0D    128
     128    4349                                                00010000D    129
     128       0    -143     289       0                               0D    130
     128    4638                                                00010000D    131
     128       0    -143      22       0                               0D    132
     128    4660                                                00010000D    133
     128       0    -143      21       0                               0D    134
     128    4681                                                00010000D    135
     128       0    -143      50       0                               0D    136
     502    4731                                                00010000D    137
     502                      16       1                               0D    138
     504    4747                                                00010001D    139
     504                       8       1                               0D    140
     406    4755                                                00000000D    141
     406                       1      15                               0D    142
     314    4756                                                00000200D    143
     314                       1       0                               0D    144
186,3,1,0,0,1,141;                                                     1P      1
514,13,5,1,7,1,9,1,11,1,13,1,15,1,17,1,19,1,21,1,23,1,25,1,27,1,       3P      2
29,1;                                                                  3P      3
510,111,1,1,31;                                                        5P      4
510,113,1,1,33;                                                        7P      5
510,115,1,1,35;                                                        9P      6
510,117,1,1,37;                                                       11P      7
510,119,1,1,39;                                                       13P      8
510,121,1,1,41;                                                       15P      9
510,123,1,1,43;                                                       17P     10
510,125,1,1,45;                                                       19P     11
510,127,1,1,47;                                                       21P     12
510,129,1,1,49;                                                       23P     13
510,131,1,1,51;                                                       25P     14
510,133,1,1,53;                                                       27P     15
510,135,1,1,55;                                                       29P     16
508,3,0,139,1,0,0,0,139,2,0,0,0,139,3,0,0;                            31P     17
508,5,0,139,4,0,0,0,139,5,1,0,0,139,2,1,0,0,139,6,1,0,0,139,7,0,      33P     18
0;                                                                    33P     19
508,5,0,139,6,0,0,0,139,1,1,0,0,139,8,0,0,0,139,9,1,0,0,139,10,       35P     20
1,0;                                                                  35P     21
508,3,0,139,11,1,0,0,139,12,0,0,0,139,13,1,0;                         37P     22
508,4,0,139,4,1,0,0,139,14,1,0,0,139,13,0,0,0,139,15,1,0;             39P     23
508,3,0,139,3,1,0,0,139,16,1,0,0,139,17,1,0;                          41P     24
508,5,0,139,18,1,0,0,139,19,0,0,0,139,16,0,0,0,139,5,0,0,0,139,       43P     25
20,1,0;                                                               43P     26
508,5,0,139,21,1,0,0,139,22,1,0,0,139,8,1,0,0,139,17,0,0,0,139,       45P     27
19,1,0;                                                               45P     28
508,3,0,139,23,0,0,0,139,12,1,0,0,139,24,0,0;                         47P     29
508,4,0,139,15,0,0,0,139,23,1,0,0,139,25,0,0,0,139,20,0,0;            49P     30
508,4,0,139,21,0,0,0,139,18,0,0,0,139,25,1,0,0,139,26,0,0;            51P     31
508,4,0,139,27,1,0,0,139,14,0,0,0,139,7,1,0,0,139,10,0,0;             53P     32
508,6,0,139,26,1,0,0,139,24,1,0,0,139,11,0,0,0,139,27,0,0,0,139,      55P     33
9,0,0,0,139,22,0,0;                                                   55P     34
126,2,2,0,0,0,0,-1.38877492799127,-1.38877492799127,                  57P     35
-1.38877492799127,-2.56632530098137D-15,-2.56632530098137D-15,        57P     36
-2.56632530098137D-15,1.,0.768445816818856,1.,-179.673376629285,      57P     37
1.10483569178857D-12,-0.737609844631962,-180.287613169207,            57P     38
1.10481058841626D-12,-0.624554306438494,-180.287613169213,            57P     39
1.10467190950203D-12,-2.20788648393599D-14,-1.38877492799127,         57P     40
-2.56632530098137D-15,0.,0.,0.;                                       57P     41
126,110,3,0,0,0,0,3.70894318974051,3.70894318974051,                  59P     42
3.70894318974051,3.70894318974051,3.72318158602836,                   59P     43
3.72327654008518,3.73749449906365,3.7376848878538,                    59P     44
3.75215018337077,3.7673954126115,3.7677851728157,                     59P     45
3.78344564314207,3.80048107217411,3.81864740486437,                   59P     46
3.81937889985042,3.83805936224138,3.85880523594374,                   59P     47
3.88095143096689,3.8820983527848,3.90454649130256,                    59P     48
3.92962445162827,3.95620753419249,3.95785624388025,                   59P     49
3.9843082798873,4.01393121796237,4.04507417079501,                    59P     50
4.04731541980344,4.07772927438379,4.11188377887483,                   59P     51
4.14752067914256,4.18461921389156,4.22315526276017,                   59P     52
4.22658390957381,4.26310166406165,4.30442847063793,                   59P     53
4.30839902579002,4.34710315742163,4.39109079138219,                   59P     54
4.43635417232165,4.44120437329633,4.48285395129728,                   59P     55
4.53054873214303,4.57939516053677,4.58519912113627,                   59P     56
4.6293480042419,4.68036022748506,4.73238306187842,                    59P     57
4.78536607582753,4.83925724396418,4.84679389647451,                   59P     58
4.89400301779551,4.94954839845554,5.00583701217819,                   59P     59
5.01448437469701,5.06281118887693,5.1204120440133,                    59P     60
5.17857956376221,5.23725269333555,5.29636942820523,                   59P     61
5.35586690787178,5.36684817751862,5.41568151175299,                   59P     62
5.47574895671791,5.53600439576271,5.59638251731419,                   59P     63
5.60896748168021,5.65681764465247,5.71724383496404,                   59P     64
5.77759497756712,5.83780489089178,5.85199959604133,                   59P     65
5.89780741784393,5.95753651923415,6.0169263650063,                    59P     66
6.07591142305605,6.13442654548347,6.19240705217624,                   59P     67
6.2497888116686,6.26673051706345,6.30650831926689,                    59P     68
6.36250277247245,6.41771014376897,6.47206925087185,                   59P     69
6.52551982456287,6.57800257425421,6.59713272254904,                   59P     70
6.62945925144157,6.6798327112173,6.72906697202072,                    59P     71
6.77710727380522,6.8239001347991,6.86939340703107,                    59P     72
6.9135363307807,6.95627958809974,6.99757535553195,                    59P     73
7.03737735613719,7.0756409109001,7.1123229895749,                     59P     74
7.14738226098671,7.18077914277593,7.21247585053682,                   59P     75
7.24243644626532,7.27062688599458,7.29701506646128,                   59P     76
7.32157087061214,7.34426621172922,7.3456589364117,                    59P     77
7.3650750759257,7.38397356274181,7.4009399235544,                     59P     78
7.41595459750352,7.41788638257457,7.41788638257457,                   59P     79
7.41788638257457,7.41788638257457,1.,1.,1.,1.,1.,1.,1.,1.,1.,1.,      59P     80
1.,1.,1.,1.,1.,1.,1.,1.,1.,1.,1.,1.,1.,1.,1.,1.,1.,1.,1.,1.,1.,       59P     81
1.,1.,1.,1.,1.,1.,1.,1.,1.,1.,1.,1.,1.,1.,1.,1.,1.,1.,1.,1.,1.,       59P     82
1.,1.,1.,1.,1.,1.,1.,1.,1.,1.,1.,1.,1.,1.,1.,1.,1.,1.,1.,1.,1.,       59P     83
1.,1.,1.,1.,1.,1.,1.,1.,1.,1.,1.,1.,1.,1.,1.,1.,1.,1.,1.,1.,1.,       59P     84
1.,1.,1.,1.,1.,1.,1.,1.,1.,1.,1.,1.,1.,1.,1.,1.,1.,                   59P     85
1.53821101795789D-14,1.11022302462516D-12,2.48402798081121D-28,       59P     86
-1.88339697382563D-8,1.1102757033907D-12,-0.237379663930334,          59P     87
-0.0166829056074189,1.11032821798501D-12,-0.476342108432582,          59P     88
-0.0834598922591966,1.11043073466632D-12,-0.947596664005903,          59P     89
-0.134388493288313,1.1104817475123D-12,-1.18455960851037,             59P     90
-0.267370039240301,1.11058029645443D-12,-1.6471517452907,             59P     91
-0.438299993759121,1.11067917507176D-12,-2.11651257810659,            59P     92
-0.668914223315835,1.11077116418788D-12,-2.56313728075458,            59P     93
-0.934766546569225,1.11086253833424D-12,-3.01189661916859,            59P     94
-1.24398201134344,1.11095451324411D-12,-3.46940005589892,             59P     95
-1.78864477745832,1.11108208990822D-12,-4.12010980838591,             59P     96
-2.21363432951941,1.11116272573973D-12,-4.54263529017587,             59P     97
-2.67506355723304,1.11124239172521D-12,-4.96586355622558,             59P     98
-3.18663451471935,1.11132243679314D-12,-5.39778069240247,             59P     99
-4.01452224151067,1.11143149085183D-12,-6.00445453774521,             59P    100
-4.63208499352448,1.11150044017373D-12,-6.40112834018085,             59P    101
-5.28435004216346,1.11156772515261D-12,-6.7951335274539,              59P    102
-5.98996111692518,1.11163469022568D-12,-7.19512391994326,             59P    103
-7.09157418902415,1.11172449579551D-12,-7.75316837865715,             59P    104
-7.90037726839672,1.11178099267584D-12,-8.12035351875195,             59P    105
-8.73714018238011,1.11183505078707D-12,-8.48044166954771,             59P    106
-9.62779621981482,1.11188805445622D-12,-8.84328124372358,             59P    107
-10.9911646774975,1.11195749309111D-12,-9.34598996332626,             59P    108
-11.9869636994813,1.11200041458244D-12,-9.67803534790835,             59P    109
-13.0000789523245,1.11204035086109D-12,-9.99903958658175,             59P    110
-14.0658836243505,1.11207859212205D-12,-10.3197411257632,             59P    111
-15.6761596881976,1.11212652091854D-12,-10.7598968984596,             59P    112
-17.4047369729693,1.11216801193965D-12,-11.1875126621775,             59P    113
-19.213724257864,1.11220188182448D-12,-11.5919808264653,              59P    114
-20.5048226827285,1.11221977065703D-12,-11.85233585982,               59P    115
-21.7890088448694,1.11223446081982D-12,-12.0973148168317,             59P    116
-23.1213543961644,1.11224667420316D-12,-12.3378376560005,             59P    117
-24.4666382456665,1.11225359573482D-12,-12.5563157440424,             59P    118
-25.8498468677852,1.11225778130749D-12,-12.7677449578155,             59P    119
-27.2787554690765,1.11225928334234D-12,-12.9734439691402,             59P    120
-29.3929753537716,1.11225408146036D-12,-13.2443420097703,             59P    121
-30.9506945052786,1.11224485684111D-12,-13.4196376736739,             59P    122
-32.4709769985426,1.11223314269786D-12,-13.5785032330989,             59P    123
-34.032722749561,1.11221854964922D-12,-13.7301683996416,              59P    124
-36.3266410989367,1.11219040828517D-12,-13.9227145117904,             59P    125
-38.0272478883781,1.11216458500593D-12,-14.0431063422334,             59P    126
-39.6696597153938,1.11213713359325D-12,-14.1480597025717,             59P    127
-41.3487330827996,1.11210674345098D-12,-14.2448746037062,             59P    128
-43.7978573437972,1.11205636469899D-12,-14.3588227276539,             59P    129
-46.3951645682532,1.11199647411489D-12,-14.4505387022283,             59P    130
-49.0412381669338,1.11192920415323D-12,-14.5157911044535,             59P    131
-50.9468687003828,1.11187647764886D-12,-14.543495440768,              59P    132
-52.7564232461751,1.11182422481424D-12,-14.5599586555962,             59P    133
-54.5936055223666,1.11176921496774D-12,-14.5678445888944,             59P    134
-57.2428811441452,1.11168487958502D-12,-14.5566430227012,             59P    135
-59.2496584837578,1.11161712539051D-12,-14.5307114903503,             59P    136
-61.136047363773,1.11155145259227D-12,-14.4973987842447,              59P    137
-63.0441473975,1.11148327981121D-12,-14.4558433169294,                59P    138
-65.7764414360004,1.11138125725361D-12,-14.376497974115,              59P    139
-68.6802961794386,1.11126801921832D-12,-14.2704981744374,             59P    140
-71.6085522802048,1.11114922185803D-12,-14.1428442129319,             59P    141
-74.5580080262695,1.11102515578405D-12,-13.9943998968415,             59P    142
-76.7132965765417,1.11093143583495D-12,-13.8721376824902,             59P    143
-78.697138260859,1.11084359132516D-12,-13.7524826336096,              59P    144
-80.6900922691655,1.11075400969377D-12,-13.6262684178454,             59P    145
-83.5012291303873,1.11062438177818D-12,-13.4335049236582,             59P    146
-86.5030552429473,1.11048231062697D-12,-13.2112175307319,             59P    147
-88.7152182574049,1.11037505772396D-12,-13.035891457394,              59P    148
-90.7208983409278,1.11027648662192D-12,-12.8709408322367,             59P    149
-92.7269725956188,1.11017680609285D-12,-12.701045812265,              59P    150
-95.5248635828502,1.11003516556974D-12,-12.4523073521592,             59P    151
-98.5266147868941,1.10988022604708D-12,-12.172022415183,              59P    152
-100.76069612211,1.10976280046776D-12,-11.9539079334653,              59P    153
-102.753173536839,1.10965696400019D-12,-11.7543802537673,             59P    154
-104.737285457045,1.10955068931504D-12,-11.55171325756,               59P    155
-107.469384861136,1.10940228251993D-12,-11.2633253926134,             59P    156
-110.418614112488,1.10923966262487D-12,-10.9411193344938,             59P    157
-113.346605178376,1.10907591679408D-12,-10.6108828651234,             59P    158
-116.250156016503,1.10891135524611D-12,-10.2735680995488,             59P    159
-119.126091259606,1.10874628383987D-12,-9.93011122105363,             59P    160
-121.313585430888,1.10861920939536D-12,-9.66203148064372,             59P    161
-123.199666411368,1.10850882314092D-12,-9.42718931438932,             59P    162
-125.062474377994,1.10839918398961D-12,-9.19247368932417,             59P    163
-127.556922631649,1.10825100009151D-12,-8.8720047887953,              59P    164
-130.291296266952,1.10808685548012D-12,-8.51301620714834,             59P    165
-132.982698034028,1.10792366085832D-12,-8.15232596239838,             59P    166
-135.628184339737,1.10776169451335D-12,-7.79077826236192,             59P    167
-137.691526958226,1.10763418838508D-12,-7.50346908101552,             59P    168
-139.405948297163,1.10752758544223D-12,-7.26177696734248,             59P    169
-141.085288744664,1.10742270078246D-12,-7.02294382469258,             59P    170
-143.260486400914,1.10728588526308D-12,-6.70925720713583,             59P    171
-145.693925967408,1.10713153250765D-12,-6.35249682380441,             59P    172
-148.067547489914,1.10697973922102D-12,-5.99894206988856,             59P    173
-150.378754856769,1.10683076073215D-12,-5.649382075112,               59P    174
-152.625020223585,1.10668484898065D-12,-5.30460020024392,             59P    175
-154.803886782255,1.10654225252681D-12,-4.96537446786373,             59P    176
-156.912971451873,1.10640321649814D-12,-4.63247769596739,             59P    177
-158.949967488559,1.10626798246627D-12,-4.30667730670171,             59P    178
-160.912647011272,1.10613678824997D-12,-3.98873479045599,             59P    179
-162.798863440856,1.10600986764189D-12,-3.6794048137676,              59P    180
-164.606553849279,1.10588745005822D-12,-3.37943396799371,             59P    181
-166.333741217693,1.10576976011266D-12,-3.08955916379105,             59P    182
-167.978536596396,1.105657017118D-12,-2.81050568573664,               59P    183
-169.539141179733,1.10554943451892D-12,-2.54298492559175,             59P    184
-171.013848240327,1.10544721926657D-12,-2.28769183298412,             59P    185
-172.401045103808,1.10535057112933D-12,-2.04530208478878,             59P    186
-173.699214536405,1.10525968199462D-12,-1.81646913184624,             59P    187
-174.906937662975,1.10517473501845D-12,-1.60182077326884,             59P    188
-175.704532369907,1.10511839299692D-12,-1.4589738221293,              59P    189
-176.417768778314,1.1050678984178D-12,-1.33073222156538,              59P    190
-177.068689192507,1.10502172750645D-12,-1.21329827616989,             59P    191
-177.97470844396,1.10495723399971D-12,-1.04881402550835,              59P    192
-178.808496544702,1.10489768367976D-12,-0.896548716540167,            59P    193
-179.363998774891,1.10485789009842D-12,-0.794568146032751,            59P    194
-179.641718239829,1.10483796369512D-12,-0.743440014846494,            59P    195
-179.673376629285,1.10483569178857D-12,-0.737609844631975,            59P    196
3.70894318974051,7.41788638257457,0.,0.,0.;                           59P    197
126,1,1,0,0,1,0,0.,0.,3605.75226338426,3605.75226338426,1.,1.,        61P    198
-180.287613169213,1.10467190950203D-12,-2.20788648393591D-14,0.,      61P    199
1.11022302462516D-12,2.44546880618514D-28,0.,3605.75226338426,        61P    200
0.,0.,0.;                                                             61P    201
126,19,3,0,0,1,0,4.26742701251733D-14,4.26742701251733D-14,           63P    202
4.26742701251733D-14,4.26742701251733D-14,0.042984678548119,          63P    203
0.042984678548119,0.085969357096238,0.085969357096238,                63P    204
0.171938714192476,0.171938714192476,0.343877428384952,                63P    205
0.343877428384952,0.687754856769904,0.687754856769904,                63P    206
1.03163228515486,1.03163228515486,1.37550971353981,                   63P    207
1.37550971353981,2.06326457030971,2.06326457030971,                   63P    208
2.75101942707963,2.75101942707963,2.75101942707963,                   63P    209
2.75101942707963,1.,1.,1.,1.,1.,1.,1.,1.,1.,1.,1.,1.,1.,1.,1.,        63P    210
1.,1.,1.,1.,1.,-14.,200.000000000001,4.28048306154461D-14,            63P    211
-13.9964546423533,199.999718338645,-0.721258359194823,                63P    212
-14.2109051866442,200.016755434456,-1.43294902298556,                 63P    213
-14.9261317496968,200.073576838979,-2.680000584925,                   63P    214
-15.4082894481084,200.111882016332,-3.22559513144918,                 63P    215
-17.0183425348044,200.239793210412,-4.65980120275247,                 63P    216
-18.2758926331005,200.339699688396,-5.38274662536668,                 63P    217
-22.1745689588292,200.649431305411,-7.21043639572045,                 63P    218
-24.9472340591632,200.869706591328,-8.01472035749886,                 63P    219
-33.3404080507465,201.536505045382,-9.92130094721814,                 63P    220
-39.0683732160861,201.991565111462,-10.5192203690006,                 63P    221
-50.5192046867444,202.901280164289,-11.1831017590375,                 63P    222
-56.2623254009572,203.357544268465,-11.2077174494125,                 63P    223
-67.7314911300323,204.268715892137,-10.9216522200307,                 63P    224
-73.4612615596045,204.723919378578,-10.603095941424,                  63P    225
-90.6236899958691,206.087394120714,-9.30559337738953,                 63P    226
-102.029576845516,206.993538533159,-8.01546614978424,                 63P    227
-124.774068754294,208.80048213417,-4.96905014118297,                  63P    228
-136.115448407563,209.701501751292,-3.20320560182062,                 63P    229
-147.40757722957,210.598608619996,-1.16583939441494,                  63P    230
4.26742701251733D-14,2.75101942707963,0.,0.,0.;                       63P    231
126,1,1,0,0,1,0,0.,0.,4009.78802432248,4009.78802432248,1.,1.,        65P    232
-14.,200.000000000001,4.26944154662002D-14,1.77635683940025D-14,      65P    233
1.06581410364015D-12,2.44546880618514D-28,0.,4009.78802432248,        65P    234
0.,0.,0.;                                                             65P    235
126,1,1,0,0,1,0,0.,0.,4210.95679445152,4210.95679445152,1.,1.,        67P    236
-179.673376629285,1.10483569178857D-12,-0.737609844631975,            67P    237
-150.08074980781,208.457835663774,-0.737764784370881,0.,              67P    238
4210.95679445152,0.,0.,0.;                                            67P    239
126,3,3,0,0,1,0,-0.0760500109207543,-0.0760500109207543,              69P    240
-0.0760500109207543,-0.0760500109207543,0.,0.,0.,0.,1.,1.,1.,1.,      69P    241
-147.407577229569,210.598608619996,-1.16583939441509,                 69P    242
-148.665560129008,210.732179890309,-0.937691386285705,                69P    243
-149.929023053264,209.743833420413,-0.732083795978727,                69P    244
-150.08074980781,208.457835663774,-0.737764784370881,                 69P    245
-0.0760500109207543,0.,0.,0.,0.;                                      69P    246
126,1,1,0,0,1,0,0.,0.,4212.68342086267,4212.68342086267,1.,1.,        71P    247
-150.68368048808,208.543427565674,2.7852514284185D-14,                71P    248
-180.287613169213,1.10134124042816D-12,-2.20788648393591D-14,0.,      71P    249
4212.68342086267,0.,0.,0.;                                            71P    250
126,2,2,0,0,0,0,1.5712470483404,1.5712470483404,1.5712470483404,      73P    251
2.26392704255763,2.26392704255763,2.26392704255763,1.,                73P    252
0.94062142527832,1.,-150.68368048808,208.543427565674,                73P    253
2.78186298070137D-14,-150.683680387168,208.543427551351,              73P    254
-0.270668452530553,-150.514243865928,208.519374381426,                73P    255
-0.478956329190699,1.5712470483404,2.26392704255763,0.,0.,0.;         73P    256
126,3,3,0,0,1,0,-0.0244275756007657,-0.0244275756007657,              75P    257
-0.0244275756007657,-0.0244275756007657,0.,0.,0.,0.,1.,1.,1.,1.,      75P    258
-150.514243865928,208.519374381426,-0.478956329190701,                75P    259
-150.404360084908,208.503775304926,-0.614036141257837,                75P    260
-150.251089045955,208.482016983183,-0.705986163329065,                75P    261
-150.08074980781,208.457835663774,-0.737764784370881,                 75P    262
-0.0244275756007657,0.,0.,0.,0.;                                      75P    263
126,6,3,0,0,1,0,-0.00807430030410009,-0.00807430030410009,            77P    264
-0.00807430030410009,-0.00807430030410009,-0.00403715015205004,       77P    265
-0.00403715015205004,-0.00403715015205004,0.,0.,0.,0.,1.,1.,1.,       77P    266
1.,1.,1.,1.,-147.347818434141,211.350979094223,                       77P    267
-0.403711425257719,-147.34776751884,211.351535612472,                 77P    268
-0.336419205465581,-147.347735812333,211.351892160754,                77P    269
-0.269127953403979,-147.347722702462,211.352035718231,                77P    270
-0.201841454160663,-147.347709592591,211.352179275708,                77P    271
-0.134554954917347,-147.347715080457,211.352109828511,                77P    272
-0.0672732084923162,-147.347715080203,211.352109828483,               77P    273
4.76285677564192D-14,-0.00807430030410009,0.,0.,0.,0.;                77P    274
126,87,3,0,0,1,0,0.255768029221,0.255768029221,0.255768029221,        79P    275
0.255768029221,0.279784598262233,0.279784598262233,                   79P    276
0.279784598262233,0.437561178888846,0.437561178888846,                79P    277
0.437561178888846,0.583134293998449,0.583134293998449,                79P    278
0.583134293998449,0.728903611941909,0.728903611941909,                79P    279
0.728903611941909,0.875024670289922,0.875024670289922,                79P    280
0.875024670289922,0.992048524063164,0.992048524063164,                79P    281
0.992048524063164,1.02152547720644,1.02152547720644,                  79P    282
1.02152547720644,1.16831248404968,1.16831248404968,                   79P    283
1.16831248404968,1.31531979796992,1.31531979796992,                   79P    284
1.31531979796992,1.46255231703888,1.46255231703888,                   79P    285
1.46255231703888,1.61009599026594,1.61009599026594,                   79P    286
1.61009599026594,1.68431118865402,1.68431118865402,                   79P    287
1.68431118865402,1.73997258744507,1.73997258744507,                   79P    288
1.73997258744507,1.75040909971839,1.75040909971839,                   79P    289
1.75040909971839,1.75530121484651,1.75530121484651,                   79P    290
1.75530121484651,1.7576708331117,1.7576708331117,                     79P    291
1.7576708331117,1.75803777318821,1.75803777318821,                    79P    292
1.75803777318821,1.75811002501647,1.75811002501647,                   79P    293
1.75811002501647,1.75814184582834,1.75814184582834,                   79P    294
1.75814184582834,1.90695678381823,1.90695678381823,                   79P    295
1.90695678381823,1.99787472943258,1.99787472943258,                   79P    296
1.99787472943258,2.05697178066488,2.05697178066488,                   79P    297
2.05697178066488,2.20865410573701,2.20865410573701,                   79P    298
2.20865410573701,2.36249735733053,2.36249735733053,                   79P    299
2.36249735733053,2.51880832391471,2.51880832391471,                   79P    300
2.51880832391471,2.67073726205462,2.67073726205462,                   79P    301
2.67073726205462,2.80180257713053,2.80180257713053,                   79P    302
2.80180257713053,2.92563310127591,2.92563310127591,                   79P    303
2.92563310127591,2.95094900334109,2.95094900334109,                   79P    304
2.95094900334109,2.95094900334109,1.,1.,1.,1.,1.,1.,1.,1.,1.,1.,      79P    305
1.,1.,1.,1.,1.,1.,1.,1.,1.,1.,1.,1.,1.,1.,1.,1.,1.,1.,1.,1.,1.,       79P    306
1.,1.,1.,1.,1.,1.,1.,1.,1.,1.,1.,1.,1.,1.,1.,1.,1.,1.,1.,1.,1.,       79P    307
1.,1.,1.,1.,1.,1.,1.,1.,1.,1.,1.,1.,1.,1.,1.,1.,1.,1.,1.,1.,1.,       79P    308
1.,1.,1.,1.,1.,1.,1.,1.,1.,1.,1.,1.,1.,1.,1.,-14.6871818077799,       79P    309
200.807497256648,-4.57588998810377D-10,-14.9571729737911,             79P    310
200.837290558563,-0.00244150507470239,-15.2207460226315,              79P    311
200.866367314805,-0.00258534868748805,-15.4798489432657,              79P    312
200.894943654841,-0.00272758163495734,-18.4983099617763,              79P    313
201.227848310016,-0.00438454716214254,-20.909996323272,               79P    314
201.49282341553,-0.00584007915676342,-23.3215878009023,               79P    315
201.755513736463,-0.00735287185266311,-25.7331792785326,              79P    316
202.018204057396,-0.00886566454856288,-28.1446758722975,              79P    317
202.278609593749,-0.0104357179457412,-30.5583547433041,               79P    318
202.535152326479,-0.0120733861975451,-32.9720336143106,               79P    319
202.79169505921,-0.013711054449349,-35.3878947625588,                 79P    320
203.04437498832,-0.0154163375557783,-37.8074783884455,                79P    321
203.291220612373,-0.0174004238181535,-40.2270620143322,               79P    322
203.538066236426,-0.0193845100805287,-42.6503681178574,               79P    323
203.779077555424,-0.0216473994988498,-45.0777850454766,               79P    324
204.012746027118,-0.0242074090261937,-47.0150773538377,               79P    325
204.199234029146,-0.0262505218965973,-48.956391536993,                79P    326
204.381192055126,-0.00958580951963291,-50.9010816692427,              79P    327
204.558442173461,-0.00279455512493611,-51.3909265859687,              79P    328
204.603089424977,-0.0010839168138408,-51.8809857004395,               79P    329
204.647438114872,3.94493311877764D-14,-52.3712487236219,              79P    330
204.691485477741,3.94562854610925D-14,-54.8053786961851,              79P    331
204.910178304046,3.92266310309568D-14,-57.2428968829578,              79P    332
205.121307576296,4.4269027783813D-14,-59.6831779449519,               79P    333
205.32495030519,4.45667808213202D-14,-62.1227214872973,               79P    334
205.528531487685,4.37458111587323D-14,-64.5649861124978,              79P    335
205.724627131801,3.7223682107466D-14,-67.0098993434122,               79P    336
205.913660155038,3.61152080463611D-14,-69.4540738375652,              79P    337
206.102636061465,3.43082721373325D-14,-71.9009797279979,              79P    338
206.28456004132,3.59461461521195D-14,-74.3511737582998,               79P    339
206.460315076871,3.68568023323412D-14,-76.8003816609817,              79P    340
206.635999376435,3.68902751592097D-14,-79.2530981457847,              79P    341
206.80553557686,4.47768577235535D-14,-81.710680650831,                79P    342
206.970398966193,4.49072203034806D-14,-82.9419594678905,              79P    343
207.052997535551,4.50800464776714D-14,-84.1745554553273,              79P    344
207.134429635886,-2.76990572498106D-8,-85.4087569183554,              79P    345
207.214943051154,-2.76668553180273D-8,-86.3344080156264,              79P    346
207.275328112604,-2.76427038691898D-8,-87.2609622055285,              79P    347
207.335196425156,-1.41982240717941D-8,-88.1885413246745,              79P    348
207.394652722142,-5.15114685628593D-9,-88.3624624095144,              79P    349
207.405800777827,-3.45481987837816D-9,-88.5364195275077,              79P    350
207.416934349067,-2.01452326849399D-9,-88.710413482442,               79P    351
207.428054126902,-1.08836627991243D-9,-88.7919731488174,              79P    352
207.433266522762,-6.54230191514819D-10,-88.8735409092501,             79P    353
207.438475887848,-3.33695423187566D-10,-88.9551168465433,             79P    354
207.44368229335,-1.5672186812199D-10,-88.9946301911697,               79P    355
207.446204146015,-7.10003023871021D-11,-89.0341454542442,             79P    356
207.448725304305,-1.89952103716608D-11,-89.0736626451777,             79P    357
207.451245776312,-4.28502632682237D-12,-89.0797819603762,             79P    358
207.451636076389,-2.00712522425157D-12,-89.085901321803,              79P    359
207.452026360009,-6.25077784017357D-13,-89.0920207294932,             79P    360
207.452416627203,-1.49953834072125D-13,-89.0932256630009,             79P    361
207.452493472225,-5.64002098373934D-14,-89.0944305983023,             79P    362
207.45257031661,2.29719164539117D-15,-89.0956355353975,               79P    363
207.452647160359,2.53234933023094D-14,-89.0961662081508,              79P    364
207.452681003523,3.54646292539334D-14,-89.0966976118813,              79P    365
207.452714893157,4.1787050132229D-14,-89.0972249598621,               79P    366
207.452748523998,3.78586083160914D-14,-91.563449183521,               79P    367
207.610028340557,-1.83341058655641D-11,-94.0377342228974,             79P    368
207.764675138917,3.44669270104889D-14,-96.5233479787524,              79P    369
207.918887698092,3.61074017907193D-14,-98.0285242587403,              79P    370
208.012271911789,3.5662717736981D-14,-99.5373780865265,               79P    371
208.105468456485,-0.00919259332942979,-101.051189314678,              79P    372
208.198977910861,-0.0158562775196674,-102.035173049699,               79P    373
208.259759453807,-0.0201877005772966,-103.021249296374,               79P    374
208.320673610214,-0.0234509539479833,-104.009762585427,               79P    375
208.381861619957,-0.0224286197645312,-106.517645957553,               79P    376
208.537097157921,-0.0198349319225684,-109.039367065707,               79P    377
208.693966767528,-0.0172764613500155,-111.579132176395,               79P    378
208.854372778147,-0.0148795763266334,-114.118897287082,               79P    379
209.014778788766,-0.0124826913032512,-116.676706400302,               79P    380
209.178721200397,-0.0102473918290399,-119.25544651115,                79P    381
209.347665288653,-0.00825587059213692,-121.834186621999,              79P    382
209.516609376909,-0.00626434935523405,-124.433857730476,              79P    383
209.69055514179,-0.00451660635563946,-127.053480807532,               79P    384
209.870350573164,-0.00304568303346994,-129.673103884589,              79P    385
210.050146004538,-0.00157475971130041,-132.312678930225,              79P    386
210.235791102405,-0.000380656066555874,-134.631245999645,             79P    387
210.402556605812,0.000479900011605229,-136.949813069064,              79P    388
210.569322109219,0.00134045608976637,-138.947372162267,               79P    389
210.717208018168,0.00186746460134389,-141.166804278406,               79P    390
210.883803917646,0.00235631562496809,-142.712019860978,               79P    391
210.999791506541,0.00269666404732588,-144.364779598112,               79P    392
211.124847612248,0.00301837623166162,-146.199190725106,               79P    393
211.26437738691,0.00271545211625261,-146.574217583457,                79P    394
211.292902842446,0.00265352233527332,-146.956836850554,               79P    395
211.322033263915,0.00256549197937059,-147.347682077384,               79P    396
211.351814884174,0.00244619464438933,0.255768029221,                  79P    397
2.95094900334109,0.,0.,0.;                                            79P    398
126,84,3,0,0,1,0,-2.75101915806799,-2.75101915806799,                 81P    399
-2.75101915806799,-2.75101915806799,-2.70803448372357,                81P    400
-2.70803448372357,-2.70803448372357,-2.70743201699087,                81P    401
-2.70743201699087,-2.70743201699087,-2.66512839172578,                81P    402
-2.66512839172578,-2.66512839172578,-2.66389304994319,                81P    403
-2.66389304994319,-2.66389304994319,-2.58064639213325,                81P    404
-2.58064639213325,-2.58064639213325,-2.57888272039319,                81P    405
-2.57888272039319,-2.57888272039319,-2.41770255037018,                81P    406
-2.41770255037018,-2.41770255037018,-2.41117752102837,                81P    407
-2.41117752102837,-2.41117752102837,-2.407156704864,                  81P    408
-2.407156704864,-2.407156704864,-2.40349079395643,                    81P    409
-2.40349079395643,-2.40349079395643,-2.10305444471499,                81P    410
-2.10305444471499,-2.10305444471499,-2.07019421901671,                81P    411
-2.07019421901671,-2.07019421901671,-2.06332330153836,                81P    412
-2.06332330153836,-2.06332330153836,-2.05858866406929,                81P    413
-2.05858866406929,-2.05858866406929,-1.80126508106375,                81P    414
-1.80126508106375,-1.80126508106375,-1.74497554728129,                81P    415
-1.74497554728129,-1.74497554728129,-1.72370853374459,                81P    416
-1.72370853374459,-1.72370853374459,-1.71016434861006,                81P    417
-1.71016434861006,-1.71016434861006,-1.49639380503692,                81P    418
-1.49639380503692,-1.49639380503692,-1.40286919222367,                81P    419
-1.40286919222367,-1.40286919222367,-1.37625927461513,                81P    420
-1.37625927461513,-1.37625927461513,-1.36338619663124,                81P    421
-1.36338619663124,-1.36338619663124,-1.02253964747967,                81P    422
-1.02253964747967,-1.02253964747967,-0.766904735615987,               81P    423
-0.766904735615987,-0.766904735615987,-0.718973189641547,             81P    424
-0.718973189641547,-0.718973189641547,-0.693740792018233,             81P    425
-0.693740792018233,-0.693740792018233,-0.674941065395376,             81P    426
-0.674941065395376,-0.674941065395376,-2.49437221778315D-11,          81P    427
-2.49437221778315D-11,-2.49437221778315D-11,                          81P    428
-2.49437221778315D-11,1.,1.,1.,1.,1.,1.,1.,1.,1.,1.,1.,1.,1.,1.,      81P    429
1.,1.,1.,1.,1.,1.,1.,1.,1.,1.,1.,1.,1.,1.,1.,1.,1.,1.,1.,1.,1.,       81P    430
1.,1.,1.,1.,1.,1.,1.,1.,1.,1.,1.,1.,1.,1.,1.,1.,1.,1.,1.,1.,1.,       81P    431
1.,1.,1.,1.,1.,1.,1.,1.,1.,1.,1.,1.,1.,1.,1.,1.,1.,1.,1.,1.,1.,       81P    432
1.,1.,1.,1.,1.,1.,1.,1.,-14.6871817740666,200.807497252928,           81P    433
-4.06009569497642D-10,-14.6888936066974,200.808083668266,             81P    434
-0.714257732404968,-14.9012175484952,200.822900811782,                81P    435
-1.42461459365426,-15.2925725330212,200.853069721761,                 81P    436
-2.02261122067035,-15.2980577056426,200.853492564667,                 81P    437
-2.03099265148347,-15.3035687178388,200.853917656181,                 81P    438
-2.03935434333221,-15.3091053309187,200.854344975823,                 81P    439
-2.04769638894694,-15.6978717013418,200.884350234204,                 81P    440
-2.63345283403704,-16.2128633098629,200.925341276937,                 81P    441
-3.12234379206708,-16.7715793250027,200.970238552178,                 81P    442
-3.54643916318405,-16.7878948354059,200.971549633195,                 81P    443
-3.55882350917002,-16.8042423099731,200.972863406933,                 81P    444
-3.57115991804837,-16.8206188975644,200.974179539396,                 81P    445
-3.58345227094402,-17.9241970348283,201.062870483325,                 81P    446
-4.41180383291996,-19.1636148463436,201.162709895786,                 81P    447
-5.03505386449057,-20.4270261675759,201.263000355005,                 81P    448
-5.58622469725218,-20.453792921965,201.265125118369,                  81P    449
-5.59790185579831,-20.4805692926334,201.267249843588,                 81P    450
-5.60954838777998,-20.507357908022,201.269375199295,                  81P    451
-5.62116003133953,-22.9555422753097,201.463609299935,                 81P    452
-6.68233634928635,-25.5368319014915,201.669496686676,                 81P    453
-7.40612790398117,-28.1407158744159,201.876077410691,                 81P    454
-7.98721228350621,-28.2461284653293,201.884440382919,                 81P    455
-8.01073622336757,-28.3515780852034,201.89280449143,                  81P    456
-8.03402628622,-28.4570574021178,201.901169009078,                    81P    457
-8.05709538807797,-28.5220552619342,201.906323344178,                 81P    458
-8.07131089773915,-28.5870643983114,201.911477834636,                 81P    459
-8.08544250408683,-28.6520830956616,201.916632310308,                 81P    460
-8.09949322932494,-28.7113627896512,201.921331816034,                 81P    461
-8.11230373963032,-28.770656826813,201.926032656584,                  81P    462
-8.12503977294238,-28.8299652016234,201.930734848797,                 81P    463
-8.13770164746838,-33.6905283895297,202.316098677173,                 81P    464
-9.17539390269515,-38.6470352790118,202.710466210279,                 81P    465
-9.71540263800597,-43.6090592326233,203.104702916649,                 81P    466
-10.0318758002729,-44.1517806025496,203.147822556408,                 81P    467
-10.0664900523958,-44.6945679725146,203.190940631097,                 81P    468
-10.0984301729057,-45.2373030245868,203.234045188715,                 81P    469
-10.1280548682593,-45.3507863521098,203.243058147453,                 81P    470
-10.1342492516748,-45.4642673922512,203.252070515214,                 81P    471
-10.1403424027846,-45.5777450633699,203.261082182734,                 81P    472
-10.1463376008179,-45.6559406806618,203.267291976234,                 81P    473
-10.1504687942622,-45.7341392911757,203.273501978046,                 81P    474
-10.154544698185,-45.8123411830057,203.279712226672,                  81P    475
-10.158564973048,-50.0625485399558,203.617234040786,                  81P    476
-10.3770635464208,-54.322099179151,203.955443787026,                  81P    477
-10.4319106602197,-58.5799499648051,204.29377640079,                  81P    478
-10.3781078845822,-59.511354824167,204.367786660051,                  81P    479
-10.3663385274115,-60.4426783428792,204.441802798706,                 81P    480
-10.3493701032441,-61.3738049265917,204.515818901908,                 81P    481
-10.3277783425904,-61.7255982410775,204.543783274021,                 81P    482
-10.3196206579331,-62.0773634442833,204.571747641073,                 81P    483
-10.3108030199613,-62.4290943021178,204.599711684071,                 81P    484
-10.3013564782604,-62.6530988548877,204.617520962973,                 81P    485
-10.295340320446,-62.877089467336,204.635330044531,                   81P    486
-10.289069464122,-63.1010742704399,204.653137018342,                  81P    487
-10.2825359135562,-66.6362705658254,204.934187995802,                 81P    488
-10.1794155971957,-70.1694908230225,205.214840110322,                 81P    489
-10.0115800028715,-73.6998300993824,205.495367293333,                 81P    490
-9.79293094339774,-75.2443535327899,205.6180979359,                   81P    491
-9.69727197987797,-76.7883255284554,205.740804665806,                 81P    492
-9.59188700153433,-78.3316703062523,205.863510422182,                 81P    493
-9.47794014938306,-78.7707876267459,205.89842305073,                  81P    494
-9.44551963187124,-79.2098541718053,205.933335600468,                 81P    495
-9.41240600135943,-79.6488681959776,205.968248599755,                 81P    496
-9.37862607165079,-79.8612499798045,205.985138458983,                 81P    497
-9.36228435741377,-80.0736196328253,206.002026771269,                 81P    498
-9.34579530977465,-80.2859772295208,206.01891287965,                  81P    499
-9.32916375874237,-85.908669340171,206.466014324801,                  81P    500
-8.88880234840318,-91.5228933145806,206.911729199503,                 81P    501
-8.34771793448856,-97.1287221395355,207.356854002581,                 81P    502
-7.72835026405812,-101.333093758252,207.69069760489,                  81P    503
-7.26382451123529,-105.532743105378,208.024209291949,                 81P    504
-6.75526442662612,-109.727700971829,208.357725087395,                 81P    505
-6.21213677859017,-110.514255571789,208.420259299041,                 81P    506
-6.11030034458343,-111.30064523688,208.482793655124,                  81P    507
-6.00724864467514,-112.086870170069,208.545330370646,                 81P    508
-5.9030440818796,-112.500759180579,208.578251304867,                  81P    509
-5.84818812200669,-112.914602539923,208.611172892944,                 81P    510
-5.79301267613917,-113.32840027771,208.644095458015,                  81P    511
-5.73752684795356,-113.636705673958,208.668624844097,                 81P    512
-5.6961864086935,-113.944985878044,208.693154460679,                  81P    513
-5.65467410373218,-114.25324388134,208.717673553788,                  81P    514
-5.61298122191986,-125.3202125308,209.597949270382,                   81P    515
-4.11613828195103,-136.357454997362,210.468362604135,                 81P    516
-2.38916690316426,-147.347818397282,211.350979562422,                 81P    517
-0.403711429359806,-2.75101915806799,-2.49437221778315D-11,0.,        81P    518
0.,0.;                                                                81P    519
126,3,3,0,0,1,0,0.,0.,0.,0.,0.0244879463568122,                       83P    520
0.0244879463568122,0.0244879463568122,0.0244879463568122,1.,1.,       83P    521
1.,1.,-147.407577229569,210.598608619996,-1.16583939441509,           83P    522
-147.406604080311,211.093715930683,-1.15343119008509,                 83P    523
-147.386434893358,211.349836633025,-0.896142684550477,                83P    524
-147.347831836575,211.350980609091,-0.40371284011959,0.,              83P    525
0.0244879463568122,0.,0.,0.;                                          83P    526
126,3,3,0,0,1,0,3.16863579812061D-10,3.16863579812061D-10,            85P    527
3.16863579812061D-10,3.16863579812061D-10,0.0244879463568122,         85P    528
0.0244879463568122,0.0244879463568122,0.0244879463568122,1.,1.,       85P    529
1.,1.,-14.6871817909231,200.807497254788,-4.57588976367392D-10,       85P    530
-14.2529374495872,200.759579763057,-1.68402731046192D-10,             85P    531
-14.0319048084078,200.455782977255,-3.88531821143815D-11,-14.,        85P    532
200.000000000001,2.19095477437675D-12,3.16863579812061D-10,           85P    533
0.0244879463568122,0.,0.,0.;                                          85P    534
126,110,3,0,0,0,0,3.70894318974051,3.70894318974051,                  87P    535
3.70894318974051,3.70894318974051,3.72318158602836,                   87P    536
3.72327654008518,3.73749449906365,3.7376848878538,                    87P    537
3.75215018337077,3.7673954126115,3.7677851728157,                     87P    538
3.78344564314207,3.80048107217411,3.81864740486437,                   87P    539
3.81937889985042,3.83805936224138,3.85880523594374,                   87P    540
3.88095143096689,3.8820983527848,3.90454649130256,                    87P    541
3.92962445162827,3.95620753419249,3.95785624388025,                   87P    542
3.9843082798873,4.01393121796237,4.04507417079501,                    87P    543
4.04731541980344,4.07772927438379,4.11188377887483,                   87P    544
4.14752067914256,4.18461921389156,4.22315526276017,                   87P    545
4.22658390957381,4.26310166406165,4.30442847063793,                   87P    546
4.30839902579002,4.34710315742163,4.39109079138219,                   87P    547
4.43635417232165,4.44120437329633,4.48285395129728,                   87P    548
4.53054873214303,4.57939516053677,4.58519912113627,                   87P    549
4.6293480042419,4.68036022748506,4.73238306187842,                    87P    550
4.78536607582753,4.83925724396418,4.84679389647451,                   87P    551
4.89400301779551,4.94954839845554,5.00583701217819,                   87P    552
5.01448437469701,5.06281118887693,5.1204120440133,                    87P    553
5.17857956376221,5.23725269333555,5.29636942820523,                   87P    554
5.35586690787178,5.36684817751862,5.41568151175299,                   87P    555
5.47574895671791,5.53600439576271,5.59638251731419,                   87P    556
5.60896748168021,5.65681764465247,5.71724383496404,                   87P    557
5.77759497756712,5.83780489089178,5.85199959604133,                   87P    558
5.89780741784393,5.95753651923415,6.0169263650063,                    87P    559
6.07591142305605,6.13442654548347,6.19240705217624,                   87P    560
6.2497888116686,6.26673051706345,6.30650831926689,                    87P    561
6.36250277247245,6.41771014376897,6.47206925087185,                   87P    562
6.52551982456287,6.57800257425421,6.59713272254904,                   87P    563
6.62945925144157,6.6798327112173,6.72906697202072,                    87P    564
6.77710727380522,6.8239001347991,6.86939340703107,                    87P    565
6.9135363307807,6.95627958809974,6.99757535553195,                    87P    566
7.03737735613719,7.0756409109001,7.1123229895749,                     87P    567
7.14738226098671,7.18077914277593,7.21247585053682,                   87P    568
7.24243644626532,7.27062688599458,7.29701506646128,                   87P    569
7.32157087061214,7.34426621172922,7.3456589364117,                    87P    570
7.3650750759257,7.38397356274181,7.4009399235544,                     87P    571
7.41595459750352,7.41788638257457,7.41788638257457,                   87P    572
7.41788638257457,7.41788638257457,1.,1.,1.,1.,1.,1.,1.,1.,1.,1.,      87P    573
1.,1.,1.,1.,1.,1.,1.,1.,1.,1.,1.,1.,1.,1.,1.,1.,1.,1.,1.,1.,1.,       87P    574
1.,1.,1.,1.,1.,1.,1.,1.,1.,1.,1.,1.,1.,1.,1.,1.,1.,1.,1.,1.,1.,       87P    575
1.,1.,1.,1.,1.,1.,1.,1.,1.,1.,1.,1.,1.,1.,1.,1.,1.,1.,1.,1.,1.,       87P    576
1.,1.,1.,1.,1.,1.,1.,1.,1.,1.,1.,1.,1.,1.,1.,1.,1.,1.,1.,1.,1.,       87P    577
1.,1.,1.,1.,1.,1.,1.,1.,1.,1.,1.,1.,1.,1.,1.,1.,1.,                   87P    578
1.53821101795789D-14,1.11022302462516D-12,2.48402798081121D-28,       87P    579
-1.88339697963975D-8,1.11017028564331D-12,0.237379663930334,          87P    580
-0.0166829056074191,1.11011667959446D-12,0.476342108432582,           87P    581
-0.0834598922591968,1.11000991721255D-12,0.947596664005903,           87P    582
-0.134388493288314,1.10995569737174D-12,1.18455960851037,             87P    583
-0.267370039240302,1.10984881413736D-12,1.6471517452907,              87P    584
-0.438299993759121,1.10973925467332D-12,2.11651257810659,             87P    585
-0.668914223315836,1.10963290257814D-12,2.56313728075458,             87P    586
-0.934766546569226,1.10952498754448D-12,3.01189661916859,             87P    587
-1.24398201134344,1.10941379011464D-12,3.46940005589892,              87P    588
-1.78864477745833,1.10925239359892D-12,4.12010980838591,              87P    589
-2.21363432951941,1.10914539042308D-12,4.54263529017587,              87P    590
-2.67506355723304,1.1090371053023D-12,4.96586355622558,               87P    591
-3.18663451471935,1.1089253406305D-12,5.39778069240247,               87P    592
-4.01452224151067,1.10876497738058D-12,6.00445453774521,              87P    593
-4.63208499352448,1.10865776814699D-12,6.40112834018085,              87P    594
-5.28435004216346,1.10855007967358D-12,6.79513352745389,              87P    595
-5.98996111692518,1.1084394133293D-12,7.19512391994326,               87P    596
-7.09157418902416,1.10828139737639D-12,7.75316837865715,              87P    597
-7.90037726839672,1.10817483129799D-12,8.12035351875195,              87P    598
-8.73714018238012,1.10806897814686D-12,8.4804416695477,               87P    599
-9.62779621981483,1.10796084867621D-12,8.84328124372358,              87P    600
-10.9911646774975,1.10780703979303D-12,9.34598996332626,              87P    601
-11.9869636994813,1.10770250351188D-12,9.67803534790835,              87P    602
-13.0000789523245,1.10759988527183D-12,9.99903958658175,              87P    603
-14.0658836243505,1.10749570643966D-12,10.3197411257632,              87P    604
-15.6761596881976,1.10734816680683D-12,10.7598968984596,              87P    605
-17.4047369729693,1.10719975828132D-12,11.1875126621775,              87P    606
-19.213724257864,1.10705400821866D-12,11.5919808264653,               87P    607
-20.5048226827285,1.10695627619017D-12,11.85233585982,                87P    608
-21.7890088448694,1.10686217384151D-12,12.0973148168317,              87P    609
-23.1213543961644,1.10676757362725D-12,12.3378376560005,              87P    610
-24.4666382456665,1.10667747139742D-12,12.5563157440424,              87P    611
-25.8498468677852,1.10658776353761D-12,12.7677449578155,              87P    612
-27.2787554690765,1.10649791686105D-12,12.9734439691402,              87P    613
-29.3929753537716,1.10637241208225D-12,13.2443420097703,              87P    614
-30.9506945052786,1.10628534055013D-12,13.4196376736739,              87P    615
-32.4709769985426,1.10620307592613D-12,13.5785032330989,              87P    616
-34.032722749561,1.10612113001351D-12,13.7301683996416,               87P    617
-36.3266410989367,1.10600748099866D-12,13.9227145117904,              87P    618
-38.0272478883781,1.10592819300657D-12,14.0431063422334,              87P    619
-39.6696597153938,1.10585413293903D-12,14.1480597025717,              87P    620
-41.3487330827996,1.10578074834381D-12,14.2448746037062,              87P    621
-43.7978573437972,1.10567976645949D-12,14.3588227276539,              87P    622
-46.3951645682532,1.10557914580071D-12,14.4505387022283,              87P    623
-49.0412381669338,1.10548289795131D-12,14.5157911044535,              87P    624
-50.9468687003828,1.10541786825012D-12,14.543495440768,               87P    625
-52.7564232461751,1.10535830427942D-12,14.5599586555962,              87P    626
-54.5936055223666,1.10529979237504D-12,14.5678445888944,              87P    627
-57.2428811441452,1.105220431487D-12,14.5566430227012,                87P    628
-59.2496584837578,1.1051641932062D-12,14.5307114903503,               87P    629
-61.136047363773,1.10511331422129D-12,14.4973987842447,               87P    630
-63.0441473975,1.10506359577488D-12,14.4558433169294,                 87P    631
-65.7764414360004,1.10499680962787D-12,14.376497974115,               87P    632
-68.6802961794386,1.10493064495986D-12,14.2704981744374,              87P    633
-71.6085522802048,1.10486853734648D-12,14.1428442129319,              87P    634
-74.5580080262695,1.10481039379154D-12,13.9943998968415,              87P    635
-76.7132965765417,1.10477096917261D-12,13.8721376824902,              87P    636
-78.697138260859,1.10473626217892D-12,13.7524826336096,               87P    637
-80.6900922691655,1.10470273091889D-12,13.6262684178454,              87P    638
-83.5012291303873,1.10465870719111D-12,13.4335049236582,              87P    639
-86.5030552429473,1.10461535147259D-12,13.2112175307319,              87P    640
-88.7152182574049,1.10458595898695D-12,13.035891457394,               87P    641
-90.7208983409278,1.1045606406777D-12,12.8709408322366,               87P    642
-92.7269725956188,1.10453640869381D-12,12.701045812265,               87P    643
-95.5248635828502,1.10450523023691D-12,12.4523073521591,              87P    644
-98.5266147868941,1.10447476223044D-12,12.1720224151829,              87P    645
-100.76069612211,1.10445419893897D-12,11.9539079334652,               87P    646
-102.753173536839,1.10443697056102D-12,11.7543802537673,              87P    647
-104.737285457045,1.10442069810208D-12,11.55171325756,                87P    648
-107.469384861136,1.10440036124604D-12,11.2633253926134,              87P    649
-110.418614112488,1.10438082958474D-12,10.9411193344938,              87P    650
-113.346605178376,1.10436373820669D-12,10.6108828651233,              87P    651
-116.250156016503,1.10434897450644D-12,10.2735680995488,              87P    652
-119.126091259606,1.10433642859399D-12,9.9301112210536,               87P    653
-121.313585430888,1.10432840546958D-12,9.66203148064369,              87P    654
-123.199666411368,1.10432231008719D-12,9.42718931438929,              87P    655
-125.062474377994,1.10431690561235D-12,9.19247368932414,              87P    656
-127.556922631649,1.10431103849507D-12,8.87200478879527,              87P    657
-130.291296266952,1.10430631683924D-12,8.51301620714831,              87P    658
-132.982698034028,1.10430330086324D-12,8.15232596239834,              87P    659
-135.628184339737,1.1043018939507D-12,7.79077826236188,               87P    660
-137.691526958226,1.10430197872976D-12,7.50346908101548,              87P    661
-139.405948297163,1.1043027086467D-12,7.26177696734245,               87P    662
-141.085288744664,1.10430388720853D-12,7.02294382469254,              87P    663
-143.260486400914,1.10430637653129D-12,6.70925720713579,              87P    664
-145.693925967408,1.10431045721259D-12,6.35249682380437,              87P    665
-148.067547489914,1.10431567377727D-12,5.99894206988853,              87P    666
-150.378754856769,1.10432193111027D-12,5.64938207511197,              87P    667
-152.625020223585,1.10432913326915D-12,5.30460020024388,              87P    668
-154.803886782255,1.10433718330277D-12,4.9653744678637,               87P    669
-156.912971451873,1.10434598313849D-12,4.63247769596735,              87P    670
-158.949967488559,1.10435543354405D-12,4.30667730670167,              87P    671
-160.912647011272,1.10436543416858D-12,3.98873479045595,              87P    672
-162.798863440856,1.10437588366543D-12,3.67940481376756,              87P    673
-164.606553849279,1.10438667989763D-12,3.37943396799367,              87P    674
-166.333741217693,1.10439772022483D-12,3.08955916379101,              87P    675
-167.978536596396,1.10440890186874D-12,2.8105056857366,               87P    676
-169.539141179733,1.10442012235265D-12,2.54298492559171,              87P    677
-171.013848240327,1.10443128000808D-12,2.28769183298408,              87P    678
-172.401045103808,1.1044422745426D-12,2.04530208478874,               87P    679
-173.699214536405,1.10445300765314D-12,1.8164691318462,               87P    680
-174.906937662975,1.10446338369692D-12,1.6018207732688,               87P    681
-175.704532369907,1.10447047846506D-12,1.45897382212926,              87P    682
-176.417768778314,1.104476934597D-12,1.33073222156534,                87P    683
-177.068689192507,1.10448291483367D-12,1.21329827616985,              87P    684
-177.97470844396,1.10449146700784D-12,1.04881402550831,               87P    685
-178.808496544702,1.10449953606864D-12,0.896548716540123,             87P    686
-179.363998774891,1.10450503095827D-12,0.794568146032707,             87P    687
-179.641718239829,1.10450781000635D-12,0.743440014846449,             87P    688
-179.673376629285,1.10450812721549D-12,0.737609844631931,             87P    689
3.70894318974051,7.41788638257457,0.,0.,0.;                           87P    690
126,2,2,0,0,0,0,-1.38877492799127,-1.38877492799127,                  89P    691
-1.38877492799127,-2.56632530098137D-15,-2.56632530098137D-15,        89P    692
-2.56632530098137D-15,1.,0.768445816818856,1.,-179.673376629285,      89P    693
1.10450812721549D-12,0.737609844631918,-180.287613169207,             89P    694
1.1045332305878D-12,0.62455430643845,-180.287613169213,               89P    695
1.10467190950203D-12,-2.20788648393599D-14,-1.38877492799127,         89P    696
-2.56632530098137D-15,0.,0.,0.;                                       89P    697
126,3,3,0,0,1,0,-0.0760500109207543,-0.0760500109207543,              91P    698
-0.0760500109207543,-0.0760500109207543,0.,0.,0.,0.,1.,1.,1.,1.,      91P    699
-147.407577229569,210.598608619996,1.16583939441515,                  91P    700
-148.665560129008,210.732179890309,0.937691386285762,                 91P    701
-149.929023053264,209.743833420413,0.732083795978783,                 91P    702
-150.08074980781,208.457835663774,0.737764784370937,                  91P    703
-0.0760500109207543,0.,0.,0.,0.;                                      91P    704
126,1,1,0,0,1,0,0.,0.,4210.95679445152,4210.95679445152,1.,1.,        93P    705
-179.673376629285,1.10450812721549D-12,0.737609844631931,             93P    706
-150.08074980781,208.457835663774,0.737764784370937,0.,               93P    707
4210.95679445152,0.,0.,0.;                                            93P    708
126,75,3,0,0,1,0,-2.75101942707959,-2.75101942707959,                 95P    709
-2.75101942707959,-2.75101942707959,-2.70803474853147,                95P    710
-2.70803474853147,-2.70803474853147,-2.66572170558567,                95P    711
-2.66572170558567,-2.66572170558567,-2.66417803297177,                95P    712
-2.66417803297177,-2.66417803297177,-2.5809224694414,                 95P    713
-2.5809224694414,-2.5809224694414,-2.57729392459001,                  95P    714
-2.57729392459001,-2.57729392459001,-2.41621305430313,                95P    715
-2.41621305430313,-2.41621305430313,-2.40795224006628,                95P    716
-2.40795224006628,-2.40795224006628,-2.40139975481739,                95P    717
-2.40139975481739,-2.40139975481739,-2.10122478546522,                95P    718
-2.10122478546522,-2.10122478546522,-2.06839314819233,                95P    719
-2.06839314819233,-2.06839314819233,-2.06261539375424,                95P    720
-2.06261539375424,-2.06261539375424,-1.80478846953496,                95P    721
-1.80478846953496,-1.80478846953496,-1.74838882986199,                95P    722
-1.74838882986199,-1.74838882986199,-1.72967627304141,                95P    723
-1.72967627304141,-1.72967627304141,-1.71748781190779,                95P    724
-1.71748781190779,-1.71748781190779,-1.50280183541932,                95P    725
-1.50280183541932,-1.50280183541932,-1.40887672070561,                95P    726
-1.40887672070561,-1.40887672070561,-1.38050088304957,                95P    727
-1.38050088304957,-1.38050088304957,-1.36731586907061,                95P    728
-1.36731586907061,-1.36731586907061,-1.02548690180296,                95P    729
-1.02548690180296,-1.02548690180296,-0.76911517635222,                95P    730
-0.76911517635222,-0.76911517635222,-0.721045477830207,               95P    731
-0.721045477830207,-0.721045477830207,-0.693323462652767,             95P    732
-0.693323462652767,-0.693323462652767,-0.67201657254552,              95P    733
-0.67201657254552,-0.67201657254552,-9.81252541081406D-15,            95P    734
-9.81252541081406D-15,-9.81252541081406D-15,                          95P    735
-9.81252541081406D-15,1.,1.,1.,1.,1.,1.,1.,1.,1.,1.,1.,1.,1.,1.,      95P    736
1.,1.,1.,1.,1.,1.,1.,1.,1.,1.,1.,1.,1.,1.,1.,1.,1.,1.,1.,1.,1.,       95P    737
1.,1.,1.,1.,1.,1.,1.,1.,1.,1.,1.,1.,1.,1.,1.,1.,1.,1.,1.,1.,1.,       95P    738
1.,1.,1.,1.,1.,1.,1.,1.,1.,1.,1.,1.,1.,1.,1.,1.,1.,1.,1.,1.,          95P    739
-14.,200.000000000001,4.25939665491093D-14,-13.9964546423533,         95P    740
199.999718338645,0.721258359195612,-14.2109051866447,                 95P    741
200.016755434456,1.43294902298703,-14.5685184681714,                  95P    742
200.045166136718,2.05647480395688,-14.9205440421742,                  95P    743
200.073132921756,2.6702579945991,-15.3932524263862,                   95P    744
200.110687395183,3.20852627569163,-15.9198569344802,                  95P    745
200.152523662606,3.68120485491348,-15.9390686219625,                  95P    746
200.154049941403,3.69844920623222,-15.9583535928186,                  95P    747
200.15558204222,3.71560417946016,-15.9776939175329,                   95P    748
200.157118540643,3.73268793239513,-17.0207840251418,                  95P    749
200.239987175393,4.6540733770853,-18.2352584075565,                   95P    750
200.336471489098,5.35789344196031,-19.4919877165281,                  95P    751
200.436312760416,5.95266345824467,-19.5467600160634,                  95P    752
200.440664163681,5.97858544578325,-19.6016108027441,                  95P    753
200.445021802386,6.00429645074386,-19.656537610114,                   95P    754
200.449385480579,6.0298293682114,-22.0948863960831,                   95P    755
200.643100898114,7.16330428310851,-24.6842015816856,                  95P    756
200.848809890109,7.93550009030051,-27.3023869533566,                  95P    757
201.056812483627,8.54821563777588,-27.4366570436194,                  95P    758
201.067479614881,8.57963792466019,-27.5710030628264,                  95P    759
201.078152778335,8.6106407765017,-27.7054085430531,                   95P    760
201.08883066569,8.64125141124649,-27.8120190903071,                   95P    761
201.0973003755,8.66553179413287,-27.9186728171756,                    95P    762
201.105773515729,8.68956680823246,-28.0253761023948,                  95P    763
201.114250593136,8.71336017071041,-32.913545118251,                   95P    764
201.502592780017,9.80335451351688,-37.9009695413535,                  95P    765
201.898820344685,10.3856168960575,-42.8978121944844,                  95P    766
202.29579614409,10.7309623728057,-43.4443418596705,                   95P    767
202.33921537215,10.7687345343251,-43.9909841941124,                   95P    768
202.38264355126,10.8036724848132,-44.5376216511495,                   95P    769
202.426071342889,10.8361305698347,-44.6338196252916,                  95P    770
202.43371382242,10.8418425860594,-44.7300163742651,                   95P    771
202.441356204617,10.8474799973454,-44.8262146970733,                  95P    772
202.448998711848,10.853037705863,-49.1189754833732,                   95P    773
202.79003849708,11.1010452853066,-53.4216612047346,                   95P    774
203.131866771981,11.1764395435526,-57.7232111147472,                  95P    775
203.473604811934,11.1380909849743,-58.6641751575624,                  95P    776
203.548360008174,11.1297022377853,-59.6050848500299,                  95P    777
203.62311088653,11.1158707190881,-60.5458244134626,                   95P    778
203.697848248927,11.0972126576119,-60.8579477290756,                  95P    779
203.722644987853,11.0910221919005,-61.1700523166609,                  95P    780
203.747440238925,11.0843004140172,-61.4821339475949,                  95P    781
203.772233666197,11.0770698306895,-61.685408939122,                   95P    782
203.788382914404,11.072360175846,-61.8886730532204,                   95P    783
203.804531298449,11.067437089526,-62.0919288795745,                   95P    784
203.820679024073,11.0622987553065,-65.6720506914592,                  95P    785
204.105102972714,10.9717928015736,-69.2502878660475,                  95P    786
204.389377195757,10.8130068773205,-72.825630934835,                   95P    787
204.673421495615,10.600925172538,-74.3898435274296,                   95P    788
204.797690876803,10.5081394266957,-75.9535021700857,                  95P    789
204.921916249256,10.4051525353615,-77.5165223296742,                  95P    790
205.046090897209,10.2932192781171,-77.9887283678227,                  95P    791
205.083605460402,10.259402977274,-78.4608761308349,                   95P    792
205.121115393907,10.2247701305915,-78.9329632877885,                  95P    793
205.158620512544,10.1893553374492,-79.1523215967545,                  95P    794
205.176047505167,10.1728996279014,-79.3716667807345,                  95P    795
205.193473455071,10.156274451725,-79.5909988325131,                   95P    796
205.210898361683,10.1394977444908,-85.2773067020194,                  95P    797
205.662648950761,9.70455209201145,-90.9547938094233,                  95P    798
206.113698771512,9.16515272069621,-96.6237169126033,                  95P    799
206.564068222148,8.54487877325499,-100.875409239988,                  95P    800
206.901845310124,8.07967331267407,-105.122284314997,                  95P    801
207.23923968991,7.56897590302228,-109.364450457361,                   95P    802
207.576259967001,7.02273399513036,-110.159856609054,                  95P    803
207.639451268955,6.92031363740062,-110.955097212333,                  95P    804
207.702629418862,6.81664366840463,-111.750172981222,                  95P    805
207.765794473446,6.71178965971769,-112.208696816611,                  95P    806
207.802222049564,6.65131987293707,-112.667165830032,                  95P    807
207.838645270333,6.59045628856275,-113.125580158437,                  95P    808
207.875064146632,6.52921148355859,-113.477913264685,                  95P    809
207.903055365531,6.48213928041929,-113.830214578322,                  95P    810
207.931044058655,6.43484135186553,-114.182486740235,                  95P    811
207.959030435811,6.38730732746327,-125.293105402096,                  95P    812
208.841717170465,4.88809031375016,-136.373852592062,                  95P    813
209.722030756269,3.15658339606578,-147.407577229569,                  95P    814
210.598608619993,1.16583939441516,-2.75101942707959,                  95P    815
-9.81252541081406D-15,0.,0.,0.;                                       95P    816
126,3,3,0,0,1,0,-0.0650036429409424,-0.0650036429409424,              97P    817
-0.0650036429409424,-0.0650036429409424,-0.0405761762078999,          97P    818
-0.0405761762078999,-0.0405761762078999,-0.0405761762078999,1.,       97P    819
1.,1.,1.,-150.08074980781,208.457835663774,0.737764784370937,         97P    820
-150.251089045955,208.482016983183,0.705986163329121,                 97P    821
-150.404360084908,208.503775304926,0.614036141257892,                 97P    822
-150.514243865928,208.519374381426,0.478956329190757,                 97P    823
-0.0650036429409424,-0.0405761762078999,0.,0.,0.;                     97P    824
126,5,3,0,0,1,0,-0.0405761762078999,-0.0405761762078999,              99P    825
-0.0405761762078999,-0.0405761762078999,-0.0365388365662885,          99P    826
-0.0365388365662885,-0.0325018759043328,-0.0325018759043328,          99P    827
-0.0325018759043328,-0.0325018759043328,1.,1.,1.,1.,1.,1.,            99P    828
-150.514243865928,208.519374381426,0.478956329190757,                 99P    829
-150.568722607171,208.527108171111,0.411985771202298,                 99P    830
-150.61127640612,208.533149098709,0.33595768284957,                   99P    831
-150.66895837352,208.541337617649,0.172713030180218,                  99P    832
-150.68368042171,208.543427556252,0.0866582612725476,                 99P    833
-150.68368048808,208.543427565674,2.7852514284185D-14,                99P    834
-0.0405761762078999,-0.0325018759043328,0.,0.,0.;                     99P    835
126,84,3,0,0,1,0,0.,0.,0.,0.,0.0429846743445499,                     101P    836
0.0429846743445499,0.0429846743445499,0.0435871410837795,            101P    837
0.0435871410837795,0.0435871410837795,0.0858907663488953,            101P    838
0.0858907663488953,0.0858907663488953,0.0871261081325166,            101P    839
0.0871261081325166,0.0871261081325166,0.170372765942475,             101P    840
0.170372765942475,0.170372765942475,0.172136437683159,               101P    841
0.172136437683159,0.172136437683159,0.333316607706161,               101P    842
0.333316607706161,0.333316607706161,0.339841637048106,               101P    843
0.339841637048106,0.339841637048106,0.343862453217285,               101P    844
0.343862453217285,0.343862453217285,0.347528364120281,               101P    845
0.347528364120281,0.347528364120281,0.647964713361645,               101P    846
0.647964713361645,0.647964713361645,0.680824939059919,               101P    847
0.680824939059919,0.680824939059919,0.687695856540931,               101P    848
0.687695856540931,0.687695856540931,0.69243049400749,                101P    849
0.69243049400749,0.69243049400749,0.949754077012953,                 101P    850
0.949754077012953,0.949754077012953,1.0060436107954,                 101P    851
1.0060436107954,1.0060436107954,1.02731062433252,                    101P    852
1.02731062433252,1.02731062433252,1.04085480946529,                  101P    853
1.04085480946529,1.04085480946529,1.25462535303853,                  101P    854
1.25462535303853,1.25462535303853,1.34814996585182,                  101P    855
1.34814996585182,1.34814996585182,1.37475988345558,                  101P    856
1.37475988345558,1.37475988345558,1.38763296144361,                  101P    857
1.38763296144361,1.38763296144361,1.7284795105955,                   101P    858
1.7284795105955,1.7284795105955,1.98411442245943,                    101P    859
1.98411442245943,1.98411442245943,2.03204596843391,                  101P    860
2.03204596843391,2.03204596843391,2.05727836605669,                  101P    861
2.05727836605669,2.05727836605669,2.07607809280293,                  101P    862
2.07607809280293,2.07607809280293,2.75101915805119,                  101P    863
2.75101915805119,2.75101915805119,2.75101915805119,1.,1.,1.,1.,      101P    864
1.,1.,1.,1.,1.,1.,1.,1.,1.,1.,1.,1.,1.,1.,1.,1.,1.,1.,1.,1.,1.,      101P    865
1.,1.,1.,1.,1.,1.,1.,1.,1.,1.,1.,1.,1.,1.,1.,1.,1.,1.,1.,1.,1.,      101P    866
1.,1.,1.,1.,1.,1.,1.,1.,1.,1.,1.,1.,1.,1.,1.,1.,1.,1.,1.,1.,1.,      101P    867
1.,1.,1.,1.,1.,1.,1.,1.,1.,1.,1.,1.,1.,1.,1.,1.,1.,1.,               101P    868
-14.6871817740657,200.807497252927,2.68789598008293D-13,             101P    869
-14.6888936066167,200.80808366826,0.714257732002819,                 101P    870
-14.901217548342,200.82290081177,1.42461459327622,                   101P    871
-15.2925725328024,200.853069721744,2.02261122033597,                 101P    872
-15.2980577054823,200.853492564654,2.03099265124056,                 101P    873
-15.3035687177381,200.853917656173,2.03935434318022,                 101P    874
-15.3091053308779,200.854344975819,2.04769638888549,                 101P    875
-15.6978717012923,200.8843502342,2.6334528339827,                    101P    876
-16.2128633098078,200.925341276932,3.12234379201861,                 101P    877
-16.771579324945,200.970238552173,3.54643916314027,                  101P    878
-16.7878948353617,200.971549633191,3.55882350913671,                 101P    879
-16.8042423099425,200.972863406931,3.57115991802542,                 101P    880
-16.8206188975475,200.974179539395,3.58345227093135,                 101P    881
-17.9241970348101,201.062870483324,4.41180383290953,                 101P    882
-19.1636148463248,201.162709895785,5.03505386448163,                 101P    883
-20.4270261675571,201.263000355003,5.58622469724404,                 101P    884
-20.4537929219558,201.265125118368,5.59790185579437,                 101P    885
-20.4805692926338,201.267249843588,5.60954838778022,                 101P    886
-20.507357908032,201.269375199296,5.62116003134392,                  101P    887
-22.9555422753199,201.463609299936,6.68233634928973,                 101P    888
-25.5368319015016,201.669496686677,7.40612790398387,                 101P    889
-28.1407158744259,201.876077410692,7.9872122835085,                  101P    890
-28.2461284653415,201.88444038292,8.01073622337035,                  101P    891
-28.3515780852178,201.892804491431,8.03402628622325,                 101P    892
-28.4570574021345,201.901169009079,8.05709538808168,                 101P    893
-28.5220552620286,201.906323344186,8.07131089775985,                 101P    894
-28.5870643984836,201.91147783465,8.08544250412432,                  101P    895
-28.6520830959116,201.916632310328,8.09949322937902,                 101P    896
-28.7113627898271,201.921331816048,8.11230373966822,                 101P    897
-28.7706568269149,201.926032656592,8.12503977296423,                 101P    898
-28.8299652016513,201.930734848799,8.13770164747438,                 101P    899
-33.6905283895567,202.316098677175,9.17539390269901,                 101P    900
-38.6470352790379,202.710466210281,9.71540263800844,                 101P    901
-43.6090592326482,203.104702916651,10.0318758002745,                 101P    902
-44.1517806025744,203.14782255641,10.0664900523974,                  101P    903
-44.6945679725393,203.190940631099,10.0984301729072,                 101P    904
-45.2373030246113,203.234045188717,10.1280548682607,                 101P    905
-45.3507863521782,203.243058147459,10.1342492516786,                 101P    906
-45.4642673923636,203.252070515223,10.1403424027907,                 101P    907
-45.5777450635263,203.261082182746,10.1463376008262,                 101P    908
-45.6559406807767,203.267291976243,10.1504687942683,                 101P    909
-45.7341392912493,203.273501978052,10.1545446981888,                 101P    910
-45.8123411830379,203.279712226674,10.1585649730498,                 101P    911
-50.0625485399867,203.617234040789,10.3770635464216,                 101P    912
-54.3220991791806,203.955443787028,10.4319106602198,                 101P    913
-58.5799499648334,204.293776400793,10.3781078845819,                 101P    914
-59.5113548241949,204.367786660054,10.3663385274111,                 101P    915
-60.4426783429069,204.441802798708,10.3493701032436,                 101P    916
-61.3738049266191,204.51581890191,10.3277783425898,                  101P    917
-61.7255982411119,204.543783274023,10.3196206579323,                 101P    918
-62.0773634443248,204.571747641076,10.3108030199603,                 101P    919
-62.4290943021663,204.599711684075,10.3013564782592,                 101P    920
-62.653098854907,204.617520962975,10.2953403204455,                  101P    921
-62.8770894673261,204.63533004453,10.2890694641224,                  101P    922
-63.1010742704008,204.653137018338,10.2825359135574,                 101P    923
-66.636270565788,204.934187995799,10.1794155971973,                  101P    924
-70.1694908229867,205.214840110319,10.0115800028734,                 101P    925
-73.6998300993483,205.49536729333,9.79293094339991,                  101P    926
-75.2443535327565,205.618097935897,9.69727197988024,                 101P    927
-76.7883255284227,205.740804665804,9.59188700153668,                 101P    928
-78.3316703062203,205.863510422179,9.47794014938548,                 101P    929
-78.7707876266349,205.898423050721,9.44551963187953,                 101P    930
-79.2098541716154,205.933335600452,9.41240600137383,                 101P    931
-79.6488681957088,205.968248599734,9.37862607167153,                 101P    932
-79.8612499796041,205.985138458967,9.36228435742938,                 101P    933
-80.0736196326933,206.002026771259,9.34579530978501,                 101P    934
-80.2859772294572,206.018912879645,9.32916375874741,                 101P    935
-85.9086693401128,206.466014324797,8.88880234840855,                 101P    936
-91.5228933145278,206.911729199498,8.34771793449401,                 101P    937
-97.128722139488,207.356854002577,7.72835026406343,                  101P    938
-101.333093758208,207.690697604886,7.26382451124049,                 101P    939
-105.532743105339,208.024209291946,6.7552644266311,                  101P    940
-109.727700971794,208.357725087392,6.21213677859483,                 101P    941
-110.514255571754,208.420259299038,6.11030034458803,                 101P    942
-111.300645236846,208.482793655121,6.00724864467967,                 101P    943
-112.086870170036,208.545330370643,5.90304408188408,                 101P    944
-112.500759180537,208.578251304863,5.84818812201235,                 101P    945
-112.914602539872,208.61117289294,5.79301267614602,                  101P    946
-113.32840027765,208.644095458011,5.73752684796162,                  101P    947
-113.636705675922,208.668624844253,5.69618640843027,                 101P    948
-113.944985882031,208.693154460996,5.65467410319537,                 101P    949
-114.25324388735,208.717673554266,5.6129812211071,                   101P    950
-125.320212534795,209.597949270697,4.1161382813259,                  101P    951
-136.357454999352,210.468362604294,2.38916690280494,                 101P    952
-147.347818397282,211.350979562422,0.403711429359862,0.,             101P    953
2.75101915805119,0.,0.,0.;                                           101P    954
126,6,3,0,0,1,0,0.,0.,0.,0.,0.0040249169099764,                      103P    955
0.0040249169099764,0.0040249169099764,0.00804983381995279,           103P    956
0.00804983381995279,0.00804983381995279,0.00804983381995279,1.,      103P    957
1.,1.,1.,1.,1.,1.,-147.347818434141,211.350979094223,                103P    958
0.403711425257776,-147.347767614986,211.351533919557,                103P    959
0.336623106040792,-147.347735946097,211.351889991497,                103P    960
0.269535754790497,-147.347722777904,211.352034402354,                103P    961
0.202453117755052,-147.34770960971,211.352178813211,                 103P    962
0.135370480719608,-147.347715013562,211.352110664857,                103P    963
0.0682925578990962,-147.347715079596,211.352109836071,               103P    964
0.00122309551528899,0.,0.00804983381995279,0.,0.,0.;                 103P    965
126,3,3,0,0,1,0,-0.0244879463568122,-0.0244879463568122,             105P    966
-0.0244879463568122,-0.0244879463568122,0.,0.,0.,0.,1.,1.,1.,1.,     105P    967
-147.407577229569,210.598608619996,1.16583939441514,                 105P    968
-147.406604080311,211.093715930683,1.15343119008515,                 105P    969
-147.386434893358,211.349836633025,0.896142684550535,                105P    970
-147.347831836575,211.350980609091,0.403712840119647,                105P    971
-0.0244879463568122,0.,0.,0.,0.;                                     105P    972
126,3,3,0,0,1,0,0.,0.,0.,0.,0.0760499449036346,                      107P    973
0.0760499449036346,0.0760499449036346,0.0760499449036346,1.,1.,      107P    974
1.,1.,-150.514243865928,208.519374381426,0.478956329190757,          107P    975
-150.380434608888,209.963111770422,0.490608483072453,                107P    976
-149.061335893364,211.49730074468,0.355788017597653,                 107P    977
-147.34782289652,211.35097947528,0.403711300454231,0.,               107P    978
0.0760499449036346,0.,0.,0.;                                         107P    979
126,3,3,0,0,1,0,0.,0.,0.,0.,0.0760499449036342,                      109P    980
0.0760499449036342,0.0760499449036342,0.0760499449036342,1.,1.,      109P    981
1.,1.,-150.514243865928,208.519374381426,-0.478956329190701,         109P    982
-150.380434608888,209.963111770422,-0.490608483072396,               109P    983
-149.061335893365,211.49730074468,-0.355788017597597,                109P    984
-147.34782289652,211.35097947528,-0.403711300454173,0.,              109P    985
0.0760499449036342,0.,0.,0.;                                         109P    986
128,1,1,1,1,0,0,1,0,0,-12.2857338404313,-12.2857338404313,           111P    987
3593.46852954383,3593.46852954383,-306.043589515205,                 111P    988
-306.043589515205,-14.7511974528273,-14.7511974528273,1.,1.,1.,      111P    989
1.,-180.287663169213,1.10790589360546D-12,-14.5645696031189,         111P    990
5.00000000177447D-5,1.10790589360546D-12,-14.5645696031189,          111P    991
-180.287663169213,1.1046718983998D-12,4.99999999778455D-5,           111P    992
5.00000000158707D-5,1.1046718983998D-12,5.00000000003276D-5,         111P    993
-12.2857338404313,3593.46852954383,-306.043589515205,                111P    994
-14.7511974528273;                                                   111P    995
128,1,353,1,3,0,0,1,0,0,0.,0.,4.40437163093862,4.40437163093862,     113P    996
-7.41788638257457,-7.41788638257457,-7.41788638257457,               113P    997
-7.41788638257457,-7.41595459750352,-7.40847771325231,               113P    998
-7.4009399235544,-7.38945321630498,-7.38397356274181,                113P    999
-7.3685056040842,-7.3650750759257,-7.3456589364117,                  113P   1000
-7.34426621172922,-7.32157087061214,-7.32093940062807,               113P   1001
-7.29701506646128,-7.29437527072607,-7.27062688599458,               113P   1002
-7.26599686457155,-7.24243644626532,-7.23583649948394,               113P   1003
-7.21247585053682,-7.2039284464263,-7.18077914277593,                113P   1004
-7.17030888302783,-7.14738226098671,-7.13501584563071,               113P   1005
-7.1123229895749,-7.09808918051932,-7.0756409109001,                 113P   1006
-7.0595704944539,-7.03737735613719,-7.01950310459458,                113P   1007
-6.99757535553195,-6.97793198786464,-6.95627958809974,               113P   1008
-6.93490372976664,-6.9135363307807,-6.89046647263103,                113P   1009
-6.86939340703107,-6.84466986324517,-6.8239001347991,                113P   1010
-6.79756499978191,-6.77710727380522,-6.74920437792148,               113P   1011
-6.72906697202072,-6.69964183603794,-6.6798327112173,                113P   1012
-6.64893249930347,-6.62945925144157,-6.59713272254904,               113P   1013
-6.57800257425421,-6.5443000317095,-6.52551982456287,                113P   1014
-6.49049306367484,-6.47206925087185,-6.43577150436687,               113P   1015
-6.41771014376897,-6.3801960248631,-6.36250277247245,                113P   1016
-6.32382821539548,-6.30650831926689,-6.26673051706345,               113P   1017
-6.2497888116686,-6.20896615111619,-6.19240705217624,                113P   1018
-6.15059904567995,-6.13442654548347,-6.09169375983217,               113P   1019
-6.07591142305605,-6.03231540495515,-6.0169263650063,                113P   1020
-5.97252956333783,-5.95753651923415,-5.91240220403535,               113P   1021
-5.89780741784393,-5.85199959604133,-5.83780489089178,               113P   1022
-5.79138821887712,-5.77759497756712,-5.73063467075486,               113P   1023
-5.71724383496404,-5.66980557452576,-5.65681764465247,               113P   1024
-5.60896748168021,-5.59638251731419,-5.54818677472103,               113P   1025
-5.53600439576271,-5.48752956828316,-5.47574895671791,               113P   1026
-5.42706160942016,-5.41568151175299,-5.36684817751862,               113P   1027
-5.35586690787178,-5.30695398433244,-5.29636942820523,               113P   1028
-5.24744307464914,-5.23725269333555,-5.18837872810543,               113P   1029
-5.17857956376221,-5.12982336265925,-5.1204120440133,                113P   1030
-5.07183844019595,-5.06281118887693,-5.01448437469701,               113P   1031
-5.00583701217819,-4.95782044332747,-4.94954839845554,               113P   1032
-4.9019047007028,-4.89400301779551,-4.84679389647451,                113P   1033
-4.83925724396418,-4.79254339622652,-4.78536607582753,               113P   1034
-4.73920710549894,-4.73238306187842,-4.68683739655142,               113P   1035
-4.68036022748506,-4.635485037243,-4.6293480042419,                  113P   1036
-4.58519912113627,-4.57939516053677,-4.53602699762675,               113P   1037
-4.53054873214303,-4.48801420054766,-4.48285395129728,               113P   1038
-4.44120437329633,-4.43635417232165,-4.39563918805755,               113P   1039
-4.39109079138219,-4.35135825614242,-4.34710315742163,               113P   1040
-4.30839902579002,-4.30442847063793,-4.26679666295517,               113P   1041
-4.26310166406165,-4.22658390957381,-4.22315526276017,               113P   1042
-4.18779091248379,-4.18461921389156,-4.15044501447881,               113P   1043
-4.14752067914256,-4.11457049674874,-4.11188377887483,               113P   1044
-4.08018825901986,-4.07772927438379,-4.04731541980344,               113P   1045
-4.04507417079501,-4.01596481396603,-4.01393121796237,               113P   1046
-3.98614435794413,-3.9843082798873,-3.95785624388025,                113P   1047
-3.95620753419249,-3.93109591232488,-3.92962445162827,               113P   1048
-3.90585073876659,-3.90454649130256,-3.8820983527848,                113P   1049
-3.88095143096689,-3.85980449276771,-3.85880523594374,               113P   1050
-3.83892029104508,-3.83805936224138,-3.81937889985042,               113P   1051
-3.81864740486437,-3.80109143883976,-3.80048107217411,               113P   1052
-3.78394242205496,-3.78344564314207,-3.7677851728157,                113P   1053
-3.7673954126115,-3.75243829240279,-3.75215018337077,                113P   1054
-3.7376848878538,-3.73749449906365,-3.72327654008518,                113P   1055
-3.72318158602836,-3.70894320592203,-3.70894318974051,               113P   1056
-3.69470479345265,-3.69460987175887,-3.68039188041737,               113P   1057
-3.68020152399025,-3.66573619611025,-3.66544811944126,               113P   1058
-3.65049096686952,-3.65010123902835,-3.63444073633895,               113P   1059
-3.63394398978909,-3.6174053073069,-3.61679497300429,                113P   1060
-3.59923897461665,-3.59850751199363,-3.57982701723963,               113P   1061
-3.57896612079897,-3.55908114353728,-3.55808191907634,               113P   1062
-3.53693494851412,-3.53578805905925,-3.51333988817845,               113P   1063
-3.51203567307745,-3.48826192785275,-3.48679049951916,               113P   1064
-3.46167884528853,-3.4600301679638,-3.43357809959372,                113P   1065
-3.43174205389992,-3.40395516151865,-3.40192159787802,               113P   1066
-3.37281220868601,-3.37057099204061,-3.34015710509723,               113P   1067
-3.33769815282418,-3.30600260060618,-3.3033159150953,                113P   1068
-3.27036570033846,-3.26744139736524,-3.23326716558945,               113P   1069
-3.23009549936026,-3.19473111672085,-3.19130250227024,               113P   1070
-3.15478471541937,-3.15108974888888,-3.11345790884308,               113P   1071
-3.10948738605403,-3.07078322205938,-3.06652815570163,               113P   1072
-3.02679558809882,-3.0222472237865,-2.98153220715936,                113P   1073
-2.97668203854772,-2.93503242818373,-2.92987221129639,               113P   1074
-2.88733764733798,-2.8818594142173,-2.83849121894425,                113P   1075
-2.83268729070777,-2.78853837523912,-2.78240137460105,               113P   1076
-2.73752615199595,-2.73104901529263,-2.68550331760259,               113P   1077
-2.67867930634511,-2.63252030365349,-2.62534301561753,               113P   1078
-2.57862913551684,-2.57109251536954,-2.5238833616855,                113P   1079
-2.51598171114125,-2.46833798102547,-2.46006596851658,               113P   1080
-2.41204936730283,-2.40340203714704,-2.35507519060409,               113P   1081
-2.3460479716481,-2.29747433546771,-2.2880630491848,                 113P   1082
-2.2393068157188,-2.22950768373862,-2.18063368614547,                113P   1083
-2.17044333719491,-2.12151695127579,-2.1109324275116,                113P   1084
-2.06201947160923,-2.05103823432543,-2.00220486772803,               113P   1085
-1.99082480242389,-1.94213742276311,-1.93035684356089,               113P   1086
-1.8818819837183,-1.86969963712302,-1.82150386216682,                113P   1087
-1.80891893016384,-1.76106873482854,-1.74808083731829,               113P   1088
-1.70064254451697,-1.68725174108919,-1.64029140191389,               113P   1089
-1.62649819296693,-1.58008148858923,-1.56588681580271,               113P   1090
-1.52007896163708,-1.5054842078087,-1.46034986024686,                113P   1091
-1.44535684850622,-1.40096001447471,-1.3855710068889,                113P   1092
-1.34197495642497,-1.32619265201188,-1.28345983399754,               113P   1093
-1.2672873661641,-1.22547932730478,-1.20892026072785,                113P   1094
-1.16809756781241,-1.1511558947806,-1.11137806021412,                113P   1095
-1.09405819644857,-1.05538360700856,-1.03769038698095,               113P   1096
-1.00017623571204,-0.982114907477179,-0.945817128609162,             113P   1097
-0.927393348169214,-0.892366554918145,-0.873586380134545,            113P   1098
-0.839883805226808,-0.82075368929501,-0.788427128039443,             113P   1099
-0.768953912540582,-0.738053668263715,-0.718244575806113,            113P   1100
-0.68881940746029,-0.66868203392257,-0.640779105675789,              113P   1101
-0.620321412062138,-0.593986244681913,-0.57321654859888,             113P   1102
-0.548492972449945,-0.527419939213013,-0.504350048700312,            113P   1103
-0.482982682077408,-0.461606791381273,-0.439954423979409,            113P   1104
-0.420311023949069,-0.398383307249466,-0.380509023343824,            113P   1105
-0.358315917390146,-0.342245468580912,-0.319797231324728,            113P   1106
-0.305563389906115,-0.282870566213334,-0.270504118494303,            113P   1107
-0.247577528816222,-0.237107236705086,-0.213957965417747,            113P   1108
-0.205410528944196,-0.182049912360104,-0.175449933215694,            113P   1109
-0.151889547272497,-0.147259493486435,-0.123511141117982,            113P   1110
-0.120871313019737,-0.0969470112159804,-0.0963155088688758,          113P   1111
-0.0736201677517924,-0.072227475432344,-0.0528113035553162,          113P   1112
-0.0493808077598505,-0.0339128167392027,-0.0284331955390723,         113P   1113
-0.0169464559266206,-0.00940869859173394,-0.00193178197750062,       113P   1114
0.,0.,0.,0.,1.,1.,1.,1.,1.,1.,1.,1.,1.,1.,1.,1.,1.,1.,1.,1.,1.,      113P   1115
1.,1.,1.,1.,1.,1.,1.,1.,1.,1.,1.,1.,1.,1.,1.,1.,1.,1.,1.,1.,1.,      113P   1116
1.,1.,1.,1.,1.,1.,1.,1.,1.,1.,1.,1.,1.,1.,1.,1.,1.,1.,1.,1.,1.,      113P   1117
1.,1.,1.,1.,1.,1.,1.,1.,1.,1.,1.,1.,1.,1.,1.,1.,1.,1.,1.,1.,1.,      113P   1118
1.,1.,1.,1.,1.,1.,1.,1.,1.,1.,1.,1.,1.,1.,1.,1.,1.,1.,1.,1.,1.,      113P   1119
1.,1.,1.,1.,1.,1.,1.,1.,1.,1.,1.,1.,1.,1.,1.,1.,1.,1.,1.,1.,1.,      113P   1120
1.,1.,1.,1.,1.,1.,1.,1.,1.,1.,1.,1.,1.,1.,1.,1.,1.,1.,1.,1.,1.,      113P   1121
1.,1.,1.,1.,1.,1.,1.,1.,1.,1.,1.,1.,1.,1.,1.,1.,1.,1.,1.,1.,1.,      113P   1122
1.,1.,1.,1.,1.,1.,1.,1.,1.,1.,1.,1.,1.,1.,1.,1.,1.,1.,1.,1.,1.,      113P   1123
1.,1.,1.,1.,1.,1.,1.,1.,1.,1.,1.,1.,1.,1.,1.,1.,1.,1.,1.,1.,1.,      113P   1124
1.,1.,1.,1.,1.,1.,1.,1.,1.,1.,1.,1.,1.,1.,1.,1.,1.,1.,1.,1.,1.,      113P   1125
1.,1.,1.,1.,1.,1.,1.,1.,1.,1.,1.,1.,1.,1.,1.,1.,1.,1.,1.,1.,1.,      113P   1126
1.,1.,1.,1.,1.,1.,1.,1.,1.,1.,1.,1.,1.,1.,1.,1.,1.,1.,1.,1.,1.,      113P   1127
1.,1.,1.,1.,1.,1.,1.,1.,1.,1.,1.,1.,1.,1.,1.,1.,1.,1.,1.,1.,1.,      113P   1128
1.,1.,1.,1.,1.,1.,1.,1.,1.,1.,1.,1.,1.,1.,1.,1.,1.,1.,1.,1.,1.,      113P   1129
1.,1.,1.,1.,1.,1.,1.,1.,1.,1.,1.,1.,1.,1.,1.,1.,1.,1.,1.,1.,1.,      113P   1130
1.,1.,1.,1.,1.,1.,1.,1.,1.,1.,1.,1.,1.,1.,1.,1.,1.,1.,1.,1.,1.,      113P   1131
1.,1.,1.,1.,1.,1.,1.,1.,1.,1.,1.,1.,1.,1.,1.,1.,1.,1.,1.,1.,1.,      113P   1132
1.,1.,1.,1.,1.,1.,1.,1.,1.,1.,1.,1.,1.,1.,1.,1.,1.,1.,1.,1.,1.,      113P   1133
1.,1.,1.,1.,1.,1.,1.,1.,1.,1.,1.,1.,1.,1.,1.,1.,1.,1.,1.,1.,1.,      113P   1134
1.,1.,1.,1.,1.,1.,1.,1.,1.,1.,1.,1.,1.,1.,1.,1.,1.,1.,1.,1.,1.,      113P   1135
1.,1.,1.,1.,1.,1.,1.,1.,1.,1.,1.,1.,1.,1.,1.,1.,1.,1.,1.,1.,1.,      113P   1136
1.,1.,1.,1.,1.,1.,1.,1.,1.,1.,1.,1.,1.,1.,1.,1.,1.,1.,1.,1.,1.,      113P   1137
1.,1.,1.,1.,1.,1.,1.,1.,1.,1.,1.,1.,1.,1.,1.,1.,1.,1.,1.,1.,1.,      113P   1138
1.,1.,1.,1.,1.,1.,1.,1.,1.,1.,1.,1.,1.,1.,1.,1.,1.,1.,1.,1.,1.,      113P   1139
1.,1.,1.,1.,1.,1.,1.,1.,1.,1.,1.,1.,1.,1.,1.,1.,1.,1.,1.,1.,1.,      113P   1140
1.,1.,1.,1.,1.,1.,1.,1.,1.,1.,1.,1.,1.,1.,1.,1.,1.,1.,1.,1.,1.,      113P   1141
1.,1.,1.,1.,1.,1.,1.,1.,1.,1.,1.,1.,1.,1.,1.,1.,1.,1.,1.,1.,1.,      113P   1142
1.,1.,1.,1.,1.,1.,1.,1.,1.,1.,1.,1.,1.,1.,1.,1.,1.,1.,1.,1.,1.,      113P   1143
1.,1.,1.,1.,1.,1.,1.,1.,1.,1.,1.,1.,1.,1.,1.,1.,1.,1.,1.,1.,1.,      113P   1144
1.,1.,1.,1.,1.,1.,1.,1.,1.,1.,1.,1.,1.,1.,1.,1.,1.,1.,1.,1.,1.,      113P   1145
1.,1.,1.,1.,1.,1.,1.,1.,1.,1.,1.,1.,1.,1.,1.,1.,1.,1.,1.,1.,1.,      113P   1146
1.,1.,1.,1.,1.,1.,1.,1.,1.,1.,1.,1.,1.,1.,1.,1.,1.,1.,1.,1.,1.,      113P   1147
1.,1.,1.,1.,1.,1.,1.,1.,1.,1.,1.,1.,1.,1.,1.,1.,1.,1.,1.,            113P   1148
-179.673376629285,1.10483569178857D-12,-0.737609844631975,           113P   1149
-148.721521167554,218.032580826795,-0.737771900958804,               113P   1150
-179.641718239829,1.10483698634641D-12,-0.743440014846493,           113P   1151
-148.698005749077,218.032580826795,-0.742063251581169,               113P   1152
-179.487528470341,1.10484328937655D-12,-0.771826339023348,           113P   1153
-148.583472699736,218.032580826795,-0.762957911337626,               113P   1154
-179.20988193007,1.10485462141975D-12,-0.822861324539616,            113P   1155
-148.377157686054,218.032580826795,-0.800538995428706,               113P   1156
-178.775736712731,1.10487229698229D-12,-0.902464981428517,           113P   1157
-148.054494895403,218.032580826795,-0.859169729839444,               113P   1158
-178.374205191101,1.10488859360472D-12,-0.97585844413082,            113P   1159
-147.756132131545,218.032580826795,-0.913217356999726,               113P   1160
-177.8426686253,1.1049101065975D-12,-1.072744350407,                 113P   1161
-147.361174126524,218.032580826795,-0.98456641331322,                113P   1162
-177.443131144663,1.10492622158556D-12,-1.14531980461107,            113P   1163
-147.064281608293,218.032580826795,-1.03801809548998,                113P   1164
-176.815123799718,1.10495147355205D-12,-1.25904455150824,            113P   1165
-146.597618597731,218.032580826795,-1.1217788530767,                 113P   1166
-176.417768778314,1.10496739141243D-12,-1.33073222156538,            113P   1167
-146.302355915039,218.032580826795,-1.17457979286698,                113P   1168
-175.704532369907,1.10499586676796D-12,-1.4589738221293,             113P   1169
-145.772371229442,218.032580826795,-1.26903903882969,                113P   1170
-175.299215709885,1.10501198522229D-12,-1.53156488702352,            113P   1171
-145.471192195593,218.032580826795,-1.32251031584186,                113P   1172
-174.524365865162,1.10504268295231D-12,-1.66981517250806,            113P   1173
-144.895426378478,218.032580826795,-1.42435102241684,                113P   1174
-174.078342545674,1.10506028300062D-12,-1.74907874354039,            113P   1175
-144.564002467835,218.032580826795,-1.48274231189952,                113P   1176
-173.253081304696,1.10509270859244D-12,-1.8951106267499,             113P   1177
-143.950782539419,218.032580826795,-1.59032506862626,                113P   1178
-172.744233316499,1.10511261678658D-12,-1.98476916248732,            113P   1179
-143.572678406527,218.032580826795,-1.65638029636115,                113P   1180
-171.89207004529,1.10514580532965D-12,-2.13423707269122,             113P   1181
-142.939473162021,218.032580826795,-1.76650493871194,                113P   1182
-171.321185102259,1.10516793853761D-12,-2.23391617978336,            113P   1183
-142.515275155285,218.032580826795,-1.83994984857958,                113P   1184
-170.442819666986,1.10520182897186D-12,-2.38654512686932,            113P   1185
-141.86260520595,218.032580826795,-1.95241447297666,                 113P   1186
-169.810753242897,1.10522609961054D-12,-2.49585036615772,            113P   1187
-141.392949653306,218.032580826795,-2.03296001193444,                113P   1188
-168.906914825178,1.10526063011787D-12,-2.65136194611324,            113P   1189
-140.721357124603,218.032580826795,-2.14756008767249,                113P   1190
-168.214588785403,1.10528694664275D-12,-2.76988103777704,            113P   1191
-140.206929761063,218.032580826795,-2.23490390331453,                113P   1192
-167.286034828333,1.10532205487971D-12,-2.9279944806585,             113P   1193
-139.516977791457,218.032580826795,-2.35143297142525,                113P   1194
-166.534436594719,1.10535032222974D-12,-3.05529930771072,            113P   1195
-138.95851299513,218.032580826795,-2.44526087131566,                 113P   1196
-165.581952003094,1.10538594552354D-12,-3.21573236038146,            113P   1197
-138.250785062438,218.032580826795,-2.56351119089579,                113P   1198
-164.772133472877,1.10541606554636D-12,-3.35138088396623,            113P   1199
-137.649065079153,218.032580826795,-2.66349850687142,                113P   1200
-163.796529706406,1.10545214106669D-12,-3.51385058386034,            113P   1201
-136.924164344409,218.032580826795,-2.78326160531258,                113P   1202
-162.929606156384,1.10548401290833D-12,-3.65738859797857,            113P   1203
-136.280018454119,218.032580826795,-2.88907445073996,                113P   1204
-161.931720306893,1.10552047780925D-12,-3.82161191217212,            113P   1205
-135.538567069059,218.032580826795,-3.01014158182242,                113P   1206
-161.008869215371,1.10555399826521D-12,-3.97257462514821,            113P   1207
-134.852870706399,218.032580826795,-3.12143798148685,                113P   1208
-159.989563048218,1.10559078979668D-12,-4.13826895256598,            113P   1209
-134.095509102083,218.032580826795,-3.24360048397799,                113P   1210
-159.012022854669,1.10562585361918D-12,-4.29618237054081,            113P   1211
-133.369182928333,218.032580826795,-3.36003136225041,                113P   1212
-157.972181821637,1.10566290920722D-12,-4.46306590302904,            113P   1213
-132.596569081765,218.032580826795,-3.48308091766238,                113P   1214
-156.941250618782,1.10569940936506D-12,-4.62744800027181,            113P   1215
-131.830578009301,218.032580826795,-3.60429093334892,                113P   1216
-155.881782843278,1.10573666666059D-12,-4.79523994252993,            113P   1217
-131.043386690858,218.032580826795,-3.72801972259317,                113P   1218
-154.798817003678,1.1057744945491D-12,-4.96560160712357,             113P   1219
-130.238738860266,218.032580826795,-3.85364794275862,                113P   1220
-153.72065224063,1.10581189144605D-12,-5.13402225827568,             113P   1221
-129.43766086308,218.032580826795,-3.97784870397794,                 113P   1222
-152.587064977904,1.10585093704596D-12,-5.30986800750433,            113P   1223
-128.595406573391,218.032580826795,-4.10752911289237,                113P   1224
-151.491153550389,1.10588841166997D-12,-5.47863871021259,            113P   1225
-127.781147926288,218.032580826795,-4.23199510486083,                113P   1226
-150.308413415894,1.10592856365508D-12,-5.65946717540764,            113P   1227
-126.902378518809,218.032580826795,-4.36535694823179,                113P   1228
-149.195725130606,1.10596605432475D-12,-5.82831014138101,            113P   1229
-126.075659684251,218.032580826795,-4.4898818258761,                 113P   1230
-147.965354446402,1.10600720011957D-12,-6.01361432759934,            113P   1231
-125.161506380554,218.032580826795,-4.62654979455984,                113P   1232
-146.836877490017,1.10604464528289D-12,-6.18225235117801,            113P   1233
-124.32306143904,218.032580826795,-4.7509274051779,                  113P   1234
-145.560450719106,1.10608667107273D-12,-6.37151968259917,            113P   1235
-123.374694133753,218.032580826795,-4.89052166654529,                113P   1236
-144.417190537559,1.10612400922177D-12,-6.53967575671775,            113P   1237
-122.525269956096,218.032580826795,-5.0145457771839,                 113P   1238
-143.096332592536,1.10616679991882D-12,-6.7323879239982,             113P   1239
-121.543895965234,218.032580826795,-5.15668186616837,                113P   1240
-141.939310755186,1.10620396948651D-12,-6.8997847752012,             113P   1241
-120.684251374079,218.032580826795,-5.28014583431986,                113P   1242
-140.575695246601,1.10624740865674D-12,-7.09541740609023,            113P   1243
-119.671114139758,218.032580826795,-5.42443441981837,                113P   1244
-139.405948297163,1.1062843478998D-12,-7.26177696734248,             113P   1245
-118.802019061654,218.032580826795,-5.54713082107538,                113P   1246
-138.001295723061,1.10632831765635D-12,-7.459799146547,              113P   1247
-117.758396814137,218.032580826795,-5.69317736673459,                113P   1248
-136.819874019149,1.10636496452894D-12,-7.62484198830706,            113P   1249
-116.880631423431,218.032580826795,-5.81489759427165,                113P   1250
-135.375949897377,1.10640934539869D-12,-7.82471565679143,            113P   1251
-115.807835801544,218.032580826795,-5.96230193569987,                113P   1252
-134.183916440397,1.10644563742172D-12,-7.98816039815904,            113P   1253
-114.922189657303,218.032580826795,-6.08283578740258,                113P   1254
-132.702529385466,1.1064903081927D-12,-8.18933966569312,             113P   1255
-113.821564288407,218.032580826795,-6.23119165043921,                113P   1256
-131.500958642534,1.10652618232363D-12,-8.3509023883752,             113P   1257
-112.928835465507,218.032580826795,-6.35032692015636,                113P   1258
-129.983958388959,1.10657101988123D-12,-8.55283279611825,            113P   1259
-111.801754506276,218.032580826795,-6.49922140694726,                113P   1260
-128.773935108415,1.10660641238979D-12,-8.71222648445524,            113P   1261
-110.902748721745,218.032580826795,-6.61674349668068,                113P   1262
-127.223210482624,1.10665129155066D-12,-8.91434425661693,            113P   1263
-109.750615361156,218.032580826795,-6.76575656790119,                113P   1264
-126.00582850464,1.10668613790542D-12,-9.07127828696116,             113P   1265
-108.84614509678,218.032580826795,-6.88144813776297,                 113P   1266
-124.42330534769,1.10673093125781D-12,-9.27300961205904,             113P   1267
-107.670390022808,218.032580826795,-7.03015212036004,                113P   1268
-123.199666411368,1.1067651660289D-12,-9.42718931438932,             113P   1269
-106.761273644955,218.032580826795,-7.1437927928109,                 113P   1270
-121.587305454871,1.1068097437888D-12,-9.62794969728202,             113P   1271
-105.563353476571,218.032580826795,-7.29175194307295,                113P   1272
-120.358518003142,1.10684330057144D-12,-9.77907601107736,            113P   1273
-104.650414354104,218.032580826795,-7.40311807731107,                113P   1274
-118.718312700943,1.10688753046357D-12,-9.978269736769,              113P   1275
-103.431810040317,218.032580826795,-7.54988822889891,                113P   1276
-117.485490684465,1.10692034182721D-12,-10.1260389818566,            113P   1277
-102.515875661415,218.032580826795,-7.65875278030142,                113P   1278
-115.819465002782,1.10696408899958D-12,-10.3230587310297,            113P   1279
-101.278090849168,218.032580826795,-7.80388110607952,                113P   1280
-114.583726683952,1.10699608646678D-12,-10.467162512388,             113P   1281
-100.359991937782,218.032580826795,-7.91001358432235,                113P   1282
-112.893932852819,1.10703921344751D-12,-10.6613891667343,            113P   1283
-99.1045513106565,218.032580826795,-8.05303849941956,                113P   1284
-111.656399610917,1.10707032750625D-12,-10.8015144300932,            113P   1285
-98.1851209432705,218.032580826795,-8.15620503733356,                113P   1286
-109.944915839904,1.10711269421033D-12,-10.9923171027962,            113P   1287
-96.9135685330264,218.032580826795,-8.29665626885267,                113P   1288
-108.706710978266,1.10714285436306D-12,-11.1281463553697,            113P   1289
-95.9936412563256,218.032580826795,-8.39661981223804,                113P   1290
-106.975639139613,1.10718431815617D-12,-11.3148826785864,            113P   1291
-94.7075387294293,218.032580826795,-8.53401865845139,                113P   1292
-105.737886695653,1.107213453008D-12,-11.4460943864336,              113P   1293
-93.7879496793926,218.032580826795,-8.63053928499768,                113P   1294
-103.98934997804,1.10725386883356D-12,-11.6281110833798,             113P   1295
-92.4888746007754,218.032580826795,-8.76439908374888,                113P   1296
-102.753173536839,1.10728190622162D-12,-11.7543802537673,            113P   1297
-91.5704586236598,218.032580826795,-8.85723445692642,                113P   1298
-100.989314073154,1.10732112679603D-12,-11.9310140180954,            113P   1299
-90.2600027000379,218.032580826795,-8.98706127935598,                113P   1300
-99.7558355852261,1.10734799396092D-12,-12.0520129718746,            113P   1301
-89.3435934756552,218.032580826795,-9.07596724069395,                113P   1302
-97.9788120577774,1.1073858700409D-12,-12.2225916715313,             113P   1303
-88.0233607808335,218.032580826795,-9.20126082237744,                113P   1304
-96.7491506615584,1.10741149384075D-12,-12.337991007009,             113P   1305
-87.1097899484667,218.032580826795,-9.28599212296395,                113P   1306
-94.9611358882606,1.10744787456513D-12,-12.501835223756,             113P   1307
-85.7813951331225,218.032580826795,-9.40624704016258,                113P   1308
-93.7364067377653,1.10747218173166D-12,-12.6113049698799,            113P   1309
-84.8714914203851,218.032580826795,-9.48655820953621,                113P   1310
-91.9395852428823,1.10750691503886D-12,-12.7677298792709,            113P   1311
-83.5365579088958,218.032580826795,-9.60126530358684,                113P   1312
-90.7208983409278,1.10752983247414D-12,-12.8709408322367,            113P   1313
-82.631146263803,218.032580826795,-9.67691165148217,                 113P   1314
-88.917463913996,1.1075627655948D-12,-13.0192584221637,              113P   1315
-81.2913044407334,218.032580826795,-9.78555969947831,                113P   1316
-87.7059229513223,1.10758422070663D-12,-13.1158836558429,            113P   1317
-80.3912051672355,218.032580826795,-9.85629844318651,                113P   1318
-85.8980761978813,1.10761520072942D-12,-13.2554052749294,            113P   1319
-79.04809055614,218.032580826795,-9.95837606811004,                  113P   1320
-84.6947773984731,1.10763512180243D-12,-13.3451218118802,            113P   1321
-78.1541184533611,218.032580826795,-10.0239675755666,                113P   1322
-82.8847232862114,1.10766399630971D-12,-13.4751610321155,            113P   1323
-76.8093698905764,218.032580826795,-10.1189653840115,                113P   1324
-81.6907542591069,1.10768231290824D-12,-13.5576516584331,            113P   1325
-75.9223333960144,218.032580826795,-10.1791745201736,                113P   1326
-79.8806996629764,1.1077089306765D-12,-13.6775274296488,             113P   1327
-74.577591202123,218.032580826795,-10.2665874508502,                 113P   1328
-78.697138260859,1.10772557407515D-12,-13.7524826336096,             113P   1329
-73.6982915390974,218.032580826795,-10.3211850125227,                113P   1330
-76.889289510625,1.10774978583379D-12,-13.8615227008126,             113P   1331
-72.355195690719,218.032580826795,-10.4005148739339,                 113P   1332
-75.7172026955265,1.10776468947021D-12,-13.9286427122132,            113P   1333
-71.4844260204018,218.032580826795,-10.449279095988,                 113P   1334
-73.9137631291023,1.1077863487109D-12,-14.0261872605338,             113P   1335
-70.1446143249334,218.032580826795,-10.5200372671195,                113P   1336
-72.754205845606,1.10779944865522D-12,-14.0851841648978,             113P   1337
-69.2831589033715,218.032580826795,-10.5627553810681,                113P   1338
-70.9573733713663,1.10781841248267D-12,-14.1705896511088,            113P   1339
-67.9482651792294,218.032580826795,-10.6244656447171,                113P   1340
-69.8113874277863,1.10782964791735D-12,-14.2211895505646,            113P   1341
-67.0968985198531,218.032580826795,-10.6609354688996,                113P   1342
-68.0233520988681,1.10784577793119D-12,-14.2938326748792,            113P   1343
-65.7685507846822,218.032580826795,-10.7131369434652,                113P   1344
-66.8919650569977,1.10785509163448D-12,-14.3357778655667,            113P   1345
-64.9280368269093,218.032580826795,-10.7431684826906,                113P   1346
-65.114906660381,1.10786825483108D-12,-14.3950596328439,             113P   1347
-63.6078554961116,218.032580826795,-10.7854186149371,                113P   1348
-63.999130734545,1.10787559365715D-12,-14.428110767214,              113P   1349
-62.7789467807807,218.032580826795,-10.8088356463715,                113P   1350
-62.2352163974588,1.10788566333905D-12,-14.4734605828685,            113P   1351
-61.4685428785799,218.032580826795,-10.8407132249189,                113P   1352
-61.1360473637729,1.10789097868752D-12,-14.4973987842447,            113P   1353
-60.6519797310927,218.032580826795,-10.857354846299,                 113P   1354
-59.3874291797061,1.10789783536784D-12,-14.5282785271619,            113P   1355
-59.3529531161917,218.032580826795,-10.8784629934586,                113P   1356
-58.3058452966378,1.10790108363533D-12,-14.5429074234575,            113P   1357
-58.5494628384022,218.032580826795,-10.888185109401,                 113P   1358
-56.5746579729413,1.10790461592372D-12,-14.5588154361141,            113P   1359
-57.263400446111,218.032580826795,-10.8981542074925,                 113P   1360
-55.511618914475,1.1079057589302D-12,-14.5639630796647,              113P   1361
-56.4736965181645,218.032580826795,-10.9008309297487,                113P   1362
-53.7999774432406,1.10790586438692D-12,-14.5644380145024,            113P   1363
-55.2021706206801,218.032580826795,-10.8993214372627,                113P   1364
-52.7564232461751,1.10790486976944D-12,-14.5599586555962,            113P   1365
-54.42695191418,218.032580826795,-10.8948463752662,                  113P   1366
-51.0664205997581,1.10790145571394D-12,-14.5445831165206,            113P   1367
-53.1715184004835,218.032580826795,-10.8815514881772,                113P   1368
-50.0432706268924,1.10789829728106D-12,-14.5303587993878,            113P   1369
-52.4114684045368,218.032580826795,-10.8698389071306,                113P   1370
-48.3769754791281,1.10789128154167D-12,-14.4987627180892,            113P   1371
-51.173665081152,218.032580826795,-10.8444870213495,                 113P   1372
-47.3751274003292,1.10788593958185D-12,-14.4747046698402,            113P   1373
-50.4294511430141,218.032580826795,-10.8254728464128,                113P   1374
-45.7345818741731,1.10787525117361D-12,-14.4265683584487,            113P   1375
-49.2107960566332,218.032580826795,-10.7878297787849,                113P   1376
-44.7549106675408,1.10786771271159D-12,-14.3926181437219,            113P   1377
-48.4830686388344,218.032580826795,-10.7614724256296,                113P   1378
-43.1421281095441,1.10785329242982D-12,-14.3276749681058,            113P   1379
-47.2850584215778,218.032580826795,-10.7113433530185,                113P   1380
-42.1854850851069,1.10784355142556D-12,-14.2838053849617,            113P   1381
-46.5744503775606,218.032580826795,-10.6776243670996,                113P   1382
-40.6024478668318,1.10782535234371D-12,-14.2018440067087,            113P   1383
-45.3985586153947,218.032580826795,-10.6148554459297,                113P   1384
-39.6696597153938,1.10781340982914D-12,-14.1480597025717,            113P   1385
-44.7056844858136,218.032580826795,-10.5737799352672,                113P   1386
-38.11831706157,1.10779139769031D-12,-14.048925842308,               113P   1387
-43.553360110403,218.032580826795,-10.4982595673775,                 113P   1388
-37.2101849314931,1.10777726184007D-12,-13.9852636324564,            113P   1389
-42.8788154423459,218.032580826795,-10.4498564164029,                113P   1390
-35.6924507744205,1.10775141533294D-12,-13.8688613125798,            113P   1391
-41.7514811463733,218.032580826795,-10.3615161311486,                113P   1392
-34.8097493792459,1.10773510146606D-12,-13.7953901877766,            113P   1393
-41.0958418378271,218.032580826795,-10.3058379862335,                113P   1394
-33.3275002386582,1.10770541237733D-12,-13.6616824188115,            113P   1395
-39.9948925135653,218.032580826795,-10.2046529133854,                113P   1396
-32.4709769985426,1.1076869428879D-12,-13.5785032330989,             113P   1397
-39.3587141854858,218.032580826795,-10.1417759339792,                113P   1398
-31.0260498858514,1.10765341612464D-12,-13.4275121146041,            113P   1399
-38.2855153861596,218.032580826795,-10.0277648470354,                113P   1400
-30.1964241058087,1.10763282034054D-12,-13.3347569489874,            113P   1401
-37.6693327844957,218.032580826795,-9.9577882198703,                 113P   1402
-28.7906144513443,1.10759547381781D-12,-13.1665631631218,            113P   1403
-36.6252192077111,218.032580826795,-9.83101313482076,                113P   1404
-27.9885765392261,1.10757278778757D-12,-13.0643943657823,            113P   1405
-36.0295456376718,218.032580826795,-9.75405835234255,                113P   1406
-26.6236361407728,1.10753165217783D-12,-12.8791360490885,            113P   1407
-35.0158196299212,218.032580826795,-9.61462367259822,                113P   1408
-25.8498468677852,1.10750691838697D-12,-12.7677449578155,            113P   1409
-34.4411464246525,218.032580826795,-9.53083358061925,                113P   1410
-24.5274818583667,1.10746203673002D-12,-12.5656159443091,            113P   1411
-33.4590765056134,218.032580826795,-9.37888478460983,                113P   1412
-23.7825716646821,1.10743530374923D-12,-12.4452213019571,            113P   1413
-32.9058725312505,218.032580826795,-9.28842240810899,                113P   1414
-22.5044404971987,1.10738673092258D-12,-12.2264687379614,            113P   1415
-31.9566919362703,218.032580826795,-9.12414428181741,                113P   1416
-21.7890088448694,1.10735805299119D-12,-12.0973148168317,            113P   1417
-31.4254031350251,218.032580826795,-9.02719144180364,                113P   1418
-20.5567202908408,1.10730585504257D-12,-11.8622361548718,            113P   1419
-30.5103083738343,218.032580826795,-8.85080586406132,                113P   1420
-19.8713350657224,1.10727529159214D-12,-11.724590610907,             113P   1421
-30.0013573463304,218.032580826795,-8.74756160243151,                113P   1422
-18.6864462251247,1.10721954493708D-12,-11.4735299959706,            113P   1423
-29.1215067756401,218.032580826795,-8.55932489593136,                113P   1424
-18.0316431888449,1.10718716006062D-12,-11.3276814784169,            113P   1425
-28.6352924030576,218.032580826795,-8.45000372926386,                113P   1426
-16.8956575079851,1.10712795054913D-12,-11.0610255445162,            113P   1427
-27.7918048103156,218.032580826795,-8.25020359468589,                113P   1428
-16.2719398001197,1.10709381242271D-12,-10.9072810911202,            113P   1429
-27.3287019159706,218.032580826795,-8.13503362187664,                113P   1430
-15.1863050949774,1.10703123427951D-12,-10.6254541886947,            113P   1431
-26.5226551112423,218.032580826795,-7.92398567592039,                113P   1432
-14.5941427844986,1.10699541454381D-12,-10.464136440355,             113P   1433
-26.0830141598729,218.032580826795,-7.80320656843254,                113P   1434
-13.5602492685352,1.10692956918674D-12,-10.1675953147819,            113P   1435
-25.3154435727553,218.032580826795,-7.58125050846133,                113P   1436
-13.0000789523245,1.10689214229666D-12,-9.99903958658175,            113P   1437
-24.8995904038565,218.032580826795,-7.45511141561484,                113P   1438
-12.0192572714957,1.10682313703677D-12,-9.6882675238325,             113P   1439
-24.171487682873,218.032580826795,-7.22260683345367,                 113P   1440
-11.4914817164386,1.10678417958778D-12,-9.51281877108831,            113P   1441
-23.7797232717137,218.032580826795,-7.09136423842216,                113P   1442
-10.5650010019748,1.1067121262125D-12,-9.18831921704181,             113P   1443
-23.0920348854836,218.032580826795,-6.84868610287044,                113P   1444
-10.0699888263843,1.10667171625218D-12,-9.00632893476678,            113P   1445
-22.7246351217622,218.032580826795,-6.71260166749493,                113P   1446
-9.19905479133524,1.10659672948953D-12,-8.66861857844917,            113P   1447
-22.0782609657323,218.032580826795,-6.46013548842227,                113P   1448
-8.73714018238011,1.10655494582214D-12,-8.48044166954771,            113P   1449
-21.7354764351487,218.032580826795,-6.31947392590291,                113P   1450
-7.92289331709914,1.10647714167838D-12,-8.13004295670981,            113P   1451
-21.1312684573254,218.032580826795,-6.05761060156668,                113P   1452
-7.49437578610755,1.10643406316889D-12,-7.93603459742849,            113P   1453
-20.8133242060819,218.032580826795,-5.91263761448653,                113P   1454
-6.73788976135569,1.1063535571255D-12,-7.57346761044373,             113P   1455
-20.2520850845821,218.032580826795,-5.64176794759604,                113P   1456
-6.34303395343569,1.10630926200691D-12,-7.37398013082834,            113P   1457
-19.9591803425648,218.032580826795,-5.49274826298638,                113P   1458
-5.64531443472917,1.1062261670561D-12,-6.99975374136678,             113P   1459
-19.4416622847545,218.032580826795,-5.21325711224854,                113P   1460
-5.28435004216346,1.10618073224155D-12,-6.7951335274539,             113P   1461
-19.1739701237105,218.032580826795,-5.06045263465112,                113P   1462
-4.64633428108297,1.10609515673772D-12,-6.40973572030141,            113P   1463
-18.7008739241252,218.032580826795,-4.77271265355923,                113P   1464
-4.3194561758501,1.10604865713896D-12,-6.20032014465179,             113P   1465
-18.4585408406349,218.032580826795,-4.61638074158151,                113P   1466
-3.74201400274457,1.10596070245937D-12,-5.80420748243874,            113P   1467
-18.0305154495135,218.032580826795,-4.32074566982467,                113P   1468
-3.44938281564405,1.10591321032493D-12,-5.59032192344241,            113P   1469
-17.8136609004326,218.032580826795,-4.16113753648987,                113P   1470
-2.93332002965004,1.1058229683888D-12,-5.18390837353419,             113P   1471
-17.4313039345012,218.032580826795,-3.85793508614893,                113P   1472
-2.67506355723304,1.10577455271348D-12,-4.96586355622558,            113P   1473
-17.2400199270631,218.032580826795,-3.69529434935655,                113P   1474
-2.22112910958114,1.1056821035615D-12,-4.54950958980718,             113P   1475
-16.903879777078,218.032580826795,-3.38481900128605,                 113P   1476
-1.99734500383053,1.10563282973436D-12,-4.32760000025047,            113P   1477
-16.7382306914035,218.032580826795,-3.21938059489506,                113P   1478
-1.60624350305224,1.10553823964299D-12,-3.90160410000403,            113P   1479
-16.4488110654171,218.032580826795,-2.9018870636746,                 113P   1480
-1.41700336154772,1.10548816967859D-12,-3.67610902697377,            113P   1481
-16.3088338411479,218.032580826795,-2.73387701940354,                113P   1482
-1.08941334168602,1.10539149081507D-12,-3.24070613326235,            113P   1483
-16.0666013168488,218.032580826795,-2.40957629041417,                113P   1484
-0.934766546569225,1.10534068489691D-12,-3.01189661916859,           113P   1485
-15.952305425503,218.032580826795,-2.23921386858513,                 113P   1486
-0.671361685537967,1.10524195764465D-12,-2.56726860266351,           113P   1487
-15.7576996880097,218.032580826795,-1.9082734837711,                 113P   1488
-0.551333642035571,1.10519047734953D-12,-2.33542196478115,           113P   1489
-15.6690646546267,218.032580826795,-1.73577620395657,                113P   1490
-0.352796924666755,1.10508973695564D-12,-1.8817275643828,            113P   1491
-15.5225082981366,218.032580826795,-1.39832935595585,                113P   1492
-0.267370039240301,1.10503765066057D-12,-1.6471517452907,            113P   1493
-15.4594729744999,218.032580826795,-1.22392312525392,                113P   1494
-0.134388493288313,1.10493493457231D-12,-1.18455960851037,           113P   1495
-15.3613782177619,218.032580826795,-0.880076513937725,               113P   1496
-0.0834598922591965,1.10488231822892D-12,-0.947596664005901,         113P   1497
-15.3238193316366,218.032580826795,-0.703992204476551,               113P   1498
-0.0166829056074189,1.10477767869731D-12,-0.476342108432581,         113P   1499
-15.2745817666652,218.032580826795,-0.353859354141771,               113P   1500
-1.88339696612257D-8,1.10472461837573D-12,-0.237379663930333,        113P   1501
-15.262280640592,218.032580826795,-0.176341439144236,                113P   1502
1.88340005792674D-8,1.10461920074814D-12,0.237379124380988,          113P   1503
-15.2622806751591,218.032580826795,0.176342386715832,                113P   1504
-0.0166828300934246,1.10456614048586D-12,0.476341301798543,          113P   1505
-15.2745818361702,218.032580826795,0.353860098852214,                113P   1506
-0.0834597788491851,1.10446150089257D-12,0.947596135173139,          113P   1507
-15.3238194985539,218.032580826795,0.7039931377913,                  113P   1508
-0.134388230592615,1.10440888466429D-12,1.18455856124869,            113P   1509
-15.3613783359216,218.032580826795,0.880077048896803,                113P   1510
-0.267369854638888,1.10430616845634D-12,1.64715123710325,            113P   1511
-15.4594732677257,218.032580826795,1.22392402672994,                 113P   1512
-0.352796523400285,1.10425408227096D-12,1.88172656217401,            113P   1513
-15.5225084880949,218.032580826795,1.39832986965461,                 113P   1514
-0.551333394085229,1.10415334176115D-12,2.33542148458204,            113P   1515
-15.6690650619895,218.032580826795,1.73577705970815,                 113P   1516
-0.67136116216941,1.10410186156902D-12,2.56726765869388,             113P   1517
-15.7576999417488,218.032580826795,1.90827396890366,                 113P   1518
-0.93476624463307,1.10400313420661D-12,3.0118961712585,              113P   1519
-15.9523059314418,218.032580826795,2.23921466976906,                 113P   1520
-1.08941271496926,1.10395232838405D-12,3.24070525478104,             113P   1521
-16.066601624878,218.032580826795,2.40957674274431,                  113P   1522
-1.41700301498528,1.10385564941741D-12,3.67610861293489,             113P   1523
-16.3088344294137,218.032580826795,2.73387776201609,                 113P   1524
-1.60624279126962,1.10380557954111D-12,3.90160328918881,             113P   1525
-16.4488114182912,218.032580826795,2.90188748168794,                 113P   1526
-1.9973446210667,1.1037109893542D-12,4.32759961970589,               113P   1527
-16.7382313469191,218.032580826795,3.21938127867373,                 113P   1528
-2.22112832895459,1.10366171560788D-12,4.54950884529002,             113P   1529
-16.9038801663162,218.032580826795,3.38481938541994,                 113P   1530
-2.67506314538443,1.10356926636799D-12,4.96586320760341,             113P   1531
-17.2400206368273,218.032580826795,3.6952949764729,                  113P   1532
-2.93331919376794,1.10352085076663D-12,5.18390769185011,             113P   1533
-17.43130435295,218.032580826795,3.8579354380252,                    113P   1534
-3.44938238049939,1.10343060874994D-12,5.5903216045696,              113P   1535
-17.8136616537272,218.032580826795,4.16113811044625,                 113P   1536
-3.74201312260739,1.10338311668309D-12,5.8042068591174,              113P   1537
-18.0305158913588,218.032580826795,4.32074599165661,                 113P   1538
-4.31945572202035,1.10329516192983D-12,6.20031985314721,             113P   1539
-18.4585416288529,218.032580826795,4.6163812664347,                  113P   1540
-4.64633336543134,1.10324866239285D-12,6.40973515057508,             113P   1541
-18.7008743847379,218.032580826795,4.77271294776027,                 113P   1542
-5.28434957328492,1.10316308682169D-12,6.79513326096024,             113P   1543
-19.173970940034,218.032580826795,5.06045311453127,                  113P   1544
-5.6453134904493,1.10311765206359D-12,6.9997532205798,               113P   1545
-19.4416627604845,218.032580826795,5.21325738120215,                 113P   1546
-6.3430334723679,1.10303455705127D-12,7.37397988713368,              113P   1547
-19.9591811816225,218.032580826795,5.49274870183115,                 113P   1548
-6.73788879386269,1.10299026198429D-12,7.57346713426122,             113P   1549
-20.2520855725591,218.032580826795,5.64176819353568,                 113P   1550
-7.49437529510319,1.10290975588467D-12,7.93603437451947,             113P   1551
-20.8133250636415,218.032580826795,5.91263801591426,                 113P   1552
-7.92289233066159,1.10286667742239D-12,8.13004252120392,             113P   1553
-21.131268955288,218.032580826795,6.05761082652369,                  113P   1554
-8.73713968322226,1.10278887322721D-12,8.48044146562345,             113P   1555
-21.7354773078633,218.032580826795,6.3194742931685,                  113P   1556
-9.19905378933542,1.10274708960298D-12,8.66861818011589,             113P   1557
-22.0782614718902,218.032580826795,6.46013569421276,                 113P   1558
-10.0699883204936,1.1026721027933D-12,9.00632874823198,              113P   1559
-22.7246360069697,218.032580826795,6.71260200349127,                 113P   1560
-10.5649999871111,1.10263169287244D-12,9.18831885278149,             113P   1561
-23.09203539841,218.032580826795,6.84868629110284,                   113P   1562
-11.4914812049557,1.10255963945415D-12,9.51281860053628,             113P   1563
-23.7797241672811,218.032580826795,7.0913645457045,                  113P   1564
-12.0192562459379,1.10252068204122D-12,9.68826719091363,             113P   1565
-24.1714882014222,218.032580826795,7.22260700554606,                 113P   1566
-13.0000784361727,1.10245167674199D-12,9.99903943077373,             113P   1567
-24.8995913080612,218.032580826795,7.45511169643484,                 113P   1568
-13.5602482340427,1.10241424988482D-12,10.1675950107992,             113P   1569
-25.3154440959993,218.032580826795,7.58125066566252,                 113P   1570
-14.5941422644319,1.10234840449182D-12,10.464136298199,              113P   1571
-26.0830150713117,218.032580826795,7.80320682477493,                 113P   1572
-15.186304052989,1.1023125847861D-12,10.6254539115268,               113P   1573
-26.5226556384234,218.032580826795,7.92398581933128,                 113P   1574
-16.2719392767589,1.10225000661009D-12,10.9072809616511,             113P   1575
-27.328702833491,218.032580826795,8.13503385549453,                  113P   1576
-16.8956564596877,1.10221586851094D-12,11.061025292287,              113P   1577
-27.7918053408096,218.032580826795,8.25020372527965,                 113P   1578
-18.0316426627054,1.10215665896956D-12,11.3276813607783,             113P   1579
-28.635293325705,218.032580826795,8.45000394171118,                  113P   1580
-18.6864451715053,1.10212427411782D-12,11.4735297670138,             113P   1581
-29.1215073089287,218.032580826795,8.55932501457159,                 113P   1582
-19.8713345372357,1.10206852743559D-12,11.7245905043356,             113P   1583
-30.0013582733076,218.032580826795,8.74756179509171,                 113P   1584
-20.5567192327268,1.1020379640075D-12,11.8622359477005,              113P   1585
-30.5103089094835,218.032580826795,8.85080597151802,                 113P   1586
-21.7890083143993,1.10198576603423D-12,12.0973147206433,             113P   1587
-31.4254040656614,218.032580826795,9.02719161591466,                 113P   1588
-22.5044394352887,1.10195708812294D-12,12.226468551241,              113P   1589
-31.9566924739139,218.032580826795,9.12414437878075,                 113P   1590
-23.7825711325376,1.10190851527402D-12,12.4452212155352,             113P   1591
-32.9058734649775,218.032580826795,9.2884225647848,                  113P   1592
-24.527480793255,1.10188178231122D-12,12.5656157768355,              113P   1593
-33.4590770449406,218.032580826795,9.37888487170203,                 113P   1594
-25.8498463342302,1.10183690063423D-12,12.7677448806012,             113P   1595
-34.4411473609855,218.032580826795,9.53083372086808,                 113P   1596
-26.6236350729675,1.10181216685939D-12,12.8791358997682,             113P   1597
-35.0158201706663,218.032580826795,9.61462375038355,                 113P   1598
-27.9885760044874,1.10177103123171D-12,13.0643942972654,             113P   1599
-36.0295465761947,218.032580826795,9.75405847708251,                 113P   1600
-28.7906133812826,1.1017483452156D-12,13.1665630309558,              113P   1601
-36.6252197496456,218.032580826795,9.83101320381406,                 113P   1602
-30.1964235700821,1.10171099867691D-12,13.3347568887002,             113P   1603
-37.6693337248501,218.032580826795,9.95778832994237,                 113P   1604
-31.026048813911,1.10169040290516D-12,13.4275119986747,              113P   1605
-38.2855159290864,218.032580826795,10.0277649077093,                 113P   1606
-32.470976461998,1.10165687612782D-12,13.5785031806094,              113P   1607
-39.3587151273611,218.032580826795,10.1417760301584,                 113P   1608
-33.3274991651668,1.10163840664906D-12,13.6616823182702,             113P   1609
-39.9948930573134,218.032580826795,10.204652966176,                  113P   1610
-34.8097488420309,1.10160871754801D-12,13.795390142684,              113P   1611
-41.0958427809535,218.032580826795,10.3058380692377,                 113P   1612
-35.6924496996632,1.1015924036902D-12,13.8688612266381,              113P   1613
-41.751481690794,218.032580826795,10.361516176461,                   113P   1614
-37.2101843937364,1.10156655717244D-12,13.9852635943867,             113P   1615
-42.8788163864884,218.032580826795,10.4498564869011,                 113P   1616
-38.1183159857953,1.10155242132976D-12,14.0489257702294,             113P   1617
-43.5533606553667,218.032580826795,10.4982596055896,                 113P   1618
-39.6696591772078,1.10153040918189D-12,14.1480596711744,             113P   1619
-44.705685430767,218.032580826795,10.5737799938857,                  113P   1620
-40.6024467902567,1.10151846667343D-12,14.2018439478019,             113P   1621
-45.3985591607882,218.032580826795,10.614855477396,                  113P   1622
-42.1854845465896,1.10150026758406D-12,14.2838053599066,             113P   1623
-46.5744513231459,218.032580826795,10.6776244144272,                 113P   1624
-43.1421270323579,1.10149052658454D-12,14.3276749217195,             113P   1625
-47.2850589673024,218.032580826795,10.7113433780726,                 113P   1626
-44.754910128778,1.1014761062967D-12,14.3926181246971,               113P   1627
-48.4830695848952,218.032580826795,10.761472462222,                  113P   1628
-45.734580796541,1.10146856783811D-12,14.4265683239667,              113P   1629
-49.2107966026025,218.032580826795,10.7878297977422,                 113P   1630
-47.3751268613954,1.10145787942516D-12,14.47470465655,               113P   1631
-50.4294520894139,218.032580826795,10.8254728727966,                 113P   1632
-48.3769744011941,1.10145253746753D-12,14.4987626949269,             113P   1633
-51.173665627291,218.032580826795,10.8444870345091,                  113P   1634
-50.0432700878526,1.10144552172474D-12,14.5303587915511,             113P   1635
-52.4114693511568,218.032580826795,10.8698389238057,                 113P   1636
-51.0664195216472,1.10144236329288D-12,14.5445831041222,             113P   1637
-53.1715189467267,218.032580826795,10.8815514958233,                 113P   1638
-52.7564227070857,1.10143894923521D-12,14.5599586529453,             113P   1639
-54.426952860917,218.032580826795,10.8948463827086,                  113P   1640
-53.7999763650614,1.10143795461763D-12,14.5644380123379,             113P   1641
-55.2021711669708,218.032580826795,10.8993214396663,                 113P   1642
-55.5116183753847,1.10143806007336D-12,14.563963081944,              113P   1643
-56.4736974649293,218.032580826795,10.9008309284124,                 113P   1644
-56.5746568947869,1.10143920307866D-12,14.5588154436781,             113P   1645
-57.2634009924002,218.032580826795,10.8981542049118,                 113P   1646
-58.3058447575883,1.10144273536718D-12,14.5429074304231,             113P   1647
-58.5494637851179,218.032580826795,10.8881850997194,                 113P   1648
-59.3874281016567,1.10144598363249D-12,14.5282785439713,             113P   1649
-59.3529536624374,218.032580826795,10.8784629861405,                 113P   1650
-61.1360468248001,1.10145284031401D-12,14.4973987956633,             113P   1651
-60.6519806776937,218.032580826795,10.8573548286865,                 113P   1652
-62.2352153195827,1.10145815565933D-12,14.4734606084616,             113P   1653
-61.4685434247462,218.032580826795,10.8407132130994,                 113P   1654
-63.999130195679,1.10146822534344D-12,14.4281107828625,              113P   1655
-62.7789477272111,218.032580826795,10.8088356212239,                 113P   1656
-65.1149055827357,1.10147556416545D-12,14.3950596667794,             113P   1657
-63.6078560421681,218.032580826795,10.7854185988417,                 113P   1658
-66.8919645182638,1.10148872736521D-12,14.3357778852322,             113P   1659
-64.9280377731222,218.032580826795,10.7431684503865,                 113P   1660
-68.0233510215018,1.10149804106358D-12,14.2938327167355,             113P   1661
-65.7685513306035,218.032580826795,10.7131369233094,                 113P   1662
-69.8113868892056,1.1015141710815D-12,14.2211895740434,              113P   1663
-67.0968994658093,218.032580826795,10.6609354298006,                 113P   1664
-70.9573722943186,1.10152540651043D-12,14.1705897004832,             113P   1665
-67.9482657249943,218.032580826795,10.6244656207068,                 113P   1666
-72.7542053071957,1.10154437034282D-12,14.0851841919957,             113P   1667
-69.2831598490387,218.032580826795,10.5627553355195,                 113P   1668
-73.9137620524057,1.10155747028061D-12,14.0261873170424,             113P   1669
-70.1446148705247,218.032580826795,10.5200372394512,                 113P   1670
-75.7172021573004,1.10157912952708D-12,13.9286427427449,             113P   1671
-71.4844269657542,218.032580826795,10.4492790443189,                 113P   1672
-76.8892884343052,1.10159403315622D-12,13.8615227640894,             113P   1673
-72.3551962361229,218.032580826795,10.4005148427949,                 113P   1674
-78.6971377228279,1.10161824492141D-12,13.752482667399,              113P   1675
-73.6982924841143,218.032580826795,10.3211849550466,                 113P   1676
-79.8806985870535,1.10163488831209D-12,13.6775274993458,             113P   1677
-74.5775917473288,218.032580826795,10.2665874164186,                 113P   1678
-81.6907537212791,1.10166150608763D-12,13.5576516953127,             113P   1679
-75.92233434068,218.032580826795,10.1791744571886,                   113P   1680
-82.8847222107005,1.10167982267753D-12,13.4751611079023,             113P   1681
-76.8093704355756,218.032580826795,10.1189653464565,                 113P   1682
-84.6947768608546,1.1017086971928D-12,13.3451218516912,              113P   1683
-78.1541193976634,218.032580826795,10.0239675073554,                 113P   1684
-85.8980751227932,1.10172861825653D-12,13.2554053564932,             113P   1685
-79.0480911009266,218.032580826795,9.95837602759221,                 113P   1686
-87.7059224139173,1.10175959828797D-12,13.1158836984352,             113P   1687
-80.3912061111664,218.032580826795,9.85629837001695,                 113P   1688
-88.9174628393381,1.10178105338994D-12,13.0192585092085,             113P   1689
-81.2913049853036,218.032580826795,9.7855596561494,                  113P   1690
-90.7208978037387,1.10181398651988D-12,12.8709408774685,             113P   1691
-82.6311472073573,218.032580826795,9.67691157360712,                 113P   1692
-91.9395841686586,1.10183690394472D-12,12.7677299715179,             113P   1693
-83.5365584532469,218.032580826795,9.60126525759007,                 113P   1694
-93.7364062007933,1.1018716372618D-12,12.6113050176178,              113P   1695
-84.8714923635599,218.032580826795,9.48655812719396,                 113P   1696
-94.9611348144727,1.10189594441735D-12,12.5018353209431,             113P   1697
-85.7813956772534,218.032580826795,9.40624699163272,                 113P   1698
-96.7491501248036,1.10193232515218D-12,12.3379910571278,             113P   1699
-87.1097908912613,218.032580826795,9.28599203637843,                 113P   1700
-97.9788109844247,1.10195794894054D-12,12.2225917734125,             113P   1701
-88.0233613247442,218.032580826795,9.20126077144098,                 113P   1702
-99.7558350486875,1.10199582503151D-12,12.0520130242571,             113P   1703
-89.3435944180705,218.032580826795,9.075967150075,                   113P   1704
-100.989313000234,1.10202269218441D-12,11.931014124441,              113P   1705
-90.2600032437294,218.032580826795,8.98706122613128,                 113P   1706
-102.753173000515,1.10206191277033D-12,11.7543803083041,             113P   1707
-91.5704595656981,218.032580826795,8.8572343624701,                  113P   1708
-103.98934890555,1.10208995014594D-12,11.6281111939756,              113P   1709
-92.4888751442492,218.032580826795,8.76439902834637,                 113P   1710
-105.737886159542,1.1021303659835D-12,11.446094443023,               113P   1711
-93.7879506210573,218.032580826795,8.6305391868866,                  113P   1712
-106.975638067549,1.10215950082243D-12,11.3148827932334,             113P   1713
-94.7075392726874,218.032580826795,8.53401860097375,                 113P   1714
-108.706710442365,1.102200964628D-12,11.1281464139173,               113P   1715
-95.9936421976206,218.032580826795,8.39661971064178,                 113P   1716
-109.944914768261,1.10223112476741D-12,10.9923172213104,             113P   1717
-96.9135690760712,218.032580826795,8.2966562093951,                  113P   1718
-111.656399075224,1.10227349148439D-12,10.8015144905118,             113P   1719
-98.1851218842003,218.032580826795,8.1562049324091,                  113P   1720
-112.893931781591,1.10230460552941D-12,10.6613892889455,             113P   1721
-99.1045518534908,218.032580826795,8.05303843807003,                 113P   1722
-114.583726148465,1.10234773252347D-12,10.4671625745973,             113P   1723
-100.359992878351,218.032580826795,7.91001347621457,                 113P   1724
-115.819463931964,1.10237972997656D-12,10.3230588567816,             113P   1725
-101.278091391795,218.032580826795,7.80388104291909,                 113P   1726
-117.485490149179,1.10242347716265D-12,10.1260390457827,             113P   1727
-102.515876601628,218.032580826795,7.65875266914364,                 113P   1728
-118.718311630529,1.10245628851182D-12,9.97826986591801,             113P   1729
-103.431810582738,218.032580826795,7.549888164002,                   113P   1730
-120.358517468057,1.10250051841806D-12,9.77907607665264,             113P   1731
-104.650415293967,218.032580826795,7.40311796322563,                 113P   1732
-121.587304384857,1.10253407518586D-12,9.62794982969697,             113P   1733
-105.56335401879,218.032580826795,7.29175187650774,                  113P   1734
-123.19966587648,1.10257865296025D-12,9.42718938155197,              113P   1735
-106.761274584471,218.032580826795,7.14379267590977,                 113P   1736
-124.42330427807,1.10261288771615D-12,9.27300974762017,              113P   1737
-107.670390564828,218.032580826795,7.03015205218883,                 113P   1738
-126.005827969946,1.10265768108338D-12,9.0712783556548,              113P   1739
-108.846146035955,218.032580826795,6.88144801814843,                 113P   1740
-127.223209413393,1.10269252742263D-12,8.9143443952152,              113P   1741
-109.750615902979,218.032580826795,6.76575649818077,                 113P   1742
-128.773934573913,1.10273740659869D-12,8.71222655462853,             113P   1743
-110.902749660582,218.032580826795,6.61674337444604,                 113P   1744
-129.983957320113,1.1027727990914D-12,8.55283293765442,              113P   1745
-111.801755047903,218.032580826795,6.49922133572937,                 113P   1746
-131.500958108222,1.10281763666454D-12,8.35090245998136,             113P   1747
-112.928836404011,218.032580826795,6.35032679538668,                 113P   1748
-132.702528317001,1.10285351077931D-12,8.18933981007697,             113P   1749
-113.821564829842,218.032580826795,6.23119157777093,                 113P   1750
-134.183915906274,1.10289818156614D-12,7.98816047115548,             113P   1751
-114.922190595477,218.032580826795,6.08283566017544,                 113P   1752
-135.375948829289,1.10293447357269D-12,7.82471580394078,             113P   1753
-115.807836342788,218.032580826795,5.96230186162411,                 113P   1754
-136.819873485212,1.10297885445861D-12,7.62484206265485,             113P   1755
-116.880632361278,218.032580826795,5.81489746465792,                 113P   1756
-138.001294655348,1.10301550131444D-12,7.45979929638683,             113P   1757
-117.758397355192,218.032580826795,5.69317729129052,                 113P   1758
-139.40594776341,1.10305947108746D-12,7.26177704300596,              113P   1759
-118.802019999178,218.032580826795,5.54713068914005,                 113P   1760
-140.575694179259,1.10309641031346D-12,7.09541755855172,             113P   1761
-119.671114680626,218.032580826795,5.42443434304191,                 113P   1762
-141.939310221617,1.10313984950047D-12,6.89978485214745,             113P   1763
-120.684252311281,218.032580826795,5.28014570012283,                 113P   1764
-143.096331525562,1.10317701905082D-12,6.73238807901781,             113P   1765
-121.543896505915,218.032580826795,5.15668178809267,                 113P   1766
-144.417190004173,1.10321980976493D-12,6.53967583491618,             113P   1767
-122.52527089298,218.032580826795,5.0145456407808,                   113P   1768
-145.560449652499,1.10325714789636D-12,6.37151984011767,             113P   1769
-123.37469467425,218.032580826795,4.89052158720117,                  113P   1770
-146.836876956811,1.10329917370353D-12,6.18225243059984,             113P   1771
-124.323062375608,218.032580826795,4.75092726662088,                 113P   1772
-147.965353380159,1.10333661884897D-12,6.0136144875609,              113P   1773
-125.161506920868,218.032580826795,4.62654971397631,                 113P   1774
-149.195724597579,1.10337776466141D-12,5.82831022199887,             113P   1775
-126.075660620505,218.032580826795,4.48988168521467,                 113P   1776
-150.308412350011,1.10341525531293D-12,5.65946733775891,             113P   1777
-126.90237905894,218.032580826795,4.36535686643648,                  113P   1778
-151.491153017541,1.10345540731593D-12,5.47863879200002,             113P   1779
-127.781148862231,218.032580826795,4.23199496214259,                 113P   1780
-152.58706391238,1.10349288192153D-12,5.30986817219351,              113P   1781
-128.595407113341,218.032580826795,4.10752902991196,                 113P   1782
-153.720651707959,1.1035319275396D-12,5.13402234120674,              113P   1783
-129.437661798714,218.032580826795,3.97784855924935,                 113P   1784
-154.79881593851,1.10356932441789D-12,4.96560177409962,              113P   1785
-130.238739400037,218.032580826795,3.85364785861935,                 113P   1786
-155.881782310782,1.10360715232481D-12,4.79524002657877,             113P   1787
-131.043387626186,218.032580826795,3.72801957590032,                 113P   1788
-156.941249553967,1.10364440960143D-12,4.62744816948357,             113P   1789
-131.830578548894,218.032580826795,3.60429084807691,                 113P   1790
-157.972181289314,1.10368090977793D-12,4.46306598816952,             113P   1791
-132.59657001679,218.032580826795,3.48308076905161,                  113P   1792
-159.012021790203,1.10371796534682D-12,4.29618254193624,             113P   1793
-133.36918346775,218.032580826795,3.36003127587215,                  113P   1794
-159.989562516067,1.10375302918824D-12,4.13826903877129,             113P   1795
-134.095510036809,218.032580826795,3.24360033349658,                 113P   1796
-161.00886815125,1.10378982070032D-12,3.9725747986737,               113P   1797
-134.852871245642,218.032580826795,3.1214378940295,                  113P   1798
-161.931719774911,1.10382334117544D-12,3.82161199941446,             113P   1799
-135.538568003489,218.032580826795,3.01014142951917,                 113P   1800
-162.929605092604,1.10385980605674D-12,3.65738877357825,             113P   1801
-136.280018993191,218.032580826795,2.88907436223171,                 113P   1802
-163.79652917459,1.10389167791778D-12,3.51385067211061,              113P   1803
-136.924165278549,218.032580826795,2.78326145123835,                 113P   1804
-164.772132409432,1.10392775341826D-12,3.35138106158138,             113P   1805
-137.649065618056,218.032580826795,2.66349841734182,                 113P   1806
-165.581951471442,1.10395787346071D-12,3.21573244960898,             113P   1807
-138.250785996294,218.032580826795,2.56351103510401,                 113P   1808
-166.534435531602,1.10399349673445D-12,3.05529948727926,             113P   1809
-138.958513533868,218.032580826795,2.44526078079585,                 113P   1810
-167.28603429684,1.10402176410433D-12,2.92799457083079,              113P   1811
-139.516978725034,218.032580826795,2.35143281397233,                 113P   1812
-168.214587722606,1.10405687232102D-12,2.76988121923302,             113P   1813
-140.206930299639,218.032580826795,2.23490381183752,                 113P   1814
-168.90691429384,1.10408318886597D-12,2.65136203719581,              113P   1815
-140.721358057908,218.032580826795,2.1475599286182,                  113P   1816
-169.810752180412,1.10411771935283D-12,2.49585054943099,             113P   1817
-141.392950191724,218.032580826795,2.03295991953528,                 113P   1818
-170.442819135799,1.10414199001178D-12,2.38654521882549,             113P   1819
-141.862606138992,218.032580826795,1.95241431238443,                 113P   1820
-171.321184040076,1.10417588042537D-12,2.23391636479924,             113P   1821
-142.515275693551,218.032580826795,1.83994975529556,                 113P   1822
-171.892069514247,1.10419801365381D-12,2.13423716548205,             113P   1823
-142.939474094809,218.032580826795,1.76650477664907,                 113P   1824
-172.744232254607,1.10423120217603D-12,1.98476934916638,             113P   1825
-143.572678944645,218.032580826795,1.65638020223188,                 113P   1826
-173.253080773794,1.10425111039085D-12,1.89511072033401,             113P   1827
-143.950783471962,218.032580826795,1.59032490516413,                 113P   1828
-174.078341484061,1.10428353596164D-12,1.74907893179836,             113P   1829
-144.564003005813,218.032580826795,1.48274221696706,                 113P   1830
-174.524365334392,1.10430113603081D-12,1.66981526684174,             113P   1831
-144.895427310788,218.032580826795,1.42435085763096,                 113P   1832
-175.299215179241,1.10433183376067D-12,1.53156498206033,             113P   1833
-145.471193127791,218.032580826795,1.32251015041728,                 113P   1834
-175.704531839263,1.104347952215D-12,1.45897391716611,               113P   1835
-145.772372161531,218.032580826795,1.26903887279983,                 113P   1836
-176.417768247784,1.10437642757038D-12,1.33073231725746,             113P   1837
-146.302356847022,218.032580826795,1.17457962624234,                 113P   1838
-176.815122738736,1.10439234540943D-12,1.25904474328075,             113P   1839
-146.597619135436,218.032580826795,1.12177875661721,                 113P   1840
-177.443130614254,1.10441759739712D-12,1.14531990090469,             113P   1841
-147.064282540078,218.032580826795,1.0380179277508,                  113P   1842
-177.842667564528,1.1044337123637D-12,1.07274454342695,              113P   1843
-147.361174664114,218.032580826795,0.984566316195401,                113P   1844
-178.374204660752,1.10445522537784D-12,0.975858540982452,            113P   1845
-147.756133063139,218.032580826795,0.913217188237562,                113P   1846
-178.775735652251,1.10447152197866D-12,0.902465175571032,            113P   1847
-148.054495432867,218.032580826795,0.859169632119303,                113P   1848
-179.209881399953,1.10448919756271D-12,0.822861421859711,            113P   1849
-148.377158617494,218.032580826795,0.800538825733511,                113P   1850
-179.48752788929,1.10450052960376D-12,0.771826445980203,             113P   1851
-148.583473593513,218.032580826795,0.762957748255732,                113P   1852
-179.641718138434,1.1045068326535D-12,0.743440033513189,             113P   1853
-148.698006999059,218.032580826795,0.742063023278187,                113P   1854
-179.673376477192,1.10450812720927D-12,0.737609872641341,            113P   1855
-148.721522379857,218.032580826795,0.737771679485353,0.,             113P   1856
4.40437163093862,-7.41788638257457,0.;                               113P   1857
128,1,3,1,3,0,0,0,0,0,-1.34441506816689D-9,-1.34441506816689D-9,     115P   1858
4.40502252597194,4.40502252597194,-7.4387456001256,                  115P   1859
-7.4387456001256,-7.4387456001256,-7.4387456001256,                  115P   1860
-7.41788638257457,-7.41788638257457,-7.41788638257457,               115P   1861
-7.41788638257457,1.0000000298482,1.00000002989757,                  115P   1862
0.845630522552298,0.845375220826691,0.845630512602897,               115P   1863
0.845375210860836,1.,1.,-180.287613178661,-6.65523816345265D-8,      115P   1864
1.39197472435391D-7,-149.332066838455,218.064802521948,              115P   1865
-5.54230627453629D-7,-180.287613248878,-6.65339531176607D-8,         115P   1866
-0.378365425119918,-149.331292113786,218.0702580592,                 115P   1867
-0.378752224813695,-180.045491529926,-6.65339530516959D-8,           115P   1868
-0.669118886247413,-149.088748981204,218.070258059616,               115P   1869
-0.669657128152405,-179.673376638733,-6.6552381467731D-8,            115P   1870
-0.737609844631926,-148.71694698293,218.06480252284,                 115P   1871
-0.737771924908113,-1.34441506816689D-9,4.40502252597194,            115P   1872
-7.4387456001256,-7.41788638257457;                                  115P   1873
128,27,21,3,3,0,0,1,0,0,-0.1,-0.1,-0.1,-0.1,0.,0.,0.,0.05,0.1,       117P   1874
0.15,0.2,0.25,0.3,0.35,0.4,0.45,0.5,0.55,0.6,0.65,0.7,0.75,0.8,      117P   1875
0.85,0.9,1.,1.,1.,1.1,1.1,1.1,1.1,0.,0.,0.,0.,0.05,0.1,0.15,0.2,     117P   1876
0.25,0.3,0.35,0.4,0.45,0.5,0.55,0.6,0.65,0.7,0.75,0.8,0.85,0.9,      117P   1877
1.,1.,1.,1.,1.,1.,1.,1.,1.,1.,1.,1.,1.,1.,1.,1.,1.,1.,1.,1.,1.,      117P   1878
1.,1.,1.,1.,1.,1.,1.,1.,1.,1.,1.,1.,1.,1.,1.,1.,1.,1.,1.,1.,1.,      117P   1879
1.,1.,1.,1.,1.,1.,1.,1.,1.,1.,1.,1.,1.,1.,1.,1.,1.,1.,1.,1.,1.,      117P   1880
1.,1.,1.,1.,1.,1.,1.,1.,1.,1.,1.,1.,1.,1.,1.,1.,1.,1.,1.,1.,1.,      117P   1881
1.,1.,1.,1.,1.,1.,1.,1.,1.,1.,1.,1.,1.,1.,1.,1.,1.,1.,1.,1.,1.,      117P   1882
1.,1.,1.,1.,1.,1.,1.,1.,1.,1.,1.,1.,1.,1.,1.,1.,1.,1.,1.,1.,1.,      117P   1883
1.,1.,1.,1.,1.,1.,1.,1.,1.,1.,1.,1.,1.,1.,1.,1.,1.,1.,1.,1.,1.,      117P   1884
1.,1.,1.,1.,1.,1.,1.,1.,1.,1.,1.,1.,1.,1.,1.,1.,1.,1.,1.,1.,1.,      117P   1885
1.,1.,1.,1.,1.,1.,1.,1.,1.,1.,1.,1.,1.,1.,1.,1.,1.,1.,1.,1.,1.,      117P   1886
1.,1.,1.,1.,1.,1.,1.,1.,1.,1.,1.,1.,1.,1.,1.,1.,1.,1.,1.,1.,1.,      117P   1887
1.,1.,1.,1.,1.,1.,1.,1.,1.,1.,1.,1.,1.,1.,1.,1.,1.,1.,1.,1.,1.,      117P   1888
1.,1.,1.,1.,1.,1.,1.,1.,1.,1.,1.,1.,1.,1.,1.,1.,1.,1.,1.,1.,1.,      117P   1889
1.,1.,1.,1.,1.,1.,1.,1.,1.,1.,1.,1.,1.,1.,1.,1.,1.,1.,1.,1.,1.,      117P   1890
1.,1.,1.,1.,1.,1.,1.,1.,1.,1.,1.,1.,1.,1.,1.,1.,1.,1.,1.,1.,1.,      117P   1891
1.,1.,1.,1.,1.,1.,1.,1.,1.,1.,1.,1.,1.,1.,1.,1.,1.,1.,1.,1.,1.,      117P   1892
1.,1.,1.,1.,1.,1.,1.,1.,1.,1.,1.,1.,1.,1.,1.,1.,1.,1.,1.,1.,1.,      117P   1893
1.,1.,1.,1.,1.,1.,1.,1.,1.,1.,1.,1.,1.,1.,1.,1.,1.,1.,1.,1.,1.,      117P   1894
1.,1.,1.,1.,1.,1.,1.,1.,1.,1.,1.,1.,1.,1.,1.,1.,1.,1.,1.,1.,1.,      117P   1895
1.,1.,1.,1.,1.,1.,1.,1.,1.,1.,1.,1.,1.,1.,1.,1.,1.,1.,1.,1.,1.,      117P   1896
1.,1.,1.,1.,1.,1.,1.,1.,1.,1.,1.,1.,1.,1.,1.,1.,1.,1.,1.,1.,1.,      117P   1897
1.,1.,1.,1.,1.,1.,1.,1.,1.,1.,1.,1.,1.,1.,1.,1.,1.,1.,1.,1.,1.,      117P   1898
1.,1.,1.,1.,1.,1.,1.,1.,1.,1.,1.,1.,1.,1.,1.,1.,1.,1.,1.,1.,1.,      117P   1899
1.,1.,1.,1.,1.,1.,1.,1.,1.,1.,1.,1.,1.,1.,1.,1.,1.,1.,1.,1.,1.,      117P   1900
1.,1.,1.,1.,1.,1.,1.,1.,1.,1.,1.,1.,1.,1.,1.,1.,1.,1.,1.,1.,1.,      117P   1901
1.,1.,1.,1.,1.,1.,1.,1.,1.,1.,1.,1.,1.,1.,1.,1.,1.,1.,1.,1.,1.,      117P   1902
1.,1.,1.,1.,1.,1.,1.,1.,1.,1.,1.,1.,1.,1.,1.,1.,1.,1.,1.,1.,1.,      117P   1903
1.,1.,1.,1.,1.,1.,1.,1.,1.,1.,1.,1.,1.,1.,1.,1.,1.,1.,1.,1.,1.,      117P   1904
1.,1.,1.,1.,1.,1.,1.,1.,1.,1.,1.,1.,1.,1.,1.,1.,1.,1.,1.,1.,1.,      117P   1905
1.,1.,1.,1.,1.,1.,1.,1.,1.,1.,1.,1.,1.,1.,1.,1.,1.,1.,1.,1.,1.,      117P   1906
1.,1.,1.,1.,1.,1.,1.,1.,1.,1.,1.,44.7278038080522,                   117P   1907
195.536767874001,-12.8135506820336,29.7360988997793,                 117P   1908
196.780742562599,-12.7517525880728,14.7443939915064,                 117P   1909
198.024717251196,-12.689954494112,-0.247310916766487,                117P   1910
199.268691939794,-12.6281564001512,-7.74316337090294,                117P   1911
199.890679284092,-12.5972573531708,-15.2364319237003,                117P   1912
200.511814943948,-12.5659981791197,-22.7236478797178,                117P   1913
201.130370894712,-12.5342972435027,-30.2019706112727,                117P   1914
201.743774334487,-12.5030110290812,-37.6701911135719,                117P   1915
202.348813421237,-12.4744256625128,-45.1289232150439,                117P   1916
202.94220171102,-12.4520791151761,-52.5801942274408,                 117P   1917
203.521414135535,-12.4396621929202,-60.0267042369369,                117P   1918
204.085729521273,-12.4394742805656,-67.4701814066816,                117P   1919
204.637575078639,-12.4507966960366,-74.9097897696024,                117P   1920
205.181799870485,-12.4701067095791,-82.3421186674565,                117P   1921
205.723089151634,-12.4929813221085,-89.7623578427529,                117P   1922
206.264322517225,-12.5155790248223,-97.1654248119043,                117P   1923
206.806529807535,-12.5354387423602,-104.546588030825,                117P   1924
207.349434095039,-12.5516092519261,-111.90197778421,                 117P   1925
207.892118779747,-12.5642237849509,-119.229282137409,                117P   1926
208.433599473851,-12.5739564434443,-126.528506087161,                117P   1927
208.973194215186,-12.5816219132888,-133.80245114062,                 117P   1928
209.510692980065,-12.5879590450768,-141.056611842812,                117P   1929
210.046358399911,-12.5935454750728,-148.298294013537,                117P   1930
210.580796370334,-12.5987831388041,-155.53489613397,                 117P   1931
211.1147189311,-12.6039138000436,-162.771498254402,                  117P   1932
211.648641491867,-12.6090444612831,-170.008100374835,                117P   1933
212.182564052634,-12.6141751225226,-177.244702495268,                117P   1934
212.7164866134,-12.6193057837621,44.4718471777856,                   117P   1935
195.415183549928,-11.6063101017976,29.5275514636507,                 117P   1936
196.69855286049,-11.5617942745599,14.5832557495157,                  117P   1937
197.981922171053,-11.5172784473223,-0.361039964619274,               117P   1938
199.265291481615,-11.4727626200847,-7.83318782168676,                117P   1939
199.906976136897,-11.4505047064659,-15.3041030496247,                117P   1940
200.548242640836,-11.4281081257426,-22.7715704962853,                117P   1941
201.188221743959,-11.4053302022171,-30.2328066187481,                117P   1942
201.825518157521,-11.3819224577384,-37.685157368904,                 117P   1943
202.457848118715,-11.3580754020827,-45.1271971176,                   117P   1944
203.080674565507,-11.3357703269497,-52.5608787658288,                117P   1945
203.684909148002,-11.321148579289,-59.9916833312908,                 117P   1946
204.26092817759,-11.3214558807943,-67.4243643374957,                 117P   1947
204.809873716369,-11.3358753421334,-74.8591973614099,                117P   1948
205.342597819749,-11.3561449063513,-82.2922970231152,                117P   1949
205.870109481675,-11.3754659523733,-89.7177780439737,                117P   1950
206.39859334882,-11.3915579226176,-97.1300443672137,                 117P   1951
206.930179361545,-11.4044648982035,-104.524975755532,                117P   1952
207.464843709486,-11.4147939882961,-111.900103278936,                117P   1953
208.001726662113,-11.4231388416244,-119.254492397585,                117P   1954
208.539750417957,-11.4299949706457,-126.588865033272,                117P   1955
209.077962212668,-11.4357812764251,-133.905757406477,                117P   1956
209.615732040338,-11.4408530261528,-141.20933942682,                 117P   1957
210.152824871305,-11.44549886141,-148.504735178474,                  117P   1958
210.689352370756,-11.4499349134099,-155.796870892442,                117P   1959
211.225613896004,-11.4543025053669,-163.08900660641,                 117P   1960
211.761875421253,-11.4586700973239,-170.381142320378,                117P   1961
212.298136946502,-11.4630376892809,-177.673278034346,                117P   1962
212.83439847175,-11.4674052812378,44.2031182406709,                  117P   1963
195.294387992477,-10.4032700696115,29.3096284054298,                 117P   1964
196.617180480242,-10.3747571455495,14.4161385701887,                 117P   1965
197.939972968006,-10.3462442214875,-0.477351265052431,               117P   1966
199.262765455771,-10.3177312974254,-7.92409618267299,                117P   1967
199.924161699654,-10.3034748353944,-15.3711452790273,                117P   1968
200.585526865452,-10.2892811570246,-22.8178607255851,                117P   1969
201.246722665299,-10.274934630147,-30.2618191932031,                 117P   1970
201.907345345167,-10.2595828866594,-37.6987096577316,                117P   1971
202.566128411464,-10.2415729095973,-45.1247977077761,                117P   1972
203.217350236222,-10.2208526874316,-52.5425334940319,                117P   1973
203.845269404925,-10.2056471997671,-59.9592244039743,                117P   1974
204.433716583755,-10.2062370414661,-67.3811209187386,                117P   1975
204.982343894139,-10.2218543372413,-74.8100033652158,                117P   1976
205.505210751526,-10.241602321466,-82.2427459845638,                 117P   1977
206.018991012788,-10.2565710916474,-89.672845185911,                 117P   1978
206.534184400994,-10.2660281120972,-97.0937994256189,                117P   1979
207.054483786861,-10.2724078958299,-104.501802448646,                117P   1980
207.580337763761,-10.2774392506051,-111.895907983484,                117P   1981
208.111049969944,-10.2819147680496,-119.276901659904,                117P   1982
208.645448291205,-10.2861108115653,-126.646525810308,                117P   1983
209.182277325017,-10.2901033357496,-134.007246103642,                117P   1984
209.720450157032,-10.2939242979002,-141.361968791123,                117P   1985
210.25920346444,-10.2976136509045,-148.713489352046,                 117P   1986
210.798122089107,-10.30122256285,-156.063915634312,                  117P   1987
211.337054191943,-10.304800063662,-163.414341916577,                 117P   1988
211.875986294779,-10.3083775644739,-170.764768198843,                117P   1989
212.414918397614,-10.3119550652859,-178.115194481109,                117P   1990
212.95385050045,-10.3155325660979,43.9061154535415,                  117P   1991
195.175442817274,-9.20898290843396,29.070724083669,                  117P   1992
196.537768619438,-9.19384357575527,14.2353327137965,                 117P   1993
197.900094421602,-9.17870424307657,-0.600058656076001,               117P   1994
199.262420223766,-9.16356491039787,-8.01775434101225,                117P   1995
199.943583124848,-9.15599524405853,-15.4374976072523,                117P   1996
200.62505700838,-9.14858682749812,-22.8607562478703,                 117P   1997
201.307418329878,-9.14124360565269,-30.286007299382,                 117P   1998
201.991529280161,-9.13300868877363,-37.7068722988527,                117P   1999
202.676873588445,-9.12117425690612,-45.1189756244422,                117P   2000
203.353206762945,-9.1056408506613,-52.525387694327,                  117P   2001
204.000451310556,-9.09443774155454,-59.9319150588365,                117P   2002
204.602550950735,-9.09504725942237,-67.3439334154672,                117P   2003
205.15726652522,-9.10695515092595,-74.7645383482144,                 117P   2004
205.67552995739,-9.12228665265638,-82.1933490933885,                 117P   2005
206.175492900717,-9.13275126835997,-89.6257279655113,                117P   2006
206.674572474662,-9.13692110216892,-97.0541728805589,                117P   2007
207.18094156985,-9.13819869934937,-104.473971037474,                 117P   2008
207.696227393474,-9.13910442095768,-111.885412623284,                117P   2009
208.219688468685,-9.1404898007925,-119.291892212565,                 117P   2010
208.749927272983,-9.14244568903077,-126.697153736584,                117P   2011
209.28530225756,-9.14481819782534,-134.104141956712,                 117P   2012
209.824191701527,-9.14742351266161,-141.514596395396,                117P   2013
210.365228498335,-9.15012672174795,-148.928532611484,                117P   2014
210.907361911094,-9.15285543265476,-156.34435450628,                 117P   2015
211.449867467292,-9.15558480881248,-163.760176401076,                117P   2016
211.992373023489,-9.15831418497021,-171.175998295872,                117P   2017
212.534878579687,-9.16104356112793,-178.591820190668,                117P   2018
213.077384135884,-9.16377293728565,43.5731230159804,                 117P   2019
195.059039760667,-8.02589628814687,28.8045251228736,                 117P   2020
196.461229068102,-8.02083236725541,14.0359272297667,                 117P   2021
197.863418375537,-8.01576844636394,-0.732670663340202,               117P   2022
199.265607682972,-8.01070452547248,-8.11696960989364,                117P   2023
199.96670233669,-8.00817256502674,-15.5048840115699,                 117P   2024
200.668494799454,-8.00573207202048,-22.9004485025138,                117P   2025
201.372641527229,-8.00324016917211,-30.304298414795,                 117P   2026
202.081841202573,-7.99986218888651,-37.7091278802132,                117P   2027
202.79294441357,-7.99375761561605,-45.1102938669746,                 117P   2028
203.49059811182,-7.98582300167877,-52.5085017974195,                 117P   2029
204.155755655896,-7.98049264424289,-59.9068379269846,                117P   2030
204.77302868695,-7.98128741269243,-67.3093586061731,                 117P   2031
205.336975692683,-7.98793489206107,-74.7199691805383,                117P   2032
205.854827507166,-7.99650412836849,-82.141055760538,                 117P   2033
206.343845155938,-8.00227413869873,-89.5716178385894,                117P   2034
206.824499640719,-8.00339281231094,-97.0057989421169,                117P   2035
207.31213193611,-8.00171024201988,-104.436651103124,                 117P   2036
207.813307212454,-7.9998657507464,-111.863679380877,                 117P   2037
208.327333773713,-7.9990032669551,-119.29412074191,                  117P   2038
208.85226230726,-7.99918603122407,-126.73597083585,                  117P   2039
209.385885978517,-8.00014869874982,-134.193777000959,                117P   2040
209.925964159349,-8.00159090357272,-141.668003169183,                117P   2041
210.470380316508,-8.00327772143613,-149.154851464484,                117P   2042
211.017198662951,-8.00506106606472,-156.64759996781,                 117P   2043
211.564883459171,-8.00686746914502,-164.140348471137,                117P   2044
212.11256825539,-8.00867387222533,-171.633096974464,                 117P   2045
212.660253051609,-8.01048027530563,-179.12584547779,                 117P   2046
213.207937847828,-8.01228667838593,43.2142420715339,                 117P   2047
194.945348800831,-6.85379100880306,28.5172790659158,                 117P   2048
196.388027365027,-6.85567113439853,13.8203160602977,                 117P   2049
197.830705929222,-6.857551259994,-0.876646945320378,                 117P   2050
199.273384493417,-6.85943138558947,-8.22512844812942,                117P   2051
199.994723775515,-6.86037144838721,-15.5780159643534,                117P   2052
200.717217766135,-6.86128504058933,-22.9432509034035,                117P   2053
201.443748196403,-6.8621086463033,-30.3246308296026,                 117P   2054
202.17681183543,-6.86260288911577,-37.7131023985667,                 117P   2055
202.908678343768,-6.86193565939483,-45.1022179420979,                117P   2056
203.624658280543,-6.86053219294279,-52.4910307177691,                117P   2057
204.308471898861,-6.85990136426888,-59.8804768379242,                117P   2058
204.943184148274,-6.86115303312762,-67.2719774223441,                117P   2059
205.515606248828,-6.86412683010206,-74.6698417990173,                117P   2060
206.031022360929,-6.8673584431421,-82.0797687182379,                 117P   2061
206.511197369994,-6.86891111775191,-89.5040600095356,                117P   2062
206.978131507374,-6.86768546625901,-96.9403416353209,                117P   2063
207.448544456772,-6.86428512494064,-104.382238330443,                117P   2064
207.932654608242,-6.86051177730853,-111.825422382101,                117P   2065
208.433926699468,-6.85783942391377,-119.279041040497,                117P   2066
208.951516751051,-6.85654881044974,-126.759401786279,                117P   2067
209.482631777249,-6.85626941940486,-134.275203823015,                117P   2068
210.02446899963,-6.8566049107713,-141.824578502619,                  117P   2069
210.573821652858,-6.85725932920805,-149.397718786537,                117P   2070
211.127415032247,-6.8580433801856,-156.981172603872,                 117P   2071
211.682574339849,-6.85885904940434,-164.564626421207,                117P   2072
212.237733647451,-6.85967471862308,-172.148080238542,                117P   2073
212.792892955053,-6.86049038784182,-179.731534055878,                117P   2074
213.348052262656,-6.86130605706056,42.8623719387264,                 117P   2075
194.835467521003,-5.69040683456671,28.231637806336,                  117P   2076
196.319019789204,-5.69691673775227,13.6009036739456,                 117P   2077
197.802572057405,-5.70342664093783,-1.02983045844486,                117P   2078
199.286124325606,-5.70993654412339,-8.34519752464008,                117P   2079
200.027900459706,-5.71319149571617,-15.6643416296784,                117P   2080
200.770952494141,-5.71642007256309,-23.0000327344528,                117P   2081
201.518718302216,-5.7198797496335,-30.3574600700874,                 117P   2082
202.270774322963,-5.72361846830158,-37.7245475400921,                117P   2083
203.017250871805,-5.7270683059832,-45.0960800540735,                 117P   2084
203.74656397417,-5.73005032264422,-52.4711619246208,                 117P   2085
204.445934710579,-5.73254745910404,-59.8494655533457,                117P   2086
205.098371254987,-5.7344984218452,-67.2278314833821,                 117P   2087
205.677174844197,-5.73573713297512,-74.6105860765353,                117P   2088
206.187338089593,-5.73592222719398,-82.007610538052,                 117P   2089
206.661556591283,-5.73460144657935,-89.4230206099161,                117P   2090
207.121176579036,-5.73150769350455,-96.8566392243127,                117P   2091
207.581052758441,-5.72694294368971,-104.305423043834,                117P   2092
208.051518363541,-5.72188811417941,-111.766326077841,                117P   2093
208.539202970279,-5.7175869539219,-119.245594612642,                 117P   2094
209.046776556446,-5.71478370342832,-126.767952610763,                117P   2095
209.574025517653,-5.71328997230159,-134.351733954034,                117P   2096
210.118234813697,-5.71255768561325,-141.989633059711,                117P   2097
210.674321830386,-5.712190063111,-149.66158292477,                   117P   2098
211.237130718028,-5.71195631234916,-157.34668728837,                 117P   2099
211.8025570869,-5.71174825414067,-165.03179165197,                   117P   2100
212.367983455771,-5.71154019593219,-172.716896015571,                117P   2101
212.933409824643,-5.71133213772371,-180.402000379171,                117P   2102
213.498836193514,-5.71112407951522,42.5593302365285,                 117P   2103
194.733038607405,-4.53347837200365,27.9776678350624,                 117P   2104
196.256379084439,-4.5431318013414,13.3960054335964,                  117P   2105
197.779719561473,-4.55278523067915,-1.18565696786971,                117P   2106
199.303060038507,-4.5624386600169,-8.47648816860274,                 117P   2107
200.064730277024,-4.56726537468577,-15.7708927855667,                117P   2108
200.827598274165,-4.57218438482542,-23.0787336680011,                117P   2109
201.593179766037,-4.57753516435809,-30.4051750053871,                117P   2110
202.358153600142,-4.58343421395625,-37.743798036857,                 117P   2111
203.113138180508,-4.58945680264043,-45.0913300537472,                117P   2112
203.848140335063,-4.59505762653842,-52.4466390366529,                117P   2113
204.551867485069,-4.59958368490389,-59.8083646527096,                117P   2114
205.208363901664,-4.60247786004043,-67.1723284552972,                117P   2115
205.791898161277,-4.60344073271271,-74.542058093825,                 117P   2116
206.306855934393,-4.60243001294611,-81.9274211157957,                117P   2117
206.784065471135,-4.59958315688361,-89.3339037782917,                117P   2118
207.243505763629,-4.59517235190254,-96.7638202754035,                117P   2119
207.699238909626,-4.5896429698591,-104.217367379091,                 117P   2120
208.161861876153,-4.58370148228754,-111.694924223118,                117P   2121
208.639210872311,-4.57823377267221,-119.203777654743,                117P   2122
209.136745281823,-4.57399754820715,-126.772744891265,                117P   2123
209.658950873633,-4.57121687863263,-134.434614951346,                117P   2124
210.205863814113,-4.56943511417171,-142.172120162123,                117P   2125
210.770055071197,-4.56809750228942,-149.947751248265,                117P   2126
211.344361095426,-4.56688773105705,-157.735440572217,                117P   2127
211.922890789267,-4.56569276037444,-165.523129896168,                117P   2128
212.501420483108,-4.56449778969182,-173.31081922012,                 117P   2129
213.079950176949,-4.5633028190092,-181.098508544071,                 117P   2130
213.65847987079,-4.56210784832658,42.3132109912144,                  117P   2131
194.647599335251,-3.38286572314226,27.7642126149316,                 117P   2132
196.205786708249,-3.39430506412464,13.2152142386488,                 117P   2133
197.763974081246,-3.40574440510702,-1.33378413763401,                117P   2134
199.322161454243,-3.4171837460894,-8.60828332577541,                 117P   2135
200.101255140742,-3.42290341658059,-15.8848995688092,                117P   2136
200.88087601877,-3.42878892044233,-23.1668262619048,                 117P   2137
201.660319251451,-3.43511250740309,-30.4600817689047,                117P   2138
202.433675572077,-3.44199461871762,-37.7668640811936,                117P   2139
203.192000883555,-3.44923923758496,-45.0868503273811,                117P   2140
203.92541673999,-3.45627773450801,-52.4188625018527,                 117P   2141
204.622627920818,-3.46226348749464,-59.7608426158358,                117P   2142
205.270400307228,-3.466358769287,-67.1107002793127,                  117P   2143
205.857114097813,-3.46796581583743,-74.4704612698325,                117P   2144
206.386066057148,-3.46692809498782,-81.8463342447925,                117P   2145
206.874349403978,-3.46352452757414,-89.2450005222009,                117P   2146
207.339489354694,-3.45831022355958,-96.6724402745821,                117P   2147
207.795970193593,-3.45196758232006,-104.133907756183,                117P   2148
208.255465258995,-3.44524828607802,-111.634905705919,                117P   2149
208.72735887653,-3.43892517308103,-119.18499054576,                  117P   2150
209.219169169404,-3.43365656544781,-126.808764308463,                117P   2151
209.737431857257,-3.42977025656699,-134.547643132714,                117P   2152
210.285990205074,-3.42705503260024,-142.381820412064,                117P   2153
210.858147243511,-3.42488684968829,-150.249787321748,                117P   2154
211.445637485398,-3.42284325069301,-158.125570528965,                117P   2155
212.039021795976,-3.42082498461988,-166.001353736182,                117P   2156
212.632406106554,-3.41880671854675,-173.8771369434,                  117P   2157
213.225790417132,-3.41678845247362,-181.752920150617,                117P   2158
213.81917472771,-3.41477018640049,42.1172829718188,                  117P   2159
194.583609965365,-2.23939982498487,27.5914235433767,                 117P   2160
196.169144110894,-2.25104199223365,13.0655641149346,                 117P   2161
197.754678256423,-2.26268415948242,-1.4602953135074,                 117P   2162
199.340212401951,-2.2743263267312,-8.72322502772843,                 117P   2163
200.132979474716,-2.28014741035559,-15.9848958218321,                117P   2164
200.925083473269,-2.28613779303134,-23.2449876604002,                117P   2165
201.713924865915,-2.29249035492997,-30.5100768114339,                117P   2166
202.492308550526,-2.29931689767961,-37.7876155917555,                117P   2167
203.250792446055,-2.30666076911039,-45.08175228667,                  117P   2168
203.979075938807,-2.31433750407795,-52.3928210751913,                117P   2169
204.667079837712,-2.32157867951686,-59.7183506384863,                117P   2170
205.306815299653,-2.32709331085074,-67.0561941514483,                117P   2171
205.894888327095,-2.32980688989587,-74.4069237508327,                117P   2172
206.434227384168,-2.32932502334192,-81.7746571657692,                117P   2173
206.933939514819,-2.32591987671343,-89.1667205765523,                117P   2174
207.406954278278,-2.32029046377034,-96.5928807943736,                117P   2175
207.866865822951,-2.31331894492165,-104.064891502396,                117P   2176
208.326349068056,-2.30590667603538,-111.596296337926,                117P   2177
208.796617974895,-2.29887404244332,-119.202634371664,                117P   2178
209.287149718345,-2.29286922908128,-126.902300425105,                117P   2179
209.805182558504,-2.28825134863993,-134.71458142173,                 117P   2180
210.354192794314,-2.28494365096387,-142.616738084224,                117P   2181
210.934466413649,-2.28225974843488,-150.547243711344,                117P   2182
211.535825056478,-2.27973039493743,-158.483153912493,                117P   2183
212.142174160418,-2.27726283029101,-166.419064113642,                117P   2184
212.748523264357,-2.27479526564458,-174.354974314791,                117P   2185
213.354872368297,-2.27232770099816,-182.29088451594,                 117P   2186
213.961221472236,-2.26986013635173,41.9953437980386,                 117P   2187
194.543202030361,-1.10360405002444,27.4805105070002,                 117P   2188
196.146628093822,-1.11368793747923,12.9656772159619,                 117P   2189
197.750054157283,-1.12377182493402,-1.54915607507641,                117P   2190
199.353480220744,-1.13385571238881,-8.80657272059558,                117P   2191
200.155193252475,-1.13889765611621,-16.0580738927125,                117P   2192
200.955146948229,-1.14417257016431,-23.3017238500254,                117P   2193
201.749144618041,-1.14981839581686,-30.5455694815317,                117P   2194
202.529947543985,-1.15579011060194,-37.8007781000072,                117P   2195
203.287876080139,-1.16224395717829,-45.076028093561,                 117P   2196
204.011729454687,-1.16985408814503,-52.3735663985762,                117P   2197
204.692564902392,-1.17828001461448,-59.6888178513311,                117P   2198
205.327126421193,-1.18518915354883,-67.018425269602,                 117P   2199
205.915433989266,-1.18901993130787,-74.3621233380537,                117P   2200
206.460226271235,-1.18925215632097,-81.7233998748669,                117P   2201
206.967395079832,-1.18613550235814,-89.1102011776629,                117P   2202
207.446528037434,-1.18041242252949,-96.5352764059845,                117P   2203
207.909826343655,-1.17307772938819,-104.016113561281,                117P   2204
208.370395051659,-1.16516913033489,-111.573963306534,                117P   2205
208.840785345481,-1.15760541043395,-119.230619572343,                117P   2206
209.331855082864,-1.1510788832274,-127.001143343011,                 117P   2207
209.851767407563,-1.14598388187983,-134.881654307906,                117P   2208
210.405435193713,-1.14234104273342,-142.832755838523,                117P   2209
210.995113919728,-1.13966256716354,-150.801717393692,                117P   2210
211.606103603918,-1.13738799373957,-158.766449004666,                117P   2211
212.217675916283,-1.13509903150177,-166.731180615641,                117P   2212
212.829248228648,-1.13281006926397,-174.695912226616,                117P   2213
213.440820541013,-1.13052110702617,-182.660643837591,                117P   2214
214.052392853378,-1.12823214478837,41.977550013235,                  117P   2215
194.529728898335,0.0248421391892323,27.4565032071096,                117P   2216
196.139454308326,0.0180306478977698,12.9354564009843,                117P   2217
197.749179718317,0.0112191566063073,-1.58559040514107,               117P   2218
199.358905128308,0.00440766531484486,-8.84611380820374,              117P   2219
200.163767833303,0.00100191966911362,-16.0956019245363,              117P   2220
200.966329311795,-0.00281267188968211,-23.3285648745816,             117P   2221
201.761844079988,-0.0072776075239416,-30.56027545525,                117P   2222
202.543341265837,-0.0120308167350842,-37.8048917678256,              117P   2223
203.301386568618,-0.0170948567919093,-45.072476205603,               117P   2224
204.023888556017,-0.0239665834854864,-52.3658266926398,              117P   2225
204.701817418828,-0.0329010337142575,-59.6774557474204,              117P   2226
205.334514301495,-0.0404730561990049,-67.0034647717478,              117P   2227
205.922770295048,-0.0449935789807533,-74.343531064634,               117P   2228
206.469111480072,-0.0459133117825852,-81.7011335049442,              117P   2229
206.97859702938,-0.0433539952981693,-89.0845944709455,               117P   2230
207.45974571739,-0.037955839872705,-96.5079734462557,                117P   2231
207.924204196,-0.0307052992937015,-103.991375020897,                 117P   2232
208.385215421023,-0.0227001598713034,-111.559916427322,              117P   2233
208.855892712646,-0.0149332596791859,-119.239462796071,              117P   2234
209.347822386738,-0.00815911878422169,-127.046565279137,             117P   2235
209.869985040404,-0.00284771384125403,-134.972362369552,             117P   2236
210.427834486205,0.000827056856244689,-142.967254950493,             117P   2237
211.021182096314,0.00301920350013171,-150.959402615201,              117P   2238
211.635067968574,0.00432176691154233,-158.928308110669,              117P   2239
212.245859733956,0.0056353987040096,-166.897213606137,               117P   2240
212.856651499338,0.00694903049647688,-174.866119101604,              117P   2241
213.467443264721,0.00826266228894415,-182.835024597072,              117P   2242
214.078235030103,0.00957629408141143,42.0301514360852,               117P   2243
194.544586111797,1.14843286227431,27.4998551566417,                  117P   2244
196.148122703649,1.14591395166783,12.9695588771983,                  117P   2245
197.751659295502,1.14339504106134,-1.56073740224516,                 117P   2246
199.355195887355,1.14087613045486,-8.82588554196688,                 117P   2247
200.156964183281,1.13961667515161,-16.0792600108262,                 117P   2248
200.956775031604,1.13784916671791,-23.3141127602544,                 117P   2249
201.750270188273,1.13515515900432,-30.5503634938428,                 117P   2250
202.530778173273,1.13187874948476,-37.8021902935326,                 117P   2251
203.288907149964,1.12789366037268,-45.0761124123223,                 117P   2252
204.01324956777,1.12225868858395,-52.3726716900004,                  117P   2253
204.694559907881,1.11499408251389,-59.6863853010645,                 117P   2254
205.329426780004,1.10827002773432,-67.0136322378591,                 117P   2255
205.917748075788,1.10365380518005,-74.3541612359735,                 117P   2256
206.462220680879,1.10198083998691,-81.7116281908355,                 117P   2257
206.968798436932,1.10349471621768,-89.0943156631891,                 117P   2258
207.447226148648,1.10784266872442,-96.5155574556391,                 117P   2259
207.909895768473,1.11421821958756,-103.993935451519,                 117P   2260
208.370108554131,1.12160935484937,-111.552900027351,                 117P   2261
208.840662066744,1.12903050448592,-119.218622324502,                 117P   2262
209.33283704235,1.13564280423532,-127.013768574156,                  117P   2263
209.85529787085,1.14076155710858,-134.942420069056,                  117P   2264
210.411844063096,1.14391350077757,-142.953166451538,                 117P   2265
210.998036711398,1.14511464291001,-150.952821153758,                 117P   2266
211.603789387864,1.14505546469931,-158.928765016945,                 117P   2267
212.213978473373,1.14461091429955,-166.904708880132,                 117P   2268
212.824167558882,1.14416636389979,-174.880652743318,                 117P   2269
213.434356644391,1.14372181350004,-182.856596606505,                 117P   2270
214.044545729901,1.14327726310028,42.1086120413662,                  117P   2271
194.589268729141,2.27029413088314,27.5801444417326,                  117P   2272
196.173969744597,2.27231991382002,13.051676842099,                   117P   2273
197.758670760052,2.27434569675689,-1.47679075753458,                 117P   2274
199.343371775508,2.27637147969377,-8.74102455735137,                 117P   2275
200.135722283236,2.27738437116221,-16.0004460280702,                 117P   2276
200.927277995197,2.27810180779373,-23.2553354812042,                 117P   2277
201.715232955278,2.27812282654615,-30.5159449483793,                 117P   2278
202.49329587121,2.27739945347754,-37.7905754278833,                  117P   2279
203.252208029515,2.27578545833263,-45.082734809523,                  117P   2280
203.981330454522,2.2728181888721,-52.3917132549125,                  117P   2281
204.670222993032,2.26841554312111,-59.7141529470493,                 117P   2282
205.310562712735,2.26339493551194,-67.0474472598869,                 117P   2283
205.898669854949,2.25897489260429,-74.3921864366899,                 117P   2284
206.437416561567,2.25623809785807,-81.7529188656586,                 117P   2285
206.936110008102,2.25582694811532,-89.1377368107772,                 117P   2286
207.407979162091,2.25785782513024,-96.557603261924,                  117P   2287
207.866916827581,2.26200776290841,-104.026308353047,                 117P   2288
208.325892336646,2.26763022838252,-111.56097408058,                  117P   2289
208.796416366,2.27388944674326,-119.182970588268,                    117P   2290
209.28820888819,2.27978355748398,-126.918699554657,                  117P   2291
209.808806590889,2.28412029914905,-134.795381021907,                 117P   2292
210.362693664057,2.28586412941847,-142.782812293367,                 117P   2293
210.942947224141,2.28506005389564,-150.781935859597,                 117P   2294
211.538351016119,2.28297058337712,-158.769178611973,                 117P   2295
212.139939188737,2.28047219217148,-166.75642136435,                  117P   2296
212.741527361355,2.27797380096583,-174.743664116726,                 117P   2297
213.343115533973,2.27547540976019,-182.730906869103,                 117P   2298
213.94470370659,2.27297701855454,42.2683681908893,                   117P   2299
194.66165755563,3.39075477123669,27.7296590428566,                   117P   2300
196.216578157143,3.39791154990375,13.1909498948239,                  117P   2301
197.771498758657,3.40506832857081,-1.34775925320884,                 117P   2302
199.326419360171,3.41222510723787,-8.61711382722521,                 117P   2303
200.103879660927,3.4158034965714,-15.8886342054245,                  117P   2304
200.881847424616,3.41957108195021,-23.170395667348,                  117P   2305
201.660476541611,3.423239740311,-30.4647496869363,                   117P   2306
202.43396906836,3.42682515682082,-37.7708575317831,                  117P   2307
203.192810819885,3.43005861730135,-45.0890049101853,                 117P   2308
203.92703495019,3.43187211945768,-52.4182075770973,                  117P   2309
204.625225491439,3.43119796034282,-59.7559367303991,                 117P   2310
205.273807726796,3.42798794904475,-67.0995238521165,                 117P   2311
205.860565820502,3.42361378408397,-74.4511543506794,                 117P   2312
206.388755412085,3.41926223774728,-81.8179911080647,                 117P   2313
206.87598087089,3.41551242667979,-89.2079838295461,                  117P   2314
207.340092735719,3.41316966830426,-96.6288191160159,                 117P   2315
207.795776768149,3.41295168376923,-104.088288274273,                 117P   2316
208.254894164082,3.41508649599641,-111.595705108229,                 117P   2317
208.727090297083,3.41909293541643,-119.165950188859,                 117P   2318
209.220107718036,3.42350856871158,-126.830592548844,                 117P   2319
209.739967141161,3.42604751917724,-134.639118872665,                 117P   2320
210.290823048506,3.42518127889409,-142.565064103704,                 117P   2321
210.86564382228,3.42170042956438,-150.524489513443,                  117P   2322
211.451648215768,3.41707599753608,-158.485399300659,                 117P   2323
212.041904070502,3.41210653072586,-166.446309087875,                 117P   2324
212.632159925235,3.40713706391565,-174.40721887509,                  117P   2325
213.222415779969,3.40216759710544,-182.368128662306,                 117P   2326
213.812671634703,3.39719813029522,42.5276160634603,                  117P   2327
194.752908537555,4.51066611528252,27.9542544137092,                  117P   2328
196.271315684755,4.5237988801128,13.3808927639581,                   117P   2329
197.789722831956,4.53693164494308,-1.19246888579295,                 117P   2330
199.308129979157,4.55006440977336,-8.47914971066849,                 117P   2331
200.067333552757,4.5566307921885,-15.771342561412,                   117P   2332
200.827976539038,4.56383146254433,-23.0812111486342,                 117P   2333
201.592666528586,4.57230239228817,-30.4092987242264,                 117P   2334
202.357247816863,4.58276613533245,-37.7480652140758,                 117P   2335
203.112031262781,4.59381024746509,-45.094233011295,                  117P   2336
203.847139552408,4.60268058044528,-52.4466607372719,                 117P   2337
204.551330354059,4.60677411219006,-59.8037191590553,                 117P   2338
205.208480866821,4.60527039531189,-67.1605194278472,                 117P   2339
205.792015513001,4.60065407591364,-74.5210704927437,                 117P   2340
206.30635637721,4.59398234716357,-81.8969615814322,                  117P   2341
206.783182288914,4.58485966455853,-89.2953573391711,                 117P   2342
207.242566406512,4.57518140399506,-96.7205832177873,                 117P   2343
207.698434311165,4.56752732582883,-104.175423306909,                 117P   2344
208.161225541248,4.56386814522608,-111.663629558607,                 117P   2345
208.638797824696,4.5642806864429,-119.197267890346,                  117P   2346
209.137414768621,4.56597537351608,-126.811551498663,                 117P   2347
209.661623083262,4.56519800143071,-134.542985602938,                 117P   2348
210.210531009394,4.56098388676289,-142.368363557015,                 117P   2349
210.777211517197,4.55449786946945,-150.240132793664,                 117P   2350
211.352918730535,4.54685576160057,-158.125568155062,                 117P   2351
211.931711132291,4.53881727953679,-166.01100351646,                  117P   2352
212.510503534048,4.53077879747302,-173.896438877857,                 117P   2353
213.089295935804,4.52274031540924,-181.781874239255,                 117P   2354
213.668088337561,4.51470183334546,42.8687860842348,                  117P   2355
194.854843786365,5.62499028872895,28.2366643364227,                  117P   2356
196.333828631131,5.64710289863029,13.6045425886105,                  117P   2357
197.812813475897,5.66921550853164,-1.02757915920163,                 117P   2358
199.291798320662,5.69132811843299,-8.34364003310771,                 117P   2359
200.031290743045,5.70238442338366,-15.665254934472,                  117P   2360
200.772381764796,5.71397664617532,-23.0027630774426,                 117P   2361
201.51806751947,5.72850650417075,-30.3608635727791,                  117P   2362
202.267980129889,5.74864543237129,-37.728497516019,                  117P   2363
203.012627159751,5.77013661326993,-45.0992747438672,                 117P   2364
203.740569269941,5.7874833755594,-52.4717580692342,                  117P   2365
204.439054840014,5.79714105887983,-59.845409139309,                  117P   2366
205.090969694657,5.79834698543683,-67.2168396912846,                 117P   2367
205.66960954923,5.79350660626899,-74.5911826698851,                  117P   2368
206.180167788569,5.78308975622003,-81.9802117183434,                 117P   2369
206.655637187084,5.76626403981849,-89.390054919846,                  117P   2370
207.117213573549,5.74578543356577,-96.8227528651111,                 117P   2371
207.579055990266,5.72692092406695,-104.277698313518,                 117P   2372
208.050894542286,5.71484676959739,-111.754417601162,                 117P   2373
208.539200628257,5.71001475649927,-119.262661615502,                 117P   2374
209.047700555913,5.70715142516048,-126.831529768344,                 117P   2375
209.577167436538,5.7020187134035,-134.479863310194,                  117P   2376
210.123963794732,5.69399092463849,-142.197067773726,                 117P   2377
210.682942615452,5.68376158901508,-149.958076013991,                 117P   2378
211.248734342139,5.67224784827893,-157.736338574991,                 117P   2379
211.816949020064,5.66025296061085,-165.514601135992,                 117P   2380
212.385163697989,5.64825807294277,-173.292863696992,                 117P   2381
212.953378375914,5.6362631852747,-181.071126257993,                  117P   2382
213.521593053839,5.62426829760662,43.2495115791584,                  117P   2383
194.965814832629,6.72168018029901,28.5449288402817,                  117P   2384
196.403640393074,6.76006056342421,13.840346101405,                   117P   2385
197.841465953519,6.79844094654941,-0.864236637471663,                117P   2386
199.279291513964,6.83682132967461,-8.21652800691,                    117P   2387
199.998204294186,6.85601152123721,-15.5731106611998,                 117P   2388
200.718163282393,6.87561543223502,-22.9414835401716,                 117P   2389
201.441744486352,6.89840949215973,-30.3260397272663,                 117P   2390
202.171035801651,6.92916664453989,-37.7163176775486,                 117P   2391
202.898714765208,6.96198227718576,-45.1054743210488,                 117P   2392
203.611119730737,6.98673687447871,-52.4923269927446,                 117P   2393
204.292247214577,7.00064971254361,-59.8778628449067,                 117P   2394
204.925170952283,7.0048670367652,-67.2639013747456,                  117P   2395
205.497075965026,7.00063570717341,-74.6557949760214,                 117P   2396
206.013797048073,6.98674076750203,-82.0609635851682,                 117P   2397
206.497404585775,6.9614357758905,-89.4838169006668,                  117P   2398
206.969324846313,6.927482702595,-96.9242231818308,                   117P   2399
207.444382831976,6.89421145291625,-104.377707960043,                 117P   2400
207.931385207977,6.87184201095204,-111.841539208507,                 117P   2401
208.434530865892,6.85964514661724,-119.326455821976,                 117P   2402
208.953726844336,6.85002332257477,-126.850848631746,                 117P   2403
209.487287546539,6.83894358022159,-134.423294516529,                 117P   2404
210.032270051926,6.82554226067296,-142.040128626887,                 117P   2405
210.58523432648,6.81016398788239,-149.688468249093,                  117P   2406
211.142813463589,6.79355369062529,-157.350693400743,                 117P   2407
211.702126703188,6.77645868370145,-165.012918552392,                 117P   2408
212.261439942788,6.7593636767776,-172.675143704042,                  117P   2409
212.820753182388,6.74226866985376,-180.337368855692,                 117P   2410
213.380066421988,6.72517366292992,43.6355491263852,                  117P   2411
195.082255142483,7.79595172690417,28.854355167853,                   117P   2412
196.478467088654,7.85957247217429,14.0731612093208,                  117P   2413
197.874679034826,7.9231932174444,-0.708032749211338,                 117P   2414
199.270890980997,7.98681396271451,-8.09862972847743,                 117P   2415
199.968996954083,8.01862433534957,-15.4925256684201,                 117P   2416
200.667602565256,8.05114342166909,-22.8936831965939,                 117P   2417
201.367849265741,8.08645772559638,-30.302397431218,                  117P   2418
202.071488177618,8.12848193771182,-37.7107356639251,                 117P   2419
202.775713592532,8.17032867042478,-45.1132777679431,                 117P   2420
203.46694045632,8.19811467399039,-52.510925181391,                   117P   2421
204.127218800049,8.21214264409776,-59.9072191784451,                 117P   2422
204.74145773558,8.21754850803869,-67.3070335222964,                  117P   2423
205.304614532979,8.21542347312409,-74.715487078615,                  117P   2424
205.82469943462,8.20125986176935,-82.1365278713787,                  117P   2425
206.319571303911,8.16957342876954,-89.571055255868,                  117P   2426
206.80860150301,8.12283103225956,-97.0152813615986,                  117P   2427
207.303869481154,8.07626575384966,-104.463071995856,                 117P   2428
207.809862538184,8.04243762680961,-111.91414037301,                  117P   2429
208.327452442084,8.01841414264958,-119.375946372525,                 117P   2430
208.855650341397,7.99800886563666,-126.856807478456,                 117P   2431
209.392786131822,7.97788814717388,-134.360992523474,                 117P   2432
209.936796032978,7.95677092973167,-141.887977694493,                 117P   2433
210.485508876231,7.93449152803503,-149.432160694104,                 117P   2434
211.036912106017,7.91139700232875,-156.98435564994,                  117P   2435
211.589338933576,7.88796100365627,-164.536550605776,                 117P   2436
212.141765761135,7.86452500498379,-172.088745561613,                 117P   2437
212.694192588695,7.84108900631131,-179.640940517449,                 117P   2438
213.246619416254,7.81765300763882,44.0033738032956,                  117P   2439
195.202542549708,8.85433369965093,29.1488270738741,                  117P   2440
196.556976959093,8.94994347113511,14.2942803444526,                  117P   2441
197.911411368477,9.04555324261929,-0.560266384968826,                117P   2442
199.265845777862,9.14116301410347,-7.98753974967956,                 117P   2443
199.943062982554,9.18896789984555,-15.4163528232294,                 117P   2444
200.620320660281,9.23768276096491,-22.8476112720691,                 117P   2445
201.297656209287,9.28860720893067,-30.2793718081035,                 117P   2446
201.975035211435,9.34152155780497,-37.7053268430877,                 117P   2447
202.65110306584,9.38821270147585,-45.1209620818172,                  117P   2448
203.317096683314,9.41536280010572,-52.5293167780373,                 117P   2449
203.956285478503,9.42634629650692,-59.9368558551266,                 117P   2450
204.554071267478,9.43127295461106,-67.3502152174695,                 117P   2451
205.108530041519,9.43150621921219,-74.7738767922544,                 117P   2452
205.631054074548,9.41845246969828,-82.2087642053028,                 117P   2453
206.13969317428,9.38321693186601,-89.6517039117406,                  117P   2454
206.649216923303,9.32979858820678,-97.0965601552809,                 117P   2455
207.165162844438,9.27415104217231,-104.538236383711,                 117P   2456
207.68823271487,9.22633822238204,-111.975868568389,                  117P   2457
208.218246429141,9.18650402308982,-119.411815167302,                 117P   2458
208.754275255189,9.15176267361272,-126.849015959846,                 117P   2459
209.294937456858,9.11957637743067,-134.289885492184,                 117P   2460
209.83882193594,9.08840995365279,-141.735780731277,                  117P   2461
210.38470872564,9.05752852533368,-149.186266871412,                  117P   2462
210.931645899136,9.02666432539329,-156.639156374734,                 117P   2463
211.478958122905,8.99577156935965,-164.092045878056,                 117P   2464
212.026270346674,8.96487881332601,-171.544935381377,                 117P   2465
212.573582570444,8.93398605729236,-178.997824884699,                 117P   2466
213.120894794213,8.90309330125872,44.3485745084844,                  117P   2467
195.325474265608,9.90666546264715,29.426071001307,                   117P   2468
196.63795658448,10.0374495305508,14.5035674941297,                   117P   2469
197.950438903353,10.1682335984545,-0.418936013047717,                117P   2470
199.262921222226,10.2990176663581,-7.88018776663641,                 117P   2471
199.919162381662,10.36440970031,-15.3407895218378,                   117P   2472
200.575012509705,10.4297878834528,-22.7989549947502,                 117P   2473
201.229659865507,10.4941933898447,-30.2515937746113,                 117P   2474
201.881791156668,10.5543033146598,-37.694709828754,                  117P   2475
202.529204524281,10.6027942977322,-45.1257145984079,                 117P   2476
203.166778754982,10.6307690406179,-52.5479473955457,                 117P   2477
203.782769053422,10.6413600018195,-59.9692993253091,                 117P   2478
204.365375427259,10.6455509459078,-67.397273081668,                  117P   2479
204.914844893246,10.6447764267598,-74.8352048224639,                 117P   2480
205.443984741469,10.6295814604863,-82.2812813012478,                 117P   2481
205.967977450582,10.5925663381212,-89.7298907386276,                 117P   2482
206.495430844537,10.538057336853,-97.1743233584283,                  117P   2483
207.028336071774,10.4767370353698,-104.609198505475,                 117P   2484
207.566072734659,10.4164325469542,-112.031228850564,                 117P   2485
208.107362657656,10.3605977097759,-119.438823515554,                 117P   2486
208.650801492782,10.3098857313078,-126.831873582297,                 117P   2487
209.195131598534,10.2636172376322,-134.211976120967,                 117P   2488
209.739479617074,10.2206800271814,-141.582283186507,                 117P   2489
210.283439538367,10.1799330367939,-148.946722405171,                 117P   2490
210.826995972101,10.1403746833619,-156.308906802565,                 117P   2491
211.370349067424,10.1012440137069,-163.671091199959,                 117P   2492
211.913702162746,10.0621133440518,-171.033275597354,                 117P   2493
212.457055258069,10.0229826743968,-178.395459994748,                 117P   2494
213.000408353392,9.9838520047417,44.6813271652144,                   117P   2495
195.449597691893,10.9587572753005,29.6940517119136,                  117P   2496
196.720016895523,11.1253774685402,14.7067762586129,                  117P   2497
197.990436099153,11.2919976617799,-0.280499194687862,                117P   2498
199.260855302783,11.4586178550196,-7.77413692133823,                 117P   2499
199.896064904598,11.5419279516394,-15.2648791783767,                 117P   2500
200.530437565855,11.6234936907767,-22.7485283521072,                 117P   2501
201.162344849964,11.6994949446522,-30.2212329457859,                 117P   2502
201.789435990512,11.7645115812577,-37.680911002382,                  117P   2503
202.408688816609,11.81340877205,-45.1280911470273,                   117P   2504
203.016171516551,11.8436949395029,-52.5669002415284,                 117P   2505
203.606167229212,11.857866547573,-60.0046823660769,                  117P   2506
204.174022753682,11.8617768768001,-67.4481158158118,                 117P   2507
204.72248866017,11.8563225242973,-74.899163026175,                   117P   2508
205.261431978462,11.8365371016764,-82.3544954652267,                 117P   2509
205.800352397705,11.7989384503496,-89.8076424173365,                 117P   2510
206.343803384219,11.7450361725447,-97.2513778330469,                 117P   2511
206.892142824119,11.6794852202035,-104.678908407224,                 117P   2512
207.443581119607,11.6082232773724,-112.084147067881,                 117P   2513
207.995709449645,11.5370267996757,-119.462255787454,                 117P   2514
208.546466272188,11.4699767925172,-126.810834680067,                 117P   2515
209.09457623316,11.408819778166,-134.131055205269,                   117P   2516
209.639643175124,11.3533351509903,-141.42797976068,                  117P   2517
210.182039131936,11.3021414572933,-148.709675227774,                 117P   2518
210.722651533873,11.2534730478058,-155.985007964156,                 117P   2519
211.262516620878,11.2057610016334,-163.260340700538,                 117P   2520
211.802381707883,11.1580489554611,-170.535673436921,                 117P   2521
212.342246794888,11.1103369092887,-177.811006173303,                 117P   2522
212.882111881893,11.0626248631164,-0.1,1.1,0.,1.;                    117P   2523
128,25,9,3,3,0,0,1,0,0,-0.605251599851686,-0.605251599851686,        119P   2524
-0.605251599851686,-0.605251599851686,-1.90174145520002D-5,          119P   2525
-1.90174145520002D-5,-1.90174145520002D-5,0.042984678548119,         119P   2526
0.042984678548119,0.085969357096238,0.085969357096238,               119P   2527
0.171938714192476,0.171938714192476,0.343877428384952,               119P   2528
0.343877428384952,0.687754856769904,0.687754856769904,               119P   2529
1.03163228515486,1.03163228515486,1.37550971353981,                  119P   2530
1.37550971353981,2.06326457030971,2.06326457030971,                  119P   2531
2.75103817548151,2.75103817548151,2.75103817548151,                  119P   2532
3.35627075791864,3.35627075791864,3.35627075791864,                  119P   2533
3.35627075791864,-0.00245079779797446,-0.00245079779797446,          119P   2534
-0.00245079779797446,-0.00245079779797446,0.,0.,0.,                  119P   2535
0.0245079779797446,0.0245079779797446,0.0245079779797446,            119P   2536
0.0272038555575165,0.0272038555575165,0.0272038555575165,            119P   2537
0.0272038555575165,1.,1.,1.,1.,1.,1.,1.,1.,1.,1.,1.,1.,1.,1.,1.,     119P   2538
1.,1.,1.,1.,1.,1.,1.,1.,1.,1.,1.,1.,1.,1.,1.,1.,1.,1.,1.,1.,1.,      119P   2539
1.,1.,1.,1.,1.,1.,1.,1.,1.,1.,1.,1.,1.,1.,1.,1.,1.,1.,1.,1.,1.,      119P   2540
1.,1.,1.,1.,1.,1.,1.,1.,1.,1.,1.,1.,1.,1.,1.,1.,1.,1.,1.,1.,1.,      119P   2541
1.,1.,1.,1.,1.,1.,1.,1.,1.,1.,1.,1.,1.,1.,1.,1.,1.,1.,1.,1.,1.,      119P   2542
1.,1.,1.,1.,1.,1.,1.,1.,1.,1.,1.,1.,1.,1.,1.,1.,1.,1.,1.,1.,1.,      119P   2543
1.,1.,1.,1.,1.,1.,1.,1.,1.,1.,1.,1.,1.,1.,1.,1.,1.,1.,1.,1.,1.,      119P   2544
1.,1.,1.,1.,1.,1.,1.,1.,1.,1.,1.,1.,1.,1.,1.,1.,1.,1.,1.,1.,1.,      119P   2545
1.,1.,1.,1.,1.,1.,1.,1.,1.,1.,1.,1.,1.,1.,1.,1.,1.,1.,1.,1.,1.,      119P   2546
1.,1.,1.,1.,1.,1.,1.,1.,1.,1.,1.,1.,1.,1.,1.,1.,1.,1.,1.,1.,1.,      119P   2547
1.,1.,1.,1.,1.,1.,1.,1.,1.,1.,1.,1.,1.,1.,1.,1.,1.,1.,1.,1.,1.,      119P   2548
1.,1.,1.,1.,1.,1.,1.,1.,1.,1.,1.,1.,1.,1.,1.,1.,1.,1.,1.,1.,1.,      119P   2549
1.,1.,1.,1.,1.,1.,1.,1.,1.,1.,1.,1.,1.,1.,-14.1492103718497,         119P   2550
199.897521527612,30.4716827173153,-14.0962821108962,                 119P   2551
199.886065792537,20.3147742899596,-14.0433538499427,                 119P   2552
199.874610057461,10.1578658626039,-13.9904255889892,                 119P   2553
199.863154322385,0.000957435248268375,-13.9866648680565,             119P   2554
199.862340356048,-0.720723146077776,-14.2011168380558,               119P   2555
199.87977529495,-1.43279693741446,-14.9164150270996,                 119P   2556
199.930422006016,-2.6807825495884,-15.3987690199602,                 119P   2557
199.964210684823,-3.22691579785086,-17.0097862378398,                119P   2558
200.080367986264,-4.66231901519621,-18.2681090561564,                119P   2559
200.174626037506,-5.38559119541025,-22.1683256273437,                119P   2560
200.477519061646,-7.21359365597808,-24.9416683589724,                119P   2561
200.695887231037,-8.01784120578434,-33.3362934846724,                119P   2562
201.361392755239,-9.92429319503159,-39.0647608139384,                119P   2563
201.816366507883,-10.5221495323204,-50.5163368456908,                119P   2564
202.728231049749,-11.1859706996832,-56.2596852516662,                119P   2565
203.186172925316,-11.2105910017102,-67.7292572409611,                119P   2566
204.100730112374,-10.9245755728949,-73.4591900419025,                119P   2567
204.5578344446,-10.6060587682502,-90.6221086266381,                  119P   2568
205.926646230955,-9.30869107268915,-102.028308850182,                119P   2569
206.836374820956,-8.018649085976,-124.773821240071,                  119P   2570
208.648638474785,-4.97239145816077,-136.115883631734,                119P   2571
209.55242845917,-3.20659043826269,-147.408792932293,                 119P   2572
210.450028329058,-1.16939830251726,-157.346418639082,                119P   2573
211.239905525802,0.623306517740914,-167.284044345871,                119P   2574
212.029782722545,2.41601133799909,-177.22167005266,                  119P   2575
212.819659919289,4.20871615825727,-14.1521106881694,                 119P   2576
199.935862780157,30.4703503425605,-14.0992800156284,                 119P   2577
199.926831745525,20.3138860261713,-14.0464493430875,                 119P   2578
199.917800710893,10.157421709782,-13.9936186705465,                  119P   2579
199.908769676261,0.000957393392829996,-13.9898648835803,             119P   2580
199.908127992586,-0.72069163243946,-14.2043268821268,                119P   2581
199.925431151602,-1.43275567853586,-14.919653934632,                 119P   2582
199.97814028367,-2.6805218947006,-15.4019424960096,                  119P   2583
200.013434461992,-3.22647557571696,-17.012638336828,                 119P   2584
200.133509727647,-4.66147974438163,-18.2707035818044,                119P   2585
200.229650587802,-5.38464300539573,-22.1704067378389,                119P   2586
200.534823142901,-7.2125412358922,-24.9435235923693,                 119P   2587
200.7538270178,-8.01680092302252,-33.3376650066971,                  119P   2588
201.41976351862,-9.92329577909377,-39.0659649479876,                 119P   2589
201.874766042409,-10.5211731445471,-50.5172927927086,                119P   2590
202.785914087929,-11.1850143861347,-56.2605653014299,                119P   2591
203.243296706366,-11.2096331509443,-67.7300018706515,                119P   2592
204.156725372295,-10.9236011219402,-73.4598805478032,                119P   2593
204.613196089259,-10.6050711593081,-90.6226357497151,                119P   2594
205.980228860875,-9.30765850758928,-102.028731515293,                119P   2595
206.888762725024,-8.01758810724541,-124.774007081747,                119P   2596
208.69926123755,-4.97126384480048,-136.115944669923,                 119P   2597
209.602135931252,-3.20543006775712,-147.408695524805,                119P   2598
210.499579548101,-1.16815646040615,-157.346181801283,                119P   2599
211.289319244031,0.624620053894722,-167.283668077762,                119P   2600
212.079058939961,2.4173965681956,-177.221154354241,                  119P   2601
212.868798635892,4.21017308249647,-14.1550110044892,                 119P   2602
199.974204032703,30.4690179678057,-14.1022779203608,                 119P   2603
199.967597698514,20.3129977623829,-14.0495448362323,                 119P   2604
199.960991364325,10.1569775569602,-13.9968117521038,                 119P   2605
199.954385030136,0.000957351537391616,-13.9930648991041,             119P   2606
199.953915629124,-0.720660118801145,-14.2075369261978,               119P   2607
199.971087008254,-1.43271441965726,-14.9228928421644,                119P   2608
200.025858561325,-2.6802612398128,-15.405115972059,                  119P   2609
200.062658239162,-3.22603535358307,-17.0154904358162,                119P   2610
200.18665146903,-4.66064047356705,-18.2732981074524,                 119P   2611
200.284675138099,-5.38369481538121,-22.172487848334,                 119P   2612
200.592127224156,-7.21148881580633,-24.9453788257663,                119P   2613
200.811766804564,-8.01576064026069,-33.3390365287218,                119P   2614
201.478134282001,-9.92229836315596,-39.0671690820369,                119P   2615
201.933165576936,-10.5201967567738,-50.5182487397265,                119P   2616
202.843597126109,-11.1840580725861,-56.2614453511935,                119P   2617
203.300420487416,-11.2086753001784,-67.7307465003419,                119P   2618
204.212720632216,-10.9226266709854,-73.4605710537038,                119P   2619
204.668557733919,-10.6040835503661,-90.6231628727921,                119P   2620
206.033811490795,-9.3066259424894,-102.029154180405,                 119P   2621
206.941150629091,-8.01652712851482,-124.774192923424,                119P   2622
208.749884000315,-4.97013623144019,-136.116005708113,                119P   2623
209.651843403334,-3.20426969725156,-147.408598117316,                119P   2624
210.549130767144,-1.16691461829505,-157.345944963484,                119P   2625
211.338732962261,0.625933590048531,-167.283291809653,                119P   2626
212.128335157378,2.41878179839211,-177.220638655821,                 119P   2627
212.917937352494,4.21163000673569,-14.1579113208091,                 119P   2628
200.012545285249,30.4676855930509,-14.1052758250931,                 119P   2629
200.008363651503,20.3121094985946,-14.0526403293771,                 119P   2630
200.004182017758,10.1565334041383,-14.0000048336612,                 119P   2631
200.000000384012,0.000957309681953237,-13.9962649146279,             119P   2632
199.999703265662,-0.720628605162829,-14.2107469702688,               119P   2633
200.016742864906,-1.43267316077866,-14.9261317496968,                119P   2634
200.073576838979,-2.680000584925,-15.4082894481084,                  119P   2635
200.111882016332,-3.22559513144918,-17.0183425348044,                119P   2636
200.239793210412,-4.65980120275247,-18.2758926331005,                119P   2637
200.339699688396,-5.38274662536668,-22.1745689588292,                119P   2638
200.649431305411,-7.21043639572045,-24.9472340591632,                119P   2639
200.869706591328,-8.01472035749886,-33.3404080507465,                119P   2640
201.536505045382,-9.92130094721814,-39.0683732160861,                119P   2641
201.991565111462,-10.5192203690006,-50.5192046867444,                119P   2642
202.901280164289,-11.1831017590375,-56.2623254009572,                119P   2643
203.357544268465,-11.2077174494125,-67.7314911300323,                119P   2644
204.268715892137,-10.9216522200307,-73.4612615596045,                119P   2645
204.723919378578,-10.603095941424,-90.6236899958691,                 119P   2646
206.087394120714,-9.30559337738953,-102.029576845516,                119P   2647
206.993538533159,-8.01546614978424,-124.7743787651,                  119P   2648
208.80050676308,-4.9690086180799,-136.116066746303,                  119P   2649
209.701550875415,-3.20310932674599,-147.408500709827,                119P   2650
210.598681986187,-1.16567277618394,-157.345708125685,                119P   2651
211.38814668049,0.627247126202338,-167.282915541544,                 119P   2652
212.177611374794,2.42016702858861,-177.220122957402,                 119P   2653
212.967076069097,4.21308693097489,-14.1869144840074,                 119P   2654
200.395957810704,30.4543618455031,-14.1352548724164,                 119P   2655
200.416023181392,20.3032268607113,-14.0835952608255,                 119P   2656
200.436088552081,10.1520918759194,-14.0319356492346,                 119P   2657
200.456153922769,0.000956891127569444,-14.0282650698658,             119P   2658
200.457579631043,-0.720313468779673,-14.2428474109786,               119P   2659
200.473301431425,-1.43226057199264,-14.9585208250208,                119P   2660
200.550759615523,-2.677394036047,-15.4400242086021,                  119P   2661
200.604119788027,-3.22119291011027,-17.0468635246863,                119P   2662
200.77121062424,-4.65140849460667,-18.3018378895808,                 119P   2663
200.889945191362,-5.37326472522146,-22.1953800637807,                119P   2664
201.222472117961,-7.1999121948617,-24.9657863931326,                 119P   2665
201.449104458965,-8.00431752988058,-33.3541232709933,                119P   2666
202.120212679192,-9.91132678783999,-39.0804145565784,                119P   2667
202.575560456726,-10.5094564912679,-50.5287641569231,                119P   2668
203.478110546089,-11.1735386235519,-56.2711258985938,                119P   2669
203.928782078961,-11.1981389417534,-67.7389374269366,                119P   2670
204.828668491346,-10.9119077104834,-73.4681666186112,                119P   2671
205.27753582517,-10.5932198520033,-90.6289612266393,                 119P   2672
206.623220419911,-9.29526772639078,-102.033803496628,                119P   2673
207.517417573835,-8.00485636247835,-124.776237181863,                119P   2674
209.306734390728,-4.95773248447697,-136.116677128199,                119P   2675
210.198625596235,-3.19150562169032,-147.40752663494,                 119P   2676
211.094194176618,-1.15325435507285,-157.343339747697,                119P   2677
211.882283862786,0.640382487740421,-167.279152860453,                119P   2678
212.670373548955,2.4340193305537,-177.21496597321,                   119P   2679
213.458463235123,4.22765617336697,-14.2553024994593,                 119P   2680
200.74447411956,30.3546336668794,-14.2546347122134,                  119P   2681
200.74967481098,20.236740364192,-14.2539669249675,                   119P   2682
200.7548755024,10.1188470615046,-14.2532991377216,                   119P   2683
200.76007619382,0.000953758817207108,-14.2532516893183,              119P   2684
200.760445719453,-0.717954674068938,-14.4666372438554,               119P   2685
200.775606252652,-1.42983610658086,-15.2311894599406,                119P   2686
200.833707081948,-2.65658152122109,-15.7424459380928,                119P   2687
200.873426382487,-3.18124532856388,-17.4227713950868,                119P   2688
201.005326074647,-4.54826956211847,-18.7010672625197,                119P   2689
201.106009011084,-5.22889835128154,-22.6205333736475,                119P   2690
201.413070740791,-6.99155981018833,-25.3915861331974,                119P   2691
201.631771586176,-7.76688632542292,-33.7598657300021,                119P   2692
202.288315366306,-9.62350258323736,-39.4683004933817,                119P   2693
202.73561633146,-10.1960053884274,-50.8695255959006,                 119P   2694
203.625894280126,-10.8344729979645,-56.5869966074846,                119P   2695
204.074067224062,-10.8539764007822,-68.0036576027471,                119P   2696
204.977863316735,-10.5654323089524,-73.7072437118383,                119P   2697
205.431219058785,-10.2499257877401,-90.7939387853589,                119P   2698
206.794906865387,-8.96733987820129,-102.154320532412,                119P   2699
207.703619457763,-7.69422335486962,-124.819560474513,                119P   2700
209.525313555554,-4.67970792837002,-136.127703269404,                119P   2701
210.425130629231,-2.9249092399319,-147.387322679654,                 119P   2702
211.350331158279,-0.895555629334263,-157.295653679392,               119P   2703
212.164496606411,0.89025138213622,-167.203984679129,                 119P   2704
212.978662054543,2.6760583936067,-177.112315678867,                  119P   2705
213.792827502675,4.46186540507719,-14.6236463718291,                 119P   2706
200.783353881602,30.171307270723,-14.6451794957658,                  119P   2707
200.791440442612,20.1145208471991,-14.6667126197024,                 119P   2708
200.799527003621,10.0577344236753,-14.6882457436391,                 119P   2709
200.807613564631,0.000948000151449387,-14.6897757404399,             119P   2710
200.808188140457,-0.713618595019686,-14.9021118271522,               119P   2711
200.823004200268,-1.42433668579624,-15.6850401709322,                119P   2712
200.883360863649,-2.62051966705925,-16.207959100891,                 119P   2713
200.924980857672,-3.11796857383494,-17.9116434160926,                119P   2714
201.061897492046,-4.40981961161429,-19.1939326550466,                119P   2715
201.165221710045,-5.05036974784649,-23.1107991274454,                119P   2716
201.475983353367,-6.74955160791152,-25.8736492914287,                119P   2717
201.696432224478,-7.49817823245785,-34.2146076646622,                119P   2718
202.35769297241,-9.30048532440613,-39.9023754583974,                 119P   2719
202.810480329233,-9.84566856520667,-51.2609837510037,                119P   2720
203.712544366119,-10.4455042096505,-56.9573325392919,                119P   2721
204.164818888591,-10.4513921411269,-68.3314074562459,                119P   2722
205.069145829367,-10.1376141899926,-74.0134319373662,                119P   2723
205.520240408249,-9.81171586979692,-91.033162036714,                 119P   2724
206.873748541477,-8.50058710892592,-102.345151498315,                119P   2725
207.770313499341,-7.21317424034015,-124.901631649388,                119P   2726
209.565026965277,-4.18035428023786,-136.149481974216,                119P   2727
210.451720859498,-2.42554255067788,-147.348652918718,                119P   2728
211.351056451043,-0.402338461794581,-157.203789988426,               119P   2729
212.142461062177,1.37805704379674,-167.058927058134,                 119P   2730
212.93386567331,3.15845254938806,-176.914064127842,                  119P   2731
213.725270284443,4.93884805497938,-14.6641641977898,                 119P   2732
200.787630655427,30.1511413671457,-14.6881394219565,                 119P   2733
200.796034662091,20.1010767003299,-14.7121146461233,                 119P   2734
200.804438668755,10.0510120335141,-14.73608987029,                   119P   2735
200.81284267542,0.000947366698216038,-14.7377933860633,              119P   2736
200.813439806767,-0.713141626324269,-14.9500140313149,               119P   2737
200.828217974506,-1.42373174950993,-15.7349637491412,                119P   2738
200.888822779637,-2.61655286310145,-16.2591655487988,                119P   2739
200.930651849942,-3.11100813081476,-17.9654193384033,                119P   2740
201.06812034796,-4.39459011705883,-19.2481478482245,                 119P   2741
201.171735106931,-5.03073160146863,-23.1647283603632,                119P   2742
201.482903740751,-6.72293070566107,-25.9266762388342,                119P   2743
201.703544894691,-7.46862034223169,-34.2646292774749,                119P   2744
202.365324509081,-9.2649534259347,-39.9501237045491,                 119P   2745
202.818715368988,-9.80713151465239,-51.304044148065,                 119P   2746
203.722075875578,-10.4027176429359,-56.9980694917908,                119P   2747
204.174801571689,-10.4071078725648,-68.3674599401307,                119P   2748
205.079186905757,-10.0905541969071,-74.0471126421743,                119P   2749
205.53003275669,-9.76351277882317,-91.059476594363,                  119P   2750
206.882421125847,-8.44924430430563,-102.366142904564,                119P   2751
207.777649843914,-7.16025883774191,-124.910659478625,                119P   2752
209.569395440346,-4.12542537894332,-136.151877631746,                119P   2753
210.454645784828,-2.37061221485994,-147.344399245014,                119P   2754
211.351136233248,-0.348084573365216,-157.193684982419,               119P   2755
212.140037152311,1.4317156665794,-167.042970719824,                  119P   2756
212.928938071374,3.21151590652401,-176.892256457229,                 119P   2757
213.717838990437,4.99131614646862,-14.7046820237505,                 119P   2758
200.791907429252,30.1309754635685,-14.7310993481473,                 119P   2759
200.800628881571,20.0876325534607,-14.7575166725441,                 119P   2760
200.80935033389,10.0442896433528,-14.7839339969409,                  119P   2761
200.818071786209,0.000946733244982688,-14.7858110316867,             119P   2762
200.818691473077,-0.712664657628851,-14.9979162354775,               119P   2763
200.833431748744,-1.42312681322362,-15.7848873273503,                119P   2764
200.894284695624,-2.61258605914365,-16.3103719967066,                119P   2765
200.936322842212,-3.10404768779457,-18.0191952607139,                119P   2766
201.074343203873,-4.37936062250337,-19.3023630414025,                119P   2767
201.178248503817,-5.01109345509078,-23.218657593281,                 119P   2768
201.489824128134,-6.69630980341062,-25.9797031862396,                119P   2769
201.710657564904,-7.43906245200553,-34.3146508902875,                119P   2770
202.372956045753,-9.22942152746326,-39.9978719507009,                119P   2771
202.826950408743,-9.76859446409811,-51.3471045451264,                119P   2772
203.731607385037,-10.3599310762214,-57.0388064442896,                119P   2773
204.184784254787,-10.3628236040028,-68.4035124240156,                119P   2774
205.089227982146,-10.0434942038215,-74.0807933469824,                119P   2775
205.539825105131,-9.71530968784942,-91.0857911520121,                119P   2776
206.891093710216,-8.39790149968534,-102.387134310814,                119P   2777
207.784986188488,-7.10734343514367,-124.919687307861,                119P   2778
209.573763915416,-4.07049647764878,-136.154273289275,                119P   2779
210.457570710157,-2.315681879042,-147.340145571311,                  119P   2780
211.351216015452,-0.293830684935851,-157.183579976413,               119P   2781
212.137613242445,1.48537428936205,-167.027014381515,                 119P   2782
212.924010469438,3.26457926365996,-176.870448786617,                 119P   2783
213.710407696432,5.04378423795786,-14.7451998497111,                 119P   2784
200.796184203077,30.1108095599913,-14.774059274338,                  119P   2785
200.80522310105,20.0741884065915,-14.802918698965,                   119P   2786
200.814261999024,10.0375672531916,-14.8317781235919,                 119P   2787
200.823300896998,0.000946099791749339,-14.8338286773101,             119P   2788
200.823943139388,-0.712187688933433,-15.0458184396402,               119P   2789
200.838645522982,-1.42252187693731,-15.8348109055594,                119P   2790
200.899746611611,-2.60861925518585,-16.3615784446144,                119P   2791
200.941993834483,-3.09708724477439,-18.0729711830246,                119P   2792
201.080566059787,-4.36413112794791,-19.3565782345805,                119P   2793
201.184761900703,-4.99145530871292,-23.2725868261988,                119P   2794
201.496744515517,-6.66968890116017,-26.0327301336451,                119P   2795
201.717770235117,-7.40950456177937,-34.3646725031001,                119P   2796
202.380587582424,-9.19388962899183,-40.0456201968526,                119P   2797
202.835185448498,-9.73005741354383,-51.3901649421877,                119P   2798
203.741138894496,-10.3171445095068,-57.0795433967884,                119P   2799
204.194766937885,-10.3185393354407,-68.4395649079004,                119P   2800
205.099269058536,-9.9964342107359,-74.1144740517905,                 119P   2801
205.549617453572,-9.66710659687567,-91.1121057096611,                119P   2802
206.899766294586,-8.34655869506505,-102.408125717063,                119P   2803
207.792322533062,-7.05442803254542,-124.928715137097,                119P   2804
209.578132390485,-4.01556757635425,-136.156668946804,                119P   2805
210.460495635486,-2.26075154322405,-147.335891897608,                119P   2806
211.351295797656,-0.239576796506486,-157.173474970407,               119P   2807
212.135189332579,1.53903291214471,-167.011058043205,                 119P   2808
212.919082867503,3.31764262079591,-176.848641116004,                 119P   2809
213.702976402426,5.0962523294471,-0.605251599851686,                 119P   2810
3.35627075791864,-0.00245079779797446,0.0272038555575165;            119P   2811
128,1,1,1,1,0,0,1,0,0,-12.2857338404313,-12.2857338404313,           121P   2812
3593.46852954383,3593.46852954383,14.7511974528273,                  121P   2813
14.7511974528273,306.043589515205,306.043589515205,1.,1.,1.,1.,      121P   2814
-180.287663169213,1.10467192060426D-12,-5.00000000222545D-5,         121P   2815
5.00000000157804D-5,1.10467192060426D-12,-5.000000000005D-5,         121P   2816
-180.287663169213,1.1014379253986D-12,14.5645696031189,              121P   2817
5.00000000158707D-5,1.1014379253986D-12,14.5645696031189,            121P   2818
-12.2857338404313,3593.46852954383,14.7511974528273,                 121P   2819
306.043589515205;                                                    121P   2820
128,353,1,3,1,0,0,1,0,0,-7.41788638257457,-7.41788638257457,         123P   2821
-7.41788638257457,-7.41788638257457,-7.41595459750352,               123P   2822
-7.40847771325231,-7.4009399235544,-7.38945321630498,                123P   2823
-7.38397356274181,-7.3685056040842,-7.3650750759257,                 123P   2824
-7.3456589364117,-7.34426621172922,-7.32157087061214,                123P   2825
-7.32093940062807,-7.29701506646128,-7.29437527072607,               123P   2826
-7.27062688599458,-7.26599686457155,-7.24243644626532,               123P   2827
-7.23583649948394,-7.21247585053682,-7.2039284464263,                123P   2828
-7.18077914277593,-7.17030888302783,-7.14738226098671,               123P   2829
-7.13501584563071,-7.1123229895749,-7.09808918051932,                123P   2830
-7.0756409109001,-7.0595704944539,-7.03737735613719,                 123P   2831
-7.01950310459458,-6.99757535553195,-6.97793198786464,               123P   2832
-6.95627958809974,-6.93490372976664,-6.9135363307807,                123P   2833
-6.89046647263103,-6.86939340703107,-6.84466986324517,               123P   2834
-6.8239001347991,-6.79756499978191,-6.77710727380522,                123P   2835
-6.74920437792148,-6.72906697202072,-6.69964183603794,               123P   2836
-6.6798327112173,-6.64893249930347,-6.62945925144157,                123P   2837
-6.59713272254904,-6.57800257425421,-6.5443000317095,                123P   2838
-6.52551982456287,-6.49049306367484,-6.47206925087185,               123P   2839
-6.43577150436687,-6.41771014376897,-6.3801960248631,                123P   2840
-6.36250277247245,-6.32382821539548,-6.30650831926689,               123P   2841
-6.26673051706345,-6.2497888116686,-6.20896615111619,                123P   2842
-6.19240705217624,-6.15059904567995,-6.13442654548347,               123P   2843
-6.09169375983217,-6.07591142305605,-6.03231540495515,               123P   2844
-6.0169263650063,-5.97252956333783,-5.95753651923415,                123P   2845
-5.91240220403535,-5.89780741784393,-5.85199959604133,               123P   2846
-5.83780489089178,-5.79138821887712,-5.77759497756712,               123P   2847
-5.73063467075486,-5.71724383496404,-5.66980557452576,               123P   2848
-5.65681764465247,-5.60896748168021,-5.59638251731419,               123P   2849
-5.54818677472103,-5.53600439576271,-5.48752956828316,               123P   2850
-5.47574895671791,-5.42706160942016,-5.41568151175299,               123P   2851
-5.36684817751862,-5.35586690787178,-5.30695398433244,               123P   2852
-5.29636942820523,-5.24744307464914,-5.23725269333555,               123P   2853
-5.18837872810543,-5.17857956376221,-5.12982336265925,               123P   2854
-5.1204120440133,-5.07183844019595,-5.06281118887693,                123P   2855
-5.01448437469701,-5.00583701217819,-4.95782044332747,               123P   2856
-4.94954839845554,-4.9019047007028,-4.89400301779551,                123P   2857
-4.84679389647451,-4.83925724396418,-4.79254339622652,               123P   2858
-4.78536607582753,-4.73920710549894,-4.73238306187842,               123P   2859
-4.68683739655142,-4.68036022748506,-4.635485037243,                 123P   2860
-4.6293480042419,-4.58519912113627,-4.57939516053677,                123P   2861
-4.53602699762675,-4.53054873214303,-4.48801420054766,               123P   2862
-4.48285395129728,-4.44120437329633,-4.43635417232165,               123P   2863
-4.39563918805755,-4.39109079138219,-4.35135825614242,               123P   2864
-4.34710315742163,-4.30839902579002,-4.30442847063793,               123P   2865
-4.26679666295517,-4.26310166406165,-4.22658390957381,               123P   2866
-4.22315526276017,-4.18779091248379,-4.18461921389156,               123P   2867
-4.15044501447881,-4.14752067914256,-4.11457049674874,               123P   2868
-4.11188377887483,-4.08018825901986,-4.07772927438379,               123P   2869
-4.04731541980344,-4.04507417079501,-4.01596481396603,               123P   2870
-4.01393121796237,-3.98614435794413,-3.9843082798873,                123P   2871
-3.95785624388025,-3.95620753419249,-3.93109591232488,               123P   2872
-3.92962445162827,-3.90585073876659,-3.90454649130256,               123P   2873
-3.8820983527848,-3.88095143096689,-3.85980449276771,                123P   2874
-3.85880523594374,-3.83892029104508,-3.83805936224138,               123P   2875
-3.81937889985042,-3.81864740486437,-3.80109143883976,               123P   2876
-3.80048107217411,-3.78394242205496,-3.78344564314207,               123P   2877
-3.7677851728157,-3.7673954126115,-3.75243829240279,                 123P   2878
-3.75215018337077,-3.7376848878538,-3.73749449906365,                123P   2879
-3.72327654008518,-3.72318158602836,-3.70894320592203,               123P   2880
-3.70894318974051,-3.69470479345265,-3.69460987175887,               123P   2881
-3.68039188041737,-3.68020152399025,-3.66573619611025,               123P   2882
-3.66544811944126,-3.65049096686952,-3.65010123902835,               123P   2883
-3.63444073633895,-3.63394398978909,-3.6174053073069,                123P   2884
-3.61679497300429,-3.59923897461665,-3.59850751199363,               123P   2885
-3.57982701723963,-3.57896612079897,-3.55908114353728,               123P   2886
-3.55808191907634,-3.53693494851412,-3.53578805905925,               123P   2887
-3.51333988817845,-3.51203567307745,-3.48826192785275,               123P   2888
-3.48679049951916,-3.46167884528853,-3.4600301679638,                123P   2889
-3.43357809959372,-3.43174205389992,-3.40395516151865,               123P   2890
-3.40192159787802,-3.37281220868601,-3.37057099204061,               123P   2891
-3.34015710509723,-3.33769815282418,-3.30600260060618,               123P   2892
-3.3033159150953,-3.27036570033846,-3.26744139736524,                123P   2893
-3.23326716558945,-3.23009549936026,-3.19473111672085,               123P   2894
-3.19130250227024,-3.15478471541937,-3.15108974888888,               123P   2895
-3.11345790884308,-3.10948738605403,-3.07078322205938,               123P   2896
-3.06652815570163,-3.02679558809882,-3.0222472237865,                123P   2897
-2.98153220715936,-2.97668203854772,-2.93503242818373,               123P   2898
-2.92987221129639,-2.88733764733798,-2.8818594142173,                123P   2899
-2.83849121894425,-2.83268729070777,-2.78853837523912,               123P   2900
-2.78240137460105,-2.73752615199595,-2.73104901529263,               123P   2901
-2.68550331760259,-2.67867930634511,-2.63252030365349,               123P   2902
-2.62534301561753,-2.57862913551684,-2.57109251536954,               123P   2903
-2.5238833616855,-2.51598171114125,-2.46833798102547,                123P   2904
-2.46006596851658,-2.41204936730283,-2.40340203714704,               123P   2905
-2.35507519060409,-2.3460479716481,-2.29747433546771,                123P   2906
-2.2880630491848,-2.2393068157188,-2.22950768373862,                 123P   2907
-2.18063368614547,-2.17044333719491,-2.12151695127579,               123P   2908
-2.1109324275116,-2.06201947160923,-2.05103823432543,                123P   2909
-2.00220486772803,-1.99082480242389,-1.94213742276311,               123P   2910
-1.93035684356089,-1.8818819837183,-1.86969963712302,                123P   2911
-1.82150386216682,-1.80891893016384,-1.76106873482854,               123P   2912
-1.74808083731829,-1.70064254451697,-1.68725174108919,               123P   2913
-1.64029140191389,-1.62649819296693,-1.58008148858923,               123P   2914
-1.56588681580271,-1.52007896163708,-1.5054842078087,                123P   2915
-1.46034986024686,-1.44535684850622,-1.40096001447471,               123P   2916
-1.3855710068889,-1.34197495642497,-1.32619265201188,                123P   2917
-1.28345983399754,-1.2672873661641,-1.22547932730478,                123P   2918
-1.20892026072785,-1.16809756781241,-1.1511558947806,                123P   2919
-1.11137806021412,-1.09405819644857,-1.05538360700856,               123P   2920
-1.03769038698095,-1.00017623571204,-0.982114907477179,              123P   2921
-0.945817128609162,-0.927393348169214,-0.892366554918145,            123P   2922
-0.873586380134545,-0.839883805226808,-0.82075368929501,             123P   2923
-0.788427128039443,-0.768953912540582,-0.738053668263715,            123P   2924
-0.718244575806113,-0.68881940746029,-0.66868203392257,              123P   2925
-0.640779105675789,-0.620321412062138,-0.593986244681913,            123P   2926
-0.57321654859888,-0.548492972449945,-0.527419939213013,             123P   2927
-0.504350048700312,-0.482982682077408,-0.461606791381273,            123P   2928
-0.439954423979409,-0.420311023949069,-0.398383307249466,            123P   2929
-0.380509023343824,-0.358315917390146,-0.342245468580912,            123P   2930
-0.319797231324728,-0.305563389906115,-0.282870566213334,            123P   2931
-0.270504118494303,-0.247577528816222,-0.237107236705086,            123P   2932
-0.213957965417747,-0.205410528944196,-0.182049912360104,            123P   2933
-0.175449933215694,-0.151889547272497,-0.147259493486435,            123P   2934
-0.123511141117982,-0.120871313019737,-0.0969470112159804,           123P   2935
-0.0963155088688758,-0.0736201677517924,-0.072227475432344,          123P   2936
-0.0528113035553162,-0.0493808077598505,-0.0339128167392027,         123P   2937
-0.0284331955390723,-0.0169464559266206,-0.00940869859173394,        123P   2938
-0.00193178197750062,0.,0.,0.,0.,0.,0.,4.40437163093862,             123P   2939
4.40437163093862,1.,1.,1.,1.,1.,1.,1.,1.,1.,1.,1.,1.,1.,1.,1.,       123P   2940
1.,1.,1.,1.,1.,1.,1.,1.,1.,1.,1.,1.,1.,1.,1.,1.,1.,1.,1.,1.,1.,      123P   2941
1.,1.,1.,1.,1.,1.,1.,1.,1.,1.,1.,1.,1.,1.,1.,1.,1.,1.,1.,1.,1.,      123P   2942
1.,1.,1.,1.,1.,1.,1.,1.,1.,1.,1.,1.,1.,1.,1.,1.,1.,1.,1.,1.,1.,      123P   2943
1.,1.,1.,1.,1.,1.,1.,1.,1.,1.,1.,1.,1.,1.,1.,1.,1.,1.,1.,1.,1.,      123P   2944
1.,1.,1.,1.,1.,1.,1.,1.,1.,1.,1.,1.,1.,1.,1.,1.,1.,1.,1.,1.,1.,      123P   2945
1.,1.,1.,1.,1.,1.,1.,1.,1.,1.,1.,1.,1.,1.,1.,1.,1.,1.,1.,1.,1.,      123P   2946
1.,1.,1.,1.,1.,1.,1.,1.,1.,1.,1.,1.,1.,1.,1.,1.,1.,1.,1.,1.,1.,      123P   2947
1.,1.,1.,1.,1.,1.,1.,1.,1.,1.,1.,1.,1.,1.,1.,1.,1.,1.,1.,1.,1.,      123P   2948
1.,1.,1.,1.,1.,1.,1.,1.,1.,1.,1.,1.,1.,1.,1.,1.,1.,1.,1.,1.,1.,      123P   2949
1.,1.,1.,1.,1.,1.,1.,1.,1.,1.,1.,1.,1.,1.,1.,1.,1.,1.,1.,1.,1.,      123P   2950
1.,1.,1.,1.,1.,1.,1.,1.,1.,1.,1.,1.,1.,1.,1.,1.,1.,1.,1.,1.,1.,      123P   2951
1.,1.,1.,1.,1.,1.,1.,1.,1.,1.,1.,1.,1.,1.,1.,1.,1.,1.,1.,1.,1.,      123P   2952
1.,1.,1.,1.,1.,1.,1.,1.,1.,1.,1.,1.,1.,1.,1.,1.,1.,1.,1.,1.,1.,      123P   2953
1.,1.,1.,1.,1.,1.,1.,1.,1.,1.,1.,1.,1.,1.,1.,1.,1.,1.,1.,1.,1.,      123P   2954
1.,1.,1.,1.,1.,1.,1.,1.,1.,1.,1.,1.,1.,1.,1.,1.,1.,1.,1.,1.,1.,      123P   2955
1.,1.,1.,1.,1.,1.,1.,1.,1.,1.,1.,1.,1.,1.,1.,1.,1.,1.,1.,1.,1.,      123P   2956
1.,1.,1.,1.,1.,1.,1.,1.,1.,1.,1.,1.,1.,1.,1.,1.,1.,1.,1.,1.,1.,      123P   2957
1.,1.,1.,1.,1.,1.,1.,1.,1.,1.,1.,1.,1.,1.,1.,1.,1.,1.,1.,1.,1.,      123P   2958
1.,1.,1.,1.,1.,1.,1.,1.,1.,1.,1.,1.,1.,1.,1.,1.,1.,1.,1.,1.,1.,      123P   2959
1.,1.,1.,1.,1.,1.,1.,1.,1.,1.,1.,1.,1.,1.,1.,1.,1.,1.,1.,1.,1.,      123P   2960
1.,1.,1.,1.,1.,1.,1.,1.,1.,1.,1.,1.,1.,1.,1.,1.,1.,1.,1.,1.,1.,      123P   2961
1.,1.,1.,1.,1.,1.,1.,1.,1.,1.,1.,1.,1.,1.,1.,1.,1.,1.,1.,1.,1.,      123P   2962
1.,1.,1.,1.,1.,1.,1.,1.,1.,1.,1.,1.,1.,1.,1.,1.,1.,1.,1.,1.,1.,      123P   2963
1.,1.,1.,1.,1.,1.,1.,1.,1.,1.,1.,1.,1.,1.,1.,1.,1.,1.,1.,1.,1.,      123P   2964
1.,1.,1.,1.,1.,1.,1.,1.,1.,1.,1.,1.,1.,1.,1.,1.,1.,1.,1.,1.,1.,      123P   2965
1.,1.,1.,1.,1.,1.,1.,1.,1.,1.,1.,1.,1.,1.,1.,1.,1.,1.,1.,1.,1.,      123P   2966
1.,1.,1.,1.,1.,1.,1.,1.,1.,1.,1.,1.,1.,1.,1.,1.,1.,1.,1.,1.,1.,      123P   2967
1.,1.,1.,1.,1.,1.,1.,1.,1.,1.,1.,1.,1.,1.,1.,1.,1.,1.,1.,1.,1.,      123P   2968
1.,1.,1.,1.,1.,1.,1.,1.,1.,1.,1.,1.,1.,1.,1.,1.,1.,1.,1.,1.,1.,      123P   2969
1.,1.,1.,1.,1.,1.,1.,1.,1.,1.,1.,1.,1.,1.,1.,1.,1.,1.,1.,1.,1.,      123P   2970
1.,1.,1.,1.,1.,1.,1.,1.,1.,1.,1.,1.,1.,1.,1.,1.,1.,1.,1.,1.,1.,      123P   2971
1.,1.,1.,1.,1.,1.,1.,1.,1.,1.,1.,1.,1.,1.,1.,1.,1.,1.,1.,1.,1.,      123P   2972
1.,1.,1.,1.,1.,1.,1.,1.,1.,1.,1.,1.,1.,1.,1.,1.,1.,1.,1.,1.,1.,      123P   2973
-179.673376629285,1.10450812721549D-12,0.737609844631931,            123P   2974
-179.641718239829,1.10450683265765D-12,0.743440014846449,            123P   2975
-179.487528470341,1.10450052962751D-12,0.771826339023304,            123P   2976
-179.20988193007,1.10448919758432D-12,0.822861324539572,             123P   2977
-178.775736712731,1.10447152202177D-12,0.902464981428473,            123P   2978
-178.374205191101,1.10445522539934D-12,0.975858444130777,            123P   2979
-177.8426686253,1.10443371240656D-12,1.07274435040695,               123P   2980
-177.443131144663,1.1044175974185D-12,1.14531980461102,              123P   2981
-176.815123799718,1.10439234545201D-12,1.2590445515082,              123P   2982
-176.417768778314,1.10437642759163D-12,1.33073222156534,             123P   2983
-175.704532369907,1.1043479522361D-12,1.45897382212926,              123P   2984
-175.299215709885,1.10433183378177D-12,1.53156488702347,             123P   2985
-174.524365865162,1.10430113605175D-12,1.66981517250802,             123P   2986
-174.078342545674,1.10428353600344D-12,1.74907874354035,             123P   2987
-173.253081304696,1.10425111041162D-12,1.89511062674985,             123P   2988
-172.744233316499,1.10423120221748D-12,1.98476916248728,             123P   2989
-171.89207004529,1.10419801367441D-12,2.13423707269118,              123P   2990
-171.321185102259,1.10417588046646D-12,2.23391617978331,             123P   2991
-170.442819666986,1.1041419900322D-12,2.38654512686928,              123P   2992
-169.810753242897,1.10411771939353D-12,2.49585036615768,             123P   2993
-168.906914825178,1.10408318888619D-12,2.6513619461132,              123P   2994
-168.214588785403,1.10405687236131D-12,2.769881037777,               123P   2995
-167.286034828333,1.10402176412435D-12,2.92799448065845,             123P   2996
-166.534436594719,1.10399349677432D-12,3.05529930771068,             123P   2997
-165.581952003094,1.10395787348053D-12,3.21573236038142,             123P   2998
-164.772133472877,1.1039277534577D-12,3.35138088396619,              123P   2999
-163.796529706406,1.10389167793737D-12,3.5138505838603,              123P   3000
-162.929606156384,1.10385980609574D-12,3.65738859797853,             123P   3001
-161.931720306893,1.10382334119482D-12,3.82161191217208,             123P   3002
-161.008869215371,1.10378982073885D-12,3.97257462514817,             123P   3003
-159.989563048218,1.10375302920738D-12,4.13826895256594,             123P   3004
-159.012022854669,1.10371796538488D-12,4.29618237054077,             123P   3005
-157.972181821637,1.10368090979684D-12,4.46306590302901,             123P   3006
-156.941250618782,1.103644409639D-12,4.62744800027177,               123P   3007
-155.881782843278,1.10360715234347D-12,4.79523994252989,             123P   3008
-154.798817003678,1.10356932445496D-12,4.96560160712353,             123P   3009
-153.72065224063,1.10353192755802D-12,5.13402225827564,              123P   3010
-152.587064977904,1.1034928819581D-12,5.30986800750429,              123P   3011
-151.491153550389,1.10345540733409D-12,5.47863871021255,             123P   3012
-150.308413415894,1.10341525534898D-12,5.6594671754076,              123P   3013
-149.195725130606,1.10337776467931D-12,5.82831014138098,             123P   3014
-147.965354446402,1.10333661888449D-12,6.0136143275993,              123P   3015
-146.836877490017,1.10329917372117D-12,6.18225235117798,             123P   3016
-145.560450719106,1.10325714793134D-12,6.37151968259913,             123P   3017
-144.417190537559,1.10321980978229D-12,6.53967575671772,             123P   3018
-143.096332592536,1.10317701908524D-12,6.73238792399817,             123P   3019
-141.939310755186,1.10313984951755D-12,6.89978477520116,             123P   3020
-140.575695246601,1.10309641034732D-12,7.09541740609019,             123P   3021
-139.405948297163,1.10305947110426D-12,7.26177696734245,             123P   3022
-138.001295723061,1.10301550134772D-12,7.45979914654697,             123P   3023
-136.819874019149,1.10297885447512D-12,7.62484198830703,             123P   3024
-135.375949897377,1.10293447360537D-12,7.8247156567914,              123P   3025
-134.183916440397,1.10289818158234D-12,7.98816039815901,             123P   3026
-132.702529385466,1.10285351081137D-12,8.18933966569309,             123P   3027
-131.500958642534,1.10281763668044D-12,8.35090238837517,             123P   3028
-129.983958388959,1.10277279912283D-12,8.55283279611822,             123P   3029
-128.773935108415,1.10273740661427D-12,8.71222648445521,             123P   3030
-127.223210482624,1.1026925274534D-12,8.9143442566169,               123P   3031
-126.00582850464,1.10265768109864D-12,9.07127828696112,              123P   3032
-124.42330534769,1.10261288774625D-12,9.27300961205901,              123P   3033
-123.199666411368,1.10257865297516D-12,9.42718931438929,             123P   3034
-121.587305454871,1.10253407521526D-12,9.62794969728199,             123P   3035
-120.358518003142,1.10250051843262D-12,9.77907601107733,             123P   3036
-118.718312700943,1.10245628854049D-12,9.97826973676897,             123P   3037
-117.485490684465,1.10242347717685D-12,10.1260389818566,             123P   3038
-115.819465002782,1.10237973000448D-12,10.3230587310297,             123P   3039
-114.583726683952,1.10234773253728D-12,10.467162512388,              123P   3040
-112.893932852819,1.10230460555655D-12,10.6613891667343,             123P   3041
-111.656399610917,1.10227349149781D-12,10.8015144300932,             123P   3042
-109.944915839904,1.10223112479373D-12,10.9923171027962,             123P   3043
-108.706710978266,1.102200964641D-12,11.1281463553696,               123P   3044
-106.975639139613,1.10215950084789D-12,11.3148826785864,             123P   3045
-105.737886695653,1.10213036599606D-12,11.4460943864336,             123P   3046
-103.98934997804,1.1020899501705D-12,11.6281110833797,               123P   3047
-102.753173536839,1.10206191278244D-12,11.7543802537673,             123P   3048
-100.989314073154,1.10202269220803D-12,11.9310140180954,             123P   3049
-99.7558355852261,1.10199582504314D-12,12.0520129718746,             123P   3050
-97.9788120577774,1.10195794896317D-12,12.2225916715313,             123P   3051
-96.7491506615584,1.10193232516331D-12,12.3379910070089,             123P   3052
-94.9611358882606,1.10189594443893D-12,12.501835223756,              123P   3053
-93.7364067377653,1.1018716372724D-12,12.6113049698799,              123P   3054
-91.9395852428823,1.1018369039652D-12,12.7677298792709,              123P   3055
-90.7208983409278,1.10181398652992D-12,12.8709408322366,             123P   3056
-88.917463913996,1.10178105340926D-12,13.0192584221637,              123P   3057
-87.7059229513223,1.10175959829743D-12,13.1158836558429,             123P   3058
-85.8980761978813,1.10172861827464D-12,13.2554052749294,             123P   3059
-84.6947773984731,1.10170869720164D-12,13.3451218118802,             123P   3060
-82.8847232862114,1.10167982269435D-12,13.4751610321154,             123P   3061
-81.6907542591069,1.10166150609582D-12,13.5576516584331,             123P   3062
-79.8806996629764,1.10163488832756D-12,13.6775274296488,             123P   3063
-78.697138260859,1.10161824492891D-12,13.7524826336096,              123P   3064
-76.889289510625,1.10159403317027D-12,13.8615227008126,              123P   3065
-75.7172026955265,1.10157912953386D-12,13.9286427122132,             123P   3066
-73.9137631291023,1.10155747029316D-12,14.0261872605338,             123P   3067
-72.754205845606,1.10154437034884D-12,14.0851841648978,              123P   3068
-70.9573733713663,1.1015254065214D-12,14.1705896511087,              123P   3069
-69.8113874277863,1.10151417108671D-12,14.2211895505646,             123P   3070
-68.0233520988681,1.10149804107287D-12,14.2938326748791,             123P   3071
-66.8919650569977,1.10148872736958D-12,14.3357778655667,             123P   3072
-65.114906660381,1.10147556417298D-12,14.3950596328439,              123P   3073
-63.999130734545,1.10146822534691D-12,14.428110767214,               123P   3074
-62.2352163974588,1.10145815566501D-12,14.4734605828685,             123P   3075
-61.1360473637729,1.10145284031654D-12,14.4973987842447,             123P   3076
-59.3874291797061,1.10144598363623D-12,14.5282785271619,             123P   3077
-58.3058452966378,1.10144273536873D-12,14.5429074234575,             123P   3078
-56.5746579729413,1.10143920308034D-12,14.5588154361141,             123P   3079
-55.511618914475,1.10143806007386D-12,14.5639630796647,              123P   3080
-53.7999774432406,1.10143795461715D-12,14.5644380145023,             123P   3081
-52.7564232461751,1.10143894923462D-12,14.5599586555962,             123P   3082
-51.0664205997581,1.10144236329012D-12,14.5445831165206,             123P   3083
-50.0432706268924,1.101445521723D-12,14.5303587993878,               123P   3084
-48.3769754791281,1.10145253746239D-12,14.4987627180892,             123P   3085
-47.3751274003292,1.10145787942221D-12,14.4747046698402,             123P   3086
-45.7345818741731,1.10146856783046D-12,14.4265683584487,             123P   3087
-44.7549106675408,1.10147610629247D-12,14.3926181437219,             123P   3088
-43.1421281095441,1.10149052657424D-12,14.3276749681058,             123P   3089
-42.1854850851069,1.1015002675785D-12,14.2838053849617,              123P   3090
-40.6024478668318,1.10151846666035D-12,14.2018440067087,             123P   3091
-39.6696597153938,1.10153040917492D-12,14.1480597025717,             123P   3092
-38.11831706157,1.10155242131375D-12,14.048925842308,                123P   3093
-37.2101849314931,1.10156655716399D-12,13.9852636324564,             123P   3094
-35.6924507744205,1.10159240367112D-12,13.8688613125797,             123P   3095
-34.8097493792459,1.101608717538D-12,13.7953901877766,               123P   3096
-33.3275002386582,1.10163840662673D-12,13.6616824188115,             123P   3097
-32.4709769985426,1.10165687611616D-12,13.5785032330989,             123P   3098
-31.0260498858514,1.10169040287942D-12,13.4275121146041,             123P   3099
-30.1964241058087,1.10171099866352D-12,13.3347569489874,             123P   3100
-28.7906144513443,1.10174834518626D-12,13.1665631631218,             123P   3101
-27.9885765392261,1.1017710312165D-12,13.0643943657822,              123P   3102
-26.6236361407728,1.10181216682624D-12,12.8791360490885,             123P   3103
-25.8498468677852,1.10183690061709D-12,12.7677449578155,             123P   3104
-24.5274818583667,1.10188178227404D-12,12.5656159443091,             123P   3105
-23.7825716646821,1.10190851525483D-12,12.4452213019571,             123P   3106
-22.5044404971987,1.10195708808148D-12,12.2264687379614,             123P   3107
-21.7890088448694,1.10198576601287D-12,12.0973148168317,             123P   3108
-20.5567202908408,1.10203796396149D-12,11.8622361548718,             123P   3109
-19.8713350657224,1.10206852741192D-12,11.724590610907,              123P   3110
-18.6864462251247,1.10212427406698D-12,11.4735299959706,             123P   3111
-18.0316431888449,1.10215665894344D-12,11.3276814784169,             123P   3112
-16.8956575079851,1.10221586845493D-12,11.0610255445162,             123P   3113
-16.2719398001197,1.10225000658135D-12,10.9072810911202,             123P   3114
-15.1863050949774,1.10231258472455D-12,10.6254541886947,             123P   3115
-14.5941427844986,1.10234840446025D-12,10.464136440355,              123P   3116
-13.5602492685352,1.10241424981732D-12,10.1675953147819,             123P   3117
-13.0000789523245,1.1024516767074D-12,9.99903958658175,              123P   3118
-12.0192572714957,1.10252068196729D-12,9.68826752383249,             123P   3119
-11.4914817164386,1.10255963941628D-12,9.51281877108831,             123P   3120
-10.5650010019748,1.10263169279156D-12,9.18831921704181,             123P   3121
-10.0699888263843,1.10267210275189D-12,9.00632893476678,             123P   3122
-9.19905479133524,1.10274708951453D-12,8.66861857844917,             123P   3123
-8.73714018238012,1.10278887318193D-12,8.4804416695477,              123P   3124
-7.92289331709914,1.10286667732568D-12,8.1300429567098,              123P   3125
-7.49437578610755,1.10290975583517D-12,7.93603459742849,             123P   3126
-6.7378897613557,1.10299026187856D-12,7.57346761044373,              123P   3127
-6.34303395343569,1.10303455699716D-12,7.37398013082833,             123P   3128
-5.64531443472917,1.10311765194796D-12,6.99975374136678,             123P   3129
-5.28435004216346,1.10316308676251D-12,6.79513352745389,             123P   3130
-4.64633428108297,1.10324866226634D-12,6.40973572030141,             123P   3131
-4.3194561758501,1.1032951618651D-12,6.20032014465179,               123P   3132
-3.74201400274457,1.10338311654469D-12,5.80420748243874,             123P   3133
-3.44938281564405,1.10343060867914D-12,5.59032192344241,             123P   3134
-2.93332002965004,1.10352085061526D-12,5.18390837353419,             123P   3135
-2.67506355723304,1.10356926629058D-12,4.96586355622558,             123P   3136
-2.22112910958114,1.10366171544256D-12,4.54950958980718,             123P   3137
-1.99734500383053,1.1037109892697D-12,4.32760000025047,              123P   3138
-1.60624350305225,1.10380557936107D-12,3.90160410000403,             123P   3139
-1.41700336154772,1.10385564932548D-12,3.67610902697377,             123P   3140
-1.08941334168602,1.10395232818899D-12,3.24070613326235,             123P   3141
-0.934766546569226,1.10400313410715D-12,3.01189661916859,            123P   3142
-0.671361685537968,1.10410186135942D-12,2.56726860266351,            123P   3143
-0.551333642035572,1.10415334165453D-12,2.33542196478115,            123P   3144
-0.352796924666755,1.10425408204842D-12,1.8817275643828,             123P   3145
-0.267370039240302,1.1043061683435D-12,1.6471517452907,              123P   3146
-0.134388493288314,1.10440888443175D-12,1.18455960851037,            123P   3147
-0.0834598922591967,1.10446150077514D-12,0.947596664005901,          123P   3148
-0.016682905607419,1.10456614030675D-12,0.476342108432581,           123P   3149
-1.8833969719367D-8,1.10461920062834D-12,0.237379663930333,          123P   3150
1.88340006374085D-8,1.10472461825592D-12,-0.237379124380988,         123P   3151
-0.0166828300934245,1.1047776785182D-12,-0.476341301798543,          123P   3152
-0.0834597788491849,1.10488231811149D-12,-0.947596135173139,         123P   3153
-0.134388230592615,1.10493493433977D-12,-1.18455856124869,           123P   3154
-0.267369854638888,1.10503765054773D-12,-1.64715123710325,           123P   3155
-0.352796523400285,1.10508973673311D-12,-1.88172656217401,           123P   3156
-0.551333394085228,1.10519047724291D-12,-2.33542148458204,           123P   3157
-0.671361162169409,1.10524195743504D-12,-2.56726765869388,           123P   3158
-0.934766244633069,1.10534068479745D-12,-3.0118961712585,            123P   3159
-1.08941271496926,1.10539149062001D-12,-3.24070525478104,            123P   3160
-1.41700301498527,1.10548816958665D-12,-3.67610861293489,            123P   3161
-1.60624279126962,1.10553823946295D-12,-3.90160328918881,            123P   3162
-1.9973446210667,1.10563282964986D-12,-4.32759961970589,             123P   3163
-2.22112832895459,1.10568210339619D-12,-4.54950884529002,            123P   3164
-2.67506314538443,1.10577455263607D-12,-4.96586320760341,            123P   3165
-2.93331919376794,1.10582296823744D-12,-5.18390769185011,            123P   3166
-3.44938238049939,1.10591321025412D-12,-5.5903216045696,             123P   3167
-3.74201312260738,1.10596070232097D-12,-5.8042068591174,             123P   3168
-4.31945572202035,1.10604865707423D-12,-6.20031985314721,            123P   3169
-4.64633336543134,1.10609515661121D-12,-6.40973515057509,            123P   3170
-5.28434957328491,1.10618073218237D-12,-6.79513326096024,            123P   3171
-5.6453134904493,1.10622616694047D-12,-6.99975322057981,             123P   3172
-6.3430334723679,1.10630926195279D-12,-7.37397988713368,             123P   3173
-6.73788879386268,1.10635355701977D-12,-7.57346713426123,            123P   3174
-7.49437529510319,1.10643406311939D-12,-7.93603437451947,            123P   3175
-7.92289233066159,1.10647714158168D-12,-8.13004252120393,            123P   3176
-8.73713968322225,1.10655494577686D-12,-8.48044146562345,            123P   3177
-9.19905378933541,1.10659672940108D-12,-8.6686181801159,             123P   3178
-10.0699883204936,1.10667171621076D-12,-9.00632874823198,            123P   3179
-10.5649999871111,1.10671212613162D-12,-9.18831885278149,            123P   3180
-11.4914812049557,1.10678417954991D-12,-9.51281860053628,            123P   3181
-12.0192562459379,1.10682313696285D-12,-9.68826719091363,            123P   3182
-13.0000784361727,1.10689214226207D-12,-9.99903943077373,            123P   3183
-13.5602482340427,1.10692956911924D-12,-10.1675950107992,            123P   3184
-14.5941422644319,1.10699541451225D-12,-10.464136298199,             123P   3185
-15.186304052989,1.10703123421796D-12,-10.6254539115268,             123P   3186
-16.2719392767589,1.10709381239397D-12,-10.9072809616511,            123P   3187
-16.8956564596877,1.10712795049312D-12,-11.061025292287,             123P   3188
-18.0316426627054,1.1071871600345D-12,-11.3276813607783,             123P   3189
-18.6864451715053,1.10721954488624D-12,-11.4735297670138,            123P   3190
-19.8713345372357,1.10727529156847D-12,-11.7245905043356,            123P   3191
-20.5567192327268,1.10730585499657D-12,-11.8622359477005,            123P   3192
-21.7890083143993,1.10735805296983D-12,-12.0973147206433,            123P   3193
-22.5044394352887,1.10738673088112D-12,-12.226468551241,             123P   3194
-23.7825711325376,1.10743530373004D-12,-12.4452212155352,            123P   3195
-24.527480793255,1.10746203669284D-12,-12.5656157768355,             123P   3196
-25.8498463342302,1.10750691836983D-12,-12.7677448806012,            123P   3197
-26.6236350729675,1.10753165214467D-12,-12.8791358997682,            123P   3198
-27.9885760044874,1.10757278777235D-12,-13.0643942972654,            123P   3199
-28.7906133812826,1.10759547378846D-12,-13.1665630309558,            123P   3200
-30.1964235700821,1.10763282032715D-12,-13.3347568887002,            123P   3201
-31.026048813911,1.1076534160989D-12,-13.4275119986747,              123P   3202
-32.470976461998,1.10768694287624D-12,-13.5785031806095,             123P   3203
-33.3274991651668,1.107705412355D-12,-13.6616823182702,              123P   3204
-34.8097488420309,1.10773510145605D-12,-13.795390142684,             123P   3205
-35.6924496996632,1.10775141531386D-12,-13.8688612266381,            123P   3206
-37.2101843937364,1.10777726183162D-12,-13.9852635943867,            123P   3207
-38.1183159857953,1.1077913976743D-12,-14.0489257702294,             123P   3208
-39.6696591772078,1.10781340982217D-12,-14.1480596711744,            123P   3209
-40.6024467902567,1.10782535233063D-12,-14.2018439478019,            123P   3210
-42.1854845465896,1.10784355142D-12,-14.2838053599066,               123P   3211
-43.1421270323579,1.10785329241952D-12,-14.3276749217195,            123P   3212
-44.754910128778,1.10786771270737D-12,-14.3926181246971,             123P   3213
-45.734580796541,1.10787525116595D-12,-14.4265683239667,             123P   3214
-47.3751268613954,1.1078859395789D-12,-14.4747046565501,             123P   3215
-48.3769744011941,1.10789128153653D-12,-14.4987626949269,            123P   3216
-50.0432700878526,1.10789829727932D-12,-14.5303587915511,            123P   3217
-51.0664195216472,1.10790145571118D-12,-14.5445831041222,            123P   3218
-52.7564227070857,1.10790486976885D-12,-14.5599586529453,            123P   3219
-53.7999763650614,1.10790586438644D-12,-14.5644380123379,            123P   3220
-55.5116183753847,1.1079057589307D-12,-14.5639630819441,             123P   3221
-56.5746568947869,1.1079046159254D-12,-14.5588154436781,             123P   3222
-58.3058447575883,1.10790108363688D-12,-14.5429074304231,            123P   3223
-59.3874281016567,1.10789783537157D-12,-14.5282785439713,            123P   3224
-61.1360468248001,1.10789097869005D-12,-14.4973987956633,            123P   3225
-62.2352153195827,1.10788566334473D-12,-14.4734606084616,            123P   3226
-63.999130195679,1.10787559366063D-12,-14.4281107828626,             123P   3227
-65.1149055827357,1.10786825483861D-12,-14.3950596667794,            123P   3228
-66.8919645182638,1.10785509163885D-12,-14.3357778852322,            123P   3229
-68.0233510215018,1.10784577794048D-12,-14.2938327167355,            123P   3230
-69.8113868892056,1.10782964792256D-12,-14.2211895740434,            123P   3231
-70.9573722943186,1.10781841249363D-12,-14.1705897004833,            123P   3232
-72.7542053071957,1.10779944866124D-12,-14.0851841919957,            123P   3233
-73.9137620524057,1.10778634872345D-12,-14.0261873170424,            123P   3234
-75.7172021573004,1.10776468947699D-12,-13.9286427427449,            123P   3235
-76.8892884343052,1.10774978584784D-12,-13.8615227640894,            123P   3236
-78.6971377228279,1.10772557408265D-12,-13.752482667399,             123P   3237
-79.8806985870535,1.10770893069197D-12,-13.6775274993458,            123P   3238
-81.6907537212791,1.10768231291643D-12,-13.5576516953127,            123P   3239
-82.8847222107005,1.10766399632654D-12,-13.4751611079024,            123P   3240
-84.6947768608546,1.10763512181127D-12,-13.3451218516912,            123P   3241
-85.8980751227932,1.10761520074753D-12,-13.2554053564932,            123P   3242
-87.7059224139173,1.10758422071609D-12,-13.1158836984352,            123P   3243
-88.9174628393381,1.10756276561412D-12,-13.0192585092085,            123P   3244
-90.7208978037387,1.10752983248418D-12,-12.8709408774685,            123P   3245
-91.9395841686586,1.10750691505935D-12,-12.767729971518,             123P   3246
-93.7364062007933,1.10747218174226D-12,-12.6113050176179,            123P   3247
-94.9611348144727,1.10744787458671D-12,-12.5018353209431,            123P   3248
-96.7491501248036,1.10741149385188D-12,-12.3379910571278,            123P   3249
-97.9788109844247,1.10738587006352D-12,-12.2225917734125,            123P   3250
-99.7558350486875,1.10734799397255D-12,-12.0520130242571,            123P   3251
-100.989313000234,1.10732112681965D-12,-11.9310141244411,            123P   3252
-102.753173000515,1.10728190623373D-12,-11.7543803083041,            123P   3253
-103.98934890555,1.10725386885812D-12,-11.6281111939756,             123P   3254
-105.737886159542,1.10721345302057D-12,-11.446094443023,             123P   3255
-106.975638067549,1.10718431818163D-12,-11.3148827932335,            123P   3256
-108.706710442365,1.10714285437606D-12,-11.1281464139173,            123P   3257
-109.944914768261,1.10711269423665D-12,-10.9923172213104,            123P   3258
-111.656399075224,1.10707032751967D-12,-10.8015144905118,            123P   3259
-112.893931781591,1.10703921347465D-12,-10.6613892889456,            123P   3260
-114.583726148465,1.10699608648059D-12,-10.4671625745973,            123P   3261
-115.819463931964,1.1069640890275D-12,-10.3230588567816,             123P   3262
-117.485490149179,1.10692034184141D-12,-10.1260390457827,            123P   3263
-118.718311630529,1.10688753049224D-12,-9.97826986591804,            123P   3264
-120.358517468057,1.106843300586D-12,-9.77907607665267,              123P   3265
-121.587304384857,1.1068097438182D-12,-9.62794982969699,             123P   3266
-123.19966587648,1.10676516604381D-12,-9.427189381552,               123P   3267
-124.42330427807,1.10673093128791D-12,-9.27300974762021,             123P   3268
-126.005827969946,1.10668613792068D-12,-9.07127835565483,            123P   3269
-127.223209413393,1.10665129158143D-12,-8.91434439521523,            123P   3270
-128.773934573913,1.10660641240537D-12,-8.71222655462856,            123P   3271
-129.983957320113,1.10657101991266D-12,-8.55283293765446,            123P   3272
-131.500958108222,1.10652618233952D-12,-8.3509024599814,             123P   3273
-132.702528317001,1.10649030822476D-12,-8.189339810077,              123P   3274
-134.183915906274,1.10644563743793D-12,-7.98816047115551,            123P   3275
-135.375948829289,1.10640934543137D-12,-7.82471580394082,            123P   3276
-136.819873485212,1.10636496454545D-12,-7.62484206265489,            123P   3277
-138.001294655348,1.10632831768962D-12,-7.45979929638686,            123P   3278
-139.40594776341,1.1062843479166D-12,-7.26177704300599,              123P   3279
-140.575694179259,1.1062474086906D-12,-7.09541755855175,             123P   3280
-141.939310221617,1.10620396950359D-12,-6.89978485214748,            123P   3281
-143.096331525562,1.10616679995324D-12,-6.73238807901785,            123P   3282
-144.417190004173,1.10612400923913D-12,-6.53967583491622,            123P   3283
-145.560449652499,1.1060866711077D-12,-6.37151984011771,             123P   3284
-146.836876956811,1.10604464530053D-12,-6.18225243059988,            123P   3285
-147.965353380159,1.10600720015509D-12,-6.01361448756094,            123P   3286
-149.195724597579,1.10596605434266D-12,-5.82831022199891,            123P   3287
-150.308412350011,1.10592856369113D-12,-5.65946733775894,            123P   3288
-151.491153017541,1.10588841168813D-12,-5.47863879200006,            123P   3289
-152.58706391238,1.10585093708253D-12,-5.30986817219355,             123P   3290
-153.720651707959,1.10581189146446D-12,-5.13402234120678,            123P   3291
-154.79881593851,1.10577449458618D-12,-4.96560177409966,             123P   3292
-155.881782310782,1.10573666667925D-12,-4.79524002657881,            123P   3293
-156.941249553967,1.10569940940263D-12,-4.6274481694836,             123P   3294
-157.972181289314,1.10566290922613D-12,-4.46306598816956,            123P   3295
-159.012021790203,1.10562585365724D-12,-4.29618254193627,            123P   3296
-159.989562516067,1.10559078981582D-12,-4.13826903877132,            123P   3297
-161.00886815125,1.10555399830374D-12,-3.97257479867374,             123P   3298
-161.931719774911,1.10552047782862D-12,-3.8216119994145,             123P   3299
-162.929605092604,1.10548401294732D-12,-3.65738877357829,            123P   3300
-163.79652917459,1.10545214108629D-12,-3.51385067211065,             123P   3301
-164.772132409432,1.1054160655858D-12,-3.35138106158142,             123P   3302
-165.581951471442,1.10538594554335D-12,-3.21573244960903,            123P   3303
-166.534435531602,1.10535032226961D-12,-3.0552994872793,             123P   3304
-167.28603429684,1.10532205489973D-12,-2.92799457083083,             123P   3305
-168.214587722606,1.10528694668304D-12,-2.76988121923306,            123P   3306
-168.90691429384,1.10526063013809D-12,-2.65136203719585,             123P   3307
-169.810752180412,1.10522609965123D-12,-2.49585054943103,            123P   3308
-170.442819135799,1.10520182899228D-12,-2.38654521882554,            123P   3309
-171.321184040076,1.10516793857869D-12,-2.23391636479928,            123P   3310
-171.892069514247,1.10514580535026D-12,-2.13423716548209,            123P   3311
-172.744232254607,1.10511261682803D-12,-1.98476934916642,            123P   3312
-173.253080773794,1.10509270861322D-12,-1.89511072033405,            123P   3313
-174.078341484061,1.10506028304242D-12,-1.7490789317984,             123P   3314
-174.524365334392,1.10504268297325D-12,-1.66981526684178,            123P   3315
-175.299215179241,1.10501198524339D-12,-1.53156498206037,            123P   3316
-175.704531839263,1.10499586678906D-12,-1.45897391716615,            123P   3317
-176.417768247784,1.10496739143368D-12,-1.3307323172575,             123P   3318
-176.815122738736,1.10495147359464D-12,-1.25904474328079,            123P   3319
-177.443130614254,1.10492622160694D-12,-1.14531990090473,            123P   3320
-177.842667564528,1.10491010664036D-12,-1.07274454342699,            123P   3321
-178.374204660752,1.10488859362623D-12,-0.975858540982496,           123P   3322
-178.775735652251,1.1048722970254D-12,-0.902465175571076,            123P   3323
-179.209881399953,1.10485462144136D-12,-0.822861421859755,           123P   3324
-179.48752788929,1.1048432894003D-12,-0.771826445980247,             123P   3325
-179.641718138434,1.10483698635056D-12,-0.743440033513233,           123P   3326
-179.673376477192,1.10483569179479D-12,-0.737609872641385,           123P   3327
-148.721521167554,218.032580826795,0.737771900958864,                123P   3328
-148.698005749077,218.032580826795,0.74206325158123,                 123P   3329
-148.583472699736,218.032580826795,0.762957911337686,                123P   3330
-148.377157686054,218.032580826795,0.800538995428767,                123P   3331
-148.054494895403,218.032580826795,0.859169729839504,                123P   3332
-147.756132131545,218.032580826795,0.913217356999786,                123P   3333
-147.361174126524,218.032580826795,0.984566413313281,                123P   3334
-147.064281608293,218.032580826795,1.03801809549004,                 123P   3335
-146.597618597731,218.032580826795,1.12177885307676,                 123P   3336
-146.302355915039,218.032580826795,1.17457979286704,                 123P   3337
-145.772371229442,218.032580826795,1.26903903882975,                 123P   3338
-145.471192195593,218.032580826795,1.32251031584192,                 123P   3339
-144.895426378478,218.032580826795,1.4243510224169,                  123P   3340
-144.564002467835,218.032580826795,1.48274231189958,                 123P   3341
-143.950782539419,218.032580826795,1.59032506862632,                 123P   3342
-143.572678406527,218.032580826795,1.65638029636121,                 123P   3343
-142.939473162021,218.032580826795,1.766504938712,                   123P   3344
-142.515275155285,218.032580826795,1.83994984857964,                 123P   3345
-141.86260520595,218.032580826795,1.95241447297672,                  123P   3346
-141.392949653306,218.032580826795,2.0329600119345,                  123P   3347
-140.721357124603,218.032580826795,2.14756008767255,                 123P   3348
-140.206929761063,218.032580826795,2.2349039033146,                  123P   3349
-139.516977791457,218.032580826795,2.35143297142531,                 123P   3350
-138.95851299513,218.032580826795,2.44526087131572,                  123P   3351
-138.250785062438,218.032580826795,2.56351119089585,                 123P   3352
-137.649065079153,218.032580826795,2.66349850687148,                 123P   3353
-136.924164344409,218.032580826795,2.78326160531264,                 123P   3354
-136.280018454119,218.032580826795,2.88907445074002,                 123P   3355
-135.538567069059,218.032580826795,3.01014158182248,                 123P   3356
-134.852870706399,218.032580826795,3.12143798148691,                 123P   3357
-134.095509102083,218.032580826795,3.24360048397805,                 123P   3358
-133.369182928333,218.032580826795,3.36003136225048,                 123P   3359
-132.596569081765,218.032580826795,3.48308091766245,                 123P   3360
-131.830578009301,218.032580826795,3.60429093334898,                 123P   3361
-131.043386690858,218.032580826795,3.72801972259324,                 123P   3362
-130.238738860266,218.032580826795,3.85364794275869,                 123P   3363
-129.43766086308,218.032580826795,3.977848703978,                    123P   3364
-128.595406573391,218.032580826795,4.10752911289243,                 123P   3365
-127.781147926288,218.032580826795,4.2319951048609,                  123P   3366
-126.902378518809,218.032580826795,4.36535694823186,                 123P   3367
-126.075659684251,218.032580826795,4.48988182587617,                 123P   3368
-125.161506380554,218.032580826795,4.62654979455991,                 123P   3369
-124.32306143904,218.032580826795,4.75092740517796,                  123P   3370
-123.374694133753,218.032580826795,4.89052166654535,                 123P   3371
-122.525269956096,218.032580826795,5.01454577718397,                 123P   3372
-121.543895965234,218.032580826795,5.15668186616844,                 123P   3373
-120.684251374079,218.032580826795,5.28014583431993,                 123P   3374
-119.671114139758,218.032580826795,5.42443441981844,                 123P   3375
-118.802019061654,218.032580826795,5.54713082107544,                 123P   3376
-117.758396814137,218.032580826795,5.69317736673466,                 123P   3377
-116.880631423431,218.032580826795,5.81489759427172,                 123P   3378
-115.807835801544,218.032580826795,5.96230193569994,                 123P   3379
-114.922189657303,218.032580826795,6.08283578740265,                 123P   3380
-113.821564288407,218.032580826795,6.23119165043928,                 123P   3381
-112.928835465507,218.032580826795,6.35032692015643,                 123P   3382
-111.801754506276,218.032580826795,6.49922140694733,                 123P   3383
-110.902748721745,218.032580826795,6.61674349668075,                 123P   3384
-109.750615361156,218.032580826795,6.76575656790126,                 123P   3385
-108.84614509678,218.032580826795,6.88144813776304,                  123P   3386
-107.670390022808,218.032580826795,7.03015212036011,                 123P   3387
-106.761273644955,218.032580826795,7.14379279281097,                 123P   3388
-105.563353476571,218.032580826795,7.29175194307302,                 123P   3389
-104.650414354104,218.032580826795,7.40311807731115,                 123P   3390
-103.431810040317,218.032580826795,7.54988822889898,                 123P   3391
-102.515875661415,218.032580826795,7.65875278030149,                 123P   3392
-101.278090849168,218.032580826795,7.8038811060796,                  123P   3393
-100.359991937782,218.032580826795,7.91001358432242,                 123P   3394
-99.1045513106565,218.032580826795,8.05303849941964,                 123P   3395
-98.1851209432705,218.032580826795,8.15620503733363,                 123P   3396
-96.9135685330264,218.032580826795,8.29665626885274,                 123P   3397
-95.9936412563256,218.032580826795,8.39661981223811,                 123P   3398
-94.7075387294293,218.032580826795,8.53401865845147,                 123P   3399
-93.7879496793926,218.032580826795,8.63053928499775,                 123P   3400
-92.4888746007754,218.032580826795,8.76439908374896,                 123P   3401
-91.5704586236598,218.032580826795,8.85723445692649,                 123P   3402
-90.2600027000379,218.032580826795,8.98706127935606,                 123P   3403
-89.3435934756552,218.032580826795,9.07596724069402,                 123P   3404
-88.0233607808335,218.032580826795,9.20126082237751,                 123P   3405
-87.1097899484667,218.032580826795,9.28599212296402,                 123P   3406
-85.7813951331225,218.032580826795,9.40624704016266,                 123P   3407
-84.8714914203851,218.032580826795,9.48655820953629,                 123P   3408
-83.5365579088958,218.032580826795,9.60126530358692,                 123P   3409
-82.631146263803,218.032580826795,9.67691165148225,                  123P   3410
-81.2913044407334,218.032580826795,9.78555969947839,                 123P   3411
-80.3912051672355,218.032580826795,9.85629844318658,                 123P   3412
-79.04809055614,218.032580826795,9.95837606811012,                   123P   3413
-78.1541184533611,218.032580826795,10.0239675755667,                 123P   3414
-76.8093698905764,218.032580826795,10.1189653840116,                 123P   3415
-75.9223333960144,218.032580826795,10.1791745201737,                 123P   3416
-74.577591202123,218.032580826795,10.2665874508503,                  123P   3417
-73.6982915390974,218.032580826795,10.3211850125228,                 123P   3418
-72.355195690719,218.032580826795,10.400514873934,                   123P   3419
-71.4844260204018,218.032580826795,10.4492790959881,                 123P   3420
-70.1446143249334,218.032580826795,10.5200372671196,                 123P   3421
-69.2831589033715,218.032580826795,10.5627553810682,                 123P   3422
-67.9482651792294,218.032580826795,10.6244656447171,                 123P   3423
-67.0968985198531,218.032580826795,10.6609354688997,                 123P   3424
-65.7685507846822,218.032580826795,10.7131369434652,                 123P   3425
-64.9280368269093,218.032580826795,10.7431684826907,                 123P   3426
-63.6078554961116,218.032580826795,10.7854186149372,                 123P   3427
-62.7789467807807,218.032580826795,10.8088356463715,                 123P   3428
-61.4685428785799,218.032580826795,10.840713224919,                  123P   3429
-60.6519797310927,218.032580826795,10.8573548462991,                 123P   3430
-59.3529531161917,218.032580826795,10.8784629934586,                 123P   3431
-58.5494628384022,218.032580826795,10.888185109401,                  123P   3432
-57.263400446111,218.032580826795,10.8981542074925,                  123P   3433
-56.4736965181645,218.032580826795,10.9008309297487,                 123P   3434
-55.2021706206801,218.032580826795,10.8993214372628,                 123P   3435
-54.42695191418,218.032580826795,10.8948463752662,                   123P   3436
-53.1715184004835,218.032580826795,10.8815514881773,                 123P   3437
-52.4114684045368,218.032580826795,10.8698389071307,                 123P   3438
-51.173665081152,218.032580826795,10.8444870213496,                  123P   3439
-50.4294511430141,218.032580826795,10.8254728464129,                 123P   3440
-49.2107960566332,218.032580826795,10.787829778785,                  123P   3441
-48.4830686388344,218.032580826795,10.7614724256297,                 123P   3442
-47.2850584215778,218.032580826795,10.7113433530186,                 123P   3443
-46.5744503775606,218.032580826795,10.6776243670997,                 123P   3444
-45.3985586153947,218.032580826795,10.6148554459298,                 123P   3445
-44.7056844858136,218.032580826795,10.5737799352673,                 123P   3446
-43.553360110403,218.032580826795,10.4982595673775,                  123P   3447
-42.8788154423459,218.032580826795,10.4498564164029,                 123P   3448
-41.7514811463733,218.032580826795,10.3615161311487,                 123P   3449
-41.0958418378271,218.032580826795,10.3058379862336,                 123P   3450
-39.9948925135653,218.032580826795,10.2046529133855,                 123P   3451
-39.3587141854858,218.032580826795,10.1417759339793,                 123P   3452
-38.2855153861596,218.032580826795,10.0277648470355,                 123P   3453
-37.6693327844957,218.032580826795,9.95778821987039,                 123P   3454
-36.6252192077111,218.032580826795,9.83101313482084,                 123P   3455
-36.0295456376718,218.032580826795,9.75405835234264,                 123P   3456
-35.0158196299212,218.032580826795,9.61462367259831,                 123P   3457
-34.4411464246525,218.032580826795,9.53083358061934,                 123P   3458
-33.4590765056134,218.032580826795,9.37888478460992,                 123P   3459
-32.9058725312505,218.032580826795,9.28842240810908,                 123P   3460
-31.9566919362703,218.032580826795,9.1241442818175,                  123P   3461
-31.4254031350251,218.032580826795,9.02719144180373,                 123P   3462
-30.5103083738343,218.032580826795,8.85080586406142,                 123P   3463
-30.0013573463304,218.032580826795,8.7475616024316,                  123P   3464
-29.1215067756401,218.032580826795,8.55932489593146,                 123P   3465
-28.6352924030576,218.032580826795,8.45000372926395,                 123P   3466
-27.7918048103156,218.032580826795,8.25020359468598,                 123P   3467
-27.3287019159706,218.032580826795,8.13503362187673,                 123P   3468
-26.5226551112423,218.032580826795,7.92398567592048,                 123P   3469
-26.0830141598729,218.032580826795,7.80320656843263,                 123P   3470
-25.3154435727553,218.032580826795,7.58125050846143,                 123P   3471
-24.8995904038565,218.032580826795,7.45511141561493,                 123P   3472
-24.171487682873,218.032580826795,7.22260683345376,                  123P   3473
-23.7797232717137,218.032580826795,7.09136423842225,                 123P   3474
-23.0920348854836,218.032580826795,6.84868610287053,                 123P   3475
-22.7246351217622,218.032580826795,6.71260166749502,                 123P   3476
-22.0782609657323,218.032580826795,6.46013548842236,                 123P   3477
-21.7354764351487,218.032580826795,6.319473925903,                   123P   3478
-21.1312684573254,218.032580826795,6.05761060156677,                 123P   3479
-20.8133242060819,218.032580826795,5.91263761448663,                 123P   3480
-20.2520850845821,218.032580826795,5.64176794759613,                 123P   3481
-19.9591803425648,218.032580826795,5.49274826298647,                 123P   3482
-19.4416622847545,218.032580826795,5.21325711224864,                 123P   3483
-19.1739701237105,218.032580826795,5.06045263465121,                 123P   3484
-18.7008739241252,218.032580826795,4.77271265355932,                 123P   3485
-18.4585408406349,218.032580826795,4.6163807415816,                  123P   3486
-18.0305154495135,218.032580826795,4.32074566982476,                 123P   3487
-17.8136609004326,218.032580826795,4.16113753648996,                 123P   3488
-17.4313039345012,218.032580826795,3.85793508614902,                 123P   3489
-17.2400199270631,218.032580826795,3.69529434935665,                 123P   3490
-16.903879777078,218.032580826795,3.38481900128614,                  123P   3491
-16.7382306914035,218.032580826795,3.21938059489515,                 123P   3492
-16.4488110654171,218.032580826795,2.90188706367469,                 123P   3493
-16.3088338411479,218.032580826795,2.73387701940363,                 123P   3494
-16.0666013168488,218.032580826795,2.40957629041426,                 123P   3495
-15.952305425503,218.032580826795,2.23921386858522,                  123P   3496
-15.7576996880097,218.032580826795,1.90827348377119,                 123P   3497
-15.6690646546267,218.032580826795,1.73577620395667,                 123P   3498
-15.5225082981366,218.032580826795,1.39832935595594,                 123P   3499
-15.4594729744999,218.032580826795,1.22392312525402,                 123P   3500
-15.3613782177619,218.032580826795,0.880076513937818,                123P   3501
-15.3238193316366,218.032580826795,0.703992204476644,                123P   3502
-15.2745817666652,218.032580826795,0.353859354141865,                123P   3503
-15.262280640592,218.032580826795,0.176341439144329,                 123P   3504
-15.2622806751591,218.032580826795,-0.176342386715739,               123P   3505
-15.2745818361702,218.032580826795,-0.353860098852121,               123P   3506
-15.3238194985539,218.032580826795,-0.703993137791207,               123P   3507
-15.3613783359216,218.032580826795,-0.88007704889671,                123P   3508
-15.4594732677257,218.032580826795,-1.22392402672984,                123P   3509
-15.5225084880949,218.032580826795,-1.39832986965452,                123P   3510
-15.6690650619895,218.032580826795,-1.73577705970806,                123P   3511
-15.7576999417488,218.032580826795,-1.90827396890357,                123P   3512
-15.9523059314418,218.032580826795,-2.23921466976897,                123P   3513
-16.066601624878,218.032580826795,-2.40957674274421,                 123P   3514
-16.3088344294137,218.032580826795,-2.73387776201599,                123P   3515
-16.4488114182912,218.032580826795,-2.90188748168785,                123P   3516
-16.7382313469191,218.032580826795,-3.21938127867364,                123P   3517
-16.9038801663162,218.032580826795,-3.38481938541985,                123P   3518
-17.2400206368273,218.032580826795,-3.69529497647281,                123P   3519
-17.43130435295,218.032580826795,-3.85793543802511,                  123P   3520
-17.8136616537272,218.032580826795,-4.16113811044615,                123P   3521
-18.0305158913588,218.032580826795,-4.32074599165652,                123P   3522
-18.4585416288529,218.032580826795,-4.6163812664346,                 123P   3523
-18.7008743847379,218.032580826795,-4.77271294776018,                123P   3524
-19.173970940034,218.032580826795,-5.06045311453118,                 123P   3525
-19.4416627604845,218.032580826795,-5.21325738120206,                123P   3526
-19.9591811816225,218.032580826795,-5.49274870183106,                123P   3527
-20.2520855725591,218.032580826795,-5.64176819353558,                123P   3528
-20.8133250636415,218.032580826795,-5.91263801591417,                123P   3529
-21.131268955288,218.032580826795,-6.0576108265236,                  123P   3530
-21.7354773078633,218.032580826795,-6.31947429316841,                123P   3531
-22.0782614718902,218.032580826795,-6.46013569421267,                123P   3532
-22.7246360069697,218.032580826795,-6.71260200349118,                123P   3533
-23.09203539841,218.032580826795,-6.84868629110275,                  123P   3534
-23.7797241672811,218.032580826795,-7.09136454570441,                123P   3535
-24.1714882014222,218.032580826795,-7.22260700554597,                123P   3536
-24.8995913080612,218.032580826795,-7.45511169643475,                123P   3537
-25.3154440959993,218.032580826795,-7.58125066566243,                123P   3538
-26.0830150713117,218.032580826795,-7.80320682477484,                123P   3539
-26.5226556384234,218.032580826795,-7.92398581933119,                123P   3540
-27.328702833491,218.032580826795,-8.13503385549444,                 123P   3541
-27.7918053408096,218.032580826795,-8.25020372527955,                123P   3542
-28.635293325705,218.032580826795,-8.45000394171109,                 123P   3543
-29.1215073089287,218.032580826795,-8.5593250145715,                 123P   3544
-30.0013582733076,218.032580826795,-8.74756179509162,                123P   3545
-30.5103089094835,218.032580826795,-8.85080597151793,                123P   3546
-31.4254040656614,218.032580826795,-9.02719161591457,                123P   3547
-31.9566924739139,218.032580826795,-9.12414437878066,                123P   3548
-32.9058734649775,218.032580826795,-9.28842256478471,                123P   3549
-33.4590770449406,218.032580826795,-9.37888487170194,                123P   3550
-34.4411473609855,218.032580826795,-9.53083372086799,                123P   3551
-35.0158201706663,218.032580826795,-9.61462375038347,                123P   3552
-36.0295465761947,218.032580826795,-9.75405847708242,                123P   3553
-36.6252197496456,218.032580826795,-9.83101320381397,                123P   3554
-37.6693337248501,218.032580826795,-9.95778832994228,                123P   3555
-38.2855159290864,218.032580826795,-10.0277649077092,                123P   3556
-39.3587151273611,218.032580826795,-10.1417760301583,                123P   3557
-39.9948930573134,218.032580826795,-10.2046529661759,                123P   3558
-41.0958427809535,218.032580826795,-10.3058380692376,                123P   3559
-41.751481690794,218.032580826795,-10.3615161764609,                 123P   3560
-42.8788163864884,218.032580826795,-10.449856486901,                 123P   3561
-43.5533606553667,218.032580826795,-10.4982596055895,                123P   3562
-44.705685430767,218.032580826795,-10.5737799938856,                 123P   3563
-45.3985591607882,218.032580826795,-10.6148554773959,                123P   3564
-46.5744513231459,218.032580826795,-10.6776244144271,                123P   3565
-47.2850589673024,218.032580826795,-10.7113433780725,                123P   3566
-48.4830695848952,218.032580826795,-10.761472462222,                 123P   3567
-49.2107966026025,218.032580826795,-10.7878297977421,                123P   3568
-50.4294520894139,218.032580826795,-10.8254728727965,                123P   3569
-51.173665627291,218.032580826795,-10.844487034509,                  123P   3570
-52.4114693511568,218.032580826795,-10.8698389238056,                123P   3571
-53.1715189467267,218.032580826795,-10.8815514958232,                123P   3572
-54.426952860917,218.032580826795,-10.8948463827085,                 123P   3573
-55.2021711669708,218.032580826795,-10.8993214396662,                123P   3574
-56.4736974649293,218.032580826795,-10.9008309284123,                123P   3575
-57.2634009924002,218.032580826795,-10.8981542049117,                123P   3576
-58.5494637851179,218.032580826795,-10.8881850997193,                123P   3577
-59.3529536624374,218.032580826795,-10.8784629861404,                123P   3578
-60.6519806776937,218.032580826795,-10.8573548286864,                123P   3579
-61.4685434247462,218.032580826795,-10.8407132130993,                123P   3580
-62.7789477272111,218.032580826795,-10.8088356212238,                123P   3581
-63.6078560421681,218.032580826795,-10.7854185988416,                123P   3582
-64.9280377731222,218.032580826795,-10.7431684503865,                123P   3583
-65.7685513306035,218.032580826795,-10.7131369233093,                123P   3584
-67.0968994658093,218.032580826795,-10.6609354298005,                123P   3585
-67.9482657249943,218.032580826795,-10.6244656207067,                123P   3586
-69.2831598490387,218.032580826795,-10.5627553355194,                123P   3587
-70.1446148705247,218.032580826795,-10.5200372394511,                123P   3588
-71.4844269657542,218.032580826795,-10.4492790443188,                123P   3589
-72.3551962361229,218.032580826795,-10.4005148427948,                123P   3590
-73.6982924841143,218.032580826795,-10.3211849550465,                123P   3591
-74.5775917473288,218.032580826795,-10.2665874164185,                123P   3592
-75.92233434068,218.032580826795,-10.1791744571885,                  123P   3593
-76.8093704355756,218.032580826795,-10.1189653464564,                123P   3594
-78.1541193976634,218.032580826795,-10.0239675073554,                123P   3595
-79.0480911009266,218.032580826795,-9.95837602759213,                123P   3596
-80.3912061111664,218.032580826795,-9.85629837001688,                123P   3597
-81.2913049853036,218.032580826795,-9.78555965614933,                123P   3598
-82.6311472073573,218.032580826795,-9.67691157360704,                123P   3599
-83.5365584532469,218.032580826795,-9.60126525758999,                123P   3600
-84.8714923635599,218.032580826795,-9.48655812719388,                123P   3601
-85.7813956772534,218.032580826795,-9.40624699163265,                123P   3602
-87.1097908912613,218.032580826795,-9.28599203637836,                123P   3603
-88.0233613247442,218.032580826795,-9.2012607714409,                 123P   3604
-89.3435944180705,218.032580826795,-9.07596715007493,                123P   3605
-90.2600032437294,218.032580826795,-8.98706122613121,                123P   3606
-91.5704595656981,218.032580826795,-8.85723436247003,                123P   3607
-92.4888751442492,218.032580826795,-8.76439902834629,                123P   3608
-93.7879506210573,218.032580826795,-8.63053918688652,                123P   3609
-94.7075392726874,218.032580826795,-8.53401860097368,                123P   3610
-95.9936421976206,218.032580826795,-8.3966197106417,                 123P   3611
-96.9135690760712,218.032580826795,-8.29665620939502,                123P   3612
-98.1851218842003,218.032580826795,-8.15620493240902,                123P   3613
-99.1045518534908,218.032580826795,-8.05303843806996,                123P   3614
-100.359992878351,218.032580826795,-7.9100134762145,                 123P   3615
-101.278091391795,218.032580826795,-7.80388104291901,                123P   3616
-102.515876601628,218.032580826795,-7.65875266914357,                123P   3617
-103.431810582738,218.032580826795,-7.54988816400193,                123P   3618
-104.650415293967,218.032580826795,-7.40311796322556,                123P   3619
-105.56335401879,218.032580826795,-7.29175187650767,                 123P   3620
-106.761274584471,218.032580826795,-7.1437926759097,                 123P   3621
-107.670390564828,218.032580826795,-7.03015205218876,                123P   3622
-108.846146035955,218.032580826795,-6.88144801814836,                123P   3623
-109.750615902979,218.032580826795,-6.7657564981807,                 123P   3624
-110.902749660582,218.032580826795,-6.61674337444597,                123P   3625
-111.801755047903,218.032580826795,-6.4992213357293,                 123P   3626
-112.928836404011,218.032580826795,-6.35032679538661,                123P   3627
-113.821564829842,218.032580826795,-6.23119157777086,                123P   3628
-114.922190595477,218.032580826795,-6.08283566017537,                123P   3629
-115.807836342788,218.032580826795,-5.96230186162404,                123P   3630
-116.880632361278,218.032580826795,-5.81489746465786,                123P   3631
-117.758397355192,218.032580826795,-5.69317729129045,                123P   3632
-118.802019999178,218.032580826795,-5.54713068913998,                123P   3633
-119.671114680626,218.032580826795,-5.42443434304184,                123P   3634
-120.684252311281,218.032580826795,-5.28014570012276,                123P   3635
-121.543896505915,218.032580826795,-5.1566817880926,                 123P   3636
-122.52527089298,218.032580826795,-5.01454564078073,                 123P   3637
-123.37469467425,218.032580826795,-4.8905215872011,                  123P   3638
-124.323062375608,218.032580826795,-4.75092726662081,                123P   3639
-125.161506920868,218.032580826795,-4.62654971397625,                123P   3640
-126.075660620505,218.032580826795,-4.4898816852146,                 123P   3641
-126.90237905894,218.032580826795,-4.36535686643641,                 123P   3642
-127.781148862231,218.032580826795,-4.23199496214252,                123P   3643
-128.595407113341,218.032580826795,-4.1075290299119,                 123P   3644
-129.437661798714,218.032580826795,-3.97784855924929,                123P   3645
-130.238739400037,218.032580826795,-3.85364785861928,                123P   3646
-131.043387626186,218.032580826795,-3.72801957590025,                123P   3647
-131.830578548894,218.032580826795,-3.60429084807685,                123P   3648
-132.59657001679,218.032580826795,-3.48308076905155,                 123P   3649
-133.36918346775,218.032580826795,-3.36003127587209,                 123P   3650
-134.095510036809,218.032580826795,-3.24360033349651,                123P   3651
-134.852871245642,218.032580826795,-3.12143789402944,                123P   3652
-135.538568003489,218.032580826795,-3.01014142951911,                123P   3653
-136.280018993191,218.032580826795,-2.88907436223165,                123P   3654
-136.924165278549,218.032580826795,-2.78326145123828,                123P   3655
-137.649065618056,218.032580826795,-2.66349841734175,                123P   3656
-138.250785996294,218.032580826795,-2.56351103510395,                123P   3657
-138.958513533868,218.032580826795,-2.44526078079578,                123P   3658
-139.516978725034,218.032580826795,-2.35143281397227,                123P   3659
-140.206930299639,218.032580826795,-2.23490381183745,                123P   3660
-140.721358057908,218.032580826795,-2.14755992861814,                123P   3661
-141.392950191724,218.032580826795,-2.03295991953522,                123P   3662
-141.862606138992,218.032580826795,-1.95241431238437,                123P   3663
-142.515275693551,218.032580826795,-1.83994975529549,                123P   3664
-142.939474094809,218.032580826795,-1.76650477664901,                123P   3665
-143.572678944645,218.032580826795,-1.65638020223182,                123P   3666
-143.950783471962,218.032580826795,-1.59032490516407,                123P   3667
-144.564003005813,218.032580826795,-1.482742216967,                  123P   3668
-144.895427310788,218.032580826795,-1.4243508576309,                 123P   3669
-145.471193127791,218.032580826795,-1.32251015041722,                123P   3670
-145.772372161531,218.032580826795,-1.26903887279977,                123P   3671
-146.302356847022,218.032580826795,-1.17457962624228,                123P   3672
-146.597619135436,218.032580826795,-1.12177875661715,                123P   3673
-147.064282540078,218.032580826795,-1.03801792775074,                123P   3674
-147.361174664114,218.032580826795,-0.984566316195341,               123P   3675
-147.756133063139,218.032580826795,-0.913217188237501,               123P   3676
-148.054495432867,218.032580826795,-0.859169632119242,               123P   3677
-148.377158617494,218.032580826795,-0.80053882573345,                123P   3678
-148.583473593513,218.032580826795,-0.762957748255671,               123P   3679
-148.698006999059,218.032580826795,-0.742063023278127,               123P   3680
-148.721522379857,218.032580826795,-0.737771679485292,               123P   3681
-7.41788638257457,0.,0.,4.40437163093862;                            123P   3682
128,3,1,3,1,0,0,0,0,0,-7.43874631556955,-7.43874631556955,           125P   3683
-7.43874631556955,-7.43874631556955,-7.41788638257457,               125P   3684
-7.41788638257457,-7.41788638257457,-7.41788638257457,               125P   3685
-1.34441506816689D-9,-1.34441506816689D-9,4.40502252597194,          125P   3686
4.40502252597194,1.00001591441118,0.845630522734581,                 125P   3687
0.845625217930854,1.,1.000015940731,0.845375221009275,               125P   3688
0.845369907432276,1.,-180.287613177932,-6.65523832380446D-8,         125P   3689
-3.30613065482206D-5,-180.287629857511,-6.653395328571D-8,           125P   3690
0.378345480006933,-180.045506622966,-6.65339526013835D-8,            125P   3691
0.669116108243027,-179.673376638733,-6.65523817952955D-8,            125P   3692
0.737609844631881,-149.332066905123,218.064802047385,                125P   3693
-3.23915239922562D-5,-149.331308751328,218.070258059193,             125P   3694
0.378732269311756,-149.088764066108,218.07025828096,                 125P   3695
0.669654364570922,-148.71694698293,218.06480252284,                  125P   3696
0.737771924908173,-7.43874631556955,-7.41788638257457,               125P   3697
-1.34441506816689D-9,4.40502252597194;                               125P   3698
128,21,27,3,3,0,0,1,0,0,0.,0.,0.,0.,0.05,0.1,0.15,0.2,0.25,0.3,      127P   3699
0.35,0.4,0.45,0.5,0.55,0.6,0.65,0.7,0.75,0.8,0.85,0.9,1.,1.,1.,      127P   3700
1.,-0.1,-0.1,-0.1,-0.1,0.,0.,0.,0.05,0.1,0.15,0.2,0.25,0.3,0.35,     127P   3701
0.4,0.45,0.5,0.55,0.6,0.65,0.7,0.75,0.8,0.85,0.9,1.,1.,1.,1.1,       127P   3702
1.1,1.1,1.1,1.,1.,1.,1.,1.,1.,1.,1.,1.,1.,1.,1.,1.,1.,1.,1.,1.,      127P   3703
1.,1.,1.,1.,1.,1.,1.,1.,1.,1.,1.,1.,1.,1.,1.,1.,1.,1.,1.,1.,1.,      127P   3704
1.,1.,1.,1.,1.,1.,1.,1.,1.,1.,1.,1.,1.,1.,1.,1.,1.,1.,1.,1.,1.,      127P   3705
1.,1.,1.,1.,1.,1.,1.,1.,1.,1.,1.,1.,1.,1.,1.,1.,1.,1.,1.,1.,1.,      127P   3706
1.,1.,1.,1.,1.,1.,1.,1.,1.,1.,1.,1.,1.,1.,1.,1.,1.,1.,1.,1.,1.,      127P   3707
1.,1.,1.,1.,1.,1.,1.,1.,1.,1.,1.,1.,1.,1.,1.,1.,1.,1.,1.,1.,1.,      127P   3708
1.,1.,1.,1.,1.,1.,1.,1.,1.,1.,1.,1.,1.,1.,1.,1.,1.,1.,1.,1.,1.,      127P   3709
1.,1.,1.,1.,1.,1.,1.,1.,1.,1.,1.,1.,1.,1.,1.,1.,1.,1.,1.,1.,1.,      127P   3710
1.,1.,1.,1.,1.,1.,1.,1.,1.,1.,1.,1.,1.,1.,1.,1.,1.,1.,1.,1.,1.,      127P   3711
1.,1.,1.,1.,1.,1.,1.,1.,1.,1.,1.,1.,1.,1.,1.,1.,1.,1.,1.,1.,1.,      127P   3712
1.,1.,1.,1.,1.,1.,1.,1.,1.,1.,1.,1.,1.,1.,1.,1.,1.,1.,1.,1.,1.,      127P   3713
1.,1.,1.,1.,1.,1.,1.,1.,1.,1.,1.,1.,1.,1.,1.,1.,1.,1.,1.,1.,1.,      127P   3714
1.,1.,1.,1.,1.,1.,1.,1.,1.,1.,1.,1.,1.,1.,1.,1.,1.,1.,1.,1.,1.,      127P   3715
1.,1.,1.,1.,1.,1.,1.,1.,1.,1.,1.,1.,1.,1.,1.,1.,1.,1.,1.,1.,1.,      127P   3716
1.,1.,1.,1.,1.,1.,1.,1.,1.,1.,1.,1.,1.,1.,1.,1.,1.,1.,1.,1.,1.,      127P   3717
1.,1.,1.,1.,1.,1.,1.,1.,1.,1.,1.,1.,1.,1.,1.,1.,1.,1.,1.,1.,1.,      127P   3718
1.,1.,1.,1.,1.,1.,1.,1.,1.,1.,1.,1.,1.,1.,1.,1.,1.,1.,1.,1.,1.,      127P   3719
1.,1.,1.,1.,1.,1.,1.,1.,1.,1.,1.,1.,1.,1.,1.,1.,1.,1.,1.,1.,1.,      127P   3720
1.,1.,1.,1.,1.,1.,1.,1.,1.,1.,1.,1.,1.,1.,1.,1.,1.,1.,1.,1.,1.,      127P   3721
1.,1.,1.,1.,1.,1.,1.,1.,1.,1.,1.,1.,1.,1.,1.,1.,1.,1.,1.,1.,1.,      127P   3722
1.,1.,1.,1.,1.,1.,1.,1.,1.,1.,1.,1.,1.,1.,1.,1.,1.,1.,1.,1.,1.,      127P   3723
1.,1.,1.,1.,1.,1.,1.,1.,1.,1.,1.,1.,1.,1.,1.,1.,1.,1.,1.,1.,1.,      127P   3724
1.,1.,1.,1.,1.,1.,1.,1.,1.,1.,1.,1.,1.,1.,1.,1.,1.,1.,1.,1.,1.,      127P   3725
1.,1.,1.,1.,1.,1.,1.,1.,1.,1.,1.,1.,1.,1.,1.,1.,1.,1.,1.,1.,1.,      127P   3726
1.,1.,1.,1.,1.,1.,1.,1.,1.,1.,1.,1.,1.,1.,1.,1.,1.,1.,1.,1.,1.,      127P   3727
1.,1.,1.,1.,1.,1.,1.,1.,1.,1.,1.,1.,1.,1.,1.,1.,1.,1.,1.,1.,1.,      127P   3728
1.,1.,1.,1.,1.,1.,1.,1.,1.,1.,1.,1.,1.,1.,1.,1.,1.,1.,1.,1.,1.,      127P   3729
1.,1.,1.,1.,1.,1.,1.,1.,1.,1.,1.,1.,1.,1.,1.,1.,1.,1.,1.,1.,1.,      127P   3730
1.,1.,1.,1.,1.,1.,1.,1.,1.,1.,1.,1.,1.,1.,1.,1.,1.,1.,1.,1.,1.,      127P   3731
1.,1.,1.,1.,1.,1.,1.,1.,1.,1.,1.,44.7278038080522,                   127P   3732
195.536767874001,12.8135506820337,44.4718471777856,                  127P   3733
195.415183549928,11.6063101017977,44.2031182406709,                  127P   3734
195.294387992477,10.4032700696116,43.9061154535415,                  127P   3735
195.175442817274,9.20898290843406,43.5731230159804,                  127P   3736
195.059039760667,8.02589628814697,43.2142420715339,                  127P   3737
194.945348800831,6.85379100880315,42.8623719387264,                  127P   3738
194.835467521003,5.69040683456681,42.5593302365285,                  127P   3739
194.733038607405,4.53347837200374,42.3132109912144,                  127P   3740
194.647599335251,3.38286572314236,42.1172829718188,                  127P   3741
194.583609965365,2.23939982498497,41.9953437980386,                  127P   3742
194.543202030361,1.10360405002454,41.977550013235,                   127P   3743
194.529728898335,-0.0248421391891356,42.0301514360852,               127P   3744
194.544586111797,-1.14843286227422,42.1086120413662,                 127P   3745
194.589268729141,-2.27029413088304,42.2683681908893,                 127P   3746
194.66165755563,-3.39075477123659,42.5276160634603,                  127P   3747
194.752908537555,-4.51066611528242,42.8687860842348,                 127P   3748
194.854843786365,-5.62499028872885,43.2495115791584,                 127P   3749
194.965814832629,-6.72168018029891,43.6355491263852,                 127P   3750
195.082255142483,-7.79595172690408,44.0033738032956,                 127P   3751
195.202542549708,-8.85433369965083,44.3485745084844,                 127P   3752
195.325474265608,-9.90666546264705,44.6813271652144,                 127P   3753
195.449597691893,-10.9587572753004,29.7360988997793,                 127P   3754
196.780742562599,12.7517525880729,29.5275514636507,                  127P   3755
196.69855286049,11.56179427456,29.3096284054298,                     127P   3756
196.617180480242,10.3747571455496,29.070724083669,                   127P   3757
196.537768619438,9.19384357575536,28.8045251228736,                  127P   3758
196.461229068102,8.0208323672555,28.5172790659158,                   127P   3759
196.388027365027,6.85567113439862,28.231637806336,                   127P   3760
196.319019789204,5.69691673775236,27.9776678350624,                  127P   3761
196.256379084439,4.54313180134149,27.7642126149316,                  127P   3762
196.205786708249,3.39430506412473,27.5914235433767,                  127P   3763
196.169144110894,2.25104199223374,27.4805105070002,                  127P   3764
196.146628093822,1.11368793747933,27.4565032071096,                  127P   3765
196.139454308326,-0.018030647897676,27.4998551566417,                127P   3766
196.148122703649,-1.14591395166773,27.5801444417326,                 127P   3767
196.173969744597,-2.27231991381992,27.7296590428566,                 127P   3768
196.216578157143,-3.39791154990366,27.9542544137092,                 127P   3769
196.271315684755,-4.52379888011271,28.2366643364227,                 127P   3770
196.333828631131,-5.6471028986302,28.5449288402817,                  127P   3771
196.403640393074,-6.76006056342412,28.854355167853,                  127P   3772
196.478467088654,-7.85957247217419,29.1488270738741,                 127P   3773
196.556976959093,-8.94994347113501,29.426071001307,                  127P   3774
196.63795658448,-10.0374495305507,29.6940517119136,                  127P   3775
196.720016895523,-11.1253774685401,14.7443939915064,                 127P   3776
198.024717251196,12.6899544941121,14.5832557495157,                  127P   3777
197.981922171053,11.5172784473224,14.4161385701887,                  127P   3778
197.939972968006,10.3462442214876,14.2353327137965,                  127P   3779
197.900094421602,9.17870424307666,14.0359272297667,                  127P   3780
197.863418375537,8.01576844636404,13.8203160602977,                  127P   3781
197.830705929222,6.85755125999409,13.6009036739456,                  127P   3782
197.802572057405,5.70342664093792,13.3960054335964,                  127P   3783
197.779719561473,4.55278523067924,13.2152142386488,                  127P   3784
197.763974081246,3.40574440510711,13.0655641149346,                  127P   3785
197.754678256423,2.26268415948252,12.9656772159619,                  127P   3786
197.750054157283,1.12377182493411,12.9354564009843,                  127P   3787
197.749179718317,-0.0112191566062163,12.9695588771983,               127P   3788
197.751659295502,-1.14339504106125,13.051676842099,                  127P   3789
197.758670760052,-2.2743456967568,13.1909498948239,                  127P   3790
197.771498758657,-3.40506832857072,13.3808927639581,                 127P   3791
197.789722831956,-4.53693164494299,13.6045425886105,                 127P   3792
197.812813475897,-5.66921550853155,13.840346101405,                  127P   3793
197.841465953519,-6.79844094654932,14.0731612093208,                 127P   3794
197.874679034826,-7.92319321744431,14.2942803444526,                 127P   3795
197.911411368477,-9.0455532426192,14.5035674941297,                  127P   3796
197.950438903353,-10.1682335984544,14.7067762586129,                 127P   3797
197.990436099153,-11.2919976617798,-0.247310916766491,               127P   3798
199.268691939794,12.6281564001512,-0.361039964619277,                127P   3799
199.265291481615,11.4727626200848,-0.477351265052433,                127P   3800
199.262765455771,10.3177312974255,-0.600058656076003,                127P   3801
199.262420223766,9.16356491039796,-0.732670663340204,                127P   3802
199.265607682972,8.01070452547257,-0.87664694532038,                 127P   3803
199.273384493417,6.85943138558956,-1.02983045844486,                 127P   3804
199.286124325606,5.70993654412348,-1.18565696786971,                 127P   3805
199.303060038507,4.56243866001699,-1.33378413763401,                 127P   3806
199.322161454243,3.41718374608949,-1.46029531350741,                 127P   3807
199.340212401951,2.27432632673129,-1.54915607507641,                 127P   3808
199.353480220744,1.1338557123889,-1.58559040514107,                  127P   3809
199.358905128308,-0.00440766531475672,-1.56073740224516,             127P   3810
199.355195887355,-1.14087613045477,-1.47679075753458,                127P   3811
199.343371775508,-2.27637147969368,-1.34775925320884,                127P   3812
199.326419360171,-3.41222510723778,-1.19246888579295,                127P   3813
199.308129979157,-4.55006440977327,-1.02757915920163,                127P   3814
199.291798320662,-5.6913281184329,-0.864236637471661,                127P   3815
199.279291513964,-6.83682132967452,-0.708032749211336,               127P   3816
199.270890980997,-7.98681396271442,-0.560266384968824,               127P   3817
199.265845777862,-9.14116301410338,-0.418936013047714,               127P   3818
199.262921222226,-10.299017666358,-0.28049919468786,                 127P   3819
199.260855302783,-11.4586178550195,-7.74316337090294,                127P   3820
199.890679284092,12.5972573531708,-7.83318782168676,                 127P   3821
199.906976136897,11.450504706466,-7.92409618267299,                  127P   3822
199.924161699654,10.3034748353945,-8.01775434101226,                 127P   3823
199.943583124848,9.15599524405861,-8.11696960989364,                 127P   3824
199.96670233669,8.00817256502683,-8.22512844812943,                  127P   3825
199.994723775515,6.8603714483873,-8.34519752464008,                  127P   3826
200.027900459706,5.71319149571625,-8.47648816860275,                 127P   3827
200.064730277024,4.56726537468586,-8.60828332577541,                 127P   3828
200.101255140742,3.42290341658068,-8.72322502772843,                 127P   3829
200.132979474716,2.28014741035567,-8.80657272059558,                 127P   3830
200.155193252475,1.13889765611629,-8.84611380820374,                 127P   3831
200.163767833303,-0.0010019196690269,-8.82588554196688,              127P   3832
200.156964183281,-1.13961667515153,-8.74102455735137,                127P   3833
200.135722283236,-2.27738437116212,-8.61711382722521,                127P   3834
200.103879660927,-3.41580349657131,-8.47914971066849,                127P   3835
200.067333552757,-4.55663079218841,-8.3436400331077,                 127P   3836
200.031290743045,-5.70238442338358,-8.21652800691,                   127P   3837
199.998204294186,-6.85601152123712,-8.09862972847743,                127P   3838
199.968996954083,-8.01862433534948,-7.98753974967956,                127P   3839
199.943062982554,-9.18896789984547,-7.8801877666364,                 127P   3840
199.919162381662,-10.3644097003099,-7.77413692133823,                127P   3841
199.896064904598,-11.5419279516393,-15.2364319237003,                127P   3842
200.511814943948,12.5659981791198,-15.3041030496247,                 127P   3843
200.548242640836,11.4281081257427,-15.3711452790273,                 127P   3844
200.585526865452,10.2892811570247,-15.4374976072523,                 127P   3845
200.62505700838,9.1485868274982,-15.5048840115699,                   127P   3846
200.668494799454,8.00573207202056,-15.5780159643534,                 127P   3847
200.717217766135,6.86128504058941,-15.6643416296784,                 127P   3848
200.770952494141,5.71642007256318,-15.7708927855667,                 127P   3849
200.827598274165,4.5721843848255,-15.8848995688092,                  127P   3850
200.88087601877,3.42878892044241,-15.9848958218321,                  127P   3851
200.925083473269,2.28613779303143,-16.0580738927125,                 127P   3852
200.955146948229,1.14417257016439,-16.0956019245363,                 127P   3853
200.966329311795,0.00281267188976742,-16.0792600108262,              127P   3854
200.956775031604,-1.13784916671782,-16.0004460280702,                127P   3855
200.927277995197,-2.27810180779365,-15.8886342054245,                127P   3856
200.881847424616,-3.41957108195013,-15.771342561412,                 127P   3857
200.827976539038,-4.56383146254424,-15.665254934472,                 127P   3858
200.772381764796,-5.71397664617524,-15.5731106611998,                127P   3859
200.718163282393,-6.87561543223494,-15.4925256684201,                127P   3860
200.667602565256,-8.05114342166901,-15.4163528232294,                127P   3861
200.620320660281,-9.23768276096482,-15.3407895218378,                127P   3862
200.575012509705,-10.4297878834527,-15.2648791783767,                127P   3863
200.530437565855,-11.6234936907767,-22.7236478797178,                127P   3864
201.130370894712,12.5342972435028,-22.7715704962853,                 127P   3865
201.188221743959,11.4053302022171,-22.8178607255851,                 127P   3866
201.246722665299,10.2749346301471,-22.8607562478703,                 127P   3867
201.307418329878,9.14124360565277,-22.9004485025138,                 127P   3868
201.372641527229,8.00324016917219,-22.9432509034035,                 127P   3869
201.443748196403,6.86210864630339,-23.0000327344528,                 127P   3870
201.518718302216,5.71987974963358,-23.0787336680011,                 127P   3871
201.593179766037,4.57753516435817,-23.1668262619048,                 127P   3872
201.660319251451,3.43511250740318,-23.2449876604002,                 127P   3873
201.713924865915,2.29249035493006,-23.3017238500254,                 127P   3874
201.749144618041,1.14981839581695,-23.3285648745816,                 127P   3875
201.761844079988,0.00727760752402548,-23.3141127602544,              127P   3876
201.750270188273,-1.13515515900424,-23.2553354812042,                127P   3877
201.715232955278,-2.27812282654606,-23.170395667348,                 127P   3878
201.660476541611,-3.42323974031092,-23.0812111486342,                127P   3879
201.592666528586,-4.57230239228809,-23.0027630774426,                127P   3880
201.51806751947,-5.72850650417067,-22.9414835401716,                 127P   3881
201.441744486352,-6.89840949215965,-22.8936831965939,                127P   3882
201.367849265741,-8.08645772559629,-22.8476112720691,                127P   3883
201.297656209287,-9.28860720893059,-22.7989549947502,                127P   3884
201.229659865507,-10.4941933898446,-22.7485283521072,                127P   3885
201.162344849964,-11.6994949446521,-30.2019706112727,                127P   3886
201.743774334487,12.5030110290813,-30.2328066187481,                 127P   3887
201.825518157521,11.3819224577385,-30.2618191932031,                 127P   3888
201.907345345167,10.2595828866595,-30.286007299382,                  127P   3889
201.991529280161,9.13300868877371,-30.304298414795,                  127P   3890
202.081841202573,7.99986218888659,-30.3246308296026,                 127P   3891
202.17681183543,6.86260288911585,-30.3574600700874,                  127P   3892
202.270774322963,5.72361846830166,-30.4051750053871,                 127P   3893
202.358153600142,4.58343421395633,-30.4600817689047,                 127P   3894
202.433675572077,3.4419946187177,-30.5100768114339,                  127P   3895
202.492308550526,2.29931689767969,-30.5455694815317,                 127P   3896
202.529947543985,1.15579011060202,-30.56027545525,                   127P   3897
202.543341265837,0.0120308167351667,-30.5503634938428,               127P   3898
202.530778173273,-1.13187874948467,-30.5159449483793,                127P   3899
202.49329587121,-2.27739945347745,-30.4647496869363,                 127P   3900
202.43396906836,-3.42682515682074,-30.4092987242264,                 127P   3901
202.357247816863,-4.58276613533237,-30.3608635727791,                127P   3902
202.267980129889,-5.7486454323712,-30.3260397272663,                 127P   3903
202.171035801651,-6.9291666445398,-30.302397431218,                  127P   3904
202.071488177618,-8.12848193771174,-30.2793718081035,                127P   3905
201.975035211435,-9.34152155780489,-30.2515937746113,                127P   3906
201.881791156668,-10.5543033146597,-30.2212329457859,                127P   3907
201.789435990512,-11.7645115812576,-37.6701911135719,                127P   3908
202.348813421237,12.4744256625129,-37.685157368904,                  127P   3909
202.457848118715,11.3580754020828,-37.6987096577316,                 127P   3910
202.566128411464,10.2415729095973,-37.7068722988527,                 127P   3911
202.676873588445,9.12117425690621,-37.7091278802132,                 127P   3912
202.79294441357,7.99375761561613,-37.7131023985667,                  127P   3913
202.908678343768,6.86193565939491,-37.7245475400921,                 127P   3914
203.017250871805,5.72706830598328,-37.743798036857,                  127P   3915
203.113138180508,4.58945680264051,-37.7668640811936,                 127P   3916
203.192000883555,3.44923923758504,-37.7876155917555,                 127P   3917
203.250792446055,2.30666076911047,-37.8007781000072,                 127P   3918
203.287876080139,1.16224395717837,-37.8048917678256,                 127P   3919
203.301386568618,0.0170948567919903,-37.8021902935326,               127P   3920
203.288907149964,-1.1278936603726,-37.7905754278833,                 127P   3921
203.252208029515,-2.27578545833255,-37.7708575317831,                127P   3922
203.192810819885,-3.43005861730127,-37.7480652140758,                127P   3923
203.112031262781,-4.59381024746501,-37.728497516019,                 127P   3924
203.012627159751,-5.77013661326985,-37.7163176775486,                127P   3925
202.898714765208,-6.96198227718568,-37.7107356639251,                127P   3926
202.775713592532,-8.17032867042469,-37.7053268430877,                127P   3927
202.65110306584,-9.38821270147576,-37.694709828754,                  127P   3928
202.529204524281,-10.6027942977321,-37.680911002382,                 127P   3929
202.408688816609,-11.8134087720499,-45.1289232150439,                127P   3930
202.94220171102,12.4520791151762,-45.1271971176,                     127P   3931
203.080674565507,11.3357703269498,-45.1247977077761,                 127P   3932
203.217350236222,10.2208526874317,-45.1189756244422,                 127P   3933
203.353206762945,9.10564085066138,-45.1102938669746,                 127P   3934
203.49059811182,7.98582300167885,-45.1022179420979,                  127P   3935
203.624658280543,6.86053219294287,-45.0960800540735,                 127P   3936
203.74656397417,5.7300503226443,-45.0913300537472,                   127P   3937
203.848140335063,4.5950576265385,-45.0868503273811,                  127P   3938
203.92541673999,3.45627773450809,-45.08175228667,                    127P   3939
203.979075938807,2.31433750407802,-45.076028093561,                  127P   3940
204.011729454687,1.16985408814511,-45.072476205603,                  127P   3941
204.023888556017,0.023966583485566,-45.0761124123223,                127P   3942
204.01324956777,-1.12225868858387,-45.082734809523,                  127P   3943
203.981330454522,-2.27281818887203,-45.0890049101853,                127P   3944
203.92703495019,-3.4318721194576,-45.094233011295,                   127P   3945
203.847139552408,-4.6026805804452,-45.0992747438672,                 127P   3946
203.740569269941,-5.78748337555932,-45.1054743210488,                127P   3947
203.611119730737,-6.98673687447863,-45.1132777679431,                127P   3948
203.46694045632,-8.19811467399031,-45.1209620818172,                 127P   3949
203.317096683314,-9.41536280010564,-45.1257145984079,                127P   3950
203.166778754982,-10.6307690406178,-45.1280911470273,                127P   3951
203.016171516551,-11.8436949395028,-52.5801942274408,                127P   3952
203.521414135535,12.4396621929203,-52.5608787658288,                 127P   3953
203.684909148002,11.3211485792891,-52.5425334940319,                 127P   3954
203.845269404925,10.2056471997671,-52.525387694327,                  127P   3955
204.000451310556,9.09443774155462,-52.5085017974195,                 127P   3956
204.155755655896,7.98049264424297,-52.4910307177691,                 127P   3957
204.308471898861,6.85990136426896,-52.4711619246208,                 127P   3958
204.445934710579,5.73254745910411,-52.4466390366529,                 127P   3959
204.551867485069,4.59958368490397,-52.4188625018527,                 127P   3960
204.622627920818,3.46226348749471,-52.3928210751913,                 127P   3961
204.667079837712,2.32157867951694,-52.3735663985762,                 127P   3962
204.692564902392,1.17828001461456,-52.3658266926398,                 127P   3963
204.701817418828,0.0329010337143355,-52.3726716900004,               127P   3964
204.694559907881,-1.11499408251381,-52.3917132549125,                127P   3965
204.670222993032,-2.26841554312103,-52.4182075770973,                127P   3966
204.625225491439,-3.43119796034274,-52.4466607372719,                127P   3967
204.551330354059,-4.60677411218998,-52.4717580692342,                127P   3968
204.439054840014,-5.79714105887975,-52.4923269927446,                127P   3969
204.292247214577,-7.00064971254353,-52.510925181391,                 127P   3970
204.127218800049,-8.21214264409768,-52.5293167780373,                127P   3971
203.956285478503,-9.42634629650685,-52.5479473955457,                127P   3972
203.782769053422,-10.6413600018195,-52.5669002415284,                127P   3973
203.606167229212,-11.857866547573,-60.0267042369369,                 127P   3974
204.085729521273,12.4394742805656,-59.9916833312908,                 127P   3975
204.26092817759,11.3214558807944,-59.9592244039743,                  127P   3976
204.433716583755,10.2062370414662,-59.9319150588365,                 127P   3977
204.602550950735,9.09504725942244,-59.9068379269846,                 127P   3978
204.77302868695,7.9812874126925,-59.8804768379242,                   127P   3979
204.943184148274,6.8611530331277,-59.8494655533457,                  127P   3980
205.098371254987,5.73449842184528,-59.8083646527096,                 127P   3981
205.208363901664,4.60247786004051,-59.7608426158358,                 127P   3982
205.270400307228,3.46635876928707,-59.7183506384863,                 127P   3983
205.306815299653,2.32709331085082,-59.6888178513311,                 127P   3984
205.327126421193,1.18518915354891,-59.6774557474204,                 127P   3985
205.334514301495,0.0404730561990815,-59.6863853010645,               127P   3986
205.329426780004,-1.10827002773425,-59.7141529470493,                127P   3987
205.310562712735,-2.26339493551186,-59.7559367303991,                127P   3988
205.273807726796,-3.42798794904467,-59.8037191590553,                127P   3989
205.208480866821,-4.60527039531182,-59.845409139309,                 127P   3990
205.090969694657,-5.79834698543675,-59.8778628449067,                127P   3991
204.925170952283,-7.00486703676512,-59.9072191784451,                127P   3992
204.74145773558,-8.21754850803862,-59.9368558551266,                 127P   3993
204.554071267478,-9.43127295461099,-59.9692993253091,                127P   3994
204.365375427259,-10.6455509459077,-60.0046823660769,                127P   3995
204.174022753682,-11.8617768768,-67.4701814066816,                   127P   3996
204.637575078639,12.4507966960367,-67.4243643374957,                 127P   3997
204.809873716369,11.3358753421335,-67.3811209187386,                 127P   3998
204.982343894139,10.2218543372414,-67.3439334154672,                 127P   3999
205.15726652522,9.10695515092603,-67.3093586061731,                  127P   4000
205.336975692683,7.98793489206115,-67.2719774223441,                 127P   4001
205.515606248828,6.86412683010214,-67.2278314833821,                 127P   4002
205.677174844197,5.7357371329752,-67.1723284552972,                  127P   4003
205.791898161277,4.60344073271278,-67.1107002793127,                 127P   4004
205.857114097813,3.4679658158375,-67.0561941514483,                  127P   4005
205.894888327095,2.32980688989595,-67.018425269602,                  127P   4006
205.915433989266,1.18901993130795,-67.0034647717478,                 127P   4007
205.922770295048,0.0449935789808284,-67.0136322378591,               127P   4008
205.917748075788,-1.10365380517997,-67.0474472598869,                127P   4009
205.898669854949,-2.25897489260422,-67.0995238521165,                127P   4010
205.860565820502,-3.4236137840839,-67.1605194278472,                 127P   4011
205.792015513001,-4.60065407591356,-67.2168396912846,                127P   4012
205.66960954923,-5.79350660626892,-67.2639013747456,                 127P   4013
205.497075965026,-7.00063570717334,-67.3070335222964,                127P   4014
205.304614532979,-8.21542347312402,-67.3502152174695,                127P   4015
205.108530041519,-9.43150621921211,-67.397273081668,                 127P   4016
204.914844893246,-10.6447764267597,-67.4481158158118,                127P   4017
204.72248866017,-11.8563225242972,-74.9097897696024,                 127P   4018
205.181799870485,12.4701067095792,-74.8591973614099,                 127P   4019
205.342597819749,11.3561449063514,-74.8100033652158,                 127P   4020
205.505210751526,10.2416023214661,-74.7645383482144,                 127P   4021
205.67552995739,9.12228665265645,-74.7199691805383,                  127P   4022
205.854827507166,7.99650412836857,-74.6698417990173,                 127P   4023
206.031022360929,6.86735844314217,-74.6105860765353,                 127P   4024
206.187338089593,5.73592222719406,-74.542058093825,                  127P   4025
206.306855934393,4.60243001294618,-74.4704612698325,                 127P   4026
206.386066057148,3.4669280949879,-74.4069237508327,                  127P   4027
206.434227384168,2.32932502334199,-74.3621233380537,                 127P   4028
206.460226271235,1.18925215632105,-74.343531064634,                  127P   4029
206.469111480072,0.0459133117826587,-74.3541612359735,               127P   4030
206.462220680879,-1.10198083998683,-74.3921864366899,                127P   4031
206.437416561567,-2.25623809785799,-74.4511543506794,                127P   4032
206.388755412085,-3.41926223774721,-74.5210704927437,                127P   4033
206.30635637721,-4.59398234716349,-74.5911826698851,                 127P   4034
206.180167788569,-5.78308975621996,-74.6557949760214,                127P   4035
206.013797048073,-6.98674076750195,-74.715487078615,                 127P   4036
205.82469943462,-8.20125986176927,-74.7738767922544,                 127P   4037
205.631054074548,-9.41845246969821,-74.8352048224639,                127P   4038
205.443984741469,-10.6295814604862,-74.899163026175,                 127P   4039
205.261431978462,-11.8365371016763,-82.3421186674565,                127P   4040
205.723089151634,12.4929813221086,-82.2922970231152,                 127P   4041
205.870109481675,11.3754659523734,-82.2427459845638,                 127P   4042
206.018991012788,10.2565710916474,-82.1933490933885,                 127P   4043
206.175492900717,9.13275126836004,-82.141055760538,                  127P   4044
206.343845155938,8.0022741386988,-82.0797687182379,                  127P   4045
206.511197369994,6.86891111775199,-82.007610538052,                  127P   4046
206.661556591283,5.73460144657942,-81.9274211157957,                 127P   4047
206.784065471135,4.59958315688368,-81.8463342447925,                 127P   4048
206.874349403978,3.46352452757421,-81.7746571657692,                 127P   4049
206.933939514819,2.3259198767135,-81.7233998748669,                  127P   4050
206.967395079832,1.18613550235821,-81.7011335049442,                 127P   4051
206.97859702938,0.0433539952982412,-81.7116281908355,                127P   4052
206.968798436932,-1.10349471621761,-81.7529188656586,                127P   4053
206.936110008102,-2.25582694811525,-81.8179911080647,                127P   4054
206.87598087089,-3.41551242667972,-81.8969615814322,                 127P   4055
206.783182288914,-4.58485966455846,-81.9802117183434,                127P   4056
206.655637187084,-5.76626403981841,-82.0609635851682,                127P   4057
206.497404585775,-6.96143577589043,-82.1365278713787,                127P   4058
206.319571303911,-8.16957342876947,-82.2087642053028,                127P   4059
206.13969317428,-9.38321693186594,-82.2812813012478,                 127P   4060
205.967977450582,-10.5925663381211,-82.3544954652267,                127P   4061
205.800352397705,-11.7989384503495,-89.7623578427529,                127P   4062
206.264322517225,12.5155790248224,-89.7177780439737,                 127P   4063
206.39859334882,11.3915579226177,-89.672845185911,                   127P   4064
206.534184400994,10.2660281120973,-89.6257279655113,                 127P   4065
206.674572474662,9.13692110216899,-89.5716178385894,                 127P   4066
206.824499640719,8.00339281231101,-89.5040600095356,                 127P   4067
206.978131507374,6.86768546625908,-89.4230206099161,                 127P   4068
207.121176579036,5.73150769350462,-89.3339037782917,                 127P   4069
207.243505763629,4.59517235190261,-89.2450005222009,                 127P   4070
207.339489354694,3.45831022355965,-89.1667205765523,                 127P   4071
207.406954278278,2.32029046377041,-89.1102011776629,                 127P   4072
207.446528037434,1.18041242252956,-89.0845944709455,                 127P   4073
207.45974571739,0.0379558398727753,-89.0943156631891,                127P   4074
207.447226148648,-1.10784266872435,-89.1377368107772,                127P   4075
207.407979162091,-2.25785782513017,-89.2079838295461,                127P   4076
207.340092735719,-3.41316966830419,-89.2953573391711,                127P   4077
207.242566406512,-4.57518140399499,-89.390054919846,                 127P   4078
207.117213573549,-5.74578543356571,-89.4838169006668,                127P   4079
206.969324846313,-6.92748270259493,-89.571055255868,                 127P   4080
206.80860150301,-8.12283103225949,-89.6517039117406,                 127P   4081
206.649216923303,-9.32979858820672,-89.7298907386276,                127P   4082
206.495430844537,-10.5380573368529,-89.8076424173365,                127P   4083
206.343803384219,-11.7450361725446,-97.1654248119043,                127P   4084
206.806529807535,12.5354387423603,-97.1300443672137,                 127P   4085
206.930179361545,11.4044648982036,-97.0937994256189,                 127P   4086
207.054483786861,10.27240789583,-97.0541728805589,                   127P   4087
207.18094156985,9.13819869934944,-97.0057989421169,                  127P   4088
207.31213193611,8.00171024201994,-96.9403416353209,                  127P   4089
207.448544456772,6.86428512494071,-96.8566392243127,                 127P   4090
207.581052758441,5.72694294368978,-96.7638202754035,                 127P   4091
207.699238909626,4.58964296985917,-96.6724402745821,                 127P   4092
207.795970193593,3.45196758232013,-96.5928807943736,                 127P   4093
207.866865822951,2.31331894492172,-96.5352764059845,                 127P   4094
207.909826343655,1.17307772938826,-96.5079734462557,                 127P   4095
207.924204196,0.0307052992937702,-96.5155574556391,                  127P   4096
207.909895768473,-1.11421821958749,-96.557603261924,                 127P   4097
207.866916827581,-2.26200776290834,-96.6288191160159,                127P   4098
207.795776768149,-3.41295168376916,-96.7205832177873,                127P   4099
207.698434311165,-4.56752732582876,-96.8227528651111,                127P   4100
207.579055990266,-5.72692092406688,-96.9242231818308,                127P   4101
207.444382831976,-6.89421145291619,-97.0152813615986,                127P   4102
207.303869481154,-8.07626575384959,-97.0965601552809,                127P   4103
207.165162844438,-9.27415104217224,-97.1743233584283,                127P   4104
207.028336071774,-10.4767370353697,-97.2513778330469,                127P   4105
206.892142824119,-11.6794852202034,-104.546588030825,                127P   4106
207.349434095039,12.5516092519262,-104.524975755532,                 127P   4107
207.464843709486,11.4147939882962,-104.501802448646,                 127P   4108
207.580337763761,10.2774392506052,-104.473971037474,                 127P   4109
207.696227393474,9.13910442095775,-104.436651103124,                 127P   4110
207.813307212454,7.99986575074647,-104.382238330443,                 127P   4111
207.932654608242,6.86051177730859,-104.305423043834,                 127P   4112
208.051518363541,5.72188811417948,-104.217367379091,                 127P   4113
208.161861876153,4.5837014822876,-104.133907756183,                  127P   4114
208.255465258995,3.44524828607808,-104.064891502396,                 127P   4115
208.326349068056,2.30590667603545,-104.016113561281,                 127P   4116
208.370395051659,1.16516913033495,-103.991375020897,                 127P   4117
208.385215421023,0.0227001598713705,-103.993935451519,               127P   4118
208.370108554131,-1.1216093548493,-104.026308353047,                 127P   4119
208.325892336646,-2.26763022838245,-104.088288274273,                127P   4120
208.254894164082,-3.41508649599634,-104.175423306909,                127P   4121
208.161225541248,-4.56386814522602,-104.277698313518,                127P   4122
208.050894542286,-5.71484676959732,-104.377707960043,                127P   4123
207.931385207977,-6.87184201095197,-104.463071995856,                127P   4124
207.809862538184,-8.04243762680954,-104.538236383711,                127P   4125
207.68823271487,-9.22633822238197,-104.609198505475,                 127P   4126
207.566072734659,-10.4164325469541,-104.678908407224,                127P   4127
207.443581119607,-11.6082232773723,-111.90197778421,                 127P   4128
207.892118779747,12.5642237849509,-111.900103278936,                 127P   4129
208.001726662113,11.4231388416245,-111.895907983484,                 127P   4130
208.111049969944,10.2819147680496,-111.885412623284,                 127P   4131
208.219688468685,9.14048980079257,-111.863679380877,                 127P   4132
208.327333773713,7.99900326695517,-111.825422382101,                 127P   4133
208.433926699468,6.85783942391383,-111.766326077841,                 127P   4134
208.539202970279,5.71758695392197,-111.694924223118,                 127P   4135
208.639210872311,4.57823377267227,-111.634905705919,                 127P   4136
208.72735887653,3.43892517308109,-111.596296337926,                  127P   4137
208.796617974895,2.29887404244338,-111.573963306534,                 127P   4138
208.840785345481,1.15760541043402,-111.559916427322,                 127P   4139
208.855892712646,0.0149332596792513,-111.552900027351,               127P   4140
208.840662066744,-1.12903050448585,-111.56097408058,                 127P   4141
208.796416366,-2.27388944674319,-111.595705108229,                   127P   4142
208.727090297083,-3.41909293541637,-111.663629558607,                127P   4143
208.638797824696,-4.56428068644283,-111.754417601162,                127P   4144
208.539200628257,-5.71001475649921,-111.841539208507,                127P   4145
208.434530865892,-6.85964514661717,-111.91414037301,                 127P   4146
208.327452442084,-8.01841414264951,-111.975868568389,                127P   4147
208.218246429141,-9.18650402308975,-112.031228850564,                127P   4148
208.107362657656,-10.3605977097759,-112.084147067881,                127P   4149
207.995709449645,-11.5370267996757,-119.229282137409,                127P   4150
208.433599473851,12.5739564434443,-119.254492397585,                 127P   4151
208.539750417957,11.4299949706458,-119.276901659904,                 127P   4152
208.645448291205,10.2861108115653,-119.291892212565,                 127P   4153
208.749927272983,9.14244568903084,-119.29412074191,                  127P   4154
208.85226230726,7.99918603122413,-119.279041040497,                  127P   4155
208.951516751051,6.85654881044981,-119.245594612642,                 127P   4156
209.046776556446,5.71478370342838,-119.203777654743,                 127P   4157
209.136745281823,4.57399754820721,-119.18499054576,                  127P   4158
209.219169169404,3.43365656544787,-119.202634371664,                 127P   4159
209.287149718345,2.29286922908134,-119.230619572343,                 127P   4160
209.331855082864,1.15107888322747,-119.239462796071,                 127P   4161
209.347822386738,0.00815911878428546,-119.218622324502,              127P   4162
209.33283704235,-1.13564280423525,-119.182970588268,                 127P   4163
209.28820888819,-2.27978355748392,-119.165950188859,                 127P   4164
209.220107718036,-3.42350856871152,-119.197267890346,                127P   4165
209.137414768621,-4.56597537351601,-119.262661615502,                127P   4166
209.047700555913,-5.70715142516042,-119.326455821976,                127P   4167
208.953726844336,-6.85002332257471,-119.375946372525,                127P   4168
208.855650341397,-7.9980088656366,-119.411815167302,                 127P   4169
208.754275255189,-9.15176267361266,-119.438823515554,                127P   4170
208.650801492782,-10.3098857313077,-119.462255787454,                127P   4171
208.546466272188,-11.4699767925172,-126.528506087161,                127P   4172
208.973194215186,12.5816219132888,-126.588865033272,                 127P   4173
209.077962212668,11.4357812764251,-126.646525810308,                 127P   4174
209.182277325017,10.2901033357497,-126.697153736584,                 127P   4175
209.28530225756,9.1448181978254,-126.73597083585,                    127P   4176
209.385885978517,8.00014869874988,-126.759401786279,                 127P   4177
209.482631777249,6.85626941940493,-126.767952610763,                 127P   4178
209.574025517653,5.71328997230165,-126.772744891265,                 127P   4179
209.658950873633,4.57121687863269,-126.808764308463,                 127P   4180
209.737431857257,3.42977025656705,-126.902300425105,                 127P   4181
209.805182558504,2.28825134863999,-127.001143343011,                 127P   4182
209.851767407563,1.1459838818799,-127.046565279137,                  127P   4183
209.869985040404,0.00284771384131612,-127.013768574156,              127P   4184
209.85529787085,-1.14076155710852,-126.918699554657,                 127P   4185
209.808806590889,-2.28412029914899,-126.830592548844,                127P   4186
209.739967141161,-3.42604751917717,-126.811551498663,                127P   4187
209.661623083262,-4.56519800143065,-126.831529768344,                127P   4188
209.577167436538,-5.70201871340344,-126.850848631746,                127P   4189
209.487287546539,-6.83894358022153,-126.856807478456,                127P   4190
209.392786131822,-7.97788814717382,-126.849015959846,                127P   4191
209.294937456858,-9.11957637743061,-126.831873582297,                127P   4192
209.195131598534,-10.2636172376321,-126.810834680067,                127P   4193
209.09457623316,-11.408819778166,-133.80245114062,                   127P   4194
209.510692980065,12.5879590450768,-133.905757406477,                 127P   4195
209.615732040338,11.4408530261528,-134.007246103642,                 127P   4196
209.720450157032,10.2939242979002,-134.104141956712,                 127P   4197
209.824191701527,9.14742351266167,-134.193777000959,                 127P   4198
209.925964159349,8.00159090357278,-134.275203823015,                 127P   4199
210.02446899963,6.85660491077136,-134.351733954034,                  127P   4200
210.118234813697,5.71255768561331,-134.434614951346,                 127P   4201
210.205863814113,4.56943511417177,-134.547643132714,                 127P   4202
210.285990205074,3.4270550326003,-134.71458142173,                   127P   4203
210.354192794314,2.28494365096393,-134.881654307906,                 127P   4204
210.405435193713,1.14234104273348,-134.972362369552,                 127P   4205
210.427834486205,-0.000827056856184299,-134.942420069056,            127P   4206
210.411844063096,-1.14391350077751,-134.795381021907,                127P   4207
210.362693664057,-2.28586412941841,-134.639118872665,                127P   4208
210.290823048506,-3.42518127889403,-134.542985602938,                127P   4209
210.210531009394,-4.56098388676283,-134.479863310194,                127P   4210
210.123963794732,-5.69399092463843,-134.423294516529,                127P   4211
210.032270051926,-6.8255422606729,-134.360992523474,                 127P   4212
209.936796032978,-7.95677092973161,-134.289885492184,                127P   4213
209.83882193594,-9.08840995365273,-134.211976120967,                 127P   4214
209.739479617074,-10.2206800271813,-134.131055205269,                127P   4215
209.639643175124,-11.3533351509902,-141.056611842812,                127P   4216
210.046358399911,12.5935454750729,-141.20933942682,                  127P   4217
210.152824871305,11.44549886141,-141.361968791123,                   127P   4218
210.25920346444,10.2976136509046,-141.514596395396,                  127P   4219
210.365228498335,9.15012672174801,-141.668003169183,                 127P   4220
210.470380316508,8.00327772143619,-141.824578502619,                 127P   4221
210.573821652858,6.85725932920811,-141.989633059711,                 127P   4222
210.674321830386,5.71219006311106,-142.172120162123,                 127P   4223
210.770055071197,4.56809750228948,-142.381820412064,                 127P   4224
210.858147243511,3.42488684968835,-142.616738084224,                 127P   4225
210.934466413649,2.28225974843494,-142.832755838523,                 127P   4226
210.995113919728,1.1396625671636,-142.967254950493,                  127P   4227
211.021182096314,-0.00301920350007301,-142.953166451538,             127P   4228
210.998036711398,-1.14511464290995,-142.782812293367,                127P   4229
210.942947224141,-2.28506005389558,-142.565064103704,                127P   4230
210.86564382228,-3.42170042956433,-142.368363557015,                 127P   4231
210.777211517197,-4.55449786946939,-142.197067773726,                127P   4232
210.682942615452,-5.68376158901503,-142.040128626887,                127P   4233
210.58523432648,-6.81016398788233,-141.887977694493,                 127P   4234
210.485508876231,-7.93449152803497,-141.735780731277,                127P   4235
210.38470872564,-9.05752852533363,-141.582283186507,                 127P   4236
210.283439538367,-10.1799330367938,-141.42797976068,                 127P   4237
210.182039131936,-11.3021414572933,-148.298294013537,                127P   4238
210.580796370334,12.5987831388042,-148.504735178474,                 127P   4239
210.689352370756,11.44993491341,-148.713489352046,                   127P   4240
210.798122089107,10.3012225628501,-148.928532611484,                 127P   4241
210.907361911094,9.15285543265482,-149.154851464484,                 127P   4242
211.017198662951,8.00506106606478,-149.397718786537,                 127P   4243
211.127415032247,6.85804338018566,-149.66158292477,                  127P   4244
211.237130718028,5.71195631234922,-149.947751248265,                 127P   4245
211.344361095426,4.56688773105711,-150.249787321748,                 127P   4246
211.445637485398,3.42284325069307,-150.547243711344,                 127P   4247
211.535825056478,2.27973039493749,-150.801717393692,                 127P   4248
211.606103603918,1.13738799373963,-150.959402615201,                 127P   4249
211.635067968574,-0.00432176691148532,-150.952821153758,             127P   4250
211.603789387864,-1.14505546469925,-150.781935859597,                127P   4251
211.538351016119,-2.28297058337707,-150.524489513443,                127P   4252
211.451648215768,-3.41707599753602,-150.240132793664,                127P   4253
211.352918730535,-4.54685576160051,-149.958076013991,                127P   4254
211.248734342139,-5.67224784827888,-149.688468249093,                127P   4255
211.142813463589,-6.79355369062524,-149.432160694104,                127P   4256
211.036912106017,-7.91139700232869,-149.186266871412,                127P   4257
210.931645899136,-9.02666432539324,-148.946722405171,                127P   4258
210.826995972101,-10.1403746833619,-148.709675227774,                127P   4259
210.722651533873,-11.2534730478057,-155.53489613397,                 127P   4260
211.1147189311,12.6039138000437,-155.796870892442,                   127P   4261
211.225613896004,11.454302505367,-156.063915634312,                  127P   4262
211.337054191943,10.304800063662,-156.34435450628,                   127P   4263
211.449867467292,9.15558480881254,-156.64759996781,                  127P   4264
211.564883459171,8.00686746914508,-156.981172603872,                 127P   4265
211.682574339849,6.8588590494044,-157.34668728837,                   127P   4266
211.8025570869,5.71174825414073,-157.735440572217,                   127P   4267
211.922890789267,4.56569276037449,-158.125570528965,                 127P   4268
212.039021795976,3.42082498461993,-158.483153912493,                 127P   4269
212.142174160418,2.27726283029106,-158.766449004666,                 127P   4270
212.217675916283,1.13509903150183,-158.928308110669,                 127P   4271
212.245859733956,-0.00563539870395427,-158.928765016945,             127P   4272
212.213978473373,-1.1446109142995,-158.769178611973,                 127P   4273
212.139939188737,-2.28047219217142,-158.485399300659,                127P   4274
212.041904070502,-3.41210653072581,-158.125568155062,                127P   4275
211.931711132291,-4.53881727953674,-157.736338574991,                127P   4276
211.816949020064,-5.6602529606108,-157.350693400743,                 127P   4277
211.702126703188,-6.77645868370139,-156.98435564994,                 127P   4278
211.589338933576,-7.88796100365621,-156.639156374734,                127P   4279
211.478958122905,-8.99577156935959,-156.308906802565,                127P   4280
211.370349067424,-10.1012440137068,-155.985007964156,                127P   4281
211.262516620878,-11.2057610016334,-162.771498254402,                127P   4282
211.648641491867,12.6090444612832,-163.08900660641,                  127P   4283
211.761875421253,11.4586700973239,-163.414341916577,                 127P   4284
211.875986294779,10.308377564474,-163.760176401076,                  127P   4285
211.992373023489,9.15831418497026,-164.140348471137,                 127P   4286
212.11256825539,8.00867387222538,-164.564626421207,                  127P   4287
212.237733647451,6.85967471862313,-165.03179165197,                  127P   4288
212.367983455771,5.71154019593224,-165.523129896168,                 127P   4289
212.501420483108,4.56449778969187,-166.001353736182,                 127P   4290
212.632406106554,3.4188067185468,-166.419064113642,                  127P   4291
212.748523264357,2.27479526564464,-166.731180615641,                 127P   4292
212.829248228648,1.13281006926402,-166.897213606137,                 127P   4293
212.856651499338,-0.00694903049642323,-166.904708880132,             127P   4294
212.824167558882,-1.14416636389974,-166.75642136435,                 127P   4295
212.741527361355,-2.27797380096578,-166.446309087875,                127P   4296
212.632159925235,-3.4071370639156,-166.01100351646,                  127P   4297
212.510503534048,-4.53077879747296,-165.514601135992,                127P   4298
212.385163697989,-5.64825807294272,-165.012918552392,                127P   4299
212.261439942788,-6.75936367677755,-164.536550605776,                127P   4300
212.141765761135,-7.86452500498373,-164.092045878056,                127P   4301
212.026270346674,-8.96487881332595,-163.671091199959,                127P   4302
211.913702162746,-10.0621133440518,-163.260340700538,                127P   4303
211.802381707883,-11.158048955461,-170.008100374835,                 127P   4304
212.182564052634,12.6141751225226,-170.381142320378,                 127P   4305
212.298136946502,11.4630376892809,-170.764768198843,                 127P   4306
212.414918397614,10.311955065286,-171.175998295872,                  127P   4307
212.534878579687,9.16104356112798,-171.633096974464,                 127P   4308
212.660253051609,8.01048027530568,-172.148080238542,                 127P   4309
212.792892955053,6.86049038784187,-172.716896015571,                 127P   4310
212.933409824643,5.71133213772376,-173.31081922012,                  127P   4311
213.079950176949,4.56330281900925,-173.8771369434,                   127P   4312
213.225790417132,3.41678845247367,-174.354974314791,                 127P   4313
213.354872368297,2.27232770099821,-174.695912226616,                 127P   4314
213.440820541013,1.13052110702622,-174.866119101604,                 127P   4315
213.467443264721,-0.00826266228889219,-174.880652743318,             127P   4316
213.434356644391,-1.14372181349998,-174.743664116726,                127P   4317
213.343115533973,-2.27547540976013,-174.40721887509,                 127P   4318
213.222415779969,-3.40216759710538,-173.896438877857,                127P   4319
213.089295935804,-4.52274031540919,-173.292863696992,                127P   4320
212.953378375914,-5.63626318527464,-172.675143704042,                127P   4321
212.820753182388,-6.74226866985371,-172.088745561613,                127P   4322
212.694192588695,-7.84108900631125,-171.544935381377,                127P   4323
212.573582570444,-8.93398605729231,-171.033275597354,                127P   4324
212.457055258069,-10.0229826743967,-170.535673436921,                127P   4325
212.342246794888,-11.1103369092887,-177.244702495268,                127P   4326
212.7164866134,12.6193057837621,-177.673278034346,                   127P   4327
212.83439847175,11.4674052812379,-178.115194481109,                  127P   4328
212.95385050045,10.3155325660979,-178.591820190668,                  127P   4329
213.077384135884,9.1637729372857,-179.12584547779,                   127P   4330
213.207937847828,8.01228667838598,-179.731534055878,                 127P   4331
213.348052262656,6.86130605706061,-180.402000379171,                 127P   4332
213.498836193514,5.71112407951527,-181.098508544071,                 127P   4333
213.65847987079,4.56210784832663,-181.752920150617,                  127P   4334
213.81917472771,3.41477018640054,-182.29088451594,                   127P   4335
213.961221472236,2.26986013635178,-182.660643837591,                 127P   4336
214.052392853378,1.12823214478842,-182.835024597072,                 127P   4337
214.078235030103,-0.00957629408136114,-182.856596606505,             127P   4338
214.044545729901,-1.14327726310023,-182.730906869103,                127P   4339
213.94470370659,-2.27297701855449,-182.368128662306,                 127P   4340
213.812671634703,-3.39719813029517,-181.781874239255,                127P   4341
213.668088337561,-4.51470183334541,-181.071126257993,                127P   4342
213.521593053839,-5.62426829760657,-180.337368855692,                127P   4343
213.380066421988,-6.72517366292987,-179.640940517449,                127P   4344
213.246619416254,-7.81765300763877,-178.997824884699,                127P   4345
213.120894794213,-8.90309330125867,-178.395459994748,                127P   4346
213.000408353392,-9.98385200474165,-177.811006173303,                127P   4347
212.882111881893,-11.0626248631164,0.,1.,-0.1,1.1;                   127P   4348
128,9,25,3,3,0,0,1,0,0,-0.00269587757777143,                         129P   4349
-0.00269587757777143,-0.00269587757777143,-0.00269587757777143,      129P   4350
0.,0.,0.,0.0245079779797402,0.0245079779797402,                      129P   4351
0.0245079779797402,0.0269587757777143,0.0269587757777143,            129P   4352
0.0269587757777143,0.0269587757777143,-0.605251599851686,            129P   4353
-0.605251599851686,-0.605251599851686,-0.605251599851686,            129P   4354
-1.90174145519565D-5,-1.90174145519565D-5,-1.90174145519565D-5,      129P   4355
0.042984678548119,0.042984678548119,0.085969357096238,               129P   4356
0.085969357096238,0.171938714192476,0.171938714192476,               129P   4357
0.343877428384952,0.343877428384952,0.687754856769904,               129P   4358
0.687754856769904,1.03163228515486,1.03163228515486,                 129P   4359
1.37550971353981,1.37550971353981,2.06326457030971,                  129P   4360
2.06326457030971,2.75103817548151,2.75103817548151,                  129P   4361
2.75103817548151,3.35627075791864,3.35627075791864,                  129P   4362
3.35627075791864,3.35627075791864,1.,1.,1.,1.,1.,1.,1.,1.,1.,1.,     129P   4363
1.,1.,1.,1.,1.,1.,1.,1.,1.,1.,1.,1.,1.,1.,1.,1.,1.,1.,1.,1.,1.,      129P   4364
1.,1.,1.,1.,1.,1.,1.,1.,1.,1.,1.,1.,1.,1.,1.,1.,1.,1.,1.,1.,1.,      129P   4365
1.,1.,1.,1.,1.,1.,1.,1.,1.,1.,1.,1.,1.,1.,1.,1.,1.,1.,1.,1.,1.,      129P   4366
1.,1.,1.,1.,1.,1.,1.,1.,1.,1.,1.,1.,1.,1.,1.,1.,1.,1.,1.,1.,1.,      129P   4367
1.,1.,1.,1.,1.,1.,1.,1.,1.,1.,1.,1.,1.,1.,1.,1.,1.,1.,1.,1.,1.,      129P   4368
1.,1.,1.,1.,1.,1.,1.,1.,1.,1.,1.,1.,1.,1.,1.,1.,1.,1.,1.,1.,1.,      129P   4369
1.,1.,1.,1.,1.,1.,1.,1.,1.,1.,1.,1.,1.,1.,1.,1.,1.,1.,1.,1.,1.,      129P   4370
1.,1.,1.,1.,1.,1.,1.,1.,1.,1.,1.,1.,1.,1.,1.,1.,1.,1.,1.,1.,1.,      129P   4371
1.,1.,1.,1.,1.,1.,1.,1.,1.,1.,1.,1.,1.,1.,1.,1.,1.,1.,1.,1.,1.,      129P   4372
1.,1.,1.,1.,1.,1.,1.,1.,1.,1.,1.,1.,1.,1.,1.,1.,1.,1.,1.,1.,1.,      129P   4373
1.,1.,1.,1.,1.,1.,1.,1.,1.,1.,1.,1.,1.,1.,1.,1.,1.,1.,1.,1.,1.,      129P   4374
1.,1.,1.,1.,1.,1.,1.,1.,1.,1.,1.,1.,1.,1.,1.,1.,1.,1.,1.,            129P   4375
-14.1483402769534,199.886019151848,-30.4720824297416,                129P   4376
-14.1515306249052,199.928194529648,-30.4706168175113,                129P   4377
-14.154720972857,199.970369907448,-30.4691512052811,                 129P   4378
-14.1579113208088,200.012545285248,-30.4676855930508,                129P   4379
-14.186914484007,200.395957810705,-30.454361845503,                  129P   4380
-14.2553024994591,200.744474119558,-30.3546336668794,                129P   4381
-14.6236463718284,200.783353881603,-30.1713072707229,                129P   4382
-14.6604807590653,200.787241857808,-30.1529746311073,                129P   4383
-14.6973151463022,200.791129834013,-30.1346419914917,                129P   4384
-14.7341495335391,200.795017810216,-30.116309351876,                 129P   4385
-14.0953827394763,199.873836006639,-20.315040769096,                 129P   4386
-14.0986804346818,199.918678554927,-20.3140636789288,                129P   4387
-14.1019781298874,199.963521103215,-20.3130865887617,                129P   4388
-14.1052758250929,200.008363651503,-20.3121094985945,                129P   4389
-14.1352548724162,200.416023181393,-20.3032268607112,                129P   4390
-14.2546347122133,200.749674810979,-20.2367403641919,                129P   4391
-14.6451794957652,200.791440442612,-20.1145208471991,                129P   4392
-14.6842339741204,200.795617005776,-20.1022988954998,                129P   4393
-14.7232884524756,200.799793568939,-20.0900769438005,                129P   4394
-14.7623429308308,200.803970132102,-20.0778549921012,                129P   4395
-14.0424252019991,199.861652861431,-10.1579991084504,                129P   4396
-14.0458302444584,199.909162580206,-10.1575105403463,                129P   4397
-14.0492352869177,199.956672298982,-10.1570219722423,                129P   4398
-14.0526403293771,200.004182017757,-10.1565334041382,                129P   4399
-14.0835952608254,200.436088552081,-10.1520918759193,                129P   4400
-14.2539669249674,200.754875502399,-10.1188470615045,                129P   4401
-14.666712619702,200.799527003621,-10.0577344236752,                 129P   4402
-14.7079871891755,200.803992153743,-10.0516231598923,                129P   4403
-14.749261758649,200.808457303866,-10.0455118961094,                 129P   4404
-14.7905363281224,200.812922453988,-10.0394006323264,                129P   4405
-13.9894676645219,199.849469716222,-0.000957447804812364,            129P   4406
-13.992980054235,199.899646605485,-0.000957401763830126,             129P   4407
-13.9964924439481,199.949823494749,-0.000957355722847887,            129P   4408
-14.0000048336612,200.000000384012,-0.000957309681865649,            129P   4409
-14.0319356492346,200.456153922769,-0.000956891127481662,            129P   4410
-14.2532991377215,200.76007619382,-0.000953758817119254,             129P   4411
-14.6882457436389,200.80761356463,-0.000948000151361633,             129P   4412
-14.7317404042306,200.812367301711,-0.00094742428478587,             129P   4413
-14.7752350648223,200.817121038792,-0.000946848418210108,            129P   4414
-14.818729725414,200.821874775873,-0.000946272551634346,             129P   4415
-13.9857048633994,199.848604065086,0.720732600169357,                129P   4416
-13.9892248804756,199.898970465278,0.72069793516721,                 129P   4417
-13.9927448975517,199.94933686547,0.720663270165063,                 129P   4418
-13.9962649146279,199.999703265662,0.720628605162916,                129P   4419
-14.0282650698658,200.457579631043,0.72031346877976,                 129P   4420
-14.2532516893182,200.760445719452,0.717954674069026,                129P   4421
-14.6897757404397,200.808188140456,0.713618595019775,                129P   4422
-14.7334281455519,200.812962382557,0.71318498711485,                 129P   4423
-14.777080550664,200.817736624657,0.712751379209925,                 129P   4424
-14.8207329557762,200.822510866758,0.712317771305,                   129P   4425
-14.2001538248346,199.866078537954,1.43280931507813,                 129P   4426
-14.2036848733126,199.916299980271,1.43276393031167,                 129P   4427
-14.2072159217907,199.966521422588,1.4327185455452,                  129P   4428
-14.2107469702688,200.016742864906,1.43267316077874,                 129P   4429
-14.2428474109786,200.473301431425,1.43226057199272,                 129P   4430
-14.4666372438553,200.775606252651,1.42983610658095,                 129P   4431
-14.902111827152,200.823004200268,1.42433668579633,                  129P   4432
-14.9456592854816,200.82774399503,1.42378674371787,                  129P   4433
-14.9892067438113,200.832483789792,1.4232368016394,                  129P   4434
-15.032754202141,200.837223584553,1.42268685956094,                  129P   4435
-14.9154433548399,199.91610652272,2.68086074605482,                  129P   4436
-14.9190061531255,199.968596628139,2.68057402567824,                 129P   4437
-14.9225689514112,200.021086733559,2.68028730530166,                 129P   4438
-14.9261317496968,200.073576838979,2.68000058492508,                 129P   4439
-14.9585208250208,200.550759615523,2.67739403604708,                 129P   4440
-15.2311894599405,200.833707081948,2.65658152122118,                 129P   4441
-15.6850401709319,200.883360863649,2.62051966705936,                 129P   4442
-15.7304252420311,200.88832624182,2.61691348164318,                  129P   4443
-15.7758103131302,200.89329161999,2.61330729622699,                  129P   4444
-15.8211953842293,200.89825699816,2.60970111081081,                  129P   4445
-15.3978169771454,199.949443551672,3.22704786449111,                 129P   4446
-15.4013078007997,200.003589706559,3.22656362014383,                 129P   4447
-15.404798624454,200.057735861445,3.22607937579655,                  129P   4448
-15.4082894481084,200.111882016332,3.22559513144927,                 129P   4449
-15.4400242086021,200.604119788027,3.22119291011035,                 129P   4450
-15.7424459380927,200.873426382487,3.18124532856398,                 129P   4451
-16.2079591008908,200.924980857672,3.11796857383506,                 129P   4452
-16.2545104171706,200.93013630519,3.11164089836217,                  129P   4453
-16.3010617334504,200.935291752709,3.10531322288927,                 129P   4454
-16.3476130497302,200.940447200227,3.09898554741638,                 129P   4455
-17.0089306081434,200.064425463849,4.66257079644067,                 129P   4456
-17.0120679170304,200.12288137937,4.66164759854463,                  129P   4457
-17.0152052259174,200.181337294891,4.6607244006486,                  129P   4458
-17.0183425348044,200.239793210412,4.65980120275256,                 129P   4459
-17.0468635246863,200.77121062424,4.65140849460676,                  129P   4460
-17.4227713950866,201.005326074647,4.54826956211859,                 129P   4461
-17.9116434160924,201.061897492046,4.40981961161445,                 129P   4462
-17.960530618193,201.067554633786,4.39597461656403,                  129P   4463
-18.0094178202935,201.073211775525,4.38212962151362,                 129P   4464
-18.0583050223941,201.078868917265,4.3682846264632,                  129P   4465
-18.267330698462,200.158118672417,5.38587565241469,                  129P   4466
-18.2701846766748,200.218645677743,5.38483264339872,                 129P   4467
-18.2730386548876,200.279172683069,5.38378963438274,                 129P   4468
-18.2758926331005,200.339699688396,5.38274662536677,                 129P   4469
-18.3018378895808,200.889945191362,5.37326472522154,                 129P   4470
-18.7010672625196,201.106009011084,5.22889835128168,                 129P   4471
-19.1939326550463,201.165221710045,5.05036974784667,                 129P   4472
-19.243219194299,201.171142979941,5.03251688750317,                  129P   4473
-19.2925057335517,201.177064249838,5.01466402715966,                 129P   4474
-19.3417922728043,201.182985519734,4.99681116681616,                 129P   4475
-22.1677012941952,200.460327837269,7.21390938200392,                 129P   4476
-22.1699905157398,200.52336232665,7.21275171990946,                  129P   4477
-22.1722797372845,200.58639681603,7.211594057815,                    129P   4478
-22.1745689588292,200.649431305411,7.21043639572054,                 129P   4479
-22.1953800637807,201.222472117961,7.19991219486179,                 129P   4480
-22.6205333736474,201.413070740791,6.99155981018849,                 129P   4481
-23.1107991274452,201.475983353367,6.74955160791173,                 129P   4482
-23.159825702825,201.482274614625,6.72535078768405,                  129P   4483
-23.2088522782048,201.488565875883,6.70114996745637,                 129P   4484
-23.2578788535845,201.49485713714,6.6769491472287,                   129P   4485
-24.9411117889533,200.678505295007,8.01815329061297,                 129P   4486
-24.94315254569,200.742239060448,8.01700897957496,                   129P   4487
-24.9451933024266,200.805972825888,8.01586466853695,                 129P   4488
-24.9472340591632,200.869706591328,8.01472035749894,                 129P   4489
-24.9657863931326,201.449104458965,8.00431752988067,                 129P   4490
-25.3915861331973,201.631771586176,7.76688632542309,                 129P   4491
-25.8736492914285,201.696432224478,7.49817823245807,                 129P   4492
-25.9218556072516,201.702898288308,7.47130742316157,                 129P   4493
-25.9700619230747,201.709364352138,7.44443661386507,                 129P   4494
-26.0182682388978,201.715830415968,7.41756580456857,                 129P   4495
-33.335882028065,201.343881526225,9.92459241981301,                  129P   4496
-33.3373907022922,201.408089365944,9.92349526228142,                 129P   4497
-33.3388993765193,201.472297205663,9.92239810474982,                 129P   4498
-33.3404080507465,201.536505045382,9.92130094721822,                 129P   4499
-33.3541232709933,202.120212679192,9.91132678784007,                 129P   4500
-33.759865730002,202.288315366306,9.62350258323754,                  129P   4501
-34.214607664662,202.35769297241,9.30048532440639,                   129P   4502
-34.260081858128,202.36463073302,9.26818359852327,                   129P   4503
-34.305556051594,202.371568493631,9.23588187264016,                  129P   4504
-34.35103024506,202.378506254241,9.20358014675704,                   129P   4505
-39.0643995737236,201.798846647525,10.5224424486524,                 129P   4506
-39.0657241211778,201.863086135504,10.5213684221018,                 129P   4507
-39.0670486686319,201.927325623483,10.5202943955512,                 129P   4508
-39.0683732160861,201.991565111462,10.5192203690006,                 129P   4509
-39.0804145565784,202.575560456726,10.5094564912679,                 129P   4510
-39.4683004933815,202.73561633146,10.1960053884276,                  129P   4511
-39.9023754583972,202.810480329233,9.84566856520694,                 129P   4512
-39.9457829548987,202.81796672901,9.81063488288487,                  129P   4513
-39.9891904514003,202.825453128787,9.7756012005628,                  129P   4514
-40.0325979479019,202.832939528565,9.74056751824074,                 129P   4515
-50.5160500615854,202.710926138295,11.1862575937479,                 129P   4516
-50.5171016033051,202.774377480293,11.1852056488444,                 129P   4517
-50.5181531450247,202.837828822291,11.184153703941,                  129P   4518
-50.5192046867444,202.901280164289,11.1831017590376,                 129P   4519
-50.5287641569231,203.478110546089,11.173538623552,                  129P   4520
-50.8695255959004,203.625894280126,10.8344729979647,                 129P   4521
-51.2609837510035,203.712544366119,10.4455042096507,                 129P   4522
-51.3001295665138,203.721209374718,10.4066073308193,                 129P   4523
-51.3392753820241,203.729874383317,10.367710451988,                  129P   4524
-51.3784211975344,203.738539391916,10.3288135731566,                 129P   4525
-56.2594212367371,203.169035791002,11.2108783569401,                 129P   4526
-56.2603892914771,203.231871950156,11.2098247210976,                 129P   4527
-56.2613573462172,203.294708109311,11.2087710852551,                 129P   4528
-56.2623254009572,203.357544268465,11.2077174494126,                 129P   4529
-56.2711258985938,203.928782078961,11.1981389417535,                 129P   4530
-56.5869966074845,204.074067224062,10.8539764007824,                 129P   4531
-56.9573325392917,204.164818888591,10.4513921411272,                 129P   4532
-56.9943661324725,204.173894055044,10.4111337151617,                 129P   4533
-57.0313997256532,204.182969221497,10.3708752891962,                 129P   4534
-57.0684333188339,204.192044387949,10.3306168632306,                 129P   4535
-67.7290338520539,204.083931534397,10.9248679081814,                 129P   4536
-67.7298529447134,204.14552632031,10.9237960121312,                  129P   4537
-67.7306720373729,204.207121106223,10.922724116081,                  129P   4538
-67.7314911300323,204.268715892137,10.9216522200308,                 129P   4539
-67.7389374269366,204.828668491346,10.9119077104835,                 129P   4540
-68.003657602747,204.977863316735,10.5654323089526,                  129P   4541
-68.3314074562457,205.069145829367,10.1376141899929,                 129P   4542
-68.3641824415955,205.07827408063,10.094832378097,                   129P   4543
-68.3969574269454,205.087402331893,10.052050566201,                  129P   4544
-68.4297324122953,205.096530583157,10.009268754305,                  129P   4545
-73.4589828901323,204.541225951202,10.6063550509329,                 129P   4546
-73.459742446623,204.602123760327,10.6052686810966,                  129P   4547
-73.4605020031138,204.663021569453,10.6041823112604,                 129P   4548
-73.4612615596045,204.723919378578,10.6030959414241,                 129P   4549
-73.4681666186112,205.27753582517,10.5932198520033,                  129P   4550
-73.7072437118382,205.431219058785,10.2499257877403,                 129P   4551
-74.0134319373661,205.520240408249,9.81171586979722,                 129P   4552
-74.0440507599189,205.529142543195,9.76789487800291,                 129P   4553
-74.0746695824716,205.538044678142,9.72407388620861,                 129P   4554
-74.1052884050244,205.546946813088,9.6802528944143,                  129P   4555
-90.621950489715,205.910571441979,9.30900084221918,                  129P   4556
-90.6225303250997,205.969512334891,9.30786502060932,                 129P   4557
-90.6231101604844,206.028453227803,9.30672919899946,                 129P   4558
-90.6236899958691,206.087394120714,9.3055933773896,                  129P   4559
-90.6289612266393,206.623220419911,9.29526772639085,                 129P   4560
-90.7939387853589,206.794906865387,8.96733987820147,                 129P   4561
-91.0331620367139,206.873748541477,8.50058710892623,                 129P   4562
-91.0570843618494,206.881632709086,8.45391183199871,                 129P   4563
-91.0810066869848,206.889516876695,8.40723655507118,                 129P   4564
-91.1049290121204,206.897401044303,8.36056127814366,                 129P   4565
-102.028182050649,206.820658449736,8.01896737959525,                 129P   4566
-102.028646982271,206.87828514421,8.0178003029916,                   129P   4567
-102.029111913893,206.935911838685,8.01663322638795,                 129P   4568
-102.029576845516,206.993538533159,8.0154661497843,                  129P   4569
-102.033803496628,207.517417573835,8.00485636247842,                 129P   4570
-102.154320532412,207.703619457763,7.6942233548698,                  129P   4571
-102.345151498315,207.770313499341,7.21317424034047,                 129P   4572
-102.364234594905,207.776982903499,7.16506932888754,                 129P   4573
-102.383317691495,207.783652307656,7.11696441743461,                 129P   4574
-102.402400788086,207.790321711814,7.06885950598167,                 129P   4575
-124.773765487568,208.633451645956,4.97272974216893,                 129P   4576
-124.773969913412,208.689136684997,4.9714893674726,                  129P   4577
-124.774174339256,208.744821724038,4.97024899277628,                 129P   4578
-124.7743787651,208.80050676308,4.96900861807996,                    129P   4579
-124.776237181863,209.306734390728,4.95773248447703,                 129P   4580
-124.819560474513,209.525313555554,4.67970792837019,                 129P   4581
-124.901631649388,209.565026965277,4.18035428023819,                 129P   4582
-124.909838766876,209.568998306249,4.13041891542499,                 129P   4583
-124.918045884363,209.572969647221,4.08048355061179,                 129P   4584
-124.926253001851,209.576940988194,4.03054818579859,                 129P   4585
-136.115865320277,209.537516217545,3.20693854941442,                 129P   4586
-136.115932462285,209.592194436835,3.2056621418583,                  129P   4587
-136.115999604294,209.646872656125,3.20438573430218,                 129P   4588
-136.116066746303,209.701550875415,3.20310932674605,                 129P   4589
-136.116677128199,210.198625596234,3.19150562169038,                 129P   4590
-136.127703269403,210.425130629231,2.92490923993205,                 129P   4591
-136.149481974216,210.451720859498,2.42554255067821,                 129P   4592
-136.151659844697,210.454379882525,2.37560588175282,                 129P   4593
-136.153837715179,210.457038905551,2.32566921282744,                 129P   4594
-136.15601558566,210.459697928578,2.27573254390205,                  129P   4595
-147.40882215454,210.435162963345,1.16977085515066,                  129P   4596
-147.408715006302,210.489669304292,1.16840482882844,                 129P   4597
-147.408607858065,210.54417564524,1.16703880250622,                  129P   4598
-147.408500709827,210.598681986187,1.165672776184,                   129P   4599
-147.40752663494,211.094194176618,1.15325435507292,                  129P   4600
-147.387322679654,211.350331158279,0.895555629334416,                129P   4601
-147.348652918717,211.351056451043,0.402338461794906,                129P   4602
-147.344785942624,211.35112898032,0.353016745040955,                 129P   4603
-147.34091896653,211.351201509596,0.303695028287004,                 129P   4604
-147.337051990437,211.351274038873,0.254373311533053,                129P   4605
-157.346489690422,211.225081410333,-0.622912456894712,               129P   4606
-157.346229168843,211.279436500385,-0.624357346663901,               129P   4607
-157.345968647264,211.333791590438,-0.62580223643309,                129P   4608
-157.345708125685,211.38814668049,-0.627247126202278,                129P   4609
-157.343339747697,211.882283862786,-0.640382487740358,               129P   4610
-157.295653679391,212.164496606411,-0.89025138213607,                129P   4611
-157.203789988426,212.142461062176,-1.37805704379642,                129P   4612
-157.194603619329,212.140257507753,-1.42683760996245,                129P   4613
-157.185417250232,212.138053953329,-1.47561817612849,                129P   4614
-157.176230881136,212.135850398906,-1.52439874229452,                129P   4615
-167.284157226304,212.014999857321,-2.41559576894008,                129P   4616
-167.283743331384,212.069203696478,-2.41711952215624,                129P   4617
-167.283329436464,212.123407535636,-2.4186432753724,                 129P   4618
-167.282915541544,212.177611374794,-2.42016702858856,                129P   4619
-167.279152860453,212.670373548955,-2.43401933055363,                129P   4620
-167.203984679129,212.978662054543,-2.67605839360656,                129P   4621
-167.058927058134,212.93386567331,-3.15845254938774,                 129P   4622
-167.044421296034,212.929386035186,-3.20669196496586,                129P   4623
-167.029915533935,212.924906397063,-3.25493138054398,                129P   4624
-167.015409771835,212.920426758939,-3.30317079612209,                129P   4625
-177.221824762186,212.804918304308,-4.20827908098545,                129P   4626
-177.221257493924,212.858970892571,-4.20988169764858,                129P   4627
-177.220690225663,212.913023480834,-4.21148431431171,                129P   4628
-177.220122957402,212.967076069097,-4.21308693097483,                129P   4629
-177.21496597321,213.458463235123,-4.22765617336691,                 129P   4630
-177.112315678867,213.792827502675,-4.46186540507704,                129P   4631
-176.914064127842,213.725270284443,-4.93884805497906,                129P   4632
-176.894238972739,213.718514562619,-4.98654631996926,                129P   4633
-176.874413817637,213.711758840796,-5.03424458495947,                129P   4634
-176.854588662535,213.705003118973,-5.08194284994967,                129P   4635
-0.00269587757777143,0.0269587757777143,-0.605251599851686,          129P   4636
3.35627075791864;                                                    129P   4637
128,3,3,3,3,0,0,1,0,0,0.0405761762078999,0.0405761762078999,         131P   4638
0.0405761762078999,0.0405761762078999,0.0650036429409424,            131P   4639
0.0650036429409424,0.0650036429409424,0.0650036429409424,0.,0.,      131P   4640
0.,0.,0.0760500109207543,0.0760500109207543,0.0760500109207543,      131P   4641
0.0760500109207543,1.,1.,1.,1.,1.,1.,1.,1.,1.,1.,1.,1.,1.,1.,1.,     131P   4642
1.,-150.514243865928,208.519374381426,0.478956329190757,             131P   4643
-150.404360084908,208.503775304926,0.614036141257892,                131P   4644
-150.251089045955,208.482016983183,0.705986163329121,                131P   4645
-150.08074980781,208.457835663774,0.737764784370937,                 131P   4646
-150.380434492731,209.963113023696,0.490608493187406,                131P   4647
-150.285529490339,209.866656027358,0.612530008639716,                131P   4648
-150.126966294895,209.786542866367,0.694641787211422,                131P   4649
-149.929023053264,209.743833420413,0.732083795978783,                131P   4650
-149.061333603208,211.497303408264,0.355787783528765,                131P   4651
-149.110639222898,211.460765350609,0.727300963012473,                131P   4652
-148.968084748893,211.200295069875,0.87125962964485,                 131P   4653
-148.665560129008,210.732179890309,0.937691386285762,                131P   4654
-147.347818434141,211.350979094223,0.403711425257776,                131P   4655
-147.386434893358,211.349836633025,0.896142684550535,                131P   4656
-147.406604080311,211.093715930683,1.15343119008515,                 131P   4657
-147.407577229569,210.598608619996,1.16583939441515,                 131P   4658
0.0405761762078999,0.0650036429409424,0.,0.0760500109207543;         131P   4659
128,3,3,3,3,0,0,1,0,0,0.,0.,0.,0.,0.0244275756007657,                133P   4660
0.0244275756007657,0.0244275756007657,0.0244275756007657,0.,0.,      133P   4661
0.,0.,0.0760500109207543,0.0760500109207543,0.0760500109207543,      133P   4662
0.0760500109207543,1.,1.,1.,1.,1.,1.,1.,1.,1.,1.,1.,1.,1.,1.,1.,     133P   4663
1.,-150.08074980781,208.457835663774,-0.737764784370881,             133P   4664
-150.251089045955,208.482016983183,-0.705986163329065,               133P   4665
-150.404360084908,208.503775304926,-0.614036141257837,               133P   4666
-150.514243865928,208.519374381426,-0.478956329190701,               133P   4667
-149.929023053264,209.743833420413,-0.732083795978727,               133P   4668
-150.126966294895,209.786542866367,-0.694641787211366,               133P   4669
-150.285529490339,209.866656027358,-0.61253000863966,                133P   4670
-150.380434492731,209.963113023696,-0.490608493187349,               133P   4671
-148.665560129008,210.732179890309,-0.937691386285705,               133P   4672
-148.968084748893,211.200295069875,-0.871259629644792,               133P   4673
-149.110639222898,211.460765350609,-0.727300963012415,               133P   4674
-149.061333603208,211.497303408264,-0.355787783528708,               133P   4675
-147.407577229569,210.598608619996,-1.16583939441509,                133P   4676
-147.406604080311,211.093715930683,-1.15343119008509,                133P   4677
-147.386434893358,211.349836633025,-0.896142684550477,               133P   4678
-147.347818434141,211.350979094223,-0.403711425257719,0.,            133P   4679
0.0244275756007657,0.,0.0760500109207543;                            133P   4680
128,9,3,3,3,0,0,1,0,0,0.0244275756007657,0.0244275756007657,         135P   4681
0.0244275756007657,0.0244275756007657,0.0284649152423771,            135P   4682
0.0284649152423771,0.0325018759043328,0.0325018759043328,            135P   4683
0.0365388365662885,0.0365388365662885,0.0405761762078999,            135P   4684
0.0405761762078999,0.0405761762078999,0.0405761762078999,0.,0.,      135P   4685
0.,0.,0.0760500109207543,0.0760500109207543,0.0760500109207543,      135P   4686
0.0760500109207543,1.,1.,1.,1.,1.,1.,1.,1.,1.,1.,1.,1.,1.,1.,1.,     135P   4687
1.,1.,1.,1.,1.,1.,1.,1.,1.,1.,1.,1.,1.,1.,1.,1.,1.,1.,1.,1.,1.,      135P   4688
1.,1.,1.,1.,-150.514243865928,208.519374381426,                      135P   4689
-0.478956329190701,-150.568722607171,208.527108171111,               135P   4690
-0.411985771202243,-150.61127640612,208.533149098709,                135P   4691
-0.335957682849514,-150.66895837352,208.541337617649,                135P   4692
-0.172713030180162,-150.68368042171,208.543427556252,                135P   4693
-0.0866582612724919,-150.68368042171,208.543427556252,               135P   4694
0.0866582612725476,-150.66895837352,208.541337617649,                135P   4695
0.172713030180218,-150.61127640612,208.533149098709,                 135P   4696
0.33595768284957,-150.568722607171,208.527108171111,                 135P   4697
0.411985771202298,-150.514243865928,208.519374381426,                135P   4698
0.478956329190757,-150.380434492731,209.963113023696,                135P   4699
-0.490608493187349,-150.42392128973,210.010754520413,                135P   4700
-0.422479791803898,-150.457877828557,210.047984374225,               135P   4701
-0.344741531356589,-150.503878279363,210.098491615461,               135P   4702
-0.177393995794389,-150.515598611884,210.1114129574,                 135P   4703
-0.0890173186021212,-150.515598611972,210.111412957417,              135P   4704
0.0890173186044908,-150.503878284477,210.098491616463,               135P   4705
0.177393995930444,-150.457877838655,210.047984376205,                135P   4706
0.344741531625198,-150.423921299784,210.010754522384,                135P   4707
0.422479792071363,-150.380434492731,209.963113023696,                135P   4708
0.490608493187406,-149.061333603208,211.497303408264,                135P   4709
-0.355787783528708,-149.048558831102,211.502622882653,               135P   4710
-0.298270424095427,-149.038529504242,211.506701183579,               135P   4711
-0.239494088906299,-149.024804900682,211.512038910521,               135P   4712
-0.120396724084307,-149.021207610344,211.513262763612,               135P   4713
-0.0602372696067729,-149.021207609993,211.513262763899,              135P   4714
0.0602372695686854,-149.024804880151,211.512038927321,               135P   4715
0.120396721841749,-149.038529463702,211.506701216752,                135P   4716
0.239494084477931,-149.048558790735,211.502622915684,                135P   4717
0.298270419685928,-149.061333603208,211.497303408264,                135P   4718
0.355787783528765,-147.347818434141,211.350979094223,                135P   4719
-0.403711425257719,-147.34776751645,211.351535638593,                135P   4720
-0.336416047006587,-147.347735809357,211.351892194224,               135P   4721
-0.269121636576836,-147.347709593106,211.352179269189,               135P   4722
-0.134548638991426,-147.347715080457,211.352109828512,               135P   4723
-0.0672700509434107,-147.34771507995,211.352109828454,               135P   4724
0.0672700508902154,-147.347709563445,211.352179265837,               135P   4725
0.134548635860639,-147.347735750791,211.351892187605,                135P   4726
0.269121630394506,-147.347767458135,211.351535632002,                135P   4727
0.336416040850599,-147.347818434141,211.350979094223,                135P   4728
0.403711425257776,0.0244275756007657,0.0405761762078999,0.,          135P   4729
0.0760500109207543;                                                  135P   4730
502,16,-179.673376629285,1.10483569178857D-12,                       137P   4731
-0.737609844631975,-180.287613169213,1.10467190950203D-12,           137P   4732
-2.20788648393591D-14,1.53821101795789D-14,1.11022302462516D-12,     137P   4733
2.48402798081121D-28,-14.,200.000000000001,4.26944154662002D-14,     137P   4734
-147.407577229569,210.598608619996,-1.16583939441517,                137P   4735
-150.08074980781,208.457835663774,-0.737764784370881,                137P   4736
-150.68368048808,208.543427565674,2.7852514284185D-14,               137P   4737
-150.514243865928,208.519374381426,-0.478956329190701,               137P   4738
-147.347818434141,211.350979094223,-0.403711425257719,               137P   4739
-147.347700138207,211.351976292719,0.00110751236909066,              137P   4740
-14.6871818077799,200.807497256648,-4.57589024827474D-10,            137P   4741
-179.673376629285,1.10450812721549D-12,0.737609844631931,            137P   4742
-147.407577229569,210.598608619995,1.16583939441514,                 137P   4743
-150.08074980781,208.457835663774,0.737764784370937,                 137P   4744
-150.514243865928,208.519374381426,0.478956329190757,                137P   4745
-147.347818434141,211.350979094223,0.403711425257776;                137P   4746
504,27,57,137,1,137,2,59,137,3,137,1,61,137,2,137,3,63,137,4,        139P   4747
137,5,65,137,4,137,3,67,137,1,137,6,69,137,5,137,6,71,137,7,137,     139P   4748
2,73,137,7,137,8,75,137,8,137,6,77,137,9,137,10,79,137,11,137,       139P   4749
10,81,137,11,137,9,83,137,5,137,9,85,137,11,137,4,87,137,3,137,      139P   4750
12,89,137,12,137,2,91,137,13,137,14,93,137,12,137,14,95,137,4,       139P   4751
137,13,97,137,14,137,15,99,137,15,137,7,101,137,11,137,16,103,       139P   4752
137,16,137,10,105,137,13,137,16,107,137,15,137,16,109,137,8,137,     139P   4753
9;                                                                   139P   4754
406,1,6HSolid1;                                                      141P   4755
314,62.7450980392157,62.7450980392157,62.7450980392157,;             143P   4756
S      1G      3D    144P   4756                                        T      1
