ISO-10303-21;
HEADER;
/* Generated by software containing ST-Developer
 * from STEP Tools, Inc. (www.steptools.com) 
 */

FILE_DESCRIPTION(
/* description */ (''),
/* implementation_level */ '2;1');

FILE_NAME(
/* name */ 'Wind_Tunnel_Rudder.stp',
/* time_stamp */ '2026-08-31T13:14:39-03:00',
/* author */ ('ewatson1'),
/* organization */ (''),
/* preprocessor_version */ 'ST-DEVELOPER v20.1',
/* originating_system */ 'Autodesk Inventor 2026',
/* authorisation */ '');

FILE_SCHEMA (('AUTOMOTIVE_DESIGN { 1 0 10303 214 3 1 1 }'));
ENDSEC;

DATA;
#10=MECHANICAL_DESIGN_GEOMETRIC_PRESENTATION_REPRESENTATION('',(#13),#4159);
#11=SHAPE_REPRESENTATION_RELATIONSHIP('SRR','None',#4166,#12);
#12=ADVANCED_BREP_SHAPE_REPRESENTATION('',(#14),#4158);
#13=STYLED_ITEM('',(#4175),#14);
#14=MANIFOLD_SOLID_BREP('Solid1',#196);
#15=ELLIPSE('',#221,0.750010273422731,0.742572403454637);
#16=(
BOUNDED_SURFACE()
B_SPLINE_SURFACE(1,3,((#1096,#1097,#1098,#1099),(#1100,#1101,#1102,#1103)),
 .UNSPECIFIED.,.F.,.F.,.F.)
B_SPLINE_SURFACE_WITH_KNOTS((2,2),(4,4),(-1.34441506816689E-9,4.40502252597194),
(-7.4387456001256,-7.41788638257457),.UNSPECIFIED.)
GEOMETRIC_REPRESENTATION_ITEM()
RATIONAL_B_SPLINE_SURFACE(((1.0000000298482,0.845630522552298,0.845630512602897,
1.),(1.00000002989757,0.845375220826691,0.845375210860836,1.)))
REPRESENTATION_ITEM('')
SURFACE()
);
#17=(
BOUNDED_SURFACE()
B_SPLINE_SURFACE(3,1,((#3084,#3085),(#3086,#3087),(#3088,#3089),(#3090,
#3091)),.UNSPECIFIED.,.F.,.F.,.F.)
B_SPLINE_SURFACE_WITH_KNOTS((4,4),(2,2),(-7.43874631556955,-7.41788638257457),
(-1.34441506816689E-9,4.40502252597194),.UNSPECIFIED.)
GEOMETRIC_REPRESENTATION_ITEM()
RATIONAL_B_SPLINE_SURFACE(((1.00001591441118,1.000015940731),(0.845630522734581,
0.845375221009275),(0.845625217930854,0.845369907432276),(1.,1.)))
REPRESENTATION_ITEM('')
SURFACE()
);
#18=B_SPLINE_CURVE_WITH_KNOTS('',3,(#1069,#1070,#1071,#1072,#1073,#1074,
#1075,#1076,#1077,#1078,#1079,#1080,#1081,#1082,#1083,#1084,#1085,#1086,
#1087,#1088),.UNSPECIFIED.,.F.,.F.,(4,2,2,2,2,2,2,2,2,4),(4.26742701251733E-14,
0.042984678548119,0.085969357096238,0.171938714192476,0.343877428384952,
0.687754856769904,1.03163228515486,1.37550971353981,2.06326457030971,2.75101942707963),
 .UNSPECIFIED.);
#19=B_SPLINE_CURVE_WITH_KNOTS('',3,(#1092,#1093,#1094,#1095),
 .UNSPECIFIED.,.F.,.F.,(4,4),(-0.0760500109207543,0.),.UNSPECIFIED.);
#20=B_SPLINE_CURVE_WITH_KNOTS('',3,(#1108,#1109,#1110,#1111),
 .UNSPECIFIED.,.F.,.F.,(4,4),(-0.0244275756007657,0.),.UNSPECIFIED.);
#21=B_SPLINE_CURVE_WITH_KNOTS('',3,(#1730,#1731,#1732,#1733,#1734,#1735,
#1736),.UNSPECIFIED.,.F.,.F.,(4,3,4),(-0.00807430030410009,-0.00403715015205004,
0.),.UNSPECIFIED.);
#22=B_SPLINE_CURVE_WITH_KNOTS('',3,(#1738,#1739,#1740,#1741,#1742,#1743,
#1744,#1745,#1746,#1747,#1748,#1749,#1750,#1751,#1752,#1753,#1754,#1755,
#1756,#1757,#1758,#1759,#1760,#1761,#1762,#1763,#1764,#1765,#1766,#1767,
#1768,#1769,#1770,#1771,#1772,#1773,#1774,#1775,#1776,#1777,#1778,#1779,
#1780,#1781,#1782,#1783,#1784,#1785,#1786,#1787,#1788,#1789,#1790,#1791,
#1792,#1793,#1794,#1795,#1796,#1797,#1798,#1799,#1800,#1801,#1802,#1803,
#1804,#1805,#1806,#1807,#1808,#1809,#1810,#1811,#1812,#1813,#1814,#1815,
#1816,#1817,#1818,#1819,#1820,#1821,#1822,#1823,#1824,#1825),
 .UNSPECIFIED.,.F.,.F.,(4,3,3,3,3,3,3,3,3,3,3,3,3,3,3,3,3,3,3,3,3,3,3,3,
3,3,3,3,3,4),(0.255768029221,0.279784598262233,0.437561178888846,0.583134293998449,
0.728903611941909,0.875024670289922,0.992048524063164,1.02152547720644,
1.16831248404968,1.31531979796992,1.46255231703888,1.61009599026594,1.68431118865402,
1.73997258744507,1.75040909971839,1.75530121484651,1.7576708331117,1.75803777318821,
1.75811002501647,1.75814184582834,1.90695678381823,1.99787472943258,2.05697178066488,
2.20865410573701,2.36249735733053,2.51880832391471,2.67073726205462,2.80180257713053,
2.92563310127591,2.95094900334109),.UNSPECIFIED.);
#23=B_SPLINE_CURVE_WITH_KNOTS('',3,(#1826,#1827,#1828,#1829,#1830,#1831,
#1832,#1833,#1834,#1835,#1836,#1837,#1838,#1839,#1840,#1841,#1842,#1843,
#1844,#1845,#1846,#1847,#1848,#1849,#1850,#1851,#1852,#1853,#1854,#1855,
#1856,#1857,#1858,#1859,#1860,#1861,#1862,#1863,#1864,#1865,#1866,#1867,
#1868,#1869,#1870,#1871,#1872,#1873,#1874,#1875,#1876,#1877,#1878,#1879,
#1880,#1881,#1882,#1883,#1884,#1885,#1886,#1887,#1888,#1889,#1890,#1891,
#1892,#1893,#1894,#1895,#1896,#1897,#1898,#1899,#1900,#1901,#1902,#1903,
#1904,#1905,#1906,#1907,#1908,#1909,#1910),.UNSPECIFIED.,.F.,.F.,(4,3,3,
3,3,3,3,3,3,3,3,3,3,3,3,3,3,3,3,3,3,3,3,3,3,3,3,3,4),(-2.75101915806799,
-2.70803448372357,-2.70743201699087,-2.66512839172578,-2.66389304994319,
-2.58064639213325,-2.57888272039319,-2.41770255037018,-2.41117752102837,
-2.407156704864,-2.40349079395643,-2.10305444471499,-2.07019421901671,-2.06332330153836,
-2.05858866406929,-1.80126508106375,-1.74497554728129,-1.72370853374459,
-1.71016434861006,-1.49639380503692,-1.40286919222367,-1.37625927461513,
-1.36338619663124,-1.02253964747967,-0.766904735615987,-0.718973189641547,
-0.693740792018233,-0.674941065395376,-2.49437221778315E-11),
 .UNSPECIFIED.);
#24=B_SPLINE_CURVE_WITH_KNOTS('',3,(#2171,#2172,#2173,#2174),
 .UNSPECIFIED.,.F.,.F.,(4,4),(0.,0.0244879463568122),.UNSPECIFIED.);
#25=B_SPLINE_CURVE_WITH_KNOTS('',3,(#2175,#2176,#2177,#2178),
 .UNSPECIFIED.,.F.,.F.,(4,4),(3.16863579812061E-10,0.0244879463568122),
 .UNSPECIFIED.);
#26=B_SPLINE_CURVE_WITH_KNOTS('',3,(#3003,#3004,#3005,#3006),
 .UNSPECIFIED.,.F.,.F.,(4,4),(-0.0760500109207543,0.),.UNSPECIFIED.);
#27=B_SPLINE_CURVE_WITH_KNOTS('',3,(#3008,#3009,#3010,#3011,#3012,#3013,
#3014,#3015,#3016,#3017,#3018,#3019,#3020,#3021,#3022,#3023,#3024,#3025,
#3026,#3027,#3028,#3029,#3030,#3031,#3032,#3033,#3034,#3035,#3036,#3037,
#3038,#3039,#3040,#3041,#3042,#3043,#3044,#3045,#3046,#3047,#3048,#3049,
#3050,#3051,#3052,#3053,#3054,#3055,#3056,#3057,#3058,#3059,#3060,#3061,
#3062,#3063,#3064,#3065,#3066,#3067,#3068,#3069,#3070,#3071,#3072,#3073,
#3074,#3075,#3076,#3077,#3078,#3079,#3080,#3081,#3082,#3083),
 .UNSPECIFIED.,.F.,.F.,(4,3,3,3,3,3,3,3,3,3,3,3,3,3,3,3,3,3,3,3,3,3,3,3,
3,4),(-2.75101942707959,-2.70803474853147,-2.66572170558567,-2.66417803297177,
-2.5809224694414,-2.57729392459001,-2.41621305430313,-2.40795224006628,
-2.40139975481739,-2.10122478546522,-2.06839314819233,-2.06261539375424,
-1.80478846953496,-1.74838882986199,-1.72967627304141,-1.71748781190779,
-1.50280183541932,-1.40887672070561,-1.38050088304957,-1.36731586907061,
-1.02548690180296,-0.76911517635222,-0.721045477830207,-0.693323462652767,
-0.67201657254552,-9.81252541081406E-15),.UNSPECIFIED.);
#28=B_SPLINE_CURVE_WITH_KNOTS('',3,(#3093,#3094,#3095,#3096),
 .UNSPECIFIED.,.F.,.F.,(4,4),(-0.0650036429409424,-0.0405761762078999),
 .UNSPECIFIED.);
#29=B_SPLINE_CURVE_WITH_KNOTS('',3,(#3097,#3098,#3099,#3100,#3101,#3102),
 .UNSPECIFIED.,.F.,.F.,(4,2,4),(-0.0405761762078999,-0.0365388365662885,
-0.0325018759043328),.UNSPECIFIED.);
#30=B_SPLINE_CURVE_WITH_KNOTS('',3,(#3720,#3721,#3722,#3723,#3724,#3725,
#3726,#3727,#3728,#3729,#3730,#3731,#3732,#3733,#3734,#3735,#3736,#3737,
#3738,#3739,#3740,#3741,#3742,#3743,#3744,#3745,#3746,#3747,#3748,#3749,
#3750,#3751,#3752,#3753,#3754,#3755,#3756,#3757,#3758,#3759,#3760,#3761,
#3762,#3763,#3764,#3765,#3766,#3767,#3768,#3769,#3770,#3771,#3772,#3773,
#3774,#3775,#3776,#3777,#3778,#3779,#3780,#3781,#3782,#3783,#3784,#3785,
#3786,#3787,#3788,#3789,#3790,#3791,#3792,#3793,#3794,#3795,#3796,#3797,
#3798,#3799,#3800,#3801,#3802,#3803,#3804),.UNSPECIFIED.,.F.,.F.,(4,3,3,
3,3,3,3,3,3,3,3,3,3,3,3,3,3,3,3,3,3,3,3,3,3,3,3,3,4),(0.,0.0429846743445499,
0.0435871410837795,0.0858907663488953,0.0871261081325166,0.170372765942475,
0.172136437683159,0.333316607706161,0.339841637048106,0.343862453217285,
0.347528364120281,0.647964713361645,0.680824939059919,0.687695856540931,
0.69243049400749,0.949754077012953,1.0060436107954,1.02731062433252,1.04085480946529,
1.25462535303853,1.34814996585182,1.37475988345558,1.38763296144361,1.7284795105955,
1.98411442245943,2.03204596843391,2.05727836605669,2.07607809280293,2.75101915805119),
 .UNSPECIFIED.);
#31=B_SPLINE_CURVE_WITH_KNOTS('',3,(#3805,#3806,#3807,#3808,#3809,#3810,
#3811),.UNSPECIFIED.,.F.,.F.,(4,3,4),(0.,0.0040249169099764,0.00804983381995279),
 .UNSPECIFIED.);
#32=B_SPLINE_CURVE_WITH_KNOTS('',3,(#4072,#4073,#4074,#4075),
 .UNSPECIFIED.,.F.,.F.,(4,4),(-0.0244879463568122,0.),.UNSPECIFIED.);
#33=B_SPLINE_CURVE_WITH_KNOTS('',3,(#4092,#4093,#4094,#4095),
 .UNSPECIFIED.,.F.,.F.,(4,4),(0.,0.0760499449036346),.UNSPECIFIED.);
#34=B_SPLINE_CURVE_WITH_KNOTS('',3,(#4112,#4113,#4114,#4115),
 .UNSPECIFIED.,.F.,.F.,(4,4),(0.,0.0760499449036342),.UNSPECIFIED.);
#35=B_SPLINE_SURFACE_WITH_KNOTS('',1,3,((#359,#360,#361,#362,#363,#364,
#365,#366,#367,#368,#369,#370,#371,#372,#373,#374,#375,#376,#377,#378,#379,
#380,#381,#382,#383,#384,#385,#386,#387,#388,#389,#390,#391,#392,#393,#394,
#395,#396,#397,#398,#399,#400,#401,#402,#403,#404,#405,#406,#407,#408,#409,
#410,#411,#412,#413,#414,#415,#416,#417,#418,#419,#420,#421,#422,#423,#424,
#425,#426,#427,#428,#429,#430,#431,#432,#433,#434,#435,#436,#437,#438,#439,
#440,#441,#442,#443,#444,#445,#446,#447,#448,#449,#450,#451,#452,#453,#454,
#455,#456,#457,#458,#459,#460,#461,#462,#463,#464,#465,#466,#467,#468,#469,
#470,#471,#472,#473,#474,#475,#476,#477,#478,#479,#480,#481,#482,#483,#484,
#485,#486,#487,#488,#489,#490,#491,#492,#493,#494,#495,#496,#497,#498,#499,
#500,#501,#502,#503,#504,#505,#506,#507,#508,#509,#510,#511,#512,#513,#514,
#515,#516,#517,#518,#519,#520,#521,#522,#523,#524,#525,#526,#527,#528,#529,
#530,#531,#532,#533,#534,#535,#536,#537,#538,#539,#540,#541,#542,#543,#544,
#545,#546,#547,#548,#549,#550,#551,#552,#553,#554,#555,#556,#557,#558,#559,
#560,#561,#562,#563,#564,#565,#566,#567,#568,#569,#570,#571,#572,#573,#574,
#575,#576,#577,#578,#579,#580,#581,#582,#583,#584,#585,#586,#587,#588,#589,
#590,#591,#592,#593,#594,#595,#596,#597,#598,#599,#600,#601,#602,#603,#604,
#605,#606,#607,#608,#609,#610,#611,#612,#613,#614,#615,#616,#617,#618,#619,
#620,#621,#622,#623,#624,#625,#626,#627,#628,#629,#630,#631,#632,#633,#634,
#635,#636,#637,#638,#639,#640,#641,#642,#643,#644,#645,#646,#647,#648,#649,
#650,#651,#652,#653,#654,#655,#656,#657,#658,#659,#660,#661,#662,#663,#664,
#665,#666,#667,#668,#669,#670,#671,#672,#673,#674,#675,#676,#677,#678,#679,
#680,#681,#682,#683,#684,#685,#686,#687,#688,#689,#690,#691,#692,#693,#694,
#695,#696,#697,#698,#699,#700,#701,#702,#703,#704,#705,#706,#707,#708,#709,
#710,#711,#712),(#713,#714,#715,#716,#717,#718,#719,#720,#721,#722,#723,
#724,#725,#726,#727,#728,#729,#730,#731,#732,#733,#734,#735,#736,#737,#738,
#739,#740,#741,#742,#743,#744,#745,#746,#747,#748,#749,#750,#751,#752,#753,
#754,#755,#756,#757,#758,#759,#760,#761,#762,#763,#764,#765,#766,#767,#768,
#769,#770,#771,#772,#773,#774,#775,#776,#777,#778,#779,#780,#781,#782,#783,
#784,#785,#786,#787,#788,#789,#790,#791,#792,#793,#794,#795,#796,#797,#798,
#799,#800,#801,#802,#803,#804,#805,#806,#807,#808,#809,#810,#811,#812,#813,
#814,#815,#816,#817,#818,#819,#820,#821,#822,#823,#824,#825,#826,#827,#828,
#829,#830,#831,#832,#833,#834,#835,#836,#837,#838,#839,#840,#841,#842,#843,
#844,#845,#846,#847,#848,#849,#850,#851,#852,#853,#854,#855,#856,#857,#858,
#859,#860,#861,#862,#863,#864,#865,#866,#867,#868,#869,#870,#871,#872,#873,
#874,#875,#876,#877,#878,#879,#880,#881,#882,#883,#884,#885,#886,#887,#888,
#889,#890,#891,#892,#893,#894,#895,#896,#897,#898,#899,#900,#901,#902,#903,
#904,#905,#906,#907,#908,#909,#910,#911,#912,#913,#914,#915,#916,#917,#918,
#919,#920,#921,#922,#923,#924,#925,#926,#927,#928,#929,#930,#931,#932,#933,
#934,#935,#936,#937,#938,#939,#940,#941,#942,#943,#944,#945,#946,#947,#948,
#949,#950,#951,#952,#953,#954,#955,#956,#957,#958,#959,#960,#961,#962,#963,
#964,#965,#966,#967,#968,#969,#970,#971,#972,#973,#974,#975,#976,#977,#978,
#979,#980,#981,#982,#983,#984,#985,#986,#987,#988,#989,#990,#991,#992,#993,
#994,#995,#996,#997,#998,#999,#1000,#1001,#1002,#1003,#1004,#1005,#1006,
#1007,#1008,#1009,#1010,#1011,#1012,#1013,#1014,#1015,#1016,#1017,#1018,
#1019,#1020,#1021,#1022,#1023,#1024,#1025,#1026,#1027,#1028,#1029,#1030,
#1031,#1032,#1033,#1034,#1035,#1036,#1037,#1038,#1039,#1040,#1041,#1042,
#1043,#1044,#1045,#1046,#1047,#1048,#1049,#1050,#1051,#1052,#1053,#1054,
#1055,#1056,#1057,#1058,#1059,#1060,#1061,#1062,#1063,#1064,#1065,#1066)),
 .UNSPECIFIED.,.F.,.F.,.F.,(2,2),(4,1,1,1,1,1,1,1,1,1,1,1,1,1,1,1,1,1,1,
1,1,1,1,1,1,1,1,1,1,1,1,1,1,1,1,1,1,1,1,1,1,1,1,1,1,1,1,1,1,1,1,1,1,1,1,
1,1,1,1,1,1,1,1,1,1,1,1,1,1,1,1,1,1,1,1,1,1,1,1,1,1,1,1,1,1,1,1,1,1,1,1,
1,1,1,1,1,1,1,1,1,1,1,1,1,1,1,1,1,1,1,1,1,1,1,1,1,1,1,1,1,1,1,1,1,1,1,1,
1,1,1,1,1,1,1,1,1,1,1,1,1,1,1,1,1,1,1,1,1,1,1,1,1,1,1,1,1,1,1,1,1,1,1,1,
1,1,1,1,1,1,1,1,1,1,1,1,1,1,1,1,1,1,1,1,1,1,1,1,1,1,1,1,1,1,1,1,1,1,1,1,
1,1,1,1,1,1,1,1,1,1,1,1,1,1,1,1,1,1,1,1,1,1,1,1,1,1,1,1,1,1,1,1,1,1,1,1,
1,1,1,1,1,1,1,1,1,1,1,1,1,1,1,1,1,1,1,1,1,1,1,1,1,1,1,1,1,1,1,1,1,1,1,1,
1,1,1,1,1,1,1,1,1,1,1,1,1,1,1,1,1,1,1,1,1,1,1,1,1,1,1,1,1,1,1,1,1,1,1,1,
1,1,1,1,1,1,1,1,1,1,1,1,1,1,1,1,1,1,1,1,1,1,1,1,1,1,1,1,1,1,1,1,1,1,1,1,
1,1,1,1,1,1,1,1,4),(0.,4.40437163093862),(-7.41788638257457,-7.41595459750352,
-7.40847771325231,-7.4009399235544,-7.38945321630498,-7.38397356274181,
-7.3685056040842,-7.3650750759257,-7.3456589364117,-7.34426621172922,-7.32157087061214,
-7.32093940062807,-7.29701506646128,-7.29437527072607,-7.27062688599458,
-7.26599686457155,-7.24243644626532,-7.23583649948394,-7.21247585053682,
-7.2039284464263,-7.18077914277593,-7.17030888302783,-7.14738226098671,
-7.13501584563071,-7.1123229895749,-7.09808918051932,-7.0756409109001,-7.0595704944539,
-7.03737735613719,-7.01950310459458,-6.99757535553195,-6.97793198786464,
-6.95627958809974,-6.93490372976664,-6.9135363307807,-6.89046647263103,
-6.86939340703107,-6.84466986324517,-6.8239001347991,-6.79756499978191,
-6.77710727380522,-6.74920437792148,-6.72906697202072,-6.69964183603794,
-6.6798327112173,-6.64893249930347,-6.62945925144157,-6.59713272254904,
-6.57800257425421,-6.5443000317095,-6.52551982456287,-6.49049306367484,
-6.47206925087185,-6.43577150436687,-6.41771014376897,-6.3801960248631,
-6.36250277247245,-6.32382821539548,-6.30650831926689,-6.26673051706345,
-6.2497888116686,-6.20896615111619,-6.19240705217624,-6.15059904567995,
-6.13442654548347,-6.09169375983217,-6.07591142305605,-6.03231540495515,
-6.0169263650063,-5.97252956333783,-5.95753651923415,-5.91240220403535,
-5.89780741784393,-5.85199959604133,-5.83780489089178,-5.79138821887712,
-5.77759497756712,-5.73063467075486,-5.71724383496404,-5.66980557452576,
-5.65681764465247,-5.60896748168021,-5.59638251731419,-5.54818677472103,
-5.53600439576271,-5.48752956828316,-5.47574895671791,-5.42706160942016,
-5.41568151175299,-5.36684817751862,-5.35586690787178,-5.30695398433244,
-5.29636942820523,-5.24744307464914,-5.23725269333555,-5.18837872810543,
-5.17857956376221,-5.12982336265925,-5.1204120440133,-5.07183844019595,
-5.06281118887693,-5.01448437469701,-5.00583701217819,-4.95782044332747,
-4.94954839845554,-4.9019047007028,-4.89400301779551,-4.84679389647451,
-4.83925724396418,-4.79254339622652,-4.78536607582753,-4.73920710549894,
-4.73238306187842,-4.68683739655142,-4.68036022748506,-4.635485037243,-4.6293480042419,
-4.58519912113627,-4.57939516053677,-4.53602699762675,-4.53054873214303,
-4.48801420054766,-4.48285395129728,-4.44120437329633,-4.43635417232165,
-4.39563918805755,-4.39109079138219,-4.35135825614242,-4.34710315742163,
-4.30839902579002,-4.30442847063793,-4.26679666295517,-4.26310166406165,
-4.22658390957381,-4.22315526276017,-4.18779091248379,-4.18461921389156,
-4.15044501447881,-4.14752067914256,-4.11457049674874,-4.11188377887483,
-4.08018825901986,-4.07772927438379,-4.04731541980344,-4.04507417079501,
-4.01596481396603,-4.01393121796237,-3.98614435794413,-3.9843082798873,
-3.95785624388025,-3.95620753419249,-3.93109591232488,-3.92962445162827,
-3.90585073876659,-3.90454649130256,-3.8820983527848,-3.88095143096689,
-3.85980449276771,-3.85880523594374,-3.83892029104508,-3.83805936224138,
-3.81937889985042,-3.81864740486437,-3.80109143883976,-3.80048107217411,
-3.78394242205496,-3.78344564314207,-3.7677851728157,-3.7673954126115,-3.75243829240279,
-3.75215018337077,-3.7376848878538,-3.73749449906365,-3.72327654008518,
-3.72318158602836,-3.70894320592203,-3.70894318974051,-3.69470479345265,
-3.69460987175887,-3.68039188041737,-3.68020152399025,-3.66573619611025,
-3.66544811944126,-3.65049096686952,-3.65010123902835,-3.63444073633895,
-3.63394398978909,-3.6174053073069,-3.61679497300429,-3.59923897461665,
-3.59850751199363,-3.57982701723963,-3.57896612079897,-3.55908114353728,
-3.55808191907634,-3.53693494851412,-3.53578805905925,-3.51333988817845,
-3.51203567307745,-3.48826192785275,-3.48679049951916,-3.46167884528853,
-3.4600301679638,-3.43357809959372,-3.43174205389992,-3.40395516151865,
-3.40192159787802,-3.37281220868601,-3.37057099204061,-3.34015710509723,
-3.33769815282418,-3.30600260060618,-3.3033159150953,-3.27036570033846,
-3.26744139736524,-3.23326716558945,-3.23009549936026,-3.19473111672085,
-3.19130250227024,-3.15478471541937,-3.15108974888888,-3.11345790884308,
-3.10948738605403,-3.07078322205938,-3.06652815570163,-3.02679558809882,
-3.0222472237865,-2.98153220715936,-2.97668203854772,-2.93503242818373,
-2.92987221129639,-2.88733764733798,-2.8818594142173,-2.83849121894425,
-2.83268729070777,-2.78853837523912,-2.78240137460105,-2.73752615199595,
-2.73104901529263,-2.68550331760259,-2.67867930634511,-2.63252030365349,
-2.62534301561753,-2.57862913551684,-2.57109251536954,-2.5238833616855,
-2.51598171114125,-2.46833798102547,-2.46006596851658,-2.41204936730283,
-2.40340203714704,-2.35507519060409,-2.3460479716481,-2.29747433546771,
-2.2880630491848,-2.2393068157188,-2.22950768373862,-2.18063368614547,-2.17044333719491,
-2.12151695127579,-2.1109324275116,-2.06201947160923,-2.05103823432543,
-2.00220486772803,-1.99082480242389,-1.94213742276311,-1.93035684356089,
-1.8818819837183,-1.86969963712302,-1.82150386216682,-1.80891893016384,
-1.76106873482854,-1.74808083731829,-1.70064254451697,-1.68725174108919,
-1.64029140191389,-1.62649819296693,-1.58008148858923,-1.56588681580271,
-1.52007896163708,-1.5054842078087,-1.46034986024686,-1.44535684850622,
-1.40096001447471,-1.3855710068889,-1.34197495642497,-1.32619265201188,
-1.28345983399754,-1.2672873661641,-1.22547932730478,-1.20892026072785,
-1.16809756781241,-1.1511558947806,-1.11137806021412,-1.09405819644857,
-1.05538360700856,-1.03769038698095,-1.00017623571204,-0.982114907477179,
-0.945817128609162,-0.927393348169214,-0.892366554918145,-0.873586380134545,
-0.839883805226808,-0.82075368929501,-0.788427128039443,-0.768953912540582,
-0.738053668263715,-0.718244575806113,-0.68881940746029,-0.66868203392257,
-0.640779105675789,-0.620321412062138,-0.593986244681913,-0.57321654859888,
-0.548492972449945,-0.527419939213013,-0.504350048700312,-0.482982682077408,
-0.461606791381273,-0.439954423979409,-0.420311023949069,-0.398383307249466,
-0.380509023343824,-0.358315917390146,-0.342245468580912,-0.319797231324728,
-0.305563389906115,-0.282870566213334,-0.270504118494303,-0.247577528816222,
-0.237107236705086,-0.213957965417747,-0.205410528944196,-0.182049912360104,
-0.175449933215694,-0.151889547272497,-0.147259493486435,-0.123511141117982,
-0.120871313019737,-0.0969470112159804,-0.0963155088688758,-0.0736201677517924,
-0.072227475432344,-0.0528113035553162,-0.0493808077598505,-0.0339128167392027,
-0.0284331955390723,-0.0169464559266206,-0.00940869859173394,-0.00193178197750062,
0.),.UNSPECIFIED.);
#36=B_SPLINE_SURFACE_WITH_KNOTS('',3,3,((#1112,#1113,#1114,#1115,#1116,
#1117,#1118,#1119,#1120,#1121,#1122,#1123,#1124,#1125,#1126,#1127,#1128,
#1129,#1130,#1131,#1132,#1133),(#1134,#1135,#1136,#1137,#1138,#1139,#1140,
#1141,#1142,#1143,#1144,#1145,#1146,#1147,#1148,#1149,#1150,#1151,#1152,
#1153,#1154,#1155),(#1156,#1157,#1158,#1159,#1160,#1161,#1162,#1163,#1164,
#1165,#1166,#1167,#1168,#1169,#1170,#1171,#1172,#1173,#1174,#1175,#1176,
#1177),(#1178,#1179,#1180,#1181,#1182,#1183,#1184,#1185,#1186,#1187,#1188,
#1189,#1190,#1191,#1192,#1193,#1194,#1195,#1196,#1197,#1198,#1199),(#1200,
#1201,#1202,#1203,#1204,#1205,#1206,#1207,#1208,#1209,#1210,#1211,#1212,
#1213,#1214,#1215,#1216,#1217,#1218,#1219,#1220,#1221),(#1222,#1223,#1224,
#1225,#1226,#1227,#1228,#1229,#1230,#1231,#1232,#1233,#1234,#1235,#1236,
#1237,#1238,#1239,#1240,#1241,#1242,#1243),(#1244,#1245,#1246,#1247,#1248,
#1249,#1250,#1251,#1252,#1253,#1254,#1255,#1256,#1257,#1258,#1259,#1260,
#1261,#1262,#1263,#1264,#1265),(#1266,#1267,#1268,#1269,#1270,#1271,#1272,
#1273,#1274,#1275,#1276,#1277,#1278,#1279,#1280,#1281,#1282,#1283,#1284,
#1285,#1286,#1287),(#1288,#1289,#1290,#1291,#1292,#1293,#1294,#1295,#1296,
#1297,#1298,#1299,#1300,#1301,#1302,#1303,#1304,#1305,#1306,#1307,#1308,
#1309),(#1310,#1311,#1312,#1313,#1314,#1315,#1316,#1317,#1318,#1319,#1320,
#1321,#1322,#1323,#1324,#1325,#1326,#1327,#1328,#1329,#1330,#1331),(#1332,
#1333,#1334,#1335,#1336,#1337,#1338,#1339,#1340,#1341,#1342,#1343,#1344,
#1345,#1346,#1347,#1348,#1349,#1350,#1351,#1352,#1353),(#1354,#1355,#1356,
#1357,#1358,#1359,#1360,#1361,#1362,#1363,#1364,#1365,#1366,#1367,#1368,
#1369,#1370,#1371,#1372,#1373,#1374,#1375),(#1376,#1377,#1378,#1379,#1380,
#1381,#1382,#1383,#1384,#1385,#1386,#1387,#1388,#1389,#1390,#1391,#1392,
#1393,#1394,#1395,#1396,#1397),(#1398,#1399,#1400,#1401,#1402,#1403,#1404,
#1405,#1406,#1407,#1408,#1409,#1410,#1411,#1412,#1413,#1414,#1415,#1416,
#1417,#1418,#1419),(#1420,#1421,#1422,#1423,#1424,#1425,#1426,#1427,#1428,
#1429,#1430,#1431,#1432,#1433,#1434,#1435,#1436,#1437,#1438,#1439,#1440,
#1441),(#1442,#1443,#1444,#1445,#1446,#1447,#1448,#1449,#1450,#1451,#1452,
#1453,#1454,#1455,#1456,#1457,#1458,#1459,#1460,#1461,#1462,#1463),(#1464,
#1465,#1466,#1467,#1468,#1469,#1470,#1471,#1472,#1473,#1474,#1475,#1476,
#1477,#1478,#1479,#1480,#1481,#1482,#1483,#1484,#1485),(#1486,#1487,#1488,
#1489,#1490,#1491,#1492,#1493,#1494,#1495,#1496,#1497,#1498,#1499,#1500,
#1501,#1502,#1503,#1504,#1505,#1506,#1507),(#1508,#1509,#1510,#1511,#1512,
#1513,#1514,#1515,#1516,#1517,#1518,#1519,#1520,#1521,#1522,#1523,#1524,
#1525,#1526,#1527,#1528,#1529),(#1530,#1531,#1532,#1533,#1534,#1535,#1536,
#1537,#1538,#1539,#1540,#1541,#1542,#1543,#1544,#1545,#1546,#1547,#1548,
#1549,#1550,#1551),(#1552,#1553,#1554,#1555,#1556,#1557,#1558,#1559,#1560,
#1561,#1562,#1563,#1564,#1565,#1566,#1567,#1568,#1569,#1570,#1571,#1572,
#1573),(#1574,#1575,#1576,#1577,#1578,#1579,#1580,#1581,#1582,#1583,#1584,
#1585,#1586,#1587,#1588,#1589,#1590,#1591,#1592,#1593,#1594,#1595),(#1596,
#1597,#1598,#1599,#1600,#1601,#1602,#1603,#1604,#1605,#1606,#1607,#1608,
#1609,#1610,#1611,#1612,#1613,#1614,#1615,#1616,#1617),(#1618,#1619,#1620,
#1621,#1622,#1623,#1624,#1625,#1626,#1627,#1628,#1629,#1630,#1631,#1632,
#1633,#1634,#1635,#1636,#1637,#1638,#1639),(#1640,#1641,#1642,#1643,#1644,
#1645,#1646,#1647,#1648,#1649,#1650,#1651,#1652,#1653,#1654,#1655,#1656,
#1657,#1658,#1659,#1660,#1661),(#1662,#1663,#1664,#1665,#1666,#1667,#1668,
#1669,#1670,#1671,#1672,#1673,#1674,#1675,#1676,#1677,#1678,#1679,#1680,
#1681,#1682,#1683),(#1684,#1685,#1686,#1687,#1688,#1689,#1690,#1691,#1692,
#1693,#1694,#1695,#1696,#1697,#1698,#1699,#1700,#1701,#1702,#1703,#1704,
#1705),(#1706,#1707,#1708,#1709,#1710,#1711,#1712,#1713,#1714,#1715,#1716,
#1717,#1718,#1719,#1720,#1721,#1722,#1723,#1724,#1725,#1726,#1727)),
 .UNSPECIFIED.,.F.,.F.,.F.,(4,3,1,1,1,1,1,1,1,1,1,1,1,1,1,1,1,1,1,1,3,4),
(4,1,1,1,1,1,1,1,1,1,1,1,1,1,1,1,1,1,1,4),(-0.1,0.,0.05,0.1,0.15,0.2,0.25,
0.3,0.35,0.4,0.45,0.5,0.55,0.6,0.65,0.7,0.75,0.8,0.85,0.9,1.,1.1),(0.,0.05,
0.1,0.15,0.2,0.25,0.3,0.35,0.4,0.45,0.5,0.55,0.6,0.65,0.7,0.75,0.8,0.85,
0.9,1.),.UNSPECIFIED.);
#37=B_SPLINE_SURFACE_WITH_KNOTS('',3,3,((#1911,#1912,#1913,#1914,#1915,
#1916,#1917,#1918,#1919,#1920),(#1921,#1922,#1923,#1924,#1925,#1926,#1927,
#1928,#1929,#1930),(#1931,#1932,#1933,#1934,#1935,#1936,#1937,#1938,#1939,
#1940),(#1941,#1942,#1943,#1944,#1945,#1946,#1947,#1948,#1949,#1950),(#1951,
#1952,#1953,#1954,#1955,#1956,#1957,#1958,#1959,#1960),(#1961,#1962,#1963,
#1964,#1965,#1966,#1967,#1968,#1969,#1970),(#1971,#1972,#1973,#1974,#1975,
#1976,#1977,#1978,#1979,#1980),(#1981,#1982,#1983,#1984,#1985,#1986,#1987,
#1988,#1989,#1990),(#1991,#1992,#1993,#1994,#1995,#1996,#1997,#1998,#1999,
#2000),(#2001,#2002,#2003,#2004,#2005,#2006,#2007,#2008,#2009,#2010),(#2011,
#2012,#2013,#2014,#2015,#2016,#2017,#2018,#2019,#2020),(#2021,#2022,#2023,
#2024,#2025,#2026,#2027,#2028,#2029,#2030),(#2031,#2032,#2033,#2034,#2035,
#2036,#2037,#2038,#2039,#2040),(#2041,#2042,#2043,#2044,#2045,#2046,#2047,
#2048,#2049,#2050),(#2051,#2052,#2053,#2054,#2055,#2056,#2057,#2058,#2059,
#2060),(#2061,#2062,#2063,#2064,#2065,#2066,#2067,#2068,#2069,#2070),(#2071,
#2072,#2073,#2074,#2075,#2076,#2077,#2078,#2079,#2080),(#2081,#2082,#2083,
#2084,#2085,#2086,#2087,#2088,#2089,#2090),(#2091,#2092,#2093,#2094,#2095,
#2096,#2097,#2098,#2099,#2100),(#2101,#2102,#2103,#2104,#2105,#2106,#2107,
#2108,#2109,#2110),(#2111,#2112,#2113,#2114,#2115,#2116,#2117,#2118,#2119,
#2120),(#2121,#2122,#2123,#2124,#2125,#2126,#2127,#2128,#2129,#2130),(#2131,
#2132,#2133,#2134,#2135,#2136,#2137,#2138,#2139,#2140),(#2141,#2142,#2143,
#2144,#2145,#2146,#2147,#2148,#2149,#2150),(#2151,#2152,#2153,#2154,#2155,
#2156,#2157,#2158,#2159,#2160),(#2161,#2162,#2163,#2164,#2165,#2166,#2167,
#2168,#2169,#2170)),.UNSPECIFIED.,.F.,.F.,.F.,(4,3,2,2,2,2,2,2,2,2,3,4),
(4,3,3,4),(-0.605251599851686,-1.90174145520002E-5,0.042984678548119,0.085969357096238,
0.171938714192476,0.343877428384952,0.687754856769904,1.03163228515486,
1.37550971353981,2.06326457030971,2.75103817548151,3.35627075791864),(-0.00245079779797446,
0.,0.0245079779797446,0.0272038555575165),.UNSPECIFIED.);
#38=B_SPLINE_SURFACE_WITH_KNOTS('',3,1,((#2293,#2294),(#2295,#2296),(#2297,
#2298),(#2299,#2300),(#2301,#2302),(#2303,#2304),(#2305,#2306),(#2307,#2308),
(#2309,#2310),(#2311,#2312),(#2313,#2314),(#2315,#2316),(#2317,#2318),(#2319,
#2320),(#2321,#2322),(#2323,#2324),(#2325,#2326),(#2327,#2328),(#2329,#2330),
(#2331,#2332),(#2333,#2334),(#2335,#2336),(#2337,#2338),(#2339,#2340),(#2341,
#2342),(#2343,#2344),(#2345,#2346),(#2347,#2348),(#2349,#2350),(#2351,#2352),
(#2353,#2354),(#2355,#2356),(#2357,#2358),(#2359,#2360),(#2361,#2362),(#2363,
#2364),(#2365,#2366),(#2367,#2368),(#2369,#2370),(#2371,#2372),(#2373,#2374),
(#2375,#2376),(#2377,#2378),(#2379,#2380),(#2381,#2382),(#2383,#2384),(#2385,
#2386),(#2387,#2388),(#2389,#2390),(#2391,#2392),(#2393,#2394),(#2395,#2396),
(#2397,#2398),(#2399,#2400),(#2401,#2402),(#2403,#2404),(#2405,#2406),(#2407,
#2408),(#2409,#2410),(#2411,#2412),(#2413,#2414),(#2415,#2416),(#2417,#2418),
(#2419,#2420),(#2421,#2422),(#2423,#2424),(#2425,#2426),(#2427,#2428),(#2429,
#2430),(#2431,#2432),(#2433,#2434),(#2435,#2436),(#2437,#2438),(#2439,#2440),
(#2441,#2442),(#2443,#2444),(#2445,#2446),(#2447,#2448),(#2449,#2450),(#2451,
#2452),(#2453,#2454),(#2455,#2456),(#2457,#2458),(#2459,#2460),(#2461,#2462),
(#2463,#2464),(#2465,#2466),(#2467,#2468),(#2469,#2470),(#2471,#2472),(#2473,
#2474),(#2475,#2476),(#2477,#2478),(#2479,#2480),(#2481,#2482),(#2483,#2484),
(#2485,#2486),(#2487,#2488),(#2489,#2490),(#2491,#2492),(#2493,#2494),(#2495,
#2496),(#2497,#2498),(#2499,#2500),(#2501,#2502),(#2503,#2504),(#2505,#2506),
(#2507,#2508),(#2509,#2510),(#2511,#2512),(#2513,#2514),(#2515,#2516),(#2517,
#2518),(#2519,#2520),(#2521,#2522),(#2523,#2524),(#2525,#2526),(#2527,#2528),
(#2529,#2530),(#2531,#2532),(#2533,#2534),(#2535,#2536),(#2537,#2538),(#2539,
#2540),(#2541,#2542),(#2543,#2544),(#2545,#2546),(#2547,#2548),(#2549,#2550),
(#2551,#2552),(#2553,#2554),(#2555,#2556),(#2557,#2558),(#2559,#2560),(#2561,
#2562),(#2563,#2564),(#2565,#2566),(#2567,#2568),(#2569,#2570),(#2571,#2572),
(#2573,#2574),(#2575,#2576),(#2577,#2578),(#2579,#2580),(#2581,#2582),(#2583,
#2584),(#2585,#2586),(#2587,#2588),(#2589,#2590),(#2591,#2592),(#2593,#2594),
(#2595,#2596),(#2597,#2598),(#2599,#2600),(#2601,#2602),(#2603,#2604),(#2605,
#2606),(#2607,#2608),(#2609,#2610),(#2611,#2612),(#2613,#2614),(#2615,#2616),
(#2617,#2618),(#2619,#2620),(#2621,#2622),(#2623,#2624),(#2625,#2626),(#2627,
#2628),(#2629,#2630),(#2631,#2632),(#2633,#2634),(#2635,#2636),(#2637,#2638),
(#2639,#2640),(#2641,#2642),(#2643,#2644),(#2645,#2646),(#2647,#2648),(#2649,
#2650),(#2651,#2652),(#2653,#2654),(#2655,#2656),(#2657,#2658),(#2659,#2660),
(#2661,#2662),(#2663,#2664),(#2665,#2666),(#2667,#2668),(#2669,#2670),(#2671,
#2672),(#2673,#2674),(#2675,#2676),(#2677,#2678),(#2679,#2680),(#2681,#2682),
(#2683,#2684),(#2685,#2686),(#2687,#2688),(#2689,#2690),(#2691,#2692),(#2693,
#2694),(#2695,#2696),(#2697,#2698),(#2699,#2700),(#2701,#2702),(#2703,#2704),
(#2705,#2706),(#2707,#2708),(#2709,#2710),(#2711,#2712),(#2713,#2714),(#2715,
#2716),(#2717,#2718),(#2719,#2720),(#2721,#2722),(#2723,#2724),(#2725,#2726),
(#2727,#2728),(#2729,#2730),(#2731,#2732),(#2733,#2734),(#2735,#2736),(#2737,
#2738),(#2739,#2740),(#2741,#2742),(#2743,#2744),(#2745,#2746),(#2747,#2748),
(#2749,#2750),(#2751,#2752),(#2753,#2754),(#2755,#2756),(#2757,#2758),(#2759,
#2760),(#2761,#2762),(#2763,#2764),(#2765,#2766),(#2767,#2768),(#2769,#2770),
(#2771,#2772),(#2773,#2774),(#2775,#2776),(#2777,#2778),(#2779,#2780),(#2781,
#2782),(#2783,#2784),(#2785,#2786),(#2787,#2788),(#2789,#2790),(#2791,#2792),
(#2793,#2794),(#2795,#2796),(#2797,#2798),(#2799,#2800),(#2801,#2802),(#2803,
#2804),(#2805,#2806),(#2807,#2808),(#2809,#2810),(#2811,#2812),(#2813,#2814),
(#2815,#2816),(#2817,#2818),(#2819,#2820),(#2821,#2822),(#2823,#2824),(#2825,
#2826),(#2827,#2828),(#2829,#2830),(#2831,#2832),(#2833,#2834),(#2835,#2836),
(#2837,#2838),(#2839,#2840),(#2841,#2842),(#2843,#2844),(#2845,#2846),(#2847,
#2848),(#2849,#2850),(#2851,#2852),(#2853,#2854),(#2855,#2856),(#2857,#2858),
(#2859,#2860),(#2861,#2862),(#2863,#2864),(#2865,#2866),(#2867,#2868),(#2869,
#2870),(#2871,#2872),(#2873,#2874),(#2875,#2876),(#2877,#2878),(#2879,#2880),
(#2881,#2882),(#2883,#2884),(#2885,#2886),(#2887,#2888),(#2889,#2890),(#2891,
#2892),(#2893,#2894),(#2895,#2896),(#2897,#2898),(#2899,#2900),(#2901,#2902),
(#2903,#2904),(#2905,#2906),(#2907,#2908),(#2909,#2910),(#2911,#2912),(#2913,
#2914),(#2915,#2916),(#2917,#2918),(#2919,#2920),(#2921,#2922),(#2923,#2924),
(#2925,#2926),(#2927,#2928),(#2929,#2930),(#2931,#2932),(#2933,#2934),(#2935,
#2936),(#2937,#2938),(#2939,#2940),(#2941,#2942),(#2943,#2944),(#2945,#2946),
(#2947,#2948),(#2949,#2950),(#2951,#2952),(#2953,#2954),(#2955,#2956),(#2957,
#2958),(#2959,#2960),(#2961,#2962),(#2963,#2964),(#2965,#2966),(#2967,#2968),
(#2969,#2970),(#2971,#2972),(#2973,#2974),(#2975,#2976),(#2977,#2978),(#2979,
#2980),(#2981,#2982),(#2983,#2984),(#2985,#2986),(#2987,#2988),(#2989,#2990),
(#2991,#2992),(#2993,#2994),(#2995,#2996),(#2997,#2998),(#2999,#3000)),
 .UNSPECIFIED.,.F.,.F.,.F.,(4,1,1,1,1,1,1,1,1,1,1,1,1,1,1,1,1,1,1,1,1,1,
1,1,1,1,1,1,1,1,1,1,1,1,1,1,1,1,1,1,1,1,1,1,1,1,1,1,1,1,1,1,1,1,1,1,1,1,
1,1,1,1,1,1,1,1,1,1,1,1,1,1,1,1,1,1,1,1,1,1,1,1,1,1,1,1,1,1,1,1,1,1,1,1,
1,1,1,1,1,1,1,1,1,1,1,1,1,1,1,1,1,1,1,1,1,1,1,1,1,1,1,1,1,1,1,1,1,1,1,1,
1,1,1,1,1,1,1,1,1,1,1,1,1,1,1,1,1,1,1,1,1,1,1,1,1,1,1,1,1,1,1,1,1,1,1,1,
1,1,1,1,1,1,1,1,1,1,1,1,1,1,1,1,1,1,1,1,1,1,1,1,1,1,1,1,1,1,1,1,1,1,1,1,
1,1,1,1,1,1,1,1,1,1,1,1,1,1,1,1,1,1,1,1,1,1,1,1,1,1,1,1,1,1,1,1,1,1,1,1,
1,1,1,1,1,1,1,1,1,1,1,1,1,1,1,1,1,1,1,1,1,1,1,1,1,1,1,1,1,1,1,1,1,1,1,1,
1,1,1,1,1,1,1,1,1,1,1,1,1,1,1,1,1,1,1,1,1,1,1,1,1,1,1,1,1,1,1,1,1,1,1,1,
1,1,1,1,1,1,1,1,1,1,1,1,1,1,1,1,1,1,1,1,1,1,1,1,1,1,1,1,1,1,1,1,1,1,1,1,
1,1,1,1,1,4),(2,2),(-7.41788638257457,-7.41595459750352,-7.40847771325231,
-7.4009399235544,-7.38945321630498,-7.38397356274181,-7.3685056040842,-7.3650750759257,
-7.3456589364117,-7.34426621172922,-7.32157087061214,-7.32093940062807,
-7.29701506646128,-7.29437527072607,-7.27062688599458,-7.26599686457155,
-7.24243644626532,-7.23583649948394,-7.21247585053682,-7.2039284464263,
-7.18077914277593,-7.17030888302783,-7.14738226098671,-7.13501584563071,
-7.1123229895749,-7.09808918051932,-7.0756409109001,-7.0595704944539,-7.03737735613719,
-7.01950310459458,-6.99757535553195,-6.97793198786464,-6.95627958809974,
-6.93490372976664,-6.9135363307807,-6.89046647263103,-6.86939340703107,
-6.84466986324517,-6.8239001347991,-6.79756499978191,-6.77710727380522,
-6.74920437792148,-6.72906697202072,-6.69964183603794,-6.6798327112173,
-6.64893249930347,-6.62945925144157,-6.59713272254904,-6.57800257425421,
-6.5443000317095,-6.52551982456287,-6.49049306367484,-6.47206925087185,
-6.43577150436687,-6.41771014376897,-6.3801960248631,-6.36250277247245,
-6.32382821539548,-6.30650831926689,-6.26673051706345,-6.2497888116686,
-6.20896615111619,-6.19240705217624,-6.15059904567995,-6.13442654548347,
-6.09169375983217,-6.07591142305605,-6.03231540495515,-6.0169263650063,
-5.97252956333783,-5.95753651923415,-5.91240220403535,-5.89780741784393,
-5.85199959604133,-5.83780489089178,-5.79138821887712,-5.77759497756712,
-5.73063467075486,-5.71724383496404,-5.66980557452576,-5.65681764465247,
-5.60896748168021,-5.59638251731419,-5.54818677472103,-5.53600439576271,
-5.48752956828316,-5.47574895671791,-5.42706160942016,-5.41568151175299,
-5.36684817751862,-5.35586690787178,-5.30695398433244,-5.29636942820523,
-5.24744307464914,-5.23725269333555,-5.18837872810543,-5.17857956376221,
-5.12982336265925,-5.1204120440133,-5.07183844019595,-5.06281118887693,
-5.01448437469701,-5.00583701217819,-4.95782044332747,-4.94954839845554,
-4.9019047007028,-4.89400301779551,-4.84679389647451,-4.83925724396418,
-4.79254339622652,-4.78536607582753,-4.73920710549894,-4.73238306187842,
-4.68683739655142,-4.68036022748506,-4.635485037243,-4.6293480042419,-4.58519912113627,
-4.57939516053677,-4.53602699762675,-4.53054873214303,-4.48801420054766,
-4.48285395129728,-4.44120437329633,-4.43635417232165,-4.39563918805755,
-4.39109079138219,-4.35135825614242,-4.34710315742163,-4.30839902579002,
-4.30442847063793,-4.26679666295517,-4.26310166406165,-4.22658390957381,
-4.22315526276017,-4.18779091248379,-4.18461921389156,-4.15044501447881,
-4.14752067914256,-4.11457049674874,-4.11188377887483,-4.08018825901986,
-4.07772927438379,-4.04731541980344,-4.04507417079501,-4.01596481396603,
-4.01393121796237,-3.98614435794413,-3.9843082798873,-3.95785624388025,
-3.95620753419249,-3.93109591232488,-3.92962445162827,-3.90585073876659,
-3.90454649130256,-3.8820983527848,-3.88095143096689,-3.85980449276771,
-3.85880523594374,-3.83892029104508,-3.83805936224138,-3.81937889985042,
-3.81864740486437,-3.80109143883976,-3.80048107217411,-3.78394242205496,
-3.78344564314207,-3.7677851728157,-3.7673954126115,-3.75243829240279,-3.75215018337077,
-3.7376848878538,-3.73749449906365,-3.72327654008518,-3.72318158602836,
-3.70894320592203,-3.70894318974051,-3.69470479345265,-3.69460987175887,
-3.68039188041737,-3.68020152399025,-3.66573619611025,-3.66544811944126,
-3.65049096686952,-3.65010123902835,-3.63444073633895,-3.63394398978909,
-3.6174053073069,-3.61679497300429,-3.59923897461665,-3.59850751199363,
-3.57982701723963,-3.57896612079897,-3.55908114353728,-3.55808191907634,
-3.53693494851412,-3.53578805905925,-3.51333988817845,-3.51203567307745,
-3.48826192785275,-3.48679049951916,-3.46167884528853,-3.4600301679638,
-3.43357809959372,-3.43174205389992,-3.40395516151865,-3.40192159787802,
-3.37281220868601,-3.37057099204061,-3.34015710509723,-3.33769815282418,
-3.30600260060618,-3.3033159150953,-3.27036570033846,-3.26744139736524,
-3.23326716558945,-3.23009549936026,-3.19473111672085,-3.19130250227024,
-3.15478471541937,-3.15108974888888,-3.11345790884308,-3.10948738605403,
-3.07078322205938,-3.06652815570163,-3.02679558809882,-3.0222472237865,
-2.98153220715936,-2.97668203854772,-2.93503242818373,-2.92987221129639,
-2.88733764733798,-2.8818594142173,-2.83849121894425,-2.83268729070777,
-2.78853837523912,-2.78240137460105,-2.73752615199595,-2.73104901529263,
-2.68550331760259,-2.67867930634511,-2.63252030365349,-2.62534301561753,
-2.57862913551684,-2.57109251536954,-2.5238833616855,-2.51598171114125,
-2.46833798102547,-2.46006596851658,-2.41204936730283,-2.40340203714704,
-2.35507519060409,-2.3460479716481,-2.29747433546771,-2.2880630491848,-2.2393068157188,
-2.22950768373862,-2.18063368614547,-2.17044333719491,-2.12151695127579,
-2.1109324275116,-2.06201947160923,-2.05103823432543,-2.00220486772803,
-1.99082480242389,-1.94213742276311,-1.93035684356089,-1.8818819837183,
-1.86969963712302,-1.82150386216682,-1.80891893016384,-1.76106873482854,
-1.74808083731829,-1.70064254451697,-1.68725174108919,-1.64029140191389,
-1.62649819296693,-1.58008148858923,-1.56588681580271,-1.52007896163708,
-1.5054842078087,-1.46034986024686,-1.44535684850622,-1.40096001447471,
-1.3855710068889,-1.34197495642497,-1.32619265201188,-1.28345983399754,
-1.2672873661641,-1.22547932730478,-1.20892026072785,-1.16809756781241,
-1.1511558947806,-1.11137806021412,-1.09405819644857,-1.05538360700856,
-1.03769038698095,-1.00017623571204,-0.982114907477179,-0.945817128609162,
-0.927393348169214,-0.892366554918145,-0.873586380134545,-0.839883805226808,
-0.82075368929501,-0.788427128039443,-0.768953912540582,-0.738053668263715,
-0.718244575806113,-0.68881940746029,-0.66868203392257,-0.640779105675789,
-0.620321412062138,-0.593986244681913,-0.57321654859888,-0.548492972449945,
-0.527419939213013,-0.504350048700312,-0.482982682077408,-0.461606791381273,
-0.439954423979409,-0.420311023949069,-0.398383307249466,-0.380509023343824,
-0.358315917390146,-0.342245468580912,-0.319797231324728,-0.305563389906115,
-0.282870566213334,-0.270504118494303,-0.247577528816222,-0.237107236705086,
-0.213957965417747,-0.205410528944196,-0.182049912360104,-0.175449933215694,
-0.151889547272497,-0.147259493486435,-0.123511141117982,-0.120871313019737,
-0.0969470112159804,-0.0963155088688758,-0.0736201677517924,-0.072227475432344,
-0.0528113035553162,-0.0493808077598505,-0.0339128167392027,-0.0284331955390723,
-0.0169464559266206,-0.00940869859173394,-0.00193178197750062,0.),(0.,4.40437163093862),
 .UNSPECIFIED.);
#39=B_SPLINE_SURFACE_WITH_KNOTS('',3,3,((#3103,#3104,#3105,#3106,#3107,
#3108,#3109,#3110,#3111,#3112,#3113,#3114,#3115,#3116,#3117,#3118,#3119,
#3120,#3121,#3122,#3123,#3124,#3125,#3126,#3127,#3128,#3129,#3130),(#3131,
#3132,#3133,#3134,#3135,#3136,#3137,#3138,#3139,#3140,#3141,#3142,#3143,
#3144,#3145,#3146,#3147,#3148,#3149,#3150,#3151,#3152,#3153,#3154,#3155,
#3156,#3157,#3158),(#3159,#3160,#3161,#3162,#3163,#3164,#3165,#3166,#3167,
#3168,#3169,#3170,#3171,#3172,#3173,#3174,#3175,#3176,#3177,#3178,#3179,
#3180,#3181,#3182,#3183,#3184,#3185,#3186),(#3187,#3188,#3189,#3190,#3191,
#3192,#3193,#3194,#3195,#3196,#3197,#3198,#3199,#3200,#3201,#3202,#3203,
#3204,#3205,#3206,#3207,#3208,#3209,#3210,#3211,#3212,#3213,#3214),(#3215,
#3216,#3217,#3218,#3219,#3220,#3221,#3222,#3223,#3224,#3225,#3226,#3227,
#3228,#3229,#3230,#3231,#3232,#3233,#3234,#3235,#3236,#3237,#3238,#3239,
#3240,#3241,#3242),(#3243,#3244,#3245,#3246,#3247,#3248,#3249,#3250,#3251,
#3252,#3253,#3254,#3255,#3256,#3257,#3258,#3259,#3260,#3261,#3262,#3263,
#3264,#3265,#3266,#3267,#3268,#3269,#3270),(#3271,#3272,#3273,#3274,#3275,
#3276,#3277,#3278,#3279,#3280,#3281,#3282,#3283,#3284,#3285,#3286,#3287,
#3288,#3289,#3290,#3291,#3292,#3293,#3294,#3295,#3296,#3297,#3298),(#3299,
#3300,#3301,#3302,#3303,#3304,#3305,#3306,#3307,#3308,#3309,#3310,#3311,
#3312,#3313,#3314,#3315,#3316,#3317,#3318,#3319,#3320,#3321,#3322,#3323,
#3324,#3325,#3326),(#3327,#3328,#3329,#3330,#3331,#3332,#3333,#3334,#3335,
#3336,#3337,#3338,#3339,#3340,#3341,#3342,#3343,#3344,#3345,#3346,#3347,
#3348,#3349,#3350,#3351,#3352,#3353,#3354),(#3355,#3356,#3357,#3358,#3359,
#3360,#3361,#3362,#3363,#3364,#3365,#3366,#3367,#3368,#3369,#3370,#3371,
#3372,#3373,#3374,#3375,#3376,#3377,#3378,#3379,#3380,#3381,#3382),(#3383,
#3384,#3385,#3386,#3387,#3388,#3389,#3390,#3391,#3392,#3393,#3394,#3395,
#3396,#3397,#3398,#3399,#3400,#3401,#3402,#3403,#3404,#3405,#3406,#3407,
#3408,#3409,#3410),(#3411,#3412,#3413,#3414,#3415,#3416,#3417,#3418,#3419,
#3420,#3421,#3422,#3423,#3424,#3425,#3426,#3427,#3428,#3429,#3430,#3431,
#3432,#3433,#3434,#3435,#3436,#3437,#3438),(#3439,#3440,#3441,#3442,#3443,
#3444,#3445,#3446,#3447,#3448,#3449,#3450,#3451,#3452,#3453,#3454,#3455,
#3456,#3457,#3458,#3459,#3460,#3461,#3462,#3463,#3464,#3465,#3466),(#3467,
#3468,#3469,#3470,#3471,#3472,#3473,#3474,#3475,#3476,#3477,#3478,#3479,
#3480,#3481,#3482,#3483,#3484,#3485,#3486,#3487,#3488,#3489,#3490,#3491,
#3492,#3493,#3494),(#3495,#3496,#3497,#3498,#3499,#3500,#3501,#3502,#3503,
#3504,#3505,#3506,#3507,#3508,#3509,#3510,#3511,#3512,#3513,#3514,#3515,
#3516,#3517,#3518,#3519,#3520,#3521,#3522),(#3523,#3524,#3525,#3526,#3527,
#3528,#3529,#3530,#3531,#3532,#3533,#3534,#3535,#3536,#3537,#3538,#3539,
#3540,#3541,#3542,#3543,#3544,#3545,#3546,#3547,#3548,#3549,#3550),(#3551,
#3552,#3553,#3554,#3555,#3556,#3557,#3558,#3559,#3560,#3561,#3562,#3563,
#3564,#3565,#3566,#3567,#3568,#3569,#3570,#3571,#3572,#3573,#3574,#3575,
#3576,#3577,#3578),(#3579,#3580,#3581,#3582,#3583,#3584,#3585,#3586,#3587,
#3588,#3589,#3590,#3591,#3592,#3593,#3594,#3595,#3596,#3597,#3598,#3599,
#3600,#3601,#3602,#3603,#3604,#3605,#3606),(#3607,#3608,#3609,#3610,#3611,
#3612,#3613,#3614,#3615,#3616,#3617,#3618,#3619,#3620,#3621,#3622,#3623,
#3624,#3625,#3626,#3627,#3628,#3629,#3630,#3631,#3632,#3633,#3634),(#3635,
#3636,#3637,#3638,#3639,#3640,#3641,#3642,#3643,#3644,#3645,#3646,#3647,
#3648,#3649,#3650,#3651,#3652,#3653,#3654,#3655,#3656,#3657,#3658,#3659,
#3660,#3661,#3662),(#3663,#3664,#3665,#3666,#3667,#3668,#3669,#3670,#3671,
#3672,#3673,#3674,#3675,#3676,#3677,#3678,#3679,#3680,#3681,#3682,#3683,
#3684,#3685,#3686,#3687,#3688,#3689,#3690),(#3691,#3692,#3693,#3694,#3695,
#3696,#3697,#3698,#3699,#3700,#3701,#3702,#3703,#3704,#3705,#3706,#3707,
#3708,#3709,#3710,#3711,#3712,#3713,#3714,#3715,#3716,#3717,#3718)),
 .UNSPECIFIED.,.F.,.F.,.F.,(4,1,1,1,1,1,1,1,1,1,1,1,1,1,1,1,1,1,1,4),(4,
3,1,1,1,1,1,1,1,1,1,1,1,1,1,1,1,1,1,1,3,4),(0.,0.05,0.1,0.15,0.2,0.25,0.3,
0.35,0.4,0.45,0.5,0.55,0.6,0.65,0.7,0.75,0.8,0.85,0.9,1.),(-0.1,0.,0.05,
0.1,0.15,0.2,0.25,0.3,0.35,0.4,0.45,0.5,0.55,0.6,0.65,0.7,0.75,0.8,0.85,
0.9,1.,1.1),.UNSPECIFIED.);
#40=B_SPLINE_SURFACE_WITH_KNOTS('',3,3,((#3812,#3813,#3814,#3815,#3816,
#3817,#3818,#3819,#3820,#3821,#3822,#3823,#3824,#3825,#3826,#3827,#3828,
#3829,#3830,#3831,#3832,#3833,#3834,#3835,#3836,#3837),(#3838,#3839,#3840,
#3841,#3842,#3843,#3844,#3845,#3846,#3847,#3848,#3849,#3850,#3851,#3852,
#3853,#3854,#3855,#3856,#3857,#3858,#3859,#3860,#3861,#3862,#3863),(#3864,
#3865,#3866,#3867,#3868,#3869,#3870,#3871,#3872,#3873,#3874,#3875,#3876,
#3877,#3878,#3879,#3880,#3881,#3882,#3883,#3884,#3885,#3886,#3887,#3888,
#3889),(#3890,#3891,#3892,#3893,#3894,#3895,#3896,#3897,#3898,#3899,#3900,
#3901,#3902,#3903,#3904,#3905,#3906,#3907,#3908,#3909,#3910,#3911,#3912,
#3913,#3914,#3915),(#3916,#3917,#3918,#3919,#3920,#3921,#3922,#3923,#3924,
#3925,#3926,#3927,#3928,#3929,#3930,#3931,#3932,#3933,#3934,#3935,#3936,
#3937,#3938,#3939,#3940,#3941),(#3942,#3943,#3944,#3945,#3946,#3947,#3948,
#3949,#3950,#3951,#3952,#3953,#3954,#3955,#3956,#3957,#3958,#3959,#3960,
#3961,#3962,#3963,#3964,#3965,#3966,#3967),(#3968,#3969,#3970,#3971,#3972,
#3973,#3974,#3975,#3976,#3977,#3978,#3979,#3980,#3981,#3982,#3983,#3984,
#3985,#3986,#3987,#3988,#3989,#3990,#3991,#3992,#3993),(#3994,#3995,#3996,
#3997,#3998,#3999,#4000,#4001,#4002,#4003,#4004,#4005,#4006,#4007,#4008,
#4009,#4010,#4011,#4012,#4013,#4014,#4015,#4016,#4017,#4018,#4019),(#4020,
#4021,#4022,#4023,#4024,#4025,#4026,#4027,#4028,#4029,#4030,#4031,#4032,
#4033,#4034,#4035,#4036,#4037,#4038,#4039,#4040,#4041,#4042,#4043,#4044,
#4045),(#4046,#4047,#4048,#4049,#4050,#4051,#4052,#4053,#4054,#4055,#4056,
#4057,#4058,#4059,#4060,#4061,#4062,#4063,#4064,#4065,#4066,#4067,#4068,
#4069,#4070,#4071)),.UNSPECIFIED.,.F.,.F.,.F.,(4,3,3,4),(4,3,2,2,2,2,2,
2,2,2,3,4),(-0.00269587757777143,0.,0.0245079779797402,0.0269587757777143),
(-0.605251599851686,-1.90174145519565E-5,0.042984678548119,0.085969357096238,
0.171938714192476,0.343877428384952,0.687754856769904,1.03163228515486,
1.37550971353981,2.06326457030971,2.75103817548151,3.35627075791864),
 .UNSPECIFIED.);
#41=B_SPLINE_SURFACE_WITH_KNOTS('',3,3,((#4076,#4077,#4078,#4079),(#4080,
#4081,#4082,#4083),(#4084,#4085,#4086,#4087),(#4088,#4089,#4090,#4091)),
 .UNSPECIFIED.,.F.,.F.,.F.,(4,4),(4,4),(0.0405761762078999,0.0650036429409424),
(0.,0.0760500109207543),.UNSPECIFIED.);
#42=B_SPLINE_SURFACE_WITH_KNOTS('',3,3,((#4096,#4097,#4098,#4099),(#4100,
#4101,#4102,#4103),(#4104,#4105,#4106,#4107),(#4108,#4109,#4110,#4111)),
 .UNSPECIFIED.,.F.,.F.,.F.,(4,4),(4,4),(0.,0.0244275756007657),(0.,0.0760500109207543),
 .UNSPECIFIED.);
#43=B_SPLINE_SURFACE_WITH_KNOTS('',3,3,((#4116,#4117,#4118,#4119),(#4120,
#4121,#4122,#4123),(#4124,#4125,#4126,#4127),(#4128,#4129,#4130,#4131),
(#4132,#4133,#4134,#4135),(#4136,#4137,#4138,#4139),(#4140,#4141,#4142,
#4143),(#4144,#4145,#4146,#4147),(#4148,#4149,#4150,#4151),(#4152,#4153,
#4154,#4155)),.UNSPECIFIED.,.F.,.F.,.F.,(4,2,2,2,4),(4,4),(0.0244275756007657,
0.0284649152423771,0.0325018759043328,0.0365388365662885,0.0405761762078999),
(0.,0.0760500109207543),.UNSPECIFIED.);
#44=FACE_OUTER_BOUND('',#57,.T.);
#45=FACE_OUTER_BOUND('',#58,.T.);
#46=FACE_OUTER_BOUND('',#59,.T.);
#47=FACE_OUTER_BOUND('',#60,.T.);
#48=FACE_OUTER_BOUND('',#61,.T.);
#49=FACE_OUTER_BOUND('',#62,.T.);
#50=FACE_OUTER_BOUND('',#63,.T.);
#51=FACE_OUTER_BOUND('',#64,.T.);
#52=FACE_OUTER_BOUND('',#65,.T.);
#53=FACE_OUTER_BOUND('',#66,.T.);
#54=FACE_OUTER_BOUND('',#67,.T.);
#55=FACE_OUTER_BOUND('',#68,.T.);
#56=FACE_OUTER_BOUND('',#69,.T.);
#57=EDGE_LOOP('',(#127,#128,#129));
#58=EDGE_LOOP('',(#130,#131,#132,#133,#134));
#59=EDGE_LOOP('',(#135,#136,#137,#138,#139));
#60=EDGE_LOOP('',(#140,#141,#142));
#61=EDGE_LOOP('',(#143,#144,#145,#146));
#62=EDGE_LOOP('',(#147,#148,#149));
#63=EDGE_LOOP('',(#150,#151,#152,#153,#154));
#64=EDGE_LOOP('',(#155,#156,#157,#158,#159));
#65=EDGE_LOOP('',(#160,#161,#162));
#66=EDGE_LOOP('',(#163,#164,#165,#166));
#67=EDGE_LOOP('',(#167,#168,#169,#170));
#68=EDGE_LOOP('',(#171,#172,#173,#174));
#69=EDGE_LOOP('',(#175,#176,#177,#178,#179,#180));
#70=LINE('',#358,#75);
#71=LINE('',#1089,#76);
#72=LINE('',#1091,#77);
#73=LINE('',#1105,#78);
#74=LINE('',#3007,#79);
#75=VECTOR('',#230,0.05);
#76=VECTOR('',#231,0.05);
#77=VECTOR('',#232,0.05);
#78=VECTOR('',#233,0.05);
#79=VECTOR('',#240,0.05);
#80=(
BOUNDED_CURVE()
B_SPLINE_CURVE(3,(#247,#248,#249,#250,#251,#252,#253,#254,#255,#256,#257,
#258,#259,#260,#261,#262,#263,#264,#265,#266,#267,#268,#269,#270,#271,#272,
#273,#274,#275,#276,#277,#278,#279,#280,#281,#282,#283,#284,#285,#286,#287,
#288,#289,#290,#291,#292,#293,#294,#295,#296,#297,#298,#299,#300,#301,#302,
#303,#304,#305,#306,#307,#308,#309,#310,#311,#312,#313,#314,#315,#316,#317,
#318,#319,#320,#321,#322,#323,#324,#325,#326,#327,#328,#329,#330,#331,#332,
#333,#334,#335,#336,#337,#338,#339,#340,#341,#342,#343,#344,#345,#346,#347,
#348,#349,#350,#351,#352,#353,#354,#355,#356,#357),.UNSPECIFIED.,.F.,.F.)
B_SPLINE_CURVE_WITH_KNOTS((4,1,1,1,1,1,1,1,1,1,1,1,1,1,1,1,1,1,1,1,1,1,
1,1,1,1,1,1,1,1,1,1,1,1,1,1,1,1,1,1,1,1,1,1,1,1,1,1,1,1,1,1,1,1,1,1,1,1,
1,1,1,1,1,1,1,1,1,1,1,1,1,1,1,1,1,1,1,1,1,1,1,1,1,1,1,1,1,1,1,1,1,1,1,1,
1,1,1,1,1,1,1,1,1,1,1,1,1,1,4),(3.70894318974051,3.72318158602836,3.72327654008518,
3.73749449906365,3.7376848878538,3.75215018337077,3.7673954126115,3.7677851728157,
3.78344564314207,3.80048107217411,3.81864740486437,3.81937889985042,3.83805936224138,
3.85880523594374,3.88095143096689,3.8820983527848,3.90454649130256,3.92962445162827,
3.95620753419249,3.95785624388025,3.9843082798873,4.01393121796237,4.04507417079501,
4.04731541980344,4.07772927438379,4.11188377887483,4.14752067914256,4.18461921389156,
4.22315526276017,4.22658390957381,4.26310166406165,4.30442847063793,4.30839902579002,
4.34710315742163,4.39109079138219,4.43635417232165,4.44120437329633,4.48285395129728,
4.53054873214303,4.57939516053677,4.58519912113627,4.6293480042419,4.68036022748506,
4.73238306187842,4.78536607582753,4.83925724396418,4.84679389647451,4.89400301779551,
4.94954839845554,5.00583701217819,5.01448437469701,5.06281118887693,5.1204120440133,
5.17857956376221,5.23725269333555,5.29636942820523,5.35586690787178,5.36684817751862,
5.41568151175299,5.47574895671791,5.53600439576271,5.59638251731419,5.60896748168021,
5.65681764465247,5.71724383496404,5.77759497756712,5.83780489089178,5.85199959604133,
5.89780741784393,5.95753651923415,6.0169263650063,6.07591142305605,6.13442654548347,
6.19240705217624,6.2497888116686,6.26673051706345,6.30650831926689,6.36250277247245,
6.41771014376897,6.47206925087185,6.52551982456287,6.57800257425421,6.59713272254904,
6.62945925144157,6.6798327112173,6.72906697202072,6.77710727380522,6.8239001347991,
6.86939340703107,6.9135363307807,6.95627958809974,6.99757535553195,7.03737735613719,
7.0756409109001,7.1123229895749,7.14738226098671,7.18077914277593,7.21247585053682,
7.24243644626532,7.27062688599458,7.29701506646128,7.32157087061214,7.34426621172922,
7.3456589364117,7.3650750759257,7.38397356274181,7.4009399235544,7.41595459750352,
7.41788638257457),.UNSPECIFIED.)
CURVE()
GEOMETRIC_REPRESENTATION_ITEM()
RATIONAL_B_SPLINE_CURVE((1.,1.,1.,1.,1.,1.,1.,1.,1.,1.,1.,1.,1.,1.,1.,1.,
1.,1.,1.,1.,1.,1.,1.,1.,1.,1.,1.,1.,1.,1.,1.,1.,1.,1.,1.,1.,1.,1.,1.,1.,
1.,1.,1.,1.,1.,1.,1.,1.,1.,1.,1.,1.,1.,1.,1.,1.,1.,1.,1.,1.,1.,1.,1.,1.,
1.,1.,1.,1.,1.,1.,1.,1.,1.,1.,1.,1.,1.,1.,1.,1.,1.,1.,1.,1.,1.,1.,1.,1.,
1.,1.,1.,1.,1.,1.,1.,1.,1.,1.,1.,1.,1.,1.,1.,1.,1.,1.,1.,1.,1.,1.,1.))
REPRESENTATION_ITEM('')
);
#81=(
BOUNDED_CURVE()
B_SPLINE_CURVE(3,(#2181,#2182,#2183,#2184,#2185,#2186,#2187,#2188,#2189,
#2190,#2191,#2192,#2193,#2194,#2195,#2196,#2197,#2198,#2199,#2200,#2201,
#2202,#2203,#2204,#2205,#2206,#2207,#2208,#2209,#2210,#2211,#2212,#2213,
#2214,#2215,#2216,#2217,#2218,#2219,#2220,#2221,#2222,#2223,#2224,#2225,
#2226,#2227,#2228,#2229,#2230,#2231,#2232,#2233,#2234,#2235,#2236,#2237,
#2238,#2239,#2240,#2241,#2242,#2243,#2244,#2245,#2246,#2247,#2248,#2249,
#2250,#2251,#2252,#2253,#2254,#2255,#2256,#2257,#2258,#2259,#2260,#2261,
#2262,#2263,#2264,#2265,#2266,#2267,#2268,#2269,#2270,#2271,#2272,#2273,
#2274,#2275,#2276,#2277,#2278,#2279,#2280,#2281,#2282,#2283,#2284,#2285,
#2286,#2287,#2288,#2289,#2290,#2291),.UNSPECIFIED.,.F.,.F.)
B_SPLINE_CURVE_WITH_KNOTS((4,1,1,1,1,1,1,1,1,1,1,1,1,1,1,1,1,1,1,1,1,1,
1,1,1,1,1,1,1,1,1,1,1,1,1,1,1,1,1,1,1,1,1,1,1,1,1,1,1,1,1,1,1,1,1,1,1,1,
1,1,1,1,1,1,1,1,1,1,1,1,1,1,1,1,1,1,1,1,1,1,1,1,1,1,1,1,1,1,1,1,1,1,1,1,
1,1,1,1,1,1,1,1,1,1,1,1,1,1,4),(3.70894318974051,3.72318158602836,3.72327654008518,
3.73749449906365,3.7376848878538,3.75215018337077,3.7673954126115,3.7677851728157,
3.78344564314207,3.80048107217411,3.81864740486437,3.81937889985042,3.83805936224138,
3.85880523594374,3.88095143096689,3.8820983527848,3.90454649130256,3.92962445162827,
3.95620753419249,3.95785624388025,3.9843082798873,4.01393121796237,4.04507417079501,
4.04731541980344,4.07772927438379,4.11188377887483,4.14752067914256,4.18461921389156,
4.22315526276017,4.22658390957381,4.26310166406165,4.30442847063793,4.30839902579002,
4.34710315742163,4.39109079138219,4.43635417232165,4.44120437329633,4.48285395129728,
4.53054873214303,4.57939516053677,4.58519912113627,4.6293480042419,4.68036022748506,
4.73238306187842,4.78536607582753,4.83925724396418,4.84679389647451,4.89400301779551,
4.94954839845554,5.00583701217819,5.01448437469701,5.06281118887693,5.1204120440133,
5.17857956376221,5.23725269333555,5.29636942820523,5.35586690787178,5.36684817751862,
5.41568151175299,5.47574895671791,5.53600439576271,5.59638251731419,5.60896748168021,
5.65681764465247,5.71724383496404,5.77759497756712,5.83780489089178,5.85199959604133,
5.89780741784393,5.95753651923415,6.0169263650063,6.07591142305605,6.13442654548347,
6.19240705217624,6.2497888116686,6.26673051706345,6.30650831926689,6.36250277247245,
6.41771014376897,6.47206925087185,6.52551982456287,6.57800257425421,6.59713272254904,
6.62945925144157,6.6798327112173,6.72906697202072,6.77710727380522,6.8239001347991,
6.86939340703107,6.9135363307807,6.95627958809974,6.99757535553195,7.03737735613719,
7.0756409109001,7.1123229895749,7.14738226098671,7.18077914277593,7.21247585053682,
7.24243644626532,7.27062688599458,7.29701506646128,7.32157087061214,7.34426621172922,
7.3456589364117,7.3650750759257,7.38397356274181,7.4009399235544,7.41595459750352,
7.41788638257457),.UNSPECIFIED.)
CURVE()
GEOMETRIC_REPRESENTATION_ITEM()
RATIONAL_B_SPLINE_CURVE((1.,1.,1.,1.,1.,1.,1.,1.,1.,1.,1.,1.,1.,1.,1.,1.,
1.,1.,1.,1.,1.,1.,1.,1.,1.,1.,1.,1.,1.,1.,1.,1.,1.,1.,1.,1.,1.,1.,1.,1.,
1.,1.,1.,1.,1.,1.,1.,1.,1.,1.,1.,1.,1.,1.,1.,1.,1.,1.,1.,1.,1.,1.,1.,1.,
1.,1.,1.,1.,1.,1.,1.,1.,1.,1.,1.,1.,1.,1.,1.,1.,1.,1.,1.,1.,1.,1.,1.,1.,
1.,1.,1.,1.,1.,1.,1.,1.,1.,1.,1.,1.,1.,1.,1.,1.,1.,1.,1.,1.,1.,1.,1.))
REPRESENTATION_ITEM('')
);
#82=CIRCLE('',#220,0.75);
#83=CIRCLE('',#223,0.75);
#84=VERTEX_POINT('',#243);
#85=VERTEX_POINT('',#244);
#86=VERTEX_POINT('',#246);
#87=VERTEX_POINT('',#1067);
#88=VERTEX_POINT('',#1068);
#89=VERTEX_POINT('',#1090);
#90=VERTEX_POINT('',#1104);
#91=VERTEX_POINT('',#1106);
#92=VERTEX_POINT('',#1728);
#93=VERTEX_POINT('',#1729);
#94=VERTEX_POINT('',#1737);
#95=VERTEX_POINT('',#2180);
#96=VERTEX_POINT('',#3001);
#97=VERTEX_POINT('',#3002);
#98=VERTEX_POINT('',#3092);
#99=VERTEX_POINT('',#3719);
#100=EDGE_CURVE('',#84,#85,#82,.T.);
#101=EDGE_CURVE('',#86,#84,#80,.T.);
#102=EDGE_CURVE('',#85,#86,#70,.T.);
#103=EDGE_CURVE('',#87,#88,#18,.T.);
#104=EDGE_CURVE('',#87,#86,#71,.T.);
#105=EDGE_CURVE('',#84,#89,#72,.T.);
#106=EDGE_CURVE('',#88,#89,#19,.T.);
#107=EDGE_CURVE('',#90,#85,#73,.T.);
#108=EDGE_CURVE('',#90,#91,#15,.T.);
#109=EDGE_CURVE('',#91,#89,#20,.T.);
#110=EDGE_CURVE('',#92,#93,#21,.T.);
#111=EDGE_CURVE('',#94,#93,#22,.T.);
#112=EDGE_CURVE('',#94,#92,#23,.T.);
#113=EDGE_CURVE('',#88,#92,#24,.T.);
#114=EDGE_CURVE('',#94,#87,#25,.T.);
#115=EDGE_CURVE('',#86,#95,#81,.T.);
#116=EDGE_CURVE('',#95,#85,#83,.T.);
#117=EDGE_CURVE('',#96,#97,#26,.T.);
#118=EDGE_CURVE('',#95,#97,#74,.T.);
#119=EDGE_CURVE('',#87,#96,#27,.T.);
#120=EDGE_CURVE('',#97,#98,#28,.T.);
#121=EDGE_CURVE('',#98,#90,#29,.T.);
#122=EDGE_CURVE('',#94,#99,#30,.T.);
#123=EDGE_CURVE('',#99,#93,#31,.T.);
#124=EDGE_CURVE('',#96,#99,#32,.T.);
#125=EDGE_CURVE('',#98,#99,#33,.T.);
#126=EDGE_CURVE('',#91,#92,#34,.T.);
#127=ORIENTED_EDGE('',*,*,#100,.F.);
#128=ORIENTED_EDGE('',*,*,#101,.F.);
#129=ORIENTED_EDGE('',*,*,#102,.F.);
#130=ORIENTED_EDGE('',*,*,#103,.F.);
#131=ORIENTED_EDGE('',*,*,#104,.T.);
#132=ORIENTED_EDGE('',*,*,#101,.T.);
#133=ORIENTED_EDGE('',*,*,#105,.T.);
#134=ORIENTED_EDGE('',*,*,#106,.F.);
#135=ORIENTED_EDGE('',*,*,#105,.F.);
#136=ORIENTED_EDGE('',*,*,#100,.T.);
#137=ORIENTED_EDGE('',*,*,#107,.F.);
#138=ORIENTED_EDGE('',*,*,#108,.T.);
#139=ORIENTED_EDGE('',*,*,#109,.T.);
#140=ORIENTED_EDGE('',*,*,#110,.T.);
#141=ORIENTED_EDGE('',*,*,#111,.F.);
#142=ORIENTED_EDGE('',*,*,#112,.T.);
#143=ORIENTED_EDGE('',*,*,#103,.T.);
#144=ORIENTED_EDGE('',*,*,#113,.T.);
#145=ORIENTED_EDGE('',*,*,#112,.F.);
#146=ORIENTED_EDGE('',*,*,#114,.T.);
#147=ORIENTED_EDGE('',*,*,#102,.T.);
#148=ORIENTED_EDGE('',*,*,#115,.T.);
#149=ORIENTED_EDGE('',*,*,#116,.T.);
#150=ORIENTED_EDGE('',*,*,#117,.T.);
#151=ORIENTED_EDGE('',*,*,#118,.F.);
#152=ORIENTED_EDGE('',*,*,#115,.F.);
#153=ORIENTED_EDGE('',*,*,#104,.F.);
#154=ORIENTED_EDGE('',*,*,#119,.T.);
#155=ORIENTED_EDGE('',*,*,#120,.T.);
#156=ORIENTED_EDGE('',*,*,#121,.T.);
#157=ORIENTED_EDGE('',*,*,#107,.T.);
#158=ORIENTED_EDGE('',*,*,#116,.F.);
#159=ORIENTED_EDGE('',*,*,#118,.T.);
#160=ORIENTED_EDGE('',*,*,#122,.F.);
#161=ORIENTED_EDGE('',*,*,#111,.T.);
#162=ORIENTED_EDGE('',*,*,#123,.F.);
#163=ORIENTED_EDGE('',*,*,#114,.F.);
#164=ORIENTED_EDGE('',*,*,#122,.T.);
#165=ORIENTED_EDGE('',*,*,#124,.F.);
#166=ORIENTED_EDGE('',*,*,#119,.F.);
#167=ORIENTED_EDGE('',*,*,#120,.F.);
#168=ORIENTED_EDGE('',*,*,#117,.F.);
#169=ORIENTED_EDGE('',*,*,#124,.T.);
#170=ORIENTED_EDGE('',*,*,#125,.F.);
#171=ORIENTED_EDGE('',*,*,#126,.T.);
#172=ORIENTED_EDGE('',*,*,#113,.F.);
#173=ORIENTED_EDGE('',*,*,#106,.T.);
#174=ORIENTED_EDGE('',*,*,#109,.F.);
#175=ORIENTED_EDGE('',*,*,#125,.T.);
#176=ORIENTED_EDGE('',*,*,#123,.T.);
#177=ORIENTED_EDGE('',*,*,#110,.F.);
#178=ORIENTED_EDGE('',*,*,#126,.F.);
#179=ORIENTED_EDGE('',*,*,#108,.F.);
#180=ORIENTED_EDGE('',*,*,#121,.F.);
#181=PLANE('',#219);
#182=PLANE('',#222);
#183=ADVANCED_FACE('',(#44),#181,.T.);
#184=ADVANCED_FACE('',(#45),#35,.T.);
#185=ADVANCED_FACE('',(#46),#16,.T.);
#186=ADVANCED_FACE('',(#47),#36,.T.);
#187=ADVANCED_FACE('',(#48),#37,.T.);
#188=ADVANCED_FACE('',(#49),#182,.T.);
#189=ADVANCED_FACE('',(#50),#38,.T.);
#190=ADVANCED_FACE('',(#51),#17,.T.);
#191=ADVANCED_FACE('',(#52),#39,.T.);
#192=ADVANCED_FACE('',(#53),#40,.T.);
#193=ADVANCED_FACE('',(#54),#41,.T.);
#194=ADVANCED_FACE('',(#55),#42,.T.);
#195=ADVANCED_FACE('',(#56),#43,.T.);
#196=CLOSED_SHELL('',(#183,#184,#185,#186,#187,#188,#189,#190,#191,#192,
#193,#194,#195));
#197=DERIVED_UNIT_ELEMENT(#200,1.);
#198=DERIVED_UNIT_ELEMENT(#4161,-3.);
#199=DIMENSIONAL_EXPONENTS(0.,1.,0.,0.,0.,0.,0.);
#200=(
CONVERSION_BASED_UNIT('gram',#202)
MASS_UNIT()
NAMED_UNIT(#199)
);
#201=(
MASS_UNIT()
NAMED_UNIT(*)
SI_UNIT(.KILO.,.GRAM.)
);
#202=MASS_MEASURE_WITH_UNIT(MASS_MEASURE(0.001),#201);
#203=DERIVED_UNIT((#197,#198));
#204=MEASURE_REPRESENTATION_ITEM('density measure',
POSITIVE_RATIO_MEASURE(1.),#203);
#205=PROPERTY_DEFINITION_REPRESENTATION(#210,#207);
#206=PROPERTY_DEFINITION_REPRESENTATION(#211,#208);
#207=REPRESENTATION('material name',(#209),#4158);
#208=REPRESENTATION('density',(#204),#4158);
#209=DESCRIPTIVE_REPRESENTATION_ITEM('Generic','Generic');
#210=PROPERTY_DEFINITION('material property','material name',#4168);
#211=PROPERTY_DEFINITION('material property','density of part',#4168);
#212=DATE_TIME_ROLE('creation_date');
#213=APPLIED_DATE_AND_TIME_ASSIGNMENT(#214,#212,(#4168));
#214=DATE_AND_TIME(#215,#216);
#215=CALENDAR_DATE(2026,27,8);
#216=LOCAL_TIME(0,0,0.,#217);
#217=COORDINATED_UNIVERSAL_TIME_OFFSET(0,0,.BEHIND.);
#218=AXIS2_PLACEMENT_3D('',#241,#224,#225);
#219=AXIS2_PLACEMENT_3D('',#242,#226,#227);
#220=AXIS2_PLACEMENT_3D('',#245,#228,#229);
#221=AXIS2_PLACEMENT_3D('',#1107,#234,#235);
#222=AXIS2_PLACEMENT_3D('',#2179,#236,#237);
#223=AXIS2_PLACEMENT_3D('',#2292,#238,#239);
#224=DIRECTION('axis',(0.,0.,1.));
#225=DIRECTION('refdir',(1.,0.,0.));
#226=DIRECTION('center_axis',(2.71926214689378E-32,-1.,-2.22044604925031E-16));
#227=DIRECTION('ref_axis',(1.,0.,1.22464679914735E-16));
#228=DIRECTION('center_axis',(-2.71926214689378E-32,1.,2.22044604925031E-16));
#229=DIRECTION('ref_axis',(-1.,2.25930629186257E-27,-1.0175133438828E-11));
#230=DIRECTION('',(1.,3.07903301039082E-17,1.22464679914735E-16));
#231=DIRECTION('',(0.069829127699914,-0.997558967141627,-2.1295098497589E-16));
#232=DIRECTION('',(0.140550607693091,0.990073495593414,-7.35888523532351E-7));
#233=DIRECTION('',(-0.140546676422559,-0.990074053667993,-2.37052605834402E-16));
#234=DIRECTION('center_axis',(-0.14055060772109,-0.990073495589712,-9.99753431287267E-12));
#235=DIRECTION('ref_axis',(0.00044144916970029,-6.26680335886819E-5,0.999999900597669));
#236=DIRECTION('center_axis',(2.71926214689378E-32,-1.,-2.22044604925031E-16));
#237=DIRECTION('ref_axis',(1.,0.,1.22464679914735E-16));
#238=DIRECTION('center_axis',(2.71926214689378E-32,-1.,-2.22044604925031E-16));
#239=DIRECTION('ref_axis',(-1.,-2.25930629186257E-27,1.01748885094682E-11));
#240=DIRECTION('',(0.140550607693091,0.990073495593414,7.35888524006457E-7));
#241=CARTESIAN_POINT('',(0.,0.,0.));
#242=CARTESIAN_POINT('Origin',(-179.673376477192,1.10450812720927E-12,0.737609872641341));
#243=CARTESIAN_POINT('',(-179.673376629285,1.10483569178857E-12,-0.737609844631975));
#244=CARTESIAN_POINT('',(-180.287613169213,1.10467190950203E-12,-2.20788648393591E-14));
#245=CARTESIAN_POINT('Origin',(-179.537613169213,1.10467190950203E-12,7.6111959582574E-12));
#246=CARTESIAN_POINT('',(1.53821101795789E-14,1.11022302462516E-12,2.48402798081121E-28));
#247=CARTESIAN_POINT('Ctrl Pts',(1.53821101795789E-14,1.11022302462516E-12,
2.48402798081121E-28));
#248=CARTESIAN_POINT('Ctrl Pts',(-1.88339697382563E-8,1.1102757033907E-12,
-0.237379663930334));
#249=CARTESIAN_POINT('Ctrl Pts',(-0.0166829056074189,1.11032821798501E-12,
-0.476342108432582));
#250=CARTESIAN_POINT('Ctrl Pts',(-0.0834598922591966,1.11043073466632E-12,
-0.947596664005903));
#251=CARTESIAN_POINT('Ctrl Pts',(-0.134388493288313,1.1104817475123E-12,
-1.18455960851037));
#252=CARTESIAN_POINT('Ctrl Pts',(-0.267370039240301,1.11058029645443E-12,
-1.6471517452907));
#253=CARTESIAN_POINT('Ctrl Pts',(-0.438299993759121,1.11067917507176E-12,
-2.11651257810659));
#254=CARTESIAN_POINT('Ctrl Pts',(-0.668914223315835,1.11077116418788E-12,
-2.56313728075458));
#255=CARTESIAN_POINT('Ctrl Pts',(-0.934766546569225,1.11086253833424E-12,
-3.01189661916859));
#256=CARTESIAN_POINT('Ctrl Pts',(-1.24398201134344,1.11095451324411E-12,
-3.46940005589892));
#257=CARTESIAN_POINT('Ctrl Pts',(-1.78864477745832,1.11108208990822E-12,
-4.12010980838591));
#258=CARTESIAN_POINT('Ctrl Pts',(-2.21363432951941,1.11116272573973E-12,
-4.54263529017587));
#259=CARTESIAN_POINT('Ctrl Pts',(-2.67506355723304,1.11124239172521E-12,
-4.96586355622558));
#260=CARTESIAN_POINT('Ctrl Pts',(-3.18663451471935,1.11132243679314E-12,
-5.39778069240247));
#261=CARTESIAN_POINT('Ctrl Pts',(-4.01452224151067,1.11143149085183E-12,
-6.00445453774521));
#262=CARTESIAN_POINT('Ctrl Pts',(-4.63208499352448,1.11150044017373E-12,
-6.40112834018085));
#263=CARTESIAN_POINT('Ctrl Pts',(-5.28435004216346,1.11156772515261E-12,
-6.7951335274539));
#264=CARTESIAN_POINT('Ctrl Pts',(-5.98996111692518,1.11163469022568E-12,
-7.19512391994326));
#265=CARTESIAN_POINT('Ctrl Pts',(-7.09157418902415,1.11172449579551E-12,
-7.75316837865715));
#266=CARTESIAN_POINT('Ctrl Pts',(-7.90037726839672,1.11178099267584E-12,
-8.12035351875195));
#267=CARTESIAN_POINT('Ctrl Pts',(-8.73714018238011,1.11183505078707E-12,
-8.48044166954771));
#268=CARTESIAN_POINT('Ctrl Pts',(-9.62779621981482,1.11188805445622E-12,
-8.84328124372358));
#269=CARTESIAN_POINT('Ctrl Pts',(-10.9911646774975,1.11195749309111E-12,
-9.34598996332626));
#270=CARTESIAN_POINT('Ctrl Pts',(-11.9869636994813,1.11200041458244E-12,
-9.67803534790835));
#271=CARTESIAN_POINT('Ctrl Pts',(-13.0000789523245,1.11204035086109E-12,
-9.99903958658175));
#272=CARTESIAN_POINT('Ctrl Pts',(-14.0658836243505,1.11207859212205E-12,
-10.3197411257632));
#273=CARTESIAN_POINT('Ctrl Pts',(-15.6761596881976,1.11212652091854E-12,
-10.7598968984596));
#274=CARTESIAN_POINT('Ctrl Pts',(-17.4047369729693,1.11216801193965E-12,
-11.1875126621775));
#275=CARTESIAN_POINT('Ctrl Pts',(-19.213724257864,1.11220188182448E-12,
-11.5919808264653));
#276=CARTESIAN_POINT('Ctrl Pts',(-20.5048226827285,1.11221977065703E-12,
-11.85233585982));
#277=CARTESIAN_POINT('Ctrl Pts',(-21.7890088448694,1.11223446081982E-12,
-12.0973148168317));
#278=CARTESIAN_POINT('Ctrl Pts',(-23.1213543961644,1.11224667420316E-12,
-12.3378376560005));
#279=CARTESIAN_POINT('Ctrl Pts',(-24.4666382456665,1.11225359573482E-12,
-12.5563157440424));
#280=CARTESIAN_POINT('Ctrl Pts',(-25.8498468677852,1.11225778130749E-12,
-12.7677449578155));
#281=CARTESIAN_POINT('Ctrl Pts',(-27.2787554690765,1.11225928334234E-12,
-12.9734439691402));
#282=CARTESIAN_POINT('Ctrl Pts',(-29.3929753537716,1.11225408146036E-12,
-13.2443420097703));
#283=CARTESIAN_POINT('Ctrl Pts',(-30.9506945052786,1.11224485684111E-12,
-13.4196376736739));
#284=CARTESIAN_POINT('Ctrl Pts',(-32.4709769985426,1.11223314269786E-12,
-13.5785032330989));
#285=CARTESIAN_POINT('Ctrl Pts',(-34.032722749561,1.11221854964922E-12,
-13.7301683996416));
#286=CARTESIAN_POINT('Ctrl Pts',(-36.3266410989367,1.11219040828517E-12,
-13.9227145117904));
#287=CARTESIAN_POINT('Ctrl Pts',(-38.0272478883781,1.11216458500593E-12,
-14.0431063422334));
#288=CARTESIAN_POINT('Ctrl Pts',(-39.6696597153938,1.11213713359325E-12,
-14.1480597025717));
#289=CARTESIAN_POINT('Ctrl Pts',(-41.3487330827996,1.11210674345098E-12,
-14.2448746037062));
#290=CARTESIAN_POINT('Ctrl Pts',(-43.7978573437972,1.11205636469899E-12,
-14.3588227276539));
#291=CARTESIAN_POINT('Ctrl Pts',(-46.3951645682532,1.11199647411489E-12,
-14.4505387022283));
#292=CARTESIAN_POINT('Ctrl Pts',(-49.0412381669338,1.11192920415323E-12,
-14.5157911044535));
#293=CARTESIAN_POINT('Ctrl Pts',(-50.9468687003828,1.11187647764886E-12,
-14.543495440768));
#294=CARTESIAN_POINT('Ctrl Pts',(-52.7564232461751,1.11182422481424E-12,
-14.5599586555962));
#295=CARTESIAN_POINT('Ctrl Pts',(-54.5936055223666,1.11176921496774E-12,
-14.5678445888944));
#296=CARTESIAN_POINT('Ctrl Pts',(-57.2428811441452,1.11168487958502E-12,
-14.5566430227012));
#297=CARTESIAN_POINT('Ctrl Pts',(-59.2496584837578,1.11161712539051E-12,
-14.5307114903503));
#298=CARTESIAN_POINT('Ctrl Pts',(-61.136047363773,1.11155145259227E-12,
-14.4973987842447));
#299=CARTESIAN_POINT('Ctrl Pts',(-63.0441473975,1.11148327981121E-12,-14.4558433169294));
#300=CARTESIAN_POINT('Ctrl Pts',(-65.7764414360004,1.11138125725361E-12,
-14.376497974115));
#301=CARTESIAN_POINT('Ctrl Pts',(-68.6802961794386,1.11126801921832E-12,
-14.2704981744374));
#302=CARTESIAN_POINT('Ctrl Pts',(-71.6085522802048,1.11114922185803E-12,
-14.1428442129319));
#303=CARTESIAN_POINT('Ctrl Pts',(-74.5580080262695,1.11102515578405E-12,
-13.9943998968415));
#304=CARTESIAN_POINT('Ctrl Pts',(-76.7132965765417,1.11093143583495E-12,
-13.8721376824902));
#305=CARTESIAN_POINT('Ctrl Pts',(-78.697138260859,1.11084359132516E-12,
-13.7524826336096));
#306=CARTESIAN_POINT('Ctrl Pts',(-80.6900922691655,1.11075400969377E-12,
-13.6262684178454));
#307=CARTESIAN_POINT('Ctrl Pts',(-83.5012291303873,1.11062438177818E-12,
-13.4335049236582));
#308=CARTESIAN_POINT('Ctrl Pts',(-86.5030552429473,1.11048231062697E-12,
-13.2112175307319));
#309=CARTESIAN_POINT('Ctrl Pts',(-88.7152182574049,1.11037505772396E-12,
-13.035891457394));
#310=CARTESIAN_POINT('Ctrl Pts',(-90.7208983409278,1.11027648662192E-12,
-12.8709408322367));
#311=CARTESIAN_POINT('Ctrl Pts',(-92.7269725956188,1.11017680609285E-12,
-12.701045812265));
#312=CARTESIAN_POINT('Ctrl Pts',(-95.5248635828502,1.11003516556974E-12,
-12.4523073521592));
#313=CARTESIAN_POINT('Ctrl Pts',(-98.5266147868941,1.10988022604708E-12,
-12.172022415183));
#314=CARTESIAN_POINT('Ctrl Pts',(-100.76069612211,1.10976280046776E-12,
-11.9539079334653));
#315=CARTESIAN_POINT('Ctrl Pts',(-102.753173536839,1.10965696400019E-12,
-11.7543802537673));
#316=CARTESIAN_POINT('Ctrl Pts',(-104.737285457045,1.10955068931504E-12,
-11.55171325756));
#317=CARTESIAN_POINT('Ctrl Pts',(-107.469384861136,1.10940228251993E-12,
-11.2633253926134));
#318=CARTESIAN_POINT('Ctrl Pts',(-110.418614112488,1.10923966262487E-12,
-10.9411193344938));
#319=CARTESIAN_POINT('Ctrl Pts',(-113.346605178376,1.10907591679408E-12,
-10.6108828651234));
#320=CARTESIAN_POINT('Ctrl Pts',(-116.250156016503,1.10891135524611E-12,
-10.2735680995488));
#321=CARTESIAN_POINT('Ctrl Pts',(-119.126091259606,1.10874628383987E-12,
-9.93011122105363));
#322=CARTESIAN_POINT('Ctrl Pts',(-121.313585430888,1.10861920939536E-12,
-9.66203148064372));
#323=CARTESIAN_POINT('Ctrl Pts',(-123.199666411368,1.10850882314092E-12,
-9.42718931438932));
#324=CARTESIAN_POINT('Ctrl Pts',(-125.062474377994,1.10839918398961E-12,
-9.19247368932417));
#325=CARTESIAN_POINT('Ctrl Pts',(-127.556922631649,1.10825100009151E-12,
-8.8720047887953));
#326=CARTESIAN_POINT('Ctrl Pts',(-130.291296266952,1.10808685548012E-12,
-8.51301620714834));
#327=CARTESIAN_POINT('Ctrl Pts',(-132.982698034028,1.10792366085832E-12,
-8.15232596239838));
#328=CARTESIAN_POINT('Ctrl Pts',(-135.628184339737,1.10776169451335E-12,
-7.79077826236192));
#329=CARTESIAN_POINT('Ctrl Pts',(-137.691526958226,1.10763418838508E-12,
-7.50346908101552));
#330=CARTESIAN_POINT('Ctrl Pts',(-139.405948297163,1.10752758544223E-12,
-7.26177696734248));
#331=CARTESIAN_POINT('Ctrl Pts',(-141.085288744664,1.10742270078246E-12,
-7.02294382469258));
#332=CARTESIAN_POINT('Ctrl Pts',(-143.260486400914,1.10728588526308E-12,
-6.70925720713583));
#333=CARTESIAN_POINT('Ctrl Pts',(-145.693925967408,1.10713153250765E-12,
-6.35249682380441));
#334=CARTESIAN_POINT('Ctrl Pts',(-148.067547489914,1.10697973922102E-12,
-5.99894206988856));
#335=CARTESIAN_POINT('Ctrl Pts',(-150.378754856769,1.10683076073215E-12,
-5.649382075112));
#336=CARTESIAN_POINT('Ctrl Pts',(-152.625020223585,1.10668484898065E-12,
-5.30460020024392));
#337=CARTESIAN_POINT('Ctrl Pts',(-154.803886782255,1.10654225252681E-12,
-4.96537446786373));
#338=CARTESIAN_POINT('Ctrl Pts',(-156.912971451873,1.10640321649814E-12,
-4.63247769596739));
#339=CARTESIAN_POINT('Ctrl Pts',(-158.949967488559,1.10626798246627E-12,
-4.30667730670171));
#340=CARTESIAN_POINT('Ctrl Pts',(-160.912647011272,1.10613678824997E-12,
-3.98873479045599));
#341=CARTESIAN_POINT('Ctrl Pts',(-162.798863440856,1.10600986764189E-12,
-3.6794048137676));
#342=CARTESIAN_POINT('Ctrl Pts',(-164.606553849279,1.10588745005822E-12,
-3.37943396799371));
#343=CARTESIAN_POINT('Ctrl Pts',(-166.333741217693,1.10576976011266E-12,
-3.08955916379105));
#344=CARTESIAN_POINT('Ctrl Pts',(-167.978536596396,1.105657017118E-12,-2.81050568573664));
#345=CARTESIAN_POINT('Ctrl Pts',(-169.539141179733,1.10554943451892E-12,
-2.54298492559175));
#346=CARTESIAN_POINT('Ctrl Pts',(-171.013848240327,1.10544721926657E-12,
-2.28769183298412));
#347=CARTESIAN_POINT('Ctrl Pts',(-172.401045103808,1.10535057112933E-12,
-2.04530208478878));
#348=CARTESIAN_POINT('Ctrl Pts',(-173.699214536405,1.10525968199462E-12,
-1.81646913184624));
#349=CARTESIAN_POINT('Ctrl Pts',(-174.906937662975,1.10517473501845E-12,
-1.60182077326884));
#350=CARTESIAN_POINT('Ctrl Pts',(-175.704532369907,1.10511839299692E-12,
-1.4589738221293));
#351=CARTESIAN_POINT('Ctrl Pts',(-176.417768778314,1.1050678984178E-12,
-1.33073222156538));
#352=CARTESIAN_POINT('Ctrl Pts',(-177.068689192507,1.10502172750645E-12,
-1.21329827616989));
#353=CARTESIAN_POINT('Ctrl Pts',(-177.97470844396,1.10495723399971E-12,
-1.04881402550835));
#354=CARTESIAN_POINT('Ctrl Pts',(-178.808496544702,1.10489768367976E-12,
-0.896548716540167));
#355=CARTESIAN_POINT('Ctrl Pts',(-179.363998774891,1.10485789009842E-12,
-0.794568146032751));
#356=CARTESIAN_POINT('Ctrl Pts',(-179.641718239829,1.10483796369512E-12,
-0.743440014846494));
#357=CARTESIAN_POINT('Ctrl Pts',(-179.673376629285,1.10483569178857E-12,
-0.737609844631975));
#358=CARTESIAN_POINT('',(-180.287613169213,1.10467190950203E-12,-2.20788648393591E-14));
#359=CARTESIAN_POINT('Ctrl Pts',(-179.673376629285,1.10483569178857E-12,
-0.737609844631975));
#360=CARTESIAN_POINT('Ctrl Pts',(-179.641718239829,1.10483698634641E-12,
-0.743440014846493));
#361=CARTESIAN_POINT('Ctrl Pts',(-179.487528470341,1.10484328937655E-12,
-0.771826339023348));
#362=CARTESIAN_POINT('Ctrl Pts',(-179.20988193007,1.10485462141975E-12,
-0.822861324539616));
#363=CARTESIAN_POINT('Ctrl Pts',(-178.775736712731,1.10487229698229E-12,
-0.902464981428517));
#364=CARTESIAN_POINT('Ctrl Pts',(-178.374205191101,1.10488859360472E-12,
-0.97585844413082));
#365=CARTESIAN_POINT('Ctrl Pts',(-177.8426686253,1.1049101065975E-12,-1.072744350407));
#366=CARTESIAN_POINT('Ctrl Pts',(-177.443131144663,1.10492622158556E-12,
-1.14531980461107));
#367=CARTESIAN_POINT('Ctrl Pts',(-176.815123799718,1.10495147355205E-12,
-1.25904455150824));
#368=CARTESIAN_POINT('Ctrl Pts',(-176.417768778314,1.10496739141243E-12,
-1.33073222156538));
#369=CARTESIAN_POINT('Ctrl Pts',(-175.704532369907,1.10499586676796E-12,
-1.4589738221293));
#370=CARTESIAN_POINT('Ctrl Pts',(-175.299215709885,1.10501198522229E-12,
-1.53156488702352));
#371=CARTESIAN_POINT('Ctrl Pts',(-174.524365865162,1.10504268295231E-12,
-1.66981517250806));
#372=CARTESIAN_POINT('Ctrl Pts',(-174.078342545674,1.10506028300062E-12,
-1.74907874354039));
#373=CARTESIAN_POINT('Ctrl Pts',(-173.253081304696,1.10509270859244E-12,
-1.8951106267499));
#374=CARTESIAN_POINT('Ctrl Pts',(-172.744233316499,1.10511261678658E-12,
-1.98476916248732));
#375=CARTESIAN_POINT('Ctrl Pts',(-171.89207004529,1.10514580532965E-12,
-2.13423707269122));
#376=CARTESIAN_POINT('Ctrl Pts',(-171.321185102259,1.10516793853761E-12,
-2.23391617978336));
#377=CARTESIAN_POINT('Ctrl Pts',(-170.442819666986,1.10520182897186E-12,
-2.38654512686932));
#378=CARTESIAN_POINT('Ctrl Pts',(-169.810753242897,1.10522609961054E-12,
-2.49585036615772));
#379=CARTESIAN_POINT('Ctrl Pts',(-168.906914825178,1.10526063011787E-12,
-2.65136194611324));
#380=CARTESIAN_POINT('Ctrl Pts',(-168.214588785403,1.10528694664275E-12,
-2.76988103777704));
#381=CARTESIAN_POINT('Ctrl Pts',(-167.286034828333,1.10532205487971E-12,
-2.9279944806585));
#382=CARTESIAN_POINT('Ctrl Pts',(-166.534436594719,1.10535032222974E-12,
-3.05529930771072));
#383=CARTESIAN_POINT('Ctrl Pts',(-165.581952003094,1.10538594552354E-12,
-3.21573236038146));
#384=CARTESIAN_POINT('Ctrl Pts',(-164.772133472877,1.10541606554636E-12,
-3.35138088396623));
#385=CARTESIAN_POINT('Ctrl Pts',(-163.796529706406,1.10545214106669E-12,
-3.51385058386034));
#386=CARTESIAN_POINT('Ctrl Pts',(-162.929606156384,1.10548401290833E-12,
-3.65738859797857));
#387=CARTESIAN_POINT('Ctrl Pts',(-161.931720306893,1.10552047780925E-12,
-3.82161191217212));
#388=CARTESIAN_POINT('Ctrl Pts',(-161.008869215371,1.10555399826521E-12,
-3.97257462514821));
#389=CARTESIAN_POINT('Ctrl Pts',(-159.989563048218,1.10559078979668E-12,
-4.13826895256598));
#390=CARTESIAN_POINT('Ctrl Pts',(-159.012022854669,1.10562585361918E-12,
-4.29618237054081));
#391=CARTESIAN_POINT('Ctrl Pts',(-157.972181821637,1.10566290920722E-12,
-4.46306590302904));
#392=CARTESIAN_POINT('Ctrl Pts',(-156.941250618782,1.10569940936506E-12,
-4.62744800027181));
#393=CARTESIAN_POINT('Ctrl Pts',(-155.881782843278,1.10573666666059E-12,
-4.79523994252993));
#394=CARTESIAN_POINT('Ctrl Pts',(-154.798817003678,1.1057744945491E-12,
-4.96560160712357));
#395=CARTESIAN_POINT('Ctrl Pts',(-153.72065224063,1.10581189144605E-12,
-5.13402225827568));
#396=CARTESIAN_POINT('Ctrl Pts',(-152.587064977904,1.10585093704596E-12,
-5.30986800750433));
#397=CARTESIAN_POINT('Ctrl Pts',(-151.491153550389,1.10588841166997E-12,
-5.47863871021259));
#398=CARTESIAN_POINT('Ctrl Pts',(-150.308413415894,1.10592856365508E-12,
-5.65946717540764));
#399=CARTESIAN_POINT('Ctrl Pts',(-149.195725130606,1.10596605432475E-12,
-5.82831014138101));
#400=CARTESIAN_POINT('Ctrl Pts',(-147.965354446402,1.10600720011957E-12,
-6.01361432759934));
#401=CARTESIAN_POINT('Ctrl Pts',(-146.836877490017,1.10604464528289E-12,
-6.18225235117801));
#402=CARTESIAN_POINT('Ctrl Pts',(-145.560450719106,1.10608667107273E-12,
-6.37151968259917));
#403=CARTESIAN_POINT('Ctrl Pts',(-144.417190537559,1.10612400922177E-12,
-6.53967575671775));
#404=CARTESIAN_POINT('Ctrl Pts',(-143.096332592536,1.10616679991882E-12,
-6.7323879239982));
#405=CARTESIAN_POINT('Ctrl Pts',(-141.939310755186,1.10620396948651E-12,
-6.8997847752012));
#406=CARTESIAN_POINT('Ctrl Pts',(-140.575695246601,1.10624740865674E-12,
-7.09541740609023));
#407=CARTESIAN_POINT('Ctrl Pts',(-139.405948297163,1.1062843478998E-12,
-7.26177696734248));
#408=CARTESIAN_POINT('Ctrl Pts',(-138.001295723061,1.10632831765635E-12,
-7.459799146547));
#409=CARTESIAN_POINT('Ctrl Pts',(-136.819874019149,1.10636496452894E-12,
-7.62484198830706));
#410=CARTESIAN_POINT('Ctrl Pts',(-135.375949897377,1.10640934539869E-12,
-7.82471565679143));
#411=CARTESIAN_POINT('Ctrl Pts',(-134.183916440397,1.10644563742172E-12,
-7.98816039815904));
#412=CARTESIAN_POINT('Ctrl Pts',(-132.702529385466,1.1064903081927E-12,
-8.18933966569312));
#413=CARTESIAN_POINT('Ctrl Pts',(-131.500958642534,1.10652618232363E-12,
-8.3509023883752));
#414=CARTESIAN_POINT('Ctrl Pts',(-129.983958388959,1.10657101988123E-12,
-8.55283279611825));
#415=CARTESIAN_POINT('Ctrl Pts',(-128.773935108415,1.10660641238979E-12,
-8.71222648445524));
#416=CARTESIAN_POINT('Ctrl Pts',(-127.223210482624,1.10665129155066E-12,
-8.91434425661693));
#417=CARTESIAN_POINT('Ctrl Pts',(-126.00582850464,1.10668613790542E-12,
-9.07127828696116));
#418=CARTESIAN_POINT('Ctrl Pts',(-124.42330534769,1.10673093125781E-12,
-9.27300961205904));
#419=CARTESIAN_POINT('Ctrl Pts',(-123.199666411368,1.1067651660289E-12,
-9.42718931438932));
#420=CARTESIAN_POINT('Ctrl Pts',(-121.587305454871,1.1068097437888E-12,
-9.62794969728202));
#421=CARTESIAN_POINT('Ctrl Pts',(-120.358518003142,1.10684330057144E-12,
-9.77907601107736));
#422=CARTESIAN_POINT('Ctrl Pts',(-118.718312700943,1.10688753046357E-12,
-9.978269736769));
#423=CARTESIAN_POINT('Ctrl Pts',(-117.485490684465,1.10692034182721E-12,
-10.1260389818566));
#424=CARTESIAN_POINT('Ctrl Pts',(-115.819465002782,1.10696408899958E-12,
-10.3230587310297));
#425=CARTESIAN_POINT('Ctrl Pts',(-114.583726683952,1.10699608646678E-12,
-10.467162512388));
#426=CARTESIAN_POINT('Ctrl Pts',(-112.893932852819,1.10703921344751E-12,
-10.6613891667343));
#427=CARTESIAN_POINT('Ctrl Pts',(-111.656399610917,1.10707032750625E-12,
-10.8015144300932));
#428=CARTESIAN_POINT('Ctrl Pts',(-109.944915839904,1.10711269421033E-12,
-10.9923171027962));
#429=CARTESIAN_POINT('Ctrl Pts',(-108.706710978266,1.10714285436306E-12,
-11.1281463553697));
#430=CARTESIAN_POINT('Ctrl Pts',(-106.975639139613,1.10718431815617E-12,
-11.3148826785864));
#431=CARTESIAN_POINT('Ctrl Pts',(-105.737886695653,1.107213453008E-12,-11.4460943864336));
#432=CARTESIAN_POINT('Ctrl Pts',(-103.98934997804,1.10725386883356E-12,
-11.6281110833798));
#433=CARTESIAN_POINT('Ctrl Pts',(-102.753173536839,1.10728190622162E-12,
-11.7543802537673));
#434=CARTESIAN_POINT('Ctrl Pts',(-100.989314073154,1.10732112679603E-12,
-11.9310140180954));
#435=CARTESIAN_POINT('Ctrl Pts',(-99.7558355852261,1.10734799396092E-12,
-12.0520129718746));
#436=CARTESIAN_POINT('Ctrl Pts',(-97.9788120577774,1.1073858700409E-12,
-12.2225916715313));
#437=CARTESIAN_POINT('Ctrl Pts',(-96.7491506615584,1.10741149384075E-12,
-12.337991007009));
#438=CARTESIAN_POINT('Ctrl Pts',(-94.9611358882606,1.10744787456513E-12,
-12.501835223756));
#439=CARTESIAN_POINT('Ctrl Pts',(-93.7364067377653,1.10747218173166E-12,
-12.6113049698799));
#440=CARTESIAN_POINT('Ctrl Pts',(-91.9395852428823,1.10750691503886E-12,
-12.7677298792709));
#441=CARTESIAN_POINT('Ctrl Pts',(-90.7208983409278,1.10752983247414E-12,
-12.8709408322367));
#442=CARTESIAN_POINT('Ctrl Pts',(-88.917463913996,1.1075627655948E-12,-13.0192584221637));
#443=CARTESIAN_POINT('Ctrl Pts',(-87.7059229513223,1.10758422070663E-12,
-13.1158836558429));
#444=CARTESIAN_POINT('Ctrl Pts',(-85.8980761978813,1.10761520072942E-12,
-13.2554052749294));
#445=CARTESIAN_POINT('Ctrl Pts',(-84.6947773984731,1.10763512180243E-12,
-13.3451218118802));
#446=CARTESIAN_POINT('Ctrl Pts',(-82.8847232862114,1.10766399630971E-12,
-13.4751610321155));
#447=CARTESIAN_POINT('Ctrl Pts',(-81.6907542591069,1.10768231290824E-12,
-13.5576516584331));
#448=CARTESIAN_POINT('Ctrl Pts',(-79.8806996629764,1.1077089306765E-12,
-13.6775274296488));
#449=CARTESIAN_POINT('Ctrl Pts',(-78.697138260859,1.10772557407515E-12,
-13.7524826336096));
#450=CARTESIAN_POINT('Ctrl Pts',(-76.889289510625,1.10774978583379E-12,
-13.8615227008126));
#451=CARTESIAN_POINT('Ctrl Pts',(-75.7172026955265,1.10776468947021E-12,
-13.9286427122132));
#452=CARTESIAN_POINT('Ctrl Pts',(-73.9137631291023,1.1077863487109E-12,
-14.0261872605338));
#453=CARTESIAN_POINT('Ctrl Pts',(-72.754205845606,1.10779944865522E-12,
-14.0851841648978));
#454=CARTESIAN_POINT('Ctrl Pts',(-70.9573733713663,1.10781841248267E-12,
-14.1705896511088));
#455=CARTESIAN_POINT('Ctrl Pts',(-69.8113874277863,1.10782964791735E-12,
-14.2211895505646));
#456=CARTESIAN_POINT('Ctrl Pts',(-68.0233520988681,1.10784577793119E-12,
-14.2938326748792));
#457=CARTESIAN_POINT('Ctrl Pts',(-66.8919650569977,1.10785509163448E-12,
-14.3357778655667));
#458=CARTESIAN_POINT('Ctrl Pts',(-65.114906660381,1.10786825483108E-12,
-14.3950596328439));
#459=CARTESIAN_POINT('Ctrl Pts',(-63.999130734545,1.10787559365715E-12,
-14.428110767214));
#460=CARTESIAN_POINT('Ctrl Pts',(-62.2352163974588,1.10788566333905E-12,
-14.4734605828685));
#461=CARTESIAN_POINT('Ctrl Pts',(-61.1360473637729,1.10789097868752E-12,
-14.4973987842447));
#462=CARTESIAN_POINT('Ctrl Pts',(-59.3874291797061,1.10789783536784E-12,
-14.5282785271619));
#463=CARTESIAN_POINT('Ctrl Pts',(-58.3058452966378,1.10790108363533E-12,
-14.5429074234575));
#464=CARTESIAN_POINT('Ctrl Pts',(-56.5746579729413,1.10790461592372E-12,
-14.5588154361141));
#465=CARTESIAN_POINT('Ctrl Pts',(-55.511618914475,1.1079057589302E-12,-14.5639630796647));
#466=CARTESIAN_POINT('Ctrl Pts',(-53.7999774432406,1.10790586438692E-12,
-14.5644380145024));
#467=CARTESIAN_POINT('Ctrl Pts',(-52.7564232461751,1.10790486976944E-12,
-14.5599586555962));
#468=CARTESIAN_POINT('Ctrl Pts',(-51.0664205997581,1.10790145571394E-12,
-14.5445831165206));
#469=CARTESIAN_POINT('Ctrl Pts',(-50.0432706268924,1.10789829728106E-12,
-14.5303587993878));
#470=CARTESIAN_POINT('Ctrl Pts',(-48.3769754791281,1.10789128154167E-12,
-14.4987627180892));
#471=CARTESIAN_POINT('Ctrl Pts',(-47.3751274003292,1.10788593958185E-12,
-14.4747046698402));
#472=CARTESIAN_POINT('Ctrl Pts',(-45.7345818741731,1.10787525117361E-12,
-14.4265683584487));
#473=CARTESIAN_POINT('Ctrl Pts',(-44.7549106675408,1.10786771271159E-12,
-14.3926181437219));
#474=CARTESIAN_POINT('Ctrl Pts',(-43.1421281095441,1.10785329242982E-12,
-14.3276749681058));
#475=CARTESIAN_POINT('Ctrl Pts',(-42.1854850851069,1.10784355142556E-12,
-14.2838053849617));
#476=CARTESIAN_POINT('Ctrl Pts',(-40.6024478668318,1.10782535234371E-12,
-14.2018440067087));
#477=CARTESIAN_POINT('Ctrl Pts',(-39.6696597153938,1.10781340982914E-12,
-14.1480597025717));
#478=CARTESIAN_POINT('Ctrl Pts',(-38.11831706157,1.10779139769031E-12,-14.048925842308));
#479=CARTESIAN_POINT('Ctrl Pts',(-37.2101849314931,1.10777726184007E-12,
-13.9852636324564));
#480=CARTESIAN_POINT('Ctrl Pts',(-35.6924507744205,1.10775141533294E-12,
-13.8688613125798));
#481=CARTESIAN_POINT('Ctrl Pts',(-34.8097493792459,1.10773510146606E-12,
-13.7953901877766));
#482=CARTESIAN_POINT('Ctrl Pts',(-33.3275002386582,1.10770541237733E-12,
-13.6616824188115));
#483=CARTESIAN_POINT('Ctrl Pts',(-32.4709769985426,1.1076869428879E-12,
-13.5785032330989));
#484=CARTESIAN_POINT('Ctrl Pts',(-31.0260498858514,1.10765341612464E-12,
-13.4275121146041));
#485=CARTESIAN_POINT('Ctrl Pts',(-30.1964241058087,1.10763282034054E-12,
-13.3347569489874));
#486=CARTESIAN_POINT('Ctrl Pts',(-28.7906144513443,1.10759547381781E-12,
-13.1665631631218));
#487=CARTESIAN_POINT('Ctrl Pts',(-27.9885765392261,1.10757278778757E-12,
-13.0643943657823));
#488=CARTESIAN_POINT('Ctrl Pts',(-26.6236361407728,1.10753165217783E-12,
-12.8791360490885));
#489=CARTESIAN_POINT('Ctrl Pts',(-25.8498468677852,1.10750691838697E-12,
-12.7677449578155));
#490=CARTESIAN_POINT('Ctrl Pts',(-24.5274818583667,1.10746203673002E-12,
-12.5656159443091));
#491=CARTESIAN_POINT('Ctrl Pts',(-23.7825716646821,1.10743530374923E-12,
-12.4452213019571));
#492=CARTESIAN_POINT('Ctrl Pts',(-22.5044404971987,1.10738673092258E-12,
-12.2264687379614));
#493=CARTESIAN_POINT('Ctrl Pts',(-21.7890088448694,1.10735805299119E-12,
-12.0973148168317));
#494=CARTESIAN_POINT('Ctrl Pts',(-20.5567202908408,1.10730585504257E-12,
-11.8622361548718));
#495=CARTESIAN_POINT('Ctrl Pts',(-19.8713350657224,1.10727529159214E-12,
-11.724590610907));
#496=CARTESIAN_POINT('Ctrl Pts',(-18.6864462251247,1.10721954493708E-12,
-11.4735299959706));
#497=CARTESIAN_POINT('Ctrl Pts',(-18.0316431888449,1.10718716006062E-12,
-11.3276814784169));
#498=CARTESIAN_POINT('Ctrl Pts',(-16.8956575079851,1.10712795054913E-12,
-11.0610255445162));
#499=CARTESIAN_POINT('Ctrl Pts',(-16.2719398001197,1.10709381242271E-12,
-10.9072810911202));
#500=CARTESIAN_POINT('Ctrl Pts',(-15.1863050949774,1.10703123427951E-12,
-10.6254541886947));
#501=CARTESIAN_POINT('Ctrl Pts',(-14.5941427844986,1.10699541454381E-12,
-10.464136440355));
#502=CARTESIAN_POINT('Ctrl Pts',(-13.5602492685352,1.10692956918674E-12,
-10.1675953147819));
#503=CARTESIAN_POINT('Ctrl Pts',(-13.0000789523245,1.10689214229666E-12,
-9.99903958658175));
#504=CARTESIAN_POINT('Ctrl Pts',(-12.0192572714957,1.10682313703677E-12,
-9.6882675238325));
#505=CARTESIAN_POINT('Ctrl Pts',(-11.4914817164386,1.10678417958778E-12,
-9.51281877108831));
#506=CARTESIAN_POINT('Ctrl Pts',(-10.5650010019748,1.1067121262125E-12,
-9.18831921704181));
#507=CARTESIAN_POINT('Ctrl Pts',(-10.0699888263843,1.10667171625218E-12,
-9.00632893476678));
#508=CARTESIAN_POINT('Ctrl Pts',(-9.19905479133524,1.10659672948953E-12,
-8.66861857844917));
#509=CARTESIAN_POINT('Ctrl Pts',(-8.73714018238011,1.10655494582214E-12,
-8.48044166954771));
#510=CARTESIAN_POINT('Ctrl Pts',(-7.92289331709914,1.10647714167838E-12,
-8.13004295670981));
#511=CARTESIAN_POINT('Ctrl Pts',(-7.49437578610755,1.10643406316889E-12,
-7.93603459742849));
#512=CARTESIAN_POINT('Ctrl Pts',(-6.73788976135569,1.1063535571255E-12,
-7.57346761044373));
#513=CARTESIAN_POINT('Ctrl Pts',(-6.34303395343569,1.10630926200691E-12,
-7.37398013082834));
#514=CARTESIAN_POINT('Ctrl Pts',(-5.64531443472917,1.1062261670561E-12,
-6.99975374136678));
#515=CARTESIAN_POINT('Ctrl Pts',(-5.28435004216346,1.10618073224155E-12,
-6.7951335274539));
#516=CARTESIAN_POINT('Ctrl Pts',(-4.64633428108297,1.10609515673772E-12,
-6.40973572030141));
#517=CARTESIAN_POINT('Ctrl Pts',(-4.3194561758501,1.10604865713896E-12,
-6.20032014465179));
#518=CARTESIAN_POINT('Ctrl Pts',(-3.74201400274457,1.10596070245937E-12,
-5.80420748243874));
#519=CARTESIAN_POINT('Ctrl Pts',(-3.44938281564405,1.10591321032493E-12,
-5.59032192344241));
#520=CARTESIAN_POINT('Ctrl Pts',(-2.93332002965004,1.1058229683888E-12,
-5.18390837353419));
#521=CARTESIAN_POINT('Ctrl Pts',(-2.67506355723304,1.10577455271348E-12,
-4.96586355622558));
#522=CARTESIAN_POINT('Ctrl Pts',(-2.22112910958114,1.1056821035615E-12,
-4.54950958980718));
#523=CARTESIAN_POINT('Ctrl Pts',(-1.99734500383053,1.10563282973436E-12,
-4.32760000025047));
#524=CARTESIAN_POINT('Ctrl Pts',(-1.60624350305224,1.10553823964299E-12,
-3.90160410000403));
#525=CARTESIAN_POINT('Ctrl Pts',(-1.41700336154772,1.10548816967859E-12,
-3.67610902697377));
#526=CARTESIAN_POINT('Ctrl Pts',(-1.08941334168602,1.10539149081507E-12,
-3.24070613326235));
#527=CARTESIAN_POINT('Ctrl Pts',(-0.934766546569225,1.10534068489691E-12,
-3.01189661916859));
#528=CARTESIAN_POINT('Ctrl Pts',(-0.671361685537967,1.10524195764465E-12,
-2.56726860266351));
#529=CARTESIAN_POINT('Ctrl Pts',(-0.551333642035571,1.10519047734953E-12,
-2.33542196478115));
#530=CARTESIAN_POINT('Ctrl Pts',(-0.352796924666755,1.10508973695564E-12,
-1.8817275643828));
#531=CARTESIAN_POINT('Ctrl Pts',(-0.267370039240301,1.10503765066057E-12,
-1.6471517452907));
#532=CARTESIAN_POINT('Ctrl Pts',(-0.134388493288313,1.10493493457231E-12,
-1.18455960851037));
#533=CARTESIAN_POINT('Ctrl Pts',(-0.0834598922591965,1.10488231822892E-12,
-0.947596664005901));
#534=CARTESIAN_POINT('Ctrl Pts',(-0.0166829056074189,1.10477767869731E-12,
-0.476342108432581));
#535=CARTESIAN_POINT('Ctrl Pts',(-1.88339696612257E-8,1.10472461837573E-12,
-0.237379663930333));
#536=CARTESIAN_POINT('Ctrl Pts',(1.88340005792674E-8,1.10461920074814E-12,
0.237379124380988));
#537=CARTESIAN_POINT('Ctrl Pts',(-0.0166828300934246,1.10456614048586E-12,
0.476341301798543));
#538=CARTESIAN_POINT('Ctrl Pts',(-0.0834597788491851,1.10446150089257E-12,
0.947596135173139));
#539=CARTESIAN_POINT('Ctrl Pts',(-0.134388230592615,1.10440888466429E-12,
1.18455856124869));
#540=CARTESIAN_POINT('Ctrl Pts',(-0.267369854638888,1.10430616845634E-12,
1.64715123710325));
#541=CARTESIAN_POINT('Ctrl Pts',(-0.352796523400285,1.10425408227096E-12,
1.88172656217401));
#542=CARTESIAN_POINT('Ctrl Pts',(-0.551333394085229,1.10415334176115E-12,
2.33542148458204));
#543=CARTESIAN_POINT('Ctrl Pts',(-0.67136116216941,1.10410186156902E-12,
2.56726765869388));
#544=CARTESIAN_POINT('Ctrl Pts',(-0.93476624463307,1.10400313420661E-12,
3.0118961712585));
#545=CARTESIAN_POINT('Ctrl Pts',(-1.08941271496926,1.10395232838405E-12,
3.24070525478104));
#546=CARTESIAN_POINT('Ctrl Pts',(-1.41700301498528,1.10385564941741E-12,
3.67610861293489));
#547=CARTESIAN_POINT('Ctrl Pts',(-1.60624279126962,1.10380557954111E-12,
3.90160328918881));
#548=CARTESIAN_POINT('Ctrl Pts',(-1.9973446210667,1.1037109893542E-12,4.32759961970589));
#549=CARTESIAN_POINT('Ctrl Pts',(-2.22112832895459,1.10366171560788E-12,
4.54950884529002));
#550=CARTESIAN_POINT('Ctrl Pts',(-2.67506314538443,1.10356926636799E-12,
4.96586320760341));
#551=CARTESIAN_POINT('Ctrl Pts',(-2.93331919376794,1.10352085076663E-12,
5.18390769185011));
#552=CARTESIAN_POINT('Ctrl Pts',(-3.44938238049939,1.10343060874994E-12,
5.5903216045696));
#553=CARTESIAN_POINT('Ctrl Pts',(-3.74201312260739,1.10338311668309E-12,
5.8042068591174));
#554=CARTESIAN_POINT('Ctrl Pts',(-4.31945572202035,1.10329516192983E-12,
6.20031985314721));
#555=CARTESIAN_POINT('Ctrl Pts',(-4.64633336543134,1.10324866239285E-12,
6.40973515057508));
#556=CARTESIAN_POINT('Ctrl Pts',(-5.28434957328492,1.10316308682169E-12,
6.79513326096024));
#557=CARTESIAN_POINT('Ctrl Pts',(-5.6453134904493,1.10311765206359E-12,
6.9997532205798));
#558=CARTESIAN_POINT('Ctrl Pts',(-6.3430334723679,1.10303455705127E-12,
7.37397988713368));
#559=CARTESIAN_POINT('Ctrl Pts',(-6.73788879386269,1.10299026198429E-12,
7.57346713426122));
#560=CARTESIAN_POINT('Ctrl Pts',(-7.49437529510319,1.10290975588467E-12,
7.93603437451947));
#561=CARTESIAN_POINT('Ctrl Pts',(-7.92289233066159,1.10286667742239E-12,
8.13004252120392));
#562=CARTESIAN_POINT('Ctrl Pts',(-8.73713968322226,1.10278887322721E-12,
8.48044146562345));
#563=CARTESIAN_POINT('Ctrl Pts',(-9.19905378933542,1.10274708960298E-12,
8.66861818011589));
#564=CARTESIAN_POINT('Ctrl Pts',(-10.0699883204936,1.1026721027933E-12,
9.00632874823198));
#565=CARTESIAN_POINT('Ctrl Pts',(-10.5649999871111,1.10263169287244E-12,
9.18831885278149));
#566=CARTESIAN_POINT('Ctrl Pts',(-11.4914812049557,1.10255963945415E-12,
9.51281860053628));
#567=CARTESIAN_POINT('Ctrl Pts',(-12.0192562459379,1.10252068204122E-12,
9.68826719091363));
#568=CARTESIAN_POINT('Ctrl Pts',(-13.0000784361727,1.10245167674199E-12,
9.99903943077373));
#569=CARTESIAN_POINT('Ctrl Pts',(-13.5602482340427,1.10241424988482E-12,
10.1675950107992));
#570=CARTESIAN_POINT('Ctrl Pts',(-14.5941422644319,1.10234840449182E-12,
10.464136298199));
#571=CARTESIAN_POINT('Ctrl Pts',(-15.186304052989,1.1023125847861E-12,10.6254539115268));
#572=CARTESIAN_POINT('Ctrl Pts',(-16.2719392767589,1.10225000661009E-12,
10.9072809616511));
#573=CARTESIAN_POINT('Ctrl Pts',(-16.8956564596877,1.10221586851094E-12,
11.061025292287));
#574=CARTESIAN_POINT('Ctrl Pts',(-18.0316426627054,1.10215665896956E-12,
11.3276813607783));
#575=CARTESIAN_POINT('Ctrl Pts',(-18.6864451715053,1.10212427411782E-12,
11.4735297670138));
#576=CARTESIAN_POINT('Ctrl Pts',(-19.8713345372357,1.10206852743559E-12,
11.7245905043356));
#577=CARTESIAN_POINT('Ctrl Pts',(-20.5567192327268,1.1020379640075E-12,
11.8622359477005));
#578=CARTESIAN_POINT('Ctrl Pts',(-21.7890083143993,1.10198576603423E-12,
12.0973147206433));
#579=CARTESIAN_POINT('Ctrl Pts',(-22.5044394352887,1.10195708812294E-12,
12.226468551241));
#580=CARTESIAN_POINT('Ctrl Pts',(-23.7825711325376,1.10190851527402E-12,
12.4452212155352));
#581=CARTESIAN_POINT('Ctrl Pts',(-24.527480793255,1.10188178231122E-12,
12.5656157768355));
#582=CARTESIAN_POINT('Ctrl Pts',(-25.8498463342302,1.10183690063423E-12,
12.7677448806012));
#583=CARTESIAN_POINT('Ctrl Pts',(-26.6236350729675,1.10181216685939E-12,
12.8791358997682));
#584=CARTESIAN_POINT('Ctrl Pts',(-27.9885760044874,1.10177103123171E-12,
13.0643942972654));
#585=CARTESIAN_POINT('Ctrl Pts',(-28.7906133812826,1.1017483452156E-12,
13.1665630309558));
#586=CARTESIAN_POINT('Ctrl Pts',(-30.1964235700821,1.10171099867691E-12,
13.3347568887002));
#587=CARTESIAN_POINT('Ctrl Pts',(-31.026048813911,1.10169040290516E-12,
13.4275119986747));
#588=CARTESIAN_POINT('Ctrl Pts',(-32.470976461998,1.10165687612782E-12,
13.5785031806094));
#589=CARTESIAN_POINT('Ctrl Pts',(-33.3274991651668,1.10163840664906E-12,
13.6616823182702));
#590=CARTESIAN_POINT('Ctrl Pts',(-34.8097488420309,1.10160871754801E-12,
13.795390142684));
#591=CARTESIAN_POINT('Ctrl Pts',(-35.6924496996632,1.1015924036902E-12,
13.8688612266381));
#592=CARTESIAN_POINT('Ctrl Pts',(-37.2101843937364,1.10156655717244E-12,
13.9852635943867));
#593=CARTESIAN_POINT('Ctrl Pts',(-38.1183159857953,1.10155242132976E-12,
14.0489257702294));
#594=CARTESIAN_POINT('Ctrl Pts',(-39.6696591772078,1.10153040918189E-12,
14.1480596711744));
#595=CARTESIAN_POINT('Ctrl Pts',(-40.6024467902567,1.10151846667343E-12,
14.2018439478019));
#596=CARTESIAN_POINT('Ctrl Pts',(-42.1854845465896,1.10150026758406E-12,
14.2838053599066));
#597=CARTESIAN_POINT('Ctrl Pts',(-43.1421270323579,1.10149052658454E-12,
14.3276749217195));
#598=CARTESIAN_POINT('Ctrl Pts',(-44.754910128778,1.1014761062967E-12,14.3926181246971));
#599=CARTESIAN_POINT('Ctrl Pts',(-45.734580796541,1.10146856783811E-12,
14.4265683239667));
#600=CARTESIAN_POINT('Ctrl Pts',(-47.3751268613954,1.10145787942516E-12,
14.47470465655));
#601=CARTESIAN_POINT('Ctrl Pts',(-48.3769744011941,1.10145253746753E-12,
14.4987626949269));
#602=CARTESIAN_POINT('Ctrl Pts',(-50.0432700878526,1.10144552172474E-12,
14.5303587915511));
#603=CARTESIAN_POINT('Ctrl Pts',(-51.0664195216472,1.10144236329288E-12,
14.5445831041222));
#604=CARTESIAN_POINT('Ctrl Pts',(-52.7564227070857,1.10143894923521E-12,
14.5599586529453));
#605=CARTESIAN_POINT('Ctrl Pts',(-53.7999763650614,1.10143795461763E-12,
14.5644380123379));
#606=CARTESIAN_POINT('Ctrl Pts',(-55.5116183753847,1.10143806007336E-12,
14.563963081944));
#607=CARTESIAN_POINT('Ctrl Pts',(-56.5746568947869,1.10143920307866E-12,
14.5588154436781));
#608=CARTESIAN_POINT('Ctrl Pts',(-58.3058447575883,1.10144273536718E-12,
14.5429074304231));
#609=CARTESIAN_POINT('Ctrl Pts',(-59.3874281016567,1.10144598363249E-12,
14.5282785439713));
#610=CARTESIAN_POINT('Ctrl Pts',(-61.1360468248001,1.10145284031401E-12,
14.4973987956633));
#611=CARTESIAN_POINT('Ctrl Pts',(-62.2352153195827,1.10145815565933E-12,
14.4734606084616));
#612=CARTESIAN_POINT('Ctrl Pts',(-63.999130195679,1.10146822534344E-12,
14.4281107828625));
#613=CARTESIAN_POINT('Ctrl Pts',(-65.1149055827357,1.10147556416545E-12,
14.3950596667794));
#614=CARTESIAN_POINT('Ctrl Pts',(-66.8919645182638,1.10148872736521E-12,
14.3357778852322));
#615=CARTESIAN_POINT('Ctrl Pts',(-68.0233510215018,1.10149804106358E-12,
14.2938327167355));
#616=CARTESIAN_POINT('Ctrl Pts',(-69.8113868892056,1.1015141710815E-12,
14.2211895740434));
#617=CARTESIAN_POINT('Ctrl Pts',(-70.9573722943186,1.10152540651043E-12,
14.1705897004832));
#618=CARTESIAN_POINT('Ctrl Pts',(-72.7542053071957,1.10154437034282E-12,
14.0851841919957));
#619=CARTESIAN_POINT('Ctrl Pts',(-73.9137620524057,1.10155747028061E-12,
14.0261873170424));
#620=CARTESIAN_POINT('Ctrl Pts',(-75.7172021573004,1.10157912952708E-12,
13.9286427427449));
#621=CARTESIAN_POINT('Ctrl Pts',(-76.8892884343052,1.10159403315622E-12,
13.8615227640894));
#622=CARTESIAN_POINT('Ctrl Pts',(-78.6971377228279,1.10161824492141E-12,
13.752482667399));
#623=CARTESIAN_POINT('Ctrl Pts',(-79.8806985870535,1.10163488831209E-12,
13.6775274993458));
#624=CARTESIAN_POINT('Ctrl Pts',(-81.6907537212791,1.10166150608763E-12,
13.5576516953127));
#625=CARTESIAN_POINT('Ctrl Pts',(-82.8847222107005,1.10167982267753E-12,
13.4751611079023));
#626=CARTESIAN_POINT('Ctrl Pts',(-84.6947768608546,1.1017086971928E-12,
13.3451218516912));
#627=CARTESIAN_POINT('Ctrl Pts',(-85.8980751227932,1.10172861825653E-12,
13.2554053564932));
#628=CARTESIAN_POINT('Ctrl Pts',(-87.7059224139173,1.10175959828797E-12,
13.1158836984352));
#629=CARTESIAN_POINT('Ctrl Pts',(-88.9174628393381,1.10178105338994E-12,
13.0192585092085));
#630=CARTESIAN_POINT('Ctrl Pts',(-90.7208978037387,1.10181398651988E-12,
12.8709408774685));
#631=CARTESIAN_POINT('Ctrl Pts',(-91.9395841686586,1.10183690394472E-12,
12.7677299715179));
#632=CARTESIAN_POINT('Ctrl Pts',(-93.7364062007933,1.1018716372618E-12,
12.6113050176178));
#633=CARTESIAN_POINT('Ctrl Pts',(-94.9611348144727,1.10189594441735E-12,
12.5018353209431));
#634=CARTESIAN_POINT('Ctrl Pts',(-96.7491501248036,1.10193232515218E-12,
12.3379910571278));
#635=CARTESIAN_POINT('Ctrl Pts',(-97.9788109844247,1.10195794894054E-12,
12.2225917734125));
#636=CARTESIAN_POINT('Ctrl Pts',(-99.7558350486875,1.10199582503151E-12,
12.0520130242571));
#637=CARTESIAN_POINT('Ctrl Pts',(-100.989313000234,1.10202269218441E-12,
11.931014124441));
#638=CARTESIAN_POINT('Ctrl Pts',(-102.753173000515,1.10206191277033E-12,
11.7543803083041));
#639=CARTESIAN_POINT('Ctrl Pts',(-103.98934890555,1.10208995014594E-12,
11.6281111939756));
#640=CARTESIAN_POINT('Ctrl Pts',(-105.737886159542,1.1021303659835E-12,
11.446094443023));
#641=CARTESIAN_POINT('Ctrl Pts',(-106.975638067549,1.10215950082243E-12,
11.3148827932334));
#642=CARTESIAN_POINT('Ctrl Pts',(-108.706710442365,1.102200964628E-12,11.1281464139173));
#643=CARTESIAN_POINT('Ctrl Pts',(-109.944914768261,1.10223112476741E-12,
10.9923172213104));
#644=CARTESIAN_POINT('Ctrl Pts',(-111.656399075224,1.10227349148439E-12,
10.8015144905118));
#645=CARTESIAN_POINT('Ctrl Pts',(-112.893931781591,1.10230460552941E-12,
10.6613892889455));
#646=CARTESIAN_POINT('Ctrl Pts',(-114.583726148465,1.10234773252347E-12,
10.4671625745973));
#647=CARTESIAN_POINT('Ctrl Pts',(-115.819463931964,1.10237972997656E-12,
10.3230588567816));
#648=CARTESIAN_POINT('Ctrl Pts',(-117.485490149179,1.10242347716265E-12,
10.1260390457827));
#649=CARTESIAN_POINT('Ctrl Pts',(-118.718311630529,1.10245628851182E-12,
9.97826986591801));
#650=CARTESIAN_POINT('Ctrl Pts',(-120.358517468057,1.10250051841806E-12,
9.77907607665264));
#651=CARTESIAN_POINT('Ctrl Pts',(-121.587304384857,1.10253407518586E-12,
9.62794982969697));
#652=CARTESIAN_POINT('Ctrl Pts',(-123.19966587648,1.10257865296025E-12,
9.42718938155197));
#653=CARTESIAN_POINT('Ctrl Pts',(-124.42330427807,1.10261288771615E-12,
9.27300974762017));
#654=CARTESIAN_POINT('Ctrl Pts',(-126.005827969946,1.10265768108338E-12,
9.0712783556548));
#655=CARTESIAN_POINT('Ctrl Pts',(-127.223209413393,1.10269252742263E-12,
8.9143443952152));
#656=CARTESIAN_POINT('Ctrl Pts',(-128.773934573913,1.10273740659869E-12,
8.71222655462853));
#657=CARTESIAN_POINT('Ctrl Pts',(-129.983957320113,1.1027727990914E-12,
8.55283293765442));
#658=CARTESIAN_POINT('Ctrl Pts',(-131.500958108222,1.10281763666454E-12,
8.35090245998136));
#659=CARTESIAN_POINT('Ctrl Pts',(-132.702528317001,1.10285351077931E-12,
8.18933981007697));
#660=CARTESIAN_POINT('Ctrl Pts',(-134.183915906274,1.10289818156614E-12,
7.98816047115548));
#661=CARTESIAN_POINT('Ctrl Pts',(-135.375948829289,1.10293447357269E-12,
7.82471580394078));
#662=CARTESIAN_POINT('Ctrl Pts',(-136.819873485212,1.10297885445861E-12,
7.62484206265485));
#663=CARTESIAN_POINT('Ctrl Pts',(-138.001294655348,1.10301550131444E-12,
7.45979929638683));
#664=CARTESIAN_POINT('Ctrl Pts',(-139.40594776341,1.10305947108746E-12,
7.26177704300596));
#665=CARTESIAN_POINT('Ctrl Pts',(-140.575694179259,1.10309641031346E-12,
7.09541755855172));
#666=CARTESIAN_POINT('Ctrl Pts',(-141.939310221617,1.10313984950047E-12,
6.89978485214745));
#667=CARTESIAN_POINT('Ctrl Pts',(-143.096331525562,1.10317701905082E-12,
6.73238807901781));
#668=CARTESIAN_POINT('Ctrl Pts',(-144.417190004173,1.10321980976493E-12,
6.53967583491618));
#669=CARTESIAN_POINT('Ctrl Pts',(-145.560449652499,1.10325714789636E-12,
6.37151984011767));
#670=CARTESIAN_POINT('Ctrl Pts',(-146.836876956811,1.10329917370353E-12,
6.18225243059984));
#671=CARTESIAN_POINT('Ctrl Pts',(-147.965353380159,1.10333661884897E-12,
6.0136144875609));
#672=CARTESIAN_POINT('Ctrl Pts',(-149.195724597579,1.10337776466141E-12,
5.82831022199887));
#673=CARTESIAN_POINT('Ctrl Pts',(-150.308412350011,1.10341525531293E-12,
5.65946733775891));
#674=CARTESIAN_POINT('Ctrl Pts',(-151.491153017541,1.10345540731593E-12,
5.47863879200002));
#675=CARTESIAN_POINT('Ctrl Pts',(-152.58706391238,1.10349288192153E-12,
5.30986817219351));
#676=CARTESIAN_POINT('Ctrl Pts',(-153.720651707959,1.1035319275396E-12,
5.13402234120674));
#677=CARTESIAN_POINT('Ctrl Pts',(-154.79881593851,1.10356932441789E-12,
4.96560177409962));
#678=CARTESIAN_POINT('Ctrl Pts',(-155.881782310782,1.10360715232481E-12,
4.79524002657877));
#679=CARTESIAN_POINT('Ctrl Pts',(-156.941249553967,1.10364440960143E-12,
4.62744816948357));
#680=CARTESIAN_POINT('Ctrl Pts',(-157.972181289314,1.10368090977793E-12,
4.46306598816952));
#681=CARTESIAN_POINT('Ctrl Pts',(-159.012021790203,1.10371796534682E-12,
4.29618254193624));
#682=CARTESIAN_POINT('Ctrl Pts',(-159.989562516067,1.10375302918824E-12,
4.13826903877129));
#683=CARTESIAN_POINT('Ctrl Pts',(-161.00886815125,1.10378982070032E-12,
3.9725747986737));
#684=CARTESIAN_POINT('Ctrl Pts',(-161.931719774911,1.10382334117544E-12,
3.82161199941446));
#685=CARTESIAN_POINT('Ctrl Pts',(-162.929605092604,1.10385980605674E-12,
3.65738877357825));
#686=CARTESIAN_POINT('Ctrl Pts',(-163.79652917459,1.10389167791778E-12,
3.51385067211061));
#687=CARTESIAN_POINT('Ctrl Pts',(-164.772132409432,1.10392775341826E-12,
3.35138106158138));
#688=CARTESIAN_POINT('Ctrl Pts',(-165.581951471442,1.10395787346071E-12,
3.21573244960898));
#689=CARTESIAN_POINT('Ctrl Pts',(-166.534435531602,1.10399349673445E-12,
3.05529948727926));
#690=CARTESIAN_POINT('Ctrl Pts',(-167.28603429684,1.10402176410433E-12,
2.92799457083079));
#691=CARTESIAN_POINT('Ctrl Pts',(-168.214587722606,1.10405687232102E-12,
2.76988121923302));
#692=CARTESIAN_POINT('Ctrl Pts',(-168.90691429384,1.10408318886597E-12,
2.65136203719581));
#693=CARTESIAN_POINT('Ctrl Pts',(-169.810752180412,1.10411771935283E-12,
2.49585054943099));
#694=CARTESIAN_POINT('Ctrl Pts',(-170.442819135799,1.10414199001178E-12,
2.38654521882549));
#695=CARTESIAN_POINT('Ctrl Pts',(-171.321184040076,1.10417588042537E-12,
2.23391636479924));
#696=CARTESIAN_POINT('Ctrl Pts',(-171.892069514247,1.10419801365381E-12,
2.13423716548205));
#697=CARTESIAN_POINT('Ctrl Pts',(-172.744232254607,1.10423120217603E-12,
1.98476934916638));
#698=CARTESIAN_POINT('Ctrl Pts',(-173.253080773794,1.10425111039085E-12,
1.89511072033401));
#699=CARTESIAN_POINT('Ctrl Pts',(-174.078341484061,1.10428353596164E-12,
1.74907893179836));
#700=CARTESIAN_POINT('Ctrl Pts',(-174.524365334392,1.10430113603081E-12,
1.66981526684174));
#701=CARTESIAN_POINT('Ctrl Pts',(-175.299215179241,1.10433183376067E-12,
1.53156498206033));
#702=CARTESIAN_POINT('Ctrl Pts',(-175.704531839263,1.104347952215E-12,1.45897391716611));
#703=CARTESIAN_POINT('Ctrl Pts',(-176.417768247784,1.10437642757038E-12,
1.33073231725746));
#704=CARTESIAN_POINT('Ctrl Pts',(-176.815122738736,1.10439234540943E-12,
1.25904474328075));
#705=CARTESIAN_POINT('Ctrl Pts',(-177.443130614254,1.10441759739712E-12,
1.14531990090469));
#706=CARTESIAN_POINT('Ctrl Pts',(-177.842667564528,1.1044337123637E-12,
1.07274454342695));
#707=CARTESIAN_POINT('Ctrl Pts',(-178.374204660752,1.10445522537784E-12,
0.975858540982452));
#708=CARTESIAN_POINT('Ctrl Pts',(-178.775735652251,1.10447152197866E-12,
0.902465175571032));
#709=CARTESIAN_POINT('Ctrl Pts',(-179.209881399953,1.10448919756271E-12,
0.822861421859711));
#710=CARTESIAN_POINT('Ctrl Pts',(-179.48752788929,1.10450052960376E-12,
0.771826445980203));
#711=CARTESIAN_POINT('Ctrl Pts',(-179.641718138434,1.1045068326535E-12,
0.743440033513189));
#712=CARTESIAN_POINT('Ctrl Pts',(-179.673376477192,1.10450812720927E-12,
0.737609872641341));
#713=CARTESIAN_POINT('Ctrl Pts',(-148.721521167554,218.032580826795,-0.737771900958804));
#714=CARTESIAN_POINT('Ctrl Pts',(-148.698005749077,218.032580826795,-0.742063251581169));
#715=CARTESIAN_POINT('Ctrl Pts',(-148.583472699736,218.032580826795,-0.762957911337626));
#716=CARTESIAN_POINT('Ctrl Pts',(-148.377157686054,218.032580826795,-0.800538995428706));
#717=CARTESIAN_POINT('Ctrl Pts',(-148.054494895403,218.032580826795,-0.859169729839444));
#718=CARTESIAN_POINT('Ctrl Pts',(-147.756132131545,218.032580826795,-0.913217356999726));
#719=CARTESIAN_POINT('Ctrl Pts',(-147.361174126524,218.032580826795,-0.98456641331322));
#720=CARTESIAN_POINT('Ctrl Pts',(-147.064281608293,218.032580826795,-1.03801809548998));
#721=CARTESIAN_POINT('Ctrl Pts',(-146.597618597731,218.032580826795,-1.1217788530767));
#722=CARTESIAN_POINT('Ctrl Pts',(-146.302355915039,218.032580826795,-1.17457979286698));
#723=CARTESIAN_POINT('Ctrl Pts',(-145.772371229442,218.032580826795,-1.26903903882969));
#724=CARTESIAN_POINT('Ctrl Pts',(-145.471192195593,218.032580826795,-1.32251031584186));
#725=CARTESIAN_POINT('Ctrl Pts',(-144.895426378478,218.032580826795,-1.42435102241684));
#726=CARTESIAN_POINT('Ctrl Pts',(-144.564002467835,218.032580826795,-1.48274231189952));
#727=CARTESIAN_POINT('Ctrl Pts',(-143.950782539419,218.032580826795,-1.59032506862626));
#728=CARTESIAN_POINT('Ctrl Pts',(-143.572678406527,218.032580826795,-1.65638029636115));
#729=CARTESIAN_POINT('Ctrl Pts',(-142.939473162021,218.032580826795,-1.76650493871194));
#730=CARTESIAN_POINT('Ctrl Pts',(-142.515275155285,218.032580826795,-1.83994984857958));
#731=CARTESIAN_POINT('Ctrl Pts',(-141.86260520595,218.032580826795,-1.95241447297666));
#732=CARTESIAN_POINT('Ctrl Pts',(-141.392949653306,218.032580826795,-2.03296001193444));
#733=CARTESIAN_POINT('Ctrl Pts',(-140.721357124603,218.032580826795,-2.14756008767249));
#734=CARTESIAN_POINT('Ctrl Pts',(-140.206929761063,218.032580826795,-2.23490390331453));
#735=CARTESIAN_POINT('Ctrl Pts',(-139.516977791457,218.032580826795,-2.35143297142525));
#736=CARTESIAN_POINT('Ctrl Pts',(-138.95851299513,218.032580826795,-2.44526087131566));
#737=CARTESIAN_POINT('Ctrl Pts',(-138.250785062438,218.032580826795,-2.56351119089579));
#738=CARTESIAN_POINT('Ctrl Pts',(-137.649065079153,218.032580826795,-2.66349850687142));
#739=CARTESIAN_POINT('Ctrl Pts',(-136.924164344409,218.032580826795,-2.78326160531258));
#740=CARTESIAN_POINT('Ctrl Pts',(-136.280018454119,218.032580826795,-2.88907445073996));
#741=CARTESIAN_POINT('Ctrl Pts',(-135.538567069059,218.032580826795,-3.01014158182242));
#742=CARTESIAN_POINT('Ctrl Pts',(-134.852870706399,218.032580826795,-3.12143798148685));
#743=CARTESIAN_POINT('Ctrl Pts',(-134.095509102083,218.032580826795,-3.24360048397799));
#744=CARTESIAN_POINT('Ctrl Pts',(-133.369182928333,218.032580826795,-3.36003136225041));
#745=CARTESIAN_POINT('Ctrl Pts',(-132.596569081765,218.032580826795,-3.48308091766238));
#746=CARTESIAN_POINT('Ctrl Pts',(-131.830578009301,218.032580826795,-3.60429093334892));
#747=CARTESIAN_POINT('Ctrl Pts',(-131.043386690858,218.032580826795,-3.72801972259317));
#748=CARTESIAN_POINT('Ctrl Pts',(-130.238738860266,218.032580826795,-3.85364794275862));
#749=CARTESIAN_POINT('Ctrl Pts',(-129.43766086308,218.032580826795,-3.97784870397794));
#750=CARTESIAN_POINT('Ctrl Pts',(-128.595406573391,218.032580826795,-4.10752911289237));
#751=CARTESIAN_POINT('Ctrl Pts',(-127.781147926288,218.032580826795,-4.23199510486083));
#752=CARTESIAN_POINT('Ctrl Pts',(-126.902378518809,218.032580826795,-4.36535694823179));
#753=CARTESIAN_POINT('Ctrl Pts',(-126.075659684251,218.032580826795,-4.4898818258761));
#754=CARTESIAN_POINT('Ctrl Pts',(-125.161506380554,218.032580826795,-4.62654979455984));
#755=CARTESIAN_POINT('Ctrl Pts',(-124.32306143904,218.032580826795,-4.7509274051779));
#756=CARTESIAN_POINT('Ctrl Pts',(-123.374694133753,218.032580826795,-4.89052166654529));
#757=CARTESIAN_POINT('Ctrl Pts',(-122.525269956096,218.032580826795,-5.0145457771839));
#758=CARTESIAN_POINT('Ctrl Pts',(-121.543895965234,218.032580826795,-5.15668186616837));
#759=CARTESIAN_POINT('Ctrl Pts',(-120.684251374079,218.032580826795,-5.28014583431986));
#760=CARTESIAN_POINT('Ctrl Pts',(-119.671114139758,218.032580826795,-5.42443441981837));
#761=CARTESIAN_POINT('Ctrl Pts',(-118.802019061654,218.032580826795,-5.54713082107538));
#762=CARTESIAN_POINT('Ctrl Pts',(-117.758396814137,218.032580826795,-5.69317736673459));
#763=CARTESIAN_POINT('Ctrl Pts',(-116.880631423431,218.032580826795,-5.81489759427165));
#764=CARTESIAN_POINT('Ctrl Pts',(-115.807835801544,218.032580826795,-5.96230193569987));
#765=CARTESIAN_POINT('Ctrl Pts',(-114.922189657303,218.032580826795,-6.08283578740258));
#766=CARTESIAN_POINT('Ctrl Pts',(-113.821564288407,218.032580826795,-6.23119165043921));
#767=CARTESIAN_POINT('Ctrl Pts',(-112.928835465507,218.032580826795,-6.35032692015636));
#768=CARTESIAN_POINT('Ctrl Pts',(-111.801754506276,218.032580826795,-6.49922140694726));
#769=CARTESIAN_POINT('Ctrl Pts',(-110.902748721745,218.032580826795,-6.61674349668068));
#770=CARTESIAN_POINT('Ctrl Pts',(-109.750615361156,218.032580826795,-6.76575656790119));
#771=CARTESIAN_POINT('Ctrl Pts',(-108.84614509678,218.032580826795,-6.88144813776297));
#772=CARTESIAN_POINT('Ctrl Pts',(-107.670390022808,218.032580826795,-7.03015212036004));
#773=CARTESIAN_POINT('Ctrl Pts',(-106.761273644955,218.032580826795,-7.1437927928109));
#774=CARTESIAN_POINT('Ctrl Pts',(-105.563353476571,218.032580826795,-7.29175194307295));
#775=CARTESIAN_POINT('Ctrl Pts',(-104.650414354104,218.032580826795,-7.40311807731107));
#776=CARTESIAN_POINT('Ctrl Pts',(-103.431810040317,218.032580826795,-7.54988822889891));
#777=CARTESIAN_POINT('Ctrl Pts',(-102.515875661415,218.032580826795,-7.65875278030142));
#778=CARTESIAN_POINT('Ctrl Pts',(-101.278090849168,218.032580826795,-7.80388110607952));
#779=CARTESIAN_POINT('Ctrl Pts',(-100.359991937782,218.032580826795,-7.91001358432235));
#780=CARTESIAN_POINT('Ctrl Pts',(-99.1045513106565,218.032580826795,-8.05303849941956));
#781=CARTESIAN_POINT('Ctrl Pts',(-98.1851209432705,218.032580826795,-8.15620503733356));
#782=CARTESIAN_POINT('Ctrl Pts',(-96.9135685330264,218.032580826795,-8.29665626885267));
#783=CARTESIAN_POINT('Ctrl Pts',(-95.9936412563256,218.032580826795,-8.39661981223804));
#784=CARTESIAN_POINT('Ctrl Pts',(-94.7075387294293,218.032580826795,-8.53401865845139));
#785=CARTESIAN_POINT('Ctrl Pts',(-93.7879496793926,218.032580826795,-8.63053928499768));
#786=CARTESIAN_POINT('Ctrl Pts',(-92.4888746007754,218.032580826795,-8.76439908374888));
#787=CARTESIAN_POINT('Ctrl Pts',(-91.5704586236598,218.032580826795,-8.85723445692642));
#788=CARTESIAN_POINT('Ctrl Pts',(-90.2600027000379,218.032580826795,-8.98706127935598));
#789=CARTESIAN_POINT('Ctrl Pts',(-89.3435934756552,218.032580826795,-9.07596724069395));
#790=CARTESIAN_POINT('Ctrl Pts',(-88.0233607808335,218.032580826795,-9.20126082237744));
#791=CARTESIAN_POINT('Ctrl Pts',(-87.1097899484667,218.032580826795,-9.28599212296395));
#792=CARTESIAN_POINT('Ctrl Pts',(-85.7813951331225,218.032580826795,-9.40624704016258));
#793=CARTESIAN_POINT('Ctrl Pts',(-84.8714914203851,218.032580826795,-9.48655820953621));
#794=CARTESIAN_POINT('Ctrl Pts',(-83.5365579088958,218.032580826795,-9.60126530358684));
#795=CARTESIAN_POINT('Ctrl Pts',(-82.631146263803,218.032580826795,-9.67691165148217));
#796=CARTESIAN_POINT('Ctrl Pts',(-81.2913044407334,218.032580826795,-9.78555969947831));
#797=CARTESIAN_POINT('Ctrl Pts',(-80.3912051672355,218.032580826795,-9.85629844318651));
#798=CARTESIAN_POINT('Ctrl Pts',(-79.04809055614,218.032580826795,-9.95837606811004));
#799=CARTESIAN_POINT('Ctrl Pts',(-78.1541184533611,218.032580826795,-10.0239675755666));
#800=CARTESIAN_POINT('Ctrl Pts',(-76.8093698905764,218.032580826795,-10.1189653840115));
#801=CARTESIAN_POINT('Ctrl Pts',(-75.9223333960144,218.032580826795,-10.1791745201736));
#802=CARTESIAN_POINT('Ctrl Pts',(-74.577591202123,218.032580826795,-10.2665874508502));
#803=CARTESIAN_POINT('Ctrl Pts',(-73.6982915390974,218.032580826795,-10.3211850125227));
#804=CARTESIAN_POINT('Ctrl Pts',(-72.355195690719,218.032580826795,-10.4005148739339));
#805=CARTESIAN_POINT('Ctrl Pts',(-71.4844260204018,218.032580826795,-10.449279095988));
#806=CARTESIAN_POINT('Ctrl Pts',(-70.1446143249334,218.032580826795,-10.5200372671195));
#807=CARTESIAN_POINT('Ctrl Pts',(-69.2831589033715,218.032580826795,-10.5627553810681));
#808=CARTESIAN_POINT('Ctrl Pts',(-67.9482651792294,218.032580826795,-10.6244656447171));
#809=CARTESIAN_POINT('Ctrl Pts',(-67.0968985198531,218.032580826795,-10.6609354688996));
#810=CARTESIAN_POINT('Ctrl Pts',(-65.7685507846822,218.032580826795,-10.7131369434652));
#811=CARTESIAN_POINT('Ctrl Pts',(-64.9280368269093,218.032580826795,-10.7431684826906));
#812=CARTESIAN_POINT('Ctrl Pts',(-63.6078554961116,218.032580826795,-10.7854186149371));
#813=CARTESIAN_POINT('Ctrl Pts',(-62.7789467807807,218.032580826795,-10.8088356463715));
#814=CARTESIAN_POINT('Ctrl Pts',(-61.4685428785799,218.032580826795,-10.8407132249189));
#815=CARTESIAN_POINT('Ctrl Pts',(-60.6519797310927,218.032580826795,-10.857354846299));
#816=CARTESIAN_POINT('Ctrl Pts',(-59.3529531161917,218.032580826795,-10.8784629934586));
#817=CARTESIAN_POINT('Ctrl Pts',(-58.5494628384022,218.032580826795,-10.888185109401));
#818=CARTESIAN_POINT('Ctrl Pts',(-57.263400446111,218.032580826795,-10.8981542074925));
#819=CARTESIAN_POINT('Ctrl Pts',(-56.4736965181645,218.032580826795,-10.9008309297487));
#820=CARTESIAN_POINT('Ctrl Pts',(-55.2021706206801,218.032580826795,-10.8993214372627));
#821=CARTESIAN_POINT('Ctrl Pts',(-54.42695191418,218.032580826795,-10.8948463752662));
#822=CARTESIAN_POINT('Ctrl Pts',(-53.1715184004835,218.032580826795,-10.8815514881772));
#823=CARTESIAN_POINT('Ctrl Pts',(-52.4114684045368,218.032580826795,-10.8698389071306));
#824=CARTESIAN_POINT('Ctrl Pts',(-51.173665081152,218.032580826795,-10.8444870213495));
#825=CARTESIAN_POINT('Ctrl Pts',(-50.4294511430141,218.032580826795,-10.8254728464128));
#826=CARTESIAN_POINT('Ctrl Pts',(-49.2107960566332,218.032580826795,-10.7878297787849));
#827=CARTESIAN_POINT('Ctrl Pts',(-48.4830686388344,218.032580826795,-10.7614724256296));
#828=CARTESIAN_POINT('Ctrl Pts',(-47.2850584215778,218.032580826795,-10.7113433530185));
#829=CARTESIAN_POINT('Ctrl Pts',(-46.5744503775606,218.032580826795,-10.6776243670996));
#830=CARTESIAN_POINT('Ctrl Pts',(-45.3985586153947,218.032580826795,-10.6148554459297));
#831=CARTESIAN_POINT('Ctrl Pts',(-44.7056844858136,218.032580826795,-10.5737799352672));
#832=CARTESIAN_POINT('Ctrl Pts',(-43.553360110403,218.032580826795,-10.4982595673775));
#833=CARTESIAN_POINT('Ctrl Pts',(-42.8788154423459,218.032580826795,-10.4498564164029));
#834=CARTESIAN_POINT('Ctrl Pts',(-41.7514811463733,218.032580826795,-10.3615161311486));
#835=CARTESIAN_POINT('Ctrl Pts',(-41.0958418378271,218.032580826795,-10.3058379862335));
#836=CARTESIAN_POINT('Ctrl Pts',(-39.9948925135653,218.032580826795,-10.2046529133854));
#837=CARTESIAN_POINT('Ctrl Pts',(-39.3587141854858,218.032580826795,-10.1417759339792));
#838=CARTESIAN_POINT('Ctrl Pts',(-38.2855153861596,218.032580826795,-10.0277648470354));
#839=CARTESIAN_POINT('Ctrl Pts',(-37.6693327844957,218.032580826795,-9.9577882198703));
#840=CARTESIAN_POINT('Ctrl Pts',(-36.6252192077111,218.032580826795,-9.83101313482076));
#841=CARTESIAN_POINT('Ctrl Pts',(-36.0295456376718,218.032580826795,-9.75405835234255));
#842=CARTESIAN_POINT('Ctrl Pts',(-35.0158196299212,218.032580826795,-9.61462367259822));
#843=CARTESIAN_POINT('Ctrl Pts',(-34.4411464246525,218.032580826795,-9.53083358061925));
#844=CARTESIAN_POINT('Ctrl Pts',(-33.4590765056134,218.032580826795,-9.37888478460983));
#845=CARTESIAN_POINT('Ctrl Pts',(-32.9058725312505,218.032580826795,-9.28842240810899));
#846=CARTESIAN_POINT('Ctrl Pts',(-31.9566919362703,218.032580826795,-9.12414428181741));
#847=CARTESIAN_POINT('Ctrl Pts',(-31.4254031350251,218.032580826795,-9.02719144180364));
#848=CARTESIAN_POINT('Ctrl Pts',(-30.5103083738343,218.032580826795,-8.85080586406132));
#849=CARTESIAN_POINT('Ctrl Pts',(-30.0013573463304,218.032580826795,-8.74756160243151));
#850=CARTESIAN_POINT('Ctrl Pts',(-29.1215067756401,218.032580826795,-8.55932489593136));
#851=CARTESIAN_POINT('Ctrl Pts',(-28.6352924030576,218.032580826795,-8.45000372926386));
#852=CARTESIAN_POINT('Ctrl Pts',(-27.7918048103156,218.032580826795,-8.25020359468589));
#853=CARTESIAN_POINT('Ctrl Pts',(-27.3287019159706,218.032580826795,-8.13503362187664));
#854=CARTESIAN_POINT('Ctrl Pts',(-26.5226551112423,218.032580826795,-7.92398567592039));
#855=CARTESIAN_POINT('Ctrl Pts',(-26.0830141598729,218.032580826795,-7.80320656843254));
#856=CARTESIAN_POINT('Ctrl Pts',(-25.3154435727553,218.032580826795,-7.58125050846133));
#857=CARTESIAN_POINT('Ctrl Pts',(-24.8995904038565,218.032580826795,-7.45511141561484));
#858=CARTESIAN_POINT('Ctrl Pts',(-24.171487682873,218.032580826795,-7.22260683345367));
#859=CARTESIAN_POINT('Ctrl Pts',(-23.7797232717137,218.032580826795,-7.09136423842216));
#860=CARTESIAN_POINT('Ctrl Pts',(-23.0920348854836,218.032580826795,-6.84868610287044));
#861=CARTESIAN_POINT('Ctrl Pts',(-22.7246351217622,218.032580826795,-6.71260166749493));
#862=CARTESIAN_POINT('Ctrl Pts',(-22.0782609657323,218.032580826795,-6.46013548842227));
#863=CARTESIAN_POINT('Ctrl Pts',(-21.7354764351487,218.032580826795,-6.31947392590291));
#864=CARTESIAN_POINT('Ctrl Pts',(-21.1312684573254,218.032580826795,-6.05761060156668));
#865=CARTESIAN_POINT('Ctrl Pts',(-20.8133242060819,218.032580826795,-5.91263761448653));
#866=CARTESIAN_POINT('Ctrl Pts',(-20.2520850845821,218.032580826795,-5.64176794759604));
#867=CARTESIAN_POINT('Ctrl Pts',(-19.9591803425648,218.032580826795,-5.49274826298638));
#868=CARTESIAN_POINT('Ctrl Pts',(-19.4416622847545,218.032580826795,-5.21325711224854));
#869=CARTESIAN_POINT('Ctrl Pts',(-19.1739701237105,218.032580826795,-5.06045263465112));
#870=CARTESIAN_POINT('Ctrl Pts',(-18.7008739241252,218.032580826795,-4.77271265355923));
#871=CARTESIAN_POINT('Ctrl Pts',(-18.4585408406349,218.032580826795,-4.61638074158151));
#872=CARTESIAN_POINT('Ctrl Pts',(-18.0305154495135,218.032580826795,-4.32074566982467));
#873=CARTESIAN_POINT('Ctrl Pts',(-17.8136609004326,218.032580826795,-4.16113753648987));
#874=CARTESIAN_POINT('Ctrl Pts',(-17.4313039345012,218.032580826795,-3.85793508614893));
#875=CARTESIAN_POINT('Ctrl Pts',(-17.2400199270631,218.032580826795,-3.69529434935655));
#876=CARTESIAN_POINT('Ctrl Pts',(-16.903879777078,218.032580826795,-3.38481900128605));
#877=CARTESIAN_POINT('Ctrl Pts',(-16.7382306914035,218.032580826795,-3.21938059489506));
#878=CARTESIAN_POINT('Ctrl Pts',(-16.4488110654171,218.032580826795,-2.9018870636746));
#879=CARTESIAN_POINT('Ctrl Pts',(-16.3088338411479,218.032580826795,-2.73387701940354));
#880=CARTESIAN_POINT('Ctrl Pts',(-16.0666013168488,218.032580826795,-2.40957629041417));
#881=CARTESIAN_POINT('Ctrl Pts',(-15.952305425503,218.032580826795,-2.23921386858513));
#882=CARTESIAN_POINT('Ctrl Pts',(-15.7576996880097,218.032580826795,-1.9082734837711));
#883=CARTESIAN_POINT('Ctrl Pts',(-15.6690646546267,218.032580826795,-1.73577620395657));
#884=CARTESIAN_POINT('Ctrl Pts',(-15.5225082981366,218.032580826795,-1.39832935595585));
#885=CARTESIAN_POINT('Ctrl Pts',(-15.4594729744999,218.032580826795,-1.22392312525392));
#886=CARTESIAN_POINT('Ctrl Pts',(-15.3613782177619,218.032580826795,-0.880076513937725));
#887=CARTESIAN_POINT('Ctrl Pts',(-15.3238193316366,218.032580826795,-0.703992204476551));
#888=CARTESIAN_POINT('Ctrl Pts',(-15.2745817666652,218.032580826795,-0.353859354141771));
#889=CARTESIAN_POINT('Ctrl Pts',(-15.262280640592,218.032580826795,-0.176341439144236));
#890=CARTESIAN_POINT('Ctrl Pts',(-15.2622806751591,218.032580826795,0.176342386715832));
#891=CARTESIAN_POINT('Ctrl Pts',(-15.2745818361702,218.032580826795,0.353860098852214));
#892=CARTESIAN_POINT('Ctrl Pts',(-15.3238194985539,218.032580826795,0.7039931377913));
#893=CARTESIAN_POINT('Ctrl Pts',(-15.3613783359216,218.032580826795,0.880077048896803));
#894=CARTESIAN_POINT('Ctrl Pts',(-15.4594732677257,218.032580826795,1.22392402672994));
#895=CARTESIAN_POINT('Ctrl Pts',(-15.5225084880949,218.032580826795,1.39832986965461));
#896=CARTESIAN_POINT('Ctrl Pts',(-15.6690650619895,218.032580826795,1.73577705970815));
#897=CARTESIAN_POINT('Ctrl Pts',(-15.7576999417488,218.032580826795,1.90827396890366));
#898=CARTESIAN_POINT('Ctrl Pts',(-15.9523059314418,218.032580826795,2.23921466976906));
#899=CARTESIAN_POINT('Ctrl Pts',(-16.066601624878,218.032580826795,2.40957674274431));
#900=CARTESIAN_POINT('Ctrl Pts',(-16.3088344294137,218.032580826795,2.73387776201609));
#901=CARTESIAN_POINT('Ctrl Pts',(-16.4488114182912,218.032580826795,2.90188748168794));
#902=CARTESIAN_POINT('Ctrl Pts',(-16.7382313469191,218.032580826795,3.21938127867373));
#903=CARTESIAN_POINT('Ctrl Pts',(-16.9038801663162,218.032580826795,3.38481938541994));
#904=CARTESIAN_POINT('Ctrl Pts',(-17.2400206368273,218.032580826795,3.6952949764729));
#905=CARTESIAN_POINT('Ctrl Pts',(-17.43130435295,218.032580826795,3.8579354380252));
#906=CARTESIAN_POINT('Ctrl Pts',(-17.8136616537272,218.032580826795,4.16113811044625));
#907=CARTESIAN_POINT('Ctrl Pts',(-18.0305158913588,218.032580826795,4.32074599165661));
#908=CARTESIAN_POINT('Ctrl Pts',(-18.4585416288529,218.032580826795,4.6163812664347));
#909=CARTESIAN_POINT('Ctrl Pts',(-18.7008743847379,218.032580826795,4.77271294776027));
#910=CARTESIAN_POINT('Ctrl Pts',(-19.173970940034,218.032580826795,5.06045311453127));
#911=CARTESIAN_POINT('Ctrl Pts',(-19.4416627604845,218.032580826795,5.21325738120215));
#912=CARTESIAN_POINT('Ctrl Pts',(-19.9591811816225,218.032580826795,5.49274870183115));
#913=CARTESIAN_POINT('Ctrl Pts',(-20.2520855725591,218.032580826795,5.64176819353568));
#914=CARTESIAN_POINT('Ctrl Pts',(-20.8133250636415,218.032580826795,5.91263801591426));
#915=CARTESIAN_POINT('Ctrl Pts',(-21.131268955288,218.032580826795,6.05761082652369));
#916=CARTESIAN_POINT('Ctrl Pts',(-21.7354773078633,218.032580826795,6.3194742931685));
#917=CARTESIAN_POINT('Ctrl Pts',(-22.0782614718902,218.032580826795,6.46013569421276));
#918=CARTESIAN_POINT('Ctrl Pts',(-22.7246360069697,218.032580826795,6.71260200349127));
#919=CARTESIAN_POINT('Ctrl Pts',(-23.09203539841,218.032580826795,6.84868629110284));
#920=CARTESIAN_POINT('Ctrl Pts',(-23.7797241672811,218.032580826795,7.0913645457045));
#921=CARTESIAN_POINT('Ctrl Pts',(-24.1714882014222,218.032580826795,7.22260700554606));
#922=CARTESIAN_POINT('Ctrl Pts',(-24.8995913080612,218.032580826795,7.45511169643484));
#923=CARTESIAN_POINT('Ctrl Pts',(-25.3154440959993,218.032580826795,7.58125066566252));
#924=CARTESIAN_POINT('Ctrl Pts',(-26.0830150713117,218.032580826795,7.80320682477493));
#925=CARTESIAN_POINT('Ctrl Pts',(-26.5226556384234,218.032580826795,7.92398581933128));
#926=CARTESIAN_POINT('Ctrl Pts',(-27.328702833491,218.032580826795,8.13503385549453));
#927=CARTESIAN_POINT('Ctrl Pts',(-27.7918053408096,218.032580826795,8.25020372527965));
#928=CARTESIAN_POINT('Ctrl Pts',(-28.635293325705,218.032580826795,8.45000394171118));
#929=CARTESIAN_POINT('Ctrl Pts',(-29.1215073089287,218.032580826795,8.55932501457159));
#930=CARTESIAN_POINT('Ctrl Pts',(-30.0013582733076,218.032580826795,8.74756179509171));
#931=CARTESIAN_POINT('Ctrl Pts',(-30.5103089094835,218.032580826795,8.85080597151802));
#932=CARTESIAN_POINT('Ctrl Pts',(-31.4254040656614,218.032580826795,9.02719161591466));
#933=CARTESIAN_POINT('Ctrl Pts',(-31.9566924739139,218.032580826795,9.12414437878075));
#934=CARTESIAN_POINT('Ctrl Pts',(-32.9058734649775,218.032580826795,9.2884225647848));
#935=CARTESIAN_POINT('Ctrl Pts',(-33.4590770449406,218.032580826795,9.37888487170203));
#936=CARTESIAN_POINT('Ctrl Pts',(-34.4411473609855,218.032580826795,9.53083372086808));
#937=CARTESIAN_POINT('Ctrl Pts',(-35.0158201706663,218.032580826795,9.61462375038355));
#938=CARTESIAN_POINT('Ctrl Pts',(-36.0295465761947,218.032580826795,9.75405847708251));
#939=CARTESIAN_POINT('Ctrl Pts',(-36.6252197496456,218.032580826795,9.83101320381406));
#940=CARTESIAN_POINT('Ctrl Pts',(-37.6693337248501,218.032580826795,9.95778832994237));
#941=CARTESIAN_POINT('Ctrl Pts',(-38.2855159290864,218.032580826795,10.0277649077093));
#942=CARTESIAN_POINT('Ctrl Pts',(-39.3587151273611,218.032580826795,10.1417760301584));
#943=CARTESIAN_POINT('Ctrl Pts',(-39.9948930573134,218.032580826795,10.204652966176));
#944=CARTESIAN_POINT('Ctrl Pts',(-41.0958427809535,218.032580826795,10.3058380692377));
#945=CARTESIAN_POINT('Ctrl Pts',(-41.751481690794,218.032580826795,10.361516176461));
#946=CARTESIAN_POINT('Ctrl Pts',(-42.8788163864884,218.032580826795,10.4498564869011));
#947=CARTESIAN_POINT('Ctrl Pts',(-43.5533606553667,218.032580826795,10.4982596055896));
#948=CARTESIAN_POINT('Ctrl Pts',(-44.705685430767,218.032580826795,10.5737799938857));
#949=CARTESIAN_POINT('Ctrl Pts',(-45.3985591607882,218.032580826795,10.614855477396));
#950=CARTESIAN_POINT('Ctrl Pts',(-46.5744513231459,218.032580826795,10.6776244144272));
#951=CARTESIAN_POINT('Ctrl Pts',(-47.2850589673024,218.032580826795,10.7113433780726));
#952=CARTESIAN_POINT('Ctrl Pts',(-48.4830695848952,218.032580826795,10.761472462222));
#953=CARTESIAN_POINT('Ctrl Pts',(-49.2107966026025,218.032580826795,10.7878297977422));
#954=CARTESIAN_POINT('Ctrl Pts',(-50.4294520894139,218.032580826795,10.8254728727966));
#955=CARTESIAN_POINT('Ctrl Pts',(-51.173665627291,218.032580826795,10.8444870345091));
#956=CARTESIAN_POINT('Ctrl Pts',(-52.4114693511568,218.032580826795,10.8698389238057));
#957=CARTESIAN_POINT('Ctrl Pts',(-53.1715189467267,218.032580826795,10.8815514958233));
#958=CARTESIAN_POINT('Ctrl Pts',(-54.426952860917,218.032580826795,10.8948463827086));
#959=CARTESIAN_POINT('Ctrl Pts',(-55.2021711669708,218.032580826795,10.8993214396663));
#960=CARTESIAN_POINT('Ctrl Pts',(-56.4736974649293,218.032580826795,10.9008309284124));
#961=CARTESIAN_POINT('Ctrl Pts',(-57.2634009924002,218.032580826795,10.8981542049118));
#962=CARTESIAN_POINT('Ctrl Pts',(-58.5494637851179,218.032580826795,10.8881850997194));
#963=CARTESIAN_POINT('Ctrl Pts',(-59.3529536624374,218.032580826795,10.8784629861405));
#964=CARTESIAN_POINT('Ctrl Pts',(-60.6519806776937,218.032580826795,10.8573548286865));
#965=CARTESIAN_POINT('Ctrl Pts',(-61.4685434247462,218.032580826795,10.8407132130994));
#966=CARTESIAN_POINT('Ctrl Pts',(-62.7789477272111,218.032580826795,10.8088356212239));
#967=CARTESIAN_POINT('Ctrl Pts',(-63.6078560421681,218.032580826795,10.7854185988417));
#968=CARTESIAN_POINT('Ctrl Pts',(-64.9280377731222,218.032580826795,10.7431684503865));
#969=CARTESIAN_POINT('Ctrl Pts',(-65.7685513306035,218.032580826795,10.7131369233094));
#970=CARTESIAN_POINT('Ctrl Pts',(-67.0968994658093,218.032580826795,10.6609354298006));
#971=CARTESIAN_POINT('Ctrl Pts',(-67.9482657249943,218.032580826795,10.6244656207068));
#972=CARTESIAN_POINT('Ctrl Pts',(-69.2831598490387,218.032580826795,10.5627553355195));
#973=CARTESIAN_POINT('Ctrl Pts',(-70.1446148705247,218.032580826795,10.5200372394512));
#974=CARTESIAN_POINT('Ctrl Pts',(-71.4844269657542,218.032580826795,10.4492790443189));
#975=CARTESIAN_POINT('Ctrl Pts',(-72.3551962361229,218.032580826795,10.4005148427949));
#976=CARTESIAN_POINT('Ctrl Pts',(-73.6982924841143,218.032580826795,10.3211849550466));
#977=CARTESIAN_POINT('Ctrl Pts',(-74.5775917473288,218.032580826795,10.2665874164186));
#978=CARTESIAN_POINT('Ctrl Pts',(-75.92233434068,218.032580826795,10.1791744571886));
#979=CARTESIAN_POINT('Ctrl Pts',(-76.8093704355756,218.032580826795,10.1189653464565));
#980=CARTESIAN_POINT('Ctrl Pts',(-78.1541193976634,218.032580826795,10.0239675073554));
#981=CARTESIAN_POINT('Ctrl Pts',(-79.0480911009266,218.032580826795,9.95837602759221));
#982=CARTESIAN_POINT('Ctrl Pts',(-80.3912061111664,218.032580826795,9.85629837001695));
#983=CARTESIAN_POINT('Ctrl Pts',(-81.2913049853036,218.032580826795,9.7855596561494));
#984=CARTESIAN_POINT('Ctrl Pts',(-82.6311472073573,218.032580826795,9.67691157360712));
#985=CARTESIAN_POINT('Ctrl Pts',(-83.5365584532469,218.032580826795,9.60126525759007));
#986=CARTESIAN_POINT('Ctrl Pts',(-84.8714923635599,218.032580826795,9.48655812719396));
#987=CARTESIAN_POINT('Ctrl Pts',(-85.7813956772534,218.032580826795,9.40624699163272));
#988=CARTESIAN_POINT('Ctrl Pts',(-87.1097908912613,218.032580826795,9.28599203637843));
#989=CARTESIAN_POINT('Ctrl Pts',(-88.0233613247442,218.032580826795,9.20126077144098));
#990=CARTESIAN_POINT('Ctrl Pts',(-89.3435944180705,218.032580826795,9.075967150075));
#991=CARTESIAN_POINT('Ctrl Pts',(-90.2600032437294,218.032580826795,8.98706122613128));
#992=CARTESIAN_POINT('Ctrl Pts',(-91.5704595656981,218.032580826795,8.8572343624701));
#993=CARTESIAN_POINT('Ctrl Pts',(-92.4888751442492,218.032580826795,8.76439902834637));
#994=CARTESIAN_POINT('Ctrl Pts',(-93.7879506210573,218.032580826795,8.6305391868866));
#995=CARTESIAN_POINT('Ctrl Pts',(-94.7075392726874,218.032580826795,8.53401860097375));
#996=CARTESIAN_POINT('Ctrl Pts',(-95.9936421976206,218.032580826795,8.39661971064178));
#997=CARTESIAN_POINT('Ctrl Pts',(-96.9135690760712,218.032580826795,8.2966562093951));
#998=CARTESIAN_POINT('Ctrl Pts',(-98.1851218842003,218.032580826795,8.1562049324091));
#999=CARTESIAN_POINT('Ctrl Pts',(-99.1045518534908,218.032580826795,8.05303843807003));
#1000=CARTESIAN_POINT('Ctrl Pts',(-100.359992878351,218.032580826795,7.91001347621457));
#1001=CARTESIAN_POINT('Ctrl Pts',(-101.278091391795,218.032580826795,7.80388104291909));
#1002=CARTESIAN_POINT('Ctrl Pts',(-102.515876601628,218.032580826795,7.65875266914364));
#1003=CARTESIAN_POINT('Ctrl Pts',(-103.431810582738,218.032580826795,7.549888164002));
#1004=CARTESIAN_POINT('Ctrl Pts',(-104.650415293967,218.032580826795,7.40311796322563));
#1005=CARTESIAN_POINT('Ctrl Pts',(-105.56335401879,218.032580826795,7.29175187650774));
#1006=CARTESIAN_POINT('Ctrl Pts',(-106.761274584471,218.032580826795,7.14379267590977));
#1007=CARTESIAN_POINT('Ctrl Pts',(-107.670390564828,218.032580826795,7.03015205218883));
#1008=CARTESIAN_POINT('Ctrl Pts',(-108.846146035955,218.032580826795,6.88144801814843));
#1009=CARTESIAN_POINT('Ctrl Pts',(-109.750615902979,218.032580826795,6.76575649818077));
#1010=CARTESIAN_POINT('Ctrl Pts',(-110.902749660582,218.032580826795,6.61674337444604));
#1011=CARTESIAN_POINT('Ctrl Pts',(-111.801755047903,218.032580826795,6.49922133572937));
#1012=CARTESIAN_POINT('Ctrl Pts',(-112.928836404011,218.032580826795,6.35032679538668));
#1013=CARTESIAN_POINT('Ctrl Pts',(-113.821564829842,218.032580826795,6.23119157777093));
#1014=CARTESIAN_POINT('Ctrl Pts',(-114.922190595477,218.032580826795,6.08283566017544));
#1015=CARTESIAN_POINT('Ctrl Pts',(-115.807836342788,218.032580826795,5.96230186162411));
#1016=CARTESIAN_POINT('Ctrl Pts',(-116.880632361278,218.032580826795,5.81489746465792));
#1017=CARTESIAN_POINT('Ctrl Pts',(-117.758397355192,218.032580826795,5.69317729129052));
#1018=CARTESIAN_POINT('Ctrl Pts',(-118.802019999178,218.032580826795,5.54713068914005));
#1019=CARTESIAN_POINT('Ctrl Pts',(-119.671114680626,218.032580826795,5.42443434304191));
#1020=CARTESIAN_POINT('Ctrl Pts',(-120.684252311281,218.032580826795,5.28014570012283));
#1021=CARTESIAN_POINT('Ctrl Pts',(-121.543896505915,218.032580826795,5.15668178809267));
#1022=CARTESIAN_POINT('Ctrl Pts',(-122.52527089298,218.032580826795,5.0145456407808));
#1023=CARTESIAN_POINT('Ctrl Pts',(-123.37469467425,218.032580826795,4.89052158720117));
#1024=CARTESIAN_POINT('Ctrl Pts',(-124.323062375608,218.032580826795,4.75092726662088));
#1025=CARTESIAN_POINT('Ctrl Pts',(-125.161506920868,218.032580826795,4.62654971397631));
#1026=CARTESIAN_POINT('Ctrl Pts',(-126.075660620505,218.032580826795,4.48988168521467));
#1027=CARTESIAN_POINT('Ctrl Pts',(-126.90237905894,218.032580826795,4.36535686643648));
#1028=CARTESIAN_POINT('Ctrl Pts',(-127.781148862231,218.032580826795,4.23199496214259));
#1029=CARTESIAN_POINT('Ctrl Pts',(-128.595407113341,218.032580826795,4.10752902991196));
#1030=CARTESIAN_POINT('Ctrl Pts',(-129.437661798714,218.032580826795,3.97784855924935));
#1031=CARTESIAN_POINT('Ctrl Pts',(-130.238739400037,218.032580826795,3.85364785861935));
#1032=CARTESIAN_POINT('Ctrl Pts',(-131.043387626186,218.032580826795,3.72801957590032));
#1033=CARTESIAN_POINT('Ctrl Pts',(-131.830578548894,218.032580826795,3.60429084807691));
#1034=CARTESIAN_POINT('Ctrl Pts',(-132.59657001679,218.032580826795,3.48308076905161));
#1035=CARTESIAN_POINT('Ctrl Pts',(-133.36918346775,218.032580826795,3.36003127587215));
#1036=CARTESIAN_POINT('Ctrl Pts',(-134.095510036809,218.032580826795,3.24360033349658));
#1037=CARTESIAN_POINT('Ctrl Pts',(-134.852871245642,218.032580826795,3.1214378940295));
#1038=CARTESIAN_POINT('Ctrl Pts',(-135.538568003489,218.032580826795,3.01014142951917));
#1039=CARTESIAN_POINT('Ctrl Pts',(-136.280018993191,218.032580826795,2.88907436223171));
#1040=CARTESIAN_POINT('Ctrl Pts',(-136.924165278549,218.032580826795,2.78326145123835));
#1041=CARTESIAN_POINT('Ctrl Pts',(-137.649065618056,218.032580826795,2.66349841734182));
#1042=CARTESIAN_POINT('Ctrl Pts',(-138.250785996294,218.032580826795,2.56351103510401));
#1043=CARTESIAN_POINT('Ctrl Pts',(-138.958513533868,218.032580826795,2.44526078079585));
#1044=CARTESIAN_POINT('Ctrl Pts',(-139.516978725034,218.032580826795,2.35143281397233));
#1045=CARTESIAN_POINT('Ctrl Pts',(-140.206930299639,218.032580826795,2.23490381183752));
#1046=CARTESIAN_POINT('Ctrl Pts',(-140.721358057908,218.032580826795,2.1475599286182));
#1047=CARTESIAN_POINT('Ctrl Pts',(-141.392950191724,218.032580826795,2.03295991953528));
#1048=CARTESIAN_POINT('Ctrl Pts',(-141.862606138992,218.032580826795,1.95241431238443));
#1049=CARTESIAN_POINT('Ctrl Pts',(-142.515275693551,218.032580826795,1.83994975529556));
#1050=CARTESIAN_POINT('Ctrl Pts',(-142.939474094809,218.032580826795,1.76650477664907));
#1051=CARTESIAN_POINT('Ctrl Pts',(-143.572678944645,218.032580826795,1.65638020223188));
#1052=CARTESIAN_POINT('Ctrl Pts',(-143.950783471962,218.032580826795,1.59032490516413));
#1053=CARTESIAN_POINT('Ctrl Pts',(-144.564003005813,218.032580826795,1.48274221696706));
#1054=CARTESIAN_POINT('Ctrl Pts',(-144.895427310788,218.032580826795,1.42435085763096));
#1055=CARTESIAN_POINT('Ctrl Pts',(-145.471193127791,218.032580826795,1.32251015041728));
#1056=CARTESIAN_POINT('Ctrl Pts',(-145.772372161531,218.032580826795,1.26903887279983));
#1057=CARTESIAN_POINT('Ctrl Pts',(-146.302356847022,218.032580826795,1.17457962624234));
#1058=CARTESIAN_POINT('Ctrl Pts',(-146.597619135436,218.032580826795,1.12177875661721));
#1059=CARTESIAN_POINT('Ctrl Pts',(-147.064282540078,218.032580826795,1.0380179277508));
#1060=CARTESIAN_POINT('Ctrl Pts',(-147.361174664114,218.032580826795,0.984566316195401));
#1061=CARTESIAN_POINT('Ctrl Pts',(-147.756133063139,218.032580826795,0.913217188237562));
#1062=CARTESIAN_POINT('Ctrl Pts',(-148.054495432867,218.032580826795,0.859169632119303));
#1063=CARTESIAN_POINT('Ctrl Pts',(-148.377158617494,218.032580826795,0.800538825733511));
#1064=CARTESIAN_POINT('Ctrl Pts',(-148.583473593513,218.032580826795,0.762957748255732));
#1065=CARTESIAN_POINT('Ctrl Pts',(-148.698006999059,218.032580826795,0.742063023278187));
#1066=CARTESIAN_POINT('Ctrl Pts',(-148.721522379857,218.032580826795,0.737771679485353));
#1067=CARTESIAN_POINT('',(-14.,200.000000000001,4.26944154662002E-14));
#1068=CARTESIAN_POINT('',(-147.407577229569,210.598608619996,-1.16583939441517));
#1069=CARTESIAN_POINT('Ctrl Pts',(-14.,200.000000000001,4.28048306154461E-14));
#1070=CARTESIAN_POINT('Ctrl Pts',(-13.9964546423533,199.999718338645,-0.721258359194823));
#1071=CARTESIAN_POINT('Ctrl Pts',(-14.2109051866442,200.016755434456,-1.43294902298556));
#1072=CARTESIAN_POINT('Ctrl Pts',(-14.9261317496968,200.073576838979,-2.680000584925));
#1073=CARTESIAN_POINT('Ctrl Pts',(-15.4082894481084,200.111882016332,-3.22559513144918));
#1074=CARTESIAN_POINT('Ctrl Pts',(-17.0183425348044,200.239793210412,-4.65980120275247));
#1075=CARTESIAN_POINT('Ctrl Pts',(-18.2758926331005,200.339699688396,-5.38274662536668));
#1076=CARTESIAN_POINT('Ctrl Pts',(-22.1745689588292,200.649431305411,-7.21043639572045));
#1077=CARTESIAN_POINT('Ctrl Pts',(-24.9472340591632,200.869706591328,-8.01472035749886));
#1078=CARTESIAN_POINT('Ctrl Pts',(-33.3404080507465,201.536505045382,-9.92130094721814));
#1079=CARTESIAN_POINT('Ctrl Pts',(-39.0683732160861,201.991565111462,-10.5192203690006));
#1080=CARTESIAN_POINT('Ctrl Pts',(-50.5192046867444,202.901280164289,-11.1831017590375));
#1081=CARTESIAN_POINT('Ctrl Pts',(-56.2623254009572,203.357544268465,-11.2077174494125));
#1082=CARTESIAN_POINT('Ctrl Pts',(-67.7314911300323,204.268715892137,-10.9216522200307));
#1083=CARTESIAN_POINT('Ctrl Pts',(-73.4612615596045,204.723919378578,-10.603095941424));
#1084=CARTESIAN_POINT('Ctrl Pts',(-90.6236899958691,206.087394120714,-9.30559337738953));
#1085=CARTESIAN_POINT('Ctrl Pts',(-102.029576845516,206.993538533159,-8.01546614978424));
#1086=CARTESIAN_POINT('Ctrl Pts',(-124.774068754294,208.80048213417,-4.96905014118297));
#1087=CARTESIAN_POINT('Ctrl Pts',(-136.115448407563,209.701501751292,-3.20320560182062));
#1088=CARTESIAN_POINT('Ctrl Pts',(-147.40757722957,210.598608619996,-1.16583939441494));
#1089=CARTESIAN_POINT('',(-14.,200.000000000001,4.26944154662002E-14));
#1090=CARTESIAN_POINT('',(-150.08074980781,208.457835663774,-0.737764784370881));
#1091=CARTESIAN_POINT('',(-179.673376629285,1.10483569178857E-12,-0.737609844631975));
#1092=CARTESIAN_POINT('Ctrl Pts',(-147.407577229569,210.598608619996,-1.16583939441509));
#1093=CARTESIAN_POINT('Ctrl Pts',(-148.665560129008,210.732179890309,-0.937691386285705));
#1094=CARTESIAN_POINT('Ctrl Pts',(-149.929023053264,209.743833420413,-0.732083795978727));
#1095=CARTESIAN_POINT('Ctrl Pts',(-150.08074980781,208.457835663774,-0.737764784370881));
#1096=CARTESIAN_POINT('Ctrl Pts',(-180.287613178661,-6.65523816345265E-8,
1.39197472435391E-7));
#1097=CARTESIAN_POINT('Ctrl Pts',(-180.287613248878,-6.65339531176607E-8,
-0.378365425119918));
#1098=CARTESIAN_POINT('Ctrl Pts',(-180.045491529926,-6.65339530516959E-8,
-0.669118886247413));
#1099=CARTESIAN_POINT('Ctrl Pts',(-179.673376638733,-6.6552381467731E-8,
-0.737609844631926));
#1100=CARTESIAN_POINT('Ctrl Pts',(-149.332066838455,218.064802521948,-5.54230627453629E-7));
#1101=CARTESIAN_POINT('Ctrl Pts',(-149.331292113786,218.0702580592,-0.378752224813695));
#1102=CARTESIAN_POINT('Ctrl Pts',(-149.088748981204,218.070258059616,-0.669657128152405));
#1103=CARTESIAN_POINT('Ctrl Pts',(-148.71694698293,218.06480252284,-0.737771924908113));
#1104=CARTESIAN_POINT('',(-150.68368048808,208.543427565674,2.7852514284185E-14));
#1105=CARTESIAN_POINT('',(-150.68368048808,208.543427565674,2.7852514284185E-14));
#1106=CARTESIAN_POINT('',(-150.514243865928,208.519374381426,-0.478956329190701));
#1107=CARTESIAN_POINT('Origin',(-149.948479231392,208.439058562883,6.95119435516527E-6));
#1108=CARTESIAN_POINT('Ctrl Pts',(-150.514243865928,208.519374381426,-0.478956329190701));
#1109=CARTESIAN_POINT('Ctrl Pts',(-150.404360084908,208.503775304926,-0.614036141257837));
#1110=CARTESIAN_POINT('Ctrl Pts',(-150.251089045955,208.482016983183,-0.705986163329065));
#1111=CARTESIAN_POINT('Ctrl Pts',(-150.08074980781,208.457835663774,-0.737764784370881));
#1112=CARTESIAN_POINT('Ctrl Pts',(44.7278038080522,195.536767874001,-12.8135506820336));
#1113=CARTESIAN_POINT('Ctrl Pts',(44.4718471777856,195.415183549928,-11.6063101017976));
#1114=CARTESIAN_POINT('Ctrl Pts',(44.2031182406709,195.294387992477,-10.4032700696115));
#1115=CARTESIAN_POINT('Ctrl Pts',(43.9061154535415,195.175442817274,-9.20898290843396));
#1116=CARTESIAN_POINT('Ctrl Pts',(43.5731230159804,195.059039760667,-8.02589628814687));
#1117=CARTESIAN_POINT('Ctrl Pts',(43.2142420715339,194.945348800831,-6.85379100880306));
#1118=CARTESIAN_POINT('Ctrl Pts',(42.8623719387264,194.835467521003,-5.69040683456671));
#1119=CARTESIAN_POINT('Ctrl Pts',(42.5593302365285,194.733038607405,-4.53347837200365));
#1120=CARTESIAN_POINT('Ctrl Pts',(42.3132109912144,194.647599335251,-3.38286572314226));
#1121=CARTESIAN_POINT('Ctrl Pts',(42.1172829718188,194.583609965365,-2.23939982498487));
#1122=CARTESIAN_POINT('Ctrl Pts',(41.9953437980386,194.543202030361,-1.10360405002444));
#1123=CARTESIAN_POINT('Ctrl Pts',(41.977550013235,194.529728898335,0.0248421391892323));
#1124=CARTESIAN_POINT('Ctrl Pts',(42.0301514360852,194.544586111797,1.14843286227431));
#1125=CARTESIAN_POINT('Ctrl Pts',(42.1086120413662,194.589268729141,2.27029413088314));
#1126=CARTESIAN_POINT('Ctrl Pts',(42.2683681908893,194.66165755563,3.39075477123669));
#1127=CARTESIAN_POINT('Ctrl Pts',(42.5276160634603,194.752908537555,4.51066611528252));
#1128=CARTESIAN_POINT('Ctrl Pts',(42.8687860842348,194.854843786365,5.62499028872895));
#1129=CARTESIAN_POINT('Ctrl Pts',(43.2495115791584,194.965814832629,6.72168018029901));
#1130=CARTESIAN_POINT('Ctrl Pts',(43.6355491263852,195.082255142483,7.79595172690417));
#1131=CARTESIAN_POINT('Ctrl Pts',(44.0033738032956,195.202542549708,8.85433369965093));
#1132=CARTESIAN_POINT('Ctrl Pts',(44.3485745084844,195.325474265608,9.90666546264715));
#1133=CARTESIAN_POINT('Ctrl Pts',(44.6813271652144,195.449597691893,10.9587572753005));
#1134=CARTESIAN_POINT('Ctrl Pts',(29.7360988997793,196.780742562599,-12.7517525880728));
#1135=CARTESIAN_POINT('Ctrl Pts',(29.5275514636507,196.69855286049,-11.5617942745599));
#1136=CARTESIAN_POINT('Ctrl Pts',(29.3096284054298,196.617180480242,-10.3747571455495));
#1137=CARTESIAN_POINT('Ctrl Pts',(29.070724083669,196.537768619438,-9.19384357575527));
#1138=CARTESIAN_POINT('Ctrl Pts',(28.8045251228736,196.461229068102,-8.02083236725541));
#1139=CARTESIAN_POINT('Ctrl Pts',(28.5172790659158,196.388027365027,-6.85567113439853));
#1140=CARTESIAN_POINT('Ctrl Pts',(28.231637806336,196.319019789204,-5.69691673775227));
#1141=CARTESIAN_POINT('Ctrl Pts',(27.9776678350624,196.256379084439,-4.5431318013414));
#1142=CARTESIAN_POINT('Ctrl Pts',(27.7642126149316,196.205786708249,-3.39430506412464));
#1143=CARTESIAN_POINT('Ctrl Pts',(27.5914235433767,196.169144110894,-2.25104199223365));
#1144=CARTESIAN_POINT('Ctrl Pts',(27.4805105070002,196.146628093822,-1.11368793747923));
#1145=CARTESIAN_POINT('Ctrl Pts',(27.4565032071096,196.139454308326,0.0180306478977698));
#1146=CARTESIAN_POINT('Ctrl Pts',(27.4998551566417,196.148122703649,1.14591395166783));
#1147=CARTESIAN_POINT('Ctrl Pts',(27.5801444417326,196.173969744597,2.27231991382002));
#1148=CARTESIAN_POINT('Ctrl Pts',(27.7296590428566,196.216578157143,3.39791154990375));
#1149=CARTESIAN_POINT('Ctrl Pts',(27.9542544137092,196.271315684755,4.5237988801128));
#1150=CARTESIAN_POINT('Ctrl Pts',(28.2366643364227,196.333828631131,5.64710289863029));
#1151=CARTESIAN_POINT('Ctrl Pts',(28.5449288402817,196.403640393074,6.76006056342421));
#1152=CARTESIAN_POINT('Ctrl Pts',(28.854355167853,196.478467088654,7.85957247217429));
#1153=CARTESIAN_POINT('Ctrl Pts',(29.1488270738741,196.556976959093,8.94994347113511));
#1154=CARTESIAN_POINT('Ctrl Pts',(29.426071001307,196.63795658448,10.0374495305508));
#1155=CARTESIAN_POINT('Ctrl Pts',(29.6940517119136,196.720016895523,11.1253774685402));
#1156=CARTESIAN_POINT('Ctrl Pts',(14.7443939915064,198.024717251196,-12.689954494112));
#1157=CARTESIAN_POINT('Ctrl Pts',(14.5832557495157,197.981922171053,-11.5172784473223));
#1158=CARTESIAN_POINT('Ctrl Pts',(14.4161385701887,197.939972968006,-10.3462442214875));
#1159=CARTESIAN_POINT('Ctrl Pts',(14.2353327137965,197.900094421602,-9.17870424307657));
#1160=CARTESIAN_POINT('Ctrl Pts',(14.0359272297667,197.863418375537,-8.01576844636394));
#1161=CARTESIAN_POINT('Ctrl Pts',(13.8203160602977,197.830705929222,-6.857551259994));
#1162=CARTESIAN_POINT('Ctrl Pts',(13.6009036739456,197.802572057405,-5.70342664093783));
#1163=CARTESIAN_POINT('Ctrl Pts',(13.3960054335964,197.779719561473,-4.55278523067915));
#1164=CARTESIAN_POINT('Ctrl Pts',(13.2152142386488,197.763974081246,-3.40574440510702));
#1165=CARTESIAN_POINT('Ctrl Pts',(13.0655641149346,197.754678256423,-2.26268415948242));
#1166=CARTESIAN_POINT('Ctrl Pts',(12.9656772159619,197.750054157283,-1.12377182493402));
#1167=CARTESIAN_POINT('Ctrl Pts',(12.9354564009843,197.749179718317,0.0112191566063073));
#1168=CARTESIAN_POINT('Ctrl Pts',(12.9695588771983,197.751659295502,1.14339504106134));
#1169=CARTESIAN_POINT('Ctrl Pts',(13.051676842099,197.758670760052,2.27434569675689));
#1170=CARTESIAN_POINT('Ctrl Pts',(13.1909498948239,197.771498758657,3.40506832857081));
#1171=CARTESIAN_POINT('Ctrl Pts',(13.3808927639581,197.789722831956,4.53693164494308));
#1172=CARTESIAN_POINT('Ctrl Pts',(13.6045425886105,197.812813475897,5.66921550853164));
#1173=CARTESIAN_POINT('Ctrl Pts',(13.840346101405,197.841465953519,6.79844094654941));
#1174=CARTESIAN_POINT('Ctrl Pts',(14.0731612093208,197.874679034826,7.9231932174444));
#1175=CARTESIAN_POINT('Ctrl Pts',(14.2942803444526,197.911411368477,9.04555324261929));
#1176=CARTESIAN_POINT('Ctrl Pts',(14.5035674941297,197.950438903353,10.1682335984545));
#1177=CARTESIAN_POINT('Ctrl Pts',(14.7067762586129,197.990436099153,11.2919976617799));
#1178=CARTESIAN_POINT('Ctrl Pts',(-0.247310916766487,199.268691939794,-12.6281564001512));
#1179=CARTESIAN_POINT('Ctrl Pts',(-0.361039964619274,199.265291481615,-11.4727626200847));
#1180=CARTESIAN_POINT('Ctrl Pts',(-0.477351265052431,199.262765455771,-10.3177312974254));
#1181=CARTESIAN_POINT('Ctrl Pts',(-0.600058656076001,199.262420223766,-9.16356491039787));
#1182=CARTESIAN_POINT('Ctrl Pts',(-0.732670663340202,199.265607682972,-8.01070452547248));
#1183=CARTESIAN_POINT('Ctrl Pts',(-0.876646945320378,199.273384493417,-6.85943138558947));
#1184=CARTESIAN_POINT('Ctrl Pts',(-1.02983045844486,199.286124325606,-5.70993654412339));
#1185=CARTESIAN_POINT('Ctrl Pts',(-1.18565696786971,199.303060038507,-4.5624386600169));
#1186=CARTESIAN_POINT('Ctrl Pts',(-1.33378413763401,199.322161454243,-3.4171837460894));
#1187=CARTESIAN_POINT('Ctrl Pts',(-1.4602953135074,199.340212401951,-2.2743263267312));
#1188=CARTESIAN_POINT('Ctrl Pts',(-1.54915607507641,199.353480220744,-1.13385571238881));
#1189=CARTESIAN_POINT('Ctrl Pts',(-1.58559040514107,199.358905128308,0.00440766531484486));
#1190=CARTESIAN_POINT('Ctrl Pts',(-1.56073740224516,199.355195887355,1.14087613045486));
#1191=CARTESIAN_POINT('Ctrl Pts',(-1.47679075753458,199.343371775508,2.27637147969377));
#1192=CARTESIAN_POINT('Ctrl Pts',(-1.34775925320884,199.326419360171,3.41222510723787));
#1193=CARTESIAN_POINT('Ctrl Pts',(-1.19246888579295,199.308129979157,4.55006440977336));
#1194=CARTESIAN_POINT('Ctrl Pts',(-1.02757915920163,199.291798320662,5.69132811843299));
#1195=CARTESIAN_POINT('Ctrl Pts',(-0.864236637471663,199.279291513964,6.83682132967461));
#1196=CARTESIAN_POINT('Ctrl Pts',(-0.708032749211338,199.270890980997,7.98681396271451));
#1197=CARTESIAN_POINT('Ctrl Pts',(-0.560266384968826,199.265845777862,9.14116301410347));
#1198=CARTESIAN_POINT('Ctrl Pts',(-0.418936013047717,199.262921222226,10.2990176663581));
#1199=CARTESIAN_POINT('Ctrl Pts',(-0.280499194687862,199.260855302783,11.4586178550196));
#1200=CARTESIAN_POINT('Ctrl Pts',(-7.74316337090294,199.890679284092,-12.5972573531708));
#1201=CARTESIAN_POINT('Ctrl Pts',(-7.83318782168676,199.906976136897,-11.4505047064659));
#1202=CARTESIAN_POINT('Ctrl Pts',(-7.92409618267299,199.924161699654,-10.3034748353944));
#1203=CARTESIAN_POINT('Ctrl Pts',(-8.01775434101225,199.943583124848,-9.15599524405853));
#1204=CARTESIAN_POINT('Ctrl Pts',(-8.11696960989364,199.96670233669,-8.00817256502674));
#1205=CARTESIAN_POINT('Ctrl Pts',(-8.22512844812942,199.994723775515,-6.86037144838721));
#1206=CARTESIAN_POINT('Ctrl Pts',(-8.34519752464008,200.027900459706,-5.71319149571617));
#1207=CARTESIAN_POINT('Ctrl Pts',(-8.47648816860274,200.064730277024,-4.56726537468577));
#1208=CARTESIAN_POINT('Ctrl Pts',(-8.60828332577541,200.101255140742,-3.42290341658059));
#1209=CARTESIAN_POINT('Ctrl Pts',(-8.72322502772843,200.132979474716,-2.28014741035559));
#1210=CARTESIAN_POINT('Ctrl Pts',(-8.80657272059558,200.155193252475,-1.13889765611621));
#1211=CARTESIAN_POINT('Ctrl Pts',(-8.84611380820374,200.163767833303,0.00100191966911362));
#1212=CARTESIAN_POINT('Ctrl Pts',(-8.82588554196688,200.156964183281,1.13961667515161));
#1213=CARTESIAN_POINT('Ctrl Pts',(-8.74102455735137,200.135722283236,2.27738437116221));
#1214=CARTESIAN_POINT('Ctrl Pts',(-8.61711382722521,200.103879660927,3.4158034965714));
#1215=CARTESIAN_POINT('Ctrl Pts',(-8.47914971066849,200.067333552757,4.5566307921885));
#1216=CARTESIAN_POINT('Ctrl Pts',(-8.34364003310771,200.031290743045,5.70238442338366));
#1217=CARTESIAN_POINT('Ctrl Pts',(-8.21652800691,199.998204294186,6.85601152123721));
#1218=CARTESIAN_POINT('Ctrl Pts',(-8.09862972847743,199.968996954083,8.01862433534957));
#1219=CARTESIAN_POINT('Ctrl Pts',(-7.98753974967956,199.943062982554,9.18896789984555));
#1220=CARTESIAN_POINT('Ctrl Pts',(-7.88018776663641,199.919162381662,10.36440970031));
#1221=CARTESIAN_POINT('Ctrl Pts',(-7.77413692133823,199.896064904598,11.5419279516394));
#1222=CARTESIAN_POINT('Ctrl Pts',(-15.2364319237003,200.511814943948,-12.5659981791197));
#1223=CARTESIAN_POINT('Ctrl Pts',(-15.3041030496247,200.548242640836,-11.4281081257426));
#1224=CARTESIAN_POINT('Ctrl Pts',(-15.3711452790273,200.585526865452,-10.2892811570246));
#1225=CARTESIAN_POINT('Ctrl Pts',(-15.4374976072523,200.62505700838,-9.14858682749812));
#1226=CARTESIAN_POINT('Ctrl Pts',(-15.5048840115699,200.668494799454,-8.00573207202048));
#1227=CARTESIAN_POINT('Ctrl Pts',(-15.5780159643534,200.717217766135,-6.86128504058933));
#1228=CARTESIAN_POINT('Ctrl Pts',(-15.6643416296784,200.770952494141,-5.71642007256309));
#1229=CARTESIAN_POINT('Ctrl Pts',(-15.7708927855667,200.827598274165,-4.57218438482542));
#1230=CARTESIAN_POINT('Ctrl Pts',(-15.8848995688092,200.88087601877,-3.42878892044233));
#1231=CARTESIAN_POINT('Ctrl Pts',(-15.9848958218321,200.925083473269,-2.28613779303134));
#1232=CARTESIAN_POINT('Ctrl Pts',(-16.0580738927125,200.955146948229,-1.14417257016431));
#1233=CARTESIAN_POINT('Ctrl Pts',(-16.0956019245363,200.966329311795,-0.00281267188968211));
#1234=CARTESIAN_POINT('Ctrl Pts',(-16.0792600108262,200.956775031604,1.13784916671791));
#1235=CARTESIAN_POINT('Ctrl Pts',(-16.0004460280702,200.927277995197,2.27810180779373));
#1236=CARTESIAN_POINT('Ctrl Pts',(-15.8886342054245,200.881847424616,3.41957108195021));
#1237=CARTESIAN_POINT('Ctrl Pts',(-15.771342561412,200.827976539038,4.56383146254433));
#1238=CARTESIAN_POINT('Ctrl Pts',(-15.665254934472,200.772381764796,5.71397664617532));
#1239=CARTESIAN_POINT('Ctrl Pts',(-15.5731106611998,200.718163282393,6.87561543223502));
#1240=CARTESIAN_POINT('Ctrl Pts',(-15.4925256684201,200.667602565256,8.05114342166909));
#1241=CARTESIAN_POINT('Ctrl Pts',(-15.4163528232294,200.620320660281,9.23768276096491));
#1242=CARTESIAN_POINT('Ctrl Pts',(-15.3407895218378,200.575012509705,10.4297878834528));
#1243=CARTESIAN_POINT('Ctrl Pts',(-15.2648791783767,200.530437565855,11.6234936907767));
#1244=CARTESIAN_POINT('Ctrl Pts',(-22.7236478797178,201.130370894712,-12.5342972435027));
#1245=CARTESIAN_POINT('Ctrl Pts',(-22.7715704962853,201.188221743959,-11.4053302022171));
#1246=CARTESIAN_POINT('Ctrl Pts',(-22.8178607255851,201.246722665299,-10.274934630147));
#1247=CARTESIAN_POINT('Ctrl Pts',(-22.8607562478703,201.307418329878,-9.14124360565269));
#1248=CARTESIAN_POINT('Ctrl Pts',(-22.9004485025138,201.372641527229,-8.00324016917211));
#1249=CARTESIAN_POINT('Ctrl Pts',(-22.9432509034035,201.443748196403,-6.8621086463033));
#1250=CARTESIAN_POINT('Ctrl Pts',(-23.0000327344528,201.518718302216,-5.7198797496335));
#1251=CARTESIAN_POINT('Ctrl Pts',(-23.0787336680011,201.593179766037,-4.57753516435809));
#1252=CARTESIAN_POINT('Ctrl Pts',(-23.1668262619048,201.660319251451,-3.43511250740309));
#1253=CARTESIAN_POINT('Ctrl Pts',(-23.2449876604002,201.713924865915,-2.29249035492997));
#1254=CARTESIAN_POINT('Ctrl Pts',(-23.3017238500254,201.749144618041,-1.14981839581686));
#1255=CARTESIAN_POINT('Ctrl Pts',(-23.3285648745816,201.761844079988,-0.0072776075239416));
#1256=CARTESIAN_POINT('Ctrl Pts',(-23.3141127602544,201.750270188273,1.13515515900432));
#1257=CARTESIAN_POINT('Ctrl Pts',(-23.2553354812042,201.715232955278,2.27812282654615));
#1258=CARTESIAN_POINT('Ctrl Pts',(-23.170395667348,201.660476541611,3.423239740311));
#1259=CARTESIAN_POINT('Ctrl Pts',(-23.0812111486342,201.592666528586,4.57230239228817));
#1260=CARTESIAN_POINT('Ctrl Pts',(-23.0027630774426,201.51806751947,5.72850650417075));
#1261=CARTESIAN_POINT('Ctrl Pts',(-22.9414835401716,201.441744486352,6.89840949215973));
#1262=CARTESIAN_POINT('Ctrl Pts',(-22.8936831965939,201.367849265741,8.08645772559638));
#1263=CARTESIAN_POINT('Ctrl Pts',(-22.8476112720691,201.297656209287,9.28860720893067));
#1264=CARTESIAN_POINT('Ctrl Pts',(-22.7989549947502,201.229659865507,10.4941933898447));
#1265=CARTESIAN_POINT('Ctrl Pts',(-22.7485283521072,201.162344849964,11.6994949446522));
#1266=CARTESIAN_POINT('Ctrl Pts',(-30.2019706112727,201.743774334487,-12.5030110290812));
#1267=CARTESIAN_POINT('Ctrl Pts',(-30.2328066187481,201.825518157521,-11.3819224577384));
#1268=CARTESIAN_POINT('Ctrl Pts',(-30.2618191932031,201.907345345167,-10.2595828866594));
#1269=CARTESIAN_POINT('Ctrl Pts',(-30.286007299382,201.991529280161,-9.13300868877363));
#1270=CARTESIAN_POINT('Ctrl Pts',(-30.304298414795,202.081841202573,-7.99986218888651));
#1271=CARTESIAN_POINT('Ctrl Pts',(-30.3246308296026,202.17681183543,-6.86260288911577));
#1272=CARTESIAN_POINT('Ctrl Pts',(-30.3574600700874,202.270774322963,-5.72361846830158));
#1273=CARTESIAN_POINT('Ctrl Pts',(-30.4051750053871,202.358153600142,-4.58343421395625));
#1274=CARTESIAN_POINT('Ctrl Pts',(-30.4600817689047,202.433675572077,-3.44199461871762));
#1275=CARTESIAN_POINT('Ctrl Pts',(-30.5100768114339,202.492308550526,-2.29931689767961));
#1276=CARTESIAN_POINT('Ctrl Pts',(-30.5455694815317,202.529947543985,-1.15579011060194));
#1277=CARTESIAN_POINT('Ctrl Pts',(-30.56027545525,202.543341265837,-0.0120308167350842));
#1278=CARTESIAN_POINT('Ctrl Pts',(-30.5503634938428,202.530778173273,1.13187874948476));
#1279=CARTESIAN_POINT('Ctrl Pts',(-30.5159449483793,202.49329587121,2.27739945347754));
#1280=CARTESIAN_POINT('Ctrl Pts',(-30.4647496869363,202.43396906836,3.42682515682082));
#1281=CARTESIAN_POINT('Ctrl Pts',(-30.4092987242264,202.357247816863,4.58276613533245));
#1282=CARTESIAN_POINT('Ctrl Pts',(-30.3608635727791,202.267980129889,5.74864543237129));
#1283=CARTESIAN_POINT('Ctrl Pts',(-30.3260397272663,202.171035801651,6.92916664453989));
#1284=CARTESIAN_POINT('Ctrl Pts',(-30.302397431218,202.071488177618,8.12848193771182));
#1285=CARTESIAN_POINT('Ctrl Pts',(-30.2793718081035,201.975035211435,9.34152155780497));
#1286=CARTESIAN_POINT('Ctrl Pts',(-30.2515937746113,201.881791156668,10.5543033146598));
#1287=CARTESIAN_POINT('Ctrl Pts',(-30.2212329457859,201.789435990512,11.7645115812577));
#1288=CARTESIAN_POINT('Ctrl Pts',(-37.6701911135719,202.348813421237,-12.4744256625128));
#1289=CARTESIAN_POINT('Ctrl Pts',(-37.685157368904,202.457848118715,-11.3580754020827));
#1290=CARTESIAN_POINT('Ctrl Pts',(-37.6987096577316,202.566128411464,-10.2415729095973));
#1291=CARTESIAN_POINT('Ctrl Pts',(-37.7068722988527,202.676873588445,-9.12117425690612));
#1292=CARTESIAN_POINT('Ctrl Pts',(-37.7091278802132,202.79294441357,-7.99375761561605));
#1293=CARTESIAN_POINT('Ctrl Pts',(-37.7131023985667,202.908678343768,-6.86193565939483));
#1294=CARTESIAN_POINT('Ctrl Pts',(-37.7245475400921,203.017250871805,-5.7270683059832));
#1295=CARTESIAN_POINT('Ctrl Pts',(-37.743798036857,203.113138180508,-4.58945680264043));
#1296=CARTESIAN_POINT('Ctrl Pts',(-37.7668640811936,203.192000883555,-3.44923923758496));
#1297=CARTESIAN_POINT('Ctrl Pts',(-37.7876155917555,203.250792446055,-2.30666076911039));
#1298=CARTESIAN_POINT('Ctrl Pts',(-37.8007781000072,203.287876080139,-1.16224395717829));
#1299=CARTESIAN_POINT('Ctrl Pts',(-37.8048917678256,203.301386568618,-0.0170948567919093));
#1300=CARTESIAN_POINT('Ctrl Pts',(-37.8021902935326,203.288907149964,1.12789366037268));
#1301=CARTESIAN_POINT('Ctrl Pts',(-37.7905754278833,203.252208029515,2.27578545833263));
#1302=CARTESIAN_POINT('Ctrl Pts',(-37.7708575317831,203.192810819885,3.43005861730135));
#1303=CARTESIAN_POINT('Ctrl Pts',(-37.7480652140758,203.112031262781,4.59381024746509));
#1304=CARTESIAN_POINT('Ctrl Pts',(-37.728497516019,203.012627159751,5.77013661326993));
#1305=CARTESIAN_POINT('Ctrl Pts',(-37.7163176775486,202.898714765208,6.96198227718576));
#1306=CARTESIAN_POINT('Ctrl Pts',(-37.7107356639251,202.775713592532,8.17032867042478));
#1307=CARTESIAN_POINT('Ctrl Pts',(-37.7053268430877,202.65110306584,9.38821270147585));
#1308=CARTESIAN_POINT('Ctrl Pts',(-37.694709828754,202.529204524281,10.6027942977322));
#1309=CARTESIAN_POINT('Ctrl Pts',(-37.680911002382,202.408688816609,11.81340877205));
#1310=CARTESIAN_POINT('Ctrl Pts',(-45.1289232150439,202.94220171102,-12.4520791151761));
#1311=CARTESIAN_POINT('Ctrl Pts',(-45.1271971176,203.080674565507,-11.3357703269497));
#1312=CARTESIAN_POINT('Ctrl Pts',(-45.1247977077761,203.217350236222,-10.2208526874316));
#1313=CARTESIAN_POINT('Ctrl Pts',(-45.1189756244422,203.353206762945,-9.1056408506613));
#1314=CARTESIAN_POINT('Ctrl Pts',(-45.1102938669746,203.49059811182,-7.98582300167877));
#1315=CARTESIAN_POINT('Ctrl Pts',(-45.1022179420979,203.624658280543,-6.86053219294279));
#1316=CARTESIAN_POINT('Ctrl Pts',(-45.0960800540735,203.74656397417,-5.73005032264422));
#1317=CARTESIAN_POINT('Ctrl Pts',(-45.0913300537472,203.848140335063,-4.59505762653842));
#1318=CARTESIAN_POINT('Ctrl Pts',(-45.0868503273811,203.92541673999,-3.45627773450801));
#1319=CARTESIAN_POINT('Ctrl Pts',(-45.08175228667,203.979075938807,-2.31433750407795));
#1320=CARTESIAN_POINT('Ctrl Pts',(-45.076028093561,204.011729454687,-1.16985408814503));
#1321=CARTESIAN_POINT('Ctrl Pts',(-45.072476205603,204.023888556017,-0.0239665834854864));
#1322=CARTESIAN_POINT('Ctrl Pts',(-45.0761124123223,204.01324956777,1.12225868858395));
#1323=CARTESIAN_POINT('Ctrl Pts',(-45.082734809523,203.981330454522,2.2728181888721));
#1324=CARTESIAN_POINT('Ctrl Pts',(-45.0890049101853,203.92703495019,3.43187211945768));
#1325=CARTESIAN_POINT('Ctrl Pts',(-45.094233011295,203.847139552408,4.60268058044528));
#1326=CARTESIAN_POINT('Ctrl Pts',(-45.0992747438672,203.740569269941,5.7874833755594));
#1327=CARTESIAN_POINT('Ctrl Pts',(-45.1054743210488,203.611119730737,6.98673687447871));
#1328=CARTESIAN_POINT('Ctrl Pts',(-45.1132777679431,203.46694045632,8.19811467399039));
#1329=CARTESIAN_POINT('Ctrl Pts',(-45.1209620818172,203.317096683314,9.41536280010572));
#1330=CARTESIAN_POINT('Ctrl Pts',(-45.1257145984079,203.166778754982,10.6307690406179));
#1331=CARTESIAN_POINT('Ctrl Pts',(-45.1280911470273,203.016171516551,11.8436949395029));
#1332=CARTESIAN_POINT('Ctrl Pts',(-52.5801942274408,203.521414135535,-12.4396621929202));
#1333=CARTESIAN_POINT('Ctrl Pts',(-52.5608787658288,203.684909148002,-11.321148579289));
#1334=CARTESIAN_POINT('Ctrl Pts',(-52.5425334940319,203.845269404925,-10.2056471997671));
#1335=CARTESIAN_POINT('Ctrl Pts',(-52.525387694327,204.000451310556,-9.09443774155454));
#1336=CARTESIAN_POINT('Ctrl Pts',(-52.5085017974195,204.155755655896,-7.98049264424289));
#1337=CARTESIAN_POINT('Ctrl Pts',(-52.4910307177691,204.308471898861,-6.85990136426888));
#1338=CARTESIAN_POINT('Ctrl Pts',(-52.4711619246208,204.445934710579,-5.73254745910404));
#1339=CARTESIAN_POINT('Ctrl Pts',(-52.4466390366529,204.551867485069,-4.59958368490389));
#1340=CARTESIAN_POINT('Ctrl Pts',(-52.4188625018527,204.622627920818,-3.46226348749464));
#1341=CARTESIAN_POINT('Ctrl Pts',(-52.3928210751913,204.667079837712,-2.32157867951686));
#1342=CARTESIAN_POINT('Ctrl Pts',(-52.3735663985762,204.692564902392,-1.17828001461448));
#1343=CARTESIAN_POINT('Ctrl Pts',(-52.3658266926398,204.701817418828,-0.0329010337142575));
#1344=CARTESIAN_POINT('Ctrl Pts',(-52.3726716900004,204.694559907881,1.11499408251389));
#1345=CARTESIAN_POINT('Ctrl Pts',(-52.3917132549125,204.670222993032,2.26841554312111));
#1346=CARTESIAN_POINT('Ctrl Pts',(-52.4182075770973,204.625225491439,3.43119796034282));
#1347=CARTESIAN_POINT('Ctrl Pts',(-52.4466607372719,204.551330354059,4.60677411219006));
#1348=CARTESIAN_POINT('Ctrl Pts',(-52.4717580692342,204.439054840014,5.79714105887983));
#1349=CARTESIAN_POINT('Ctrl Pts',(-52.4923269927446,204.292247214577,7.00064971254361));
#1350=CARTESIAN_POINT('Ctrl Pts',(-52.510925181391,204.127218800049,8.21214264409776));
#1351=CARTESIAN_POINT('Ctrl Pts',(-52.5293167780373,203.956285478503,9.42634629650692));
#1352=CARTESIAN_POINT('Ctrl Pts',(-52.5479473955457,203.782769053422,10.6413600018195));
#1353=CARTESIAN_POINT('Ctrl Pts',(-52.5669002415284,203.606167229212,11.857866547573));
#1354=CARTESIAN_POINT('Ctrl Pts',(-60.0267042369369,204.085729521273,-12.4394742805656));
#1355=CARTESIAN_POINT('Ctrl Pts',(-59.9916833312908,204.26092817759,-11.3214558807943));
#1356=CARTESIAN_POINT('Ctrl Pts',(-59.9592244039743,204.433716583755,-10.2062370414661));
#1357=CARTESIAN_POINT('Ctrl Pts',(-59.9319150588365,204.602550950735,-9.09504725942237));
#1358=CARTESIAN_POINT('Ctrl Pts',(-59.9068379269846,204.77302868695,-7.98128741269243));
#1359=CARTESIAN_POINT('Ctrl Pts',(-59.8804768379242,204.943184148274,-6.86115303312762));
#1360=CARTESIAN_POINT('Ctrl Pts',(-59.8494655533457,205.098371254987,-5.7344984218452));
#1361=CARTESIAN_POINT('Ctrl Pts',(-59.8083646527096,205.208363901664,-4.60247786004043));
#1362=CARTESIAN_POINT('Ctrl Pts',(-59.7608426158358,205.270400307228,-3.466358769287));
#1363=CARTESIAN_POINT('Ctrl Pts',(-59.7183506384863,205.306815299653,-2.32709331085074));
#1364=CARTESIAN_POINT('Ctrl Pts',(-59.6888178513311,205.327126421193,-1.18518915354883));
#1365=CARTESIAN_POINT('Ctrl Pts',(-59.6774557474204,205.334514301495,-0.0404730561990049));
#1366=CARTESIAN_POINT('Ctrl Pts',(-59.6863853010645,205.329426780004,1.10827002773432));
#1367=CARTESIAN_POINT('Ctrl Pts',(-59.7141529470493,205.310562712735,2.26339493551194));
#1368=CARTESIAN_POINT('Ctrl Pts',(-59.7559367303991,205.273807726796,3.42798794904475));
#1369=CARTESIAN_POINT('Ctrl Pts',(-59.8037191590553,205.208480866821,4.60527039531189));
#1370=CARTESIAN_POINT('Ctrl Pts',(-59.845409139309,205.090969694657,5.79834698543683));
#1371=CARTESIAN_POINT('Ctrl Pts',(-59.8778628449067,204.925170952283,7.0048670367652));
#1372=CARTESIAN_POINT('Ctrl Pts',(-59.9072191784451,204.74145773558,8.21754850803869));
#1373=CARTESIAN_POINT('Ctrl Pts',(-59.9368558551266,204.554071267478,9.43127295461106));
#1374=CARTESIAN_POINT('Ctrl Pts',(-59.9692993253091,204.365375427259,10.6455509459078));
#1375=CARTESIAN_POINT('Ctrl Pts',(-60.0046823660769,204.174022753682,11.8617768768001));
#1376=CARTESIAN_POINT('Ctrl Pts',(-67.4701814066816,204.637575078639,-12.4507966960366));
#1377=CARTESIAN_POINT('Ctrl Pts',(-67.4243643374957,204.809873716369,-11.3358753421334));
#1378=CARTESIAN_POINT('Ctrl Pts',(-67.3811209187386,204.982343894139,-10.2218543372413));
#1379=CARTESIAN_POINT('Ctrl Pts',(-67.3439334154672,205.15726652522,-9.10695515092595));
#1380=CARTESIAN_POINT('Ctrl Pts',(-67.3093586061731,205.336975692683,-7.98793489206107));
#1381=CARTESIAN_POINT('Ctrl Pts',(-67.2719774223441,205.515606248828,-6.86412683010206));
#1382=CARTESIAN_POINT('Ctrl Pts',(-67.2278314833821,205.677174844197,-5.73573713297512));
#1383=CARTESIAN_POINT('Ctrl Pts',(-67.1723284552972,205.791898161277,-4.60344073271271));
#1384=CARTESIAN_POINT('Ctrl Pts',(-67.1107002793127,205.857114097813,-3.46796581583743));
#1385=CARTESIAN_POINT('Ctrl Pts',(-67.0561941514483,205.894888327095,-2.32980688989587));
#1386=CARTESIAN_POINT('Ctrl Pts',(-67.018425269602,205.915433989266,-1.18901993130787));
#1387=CARTESIAN_POINT('Ctrl Pts',(-67.0034647717478,205.922770295048,-0.0449935789807533));
#1388=CARTESIAN_POINT('Ctrl Pts',(-67.0136322378591,205.917748075788,1.10365380518005));
#1389=CARTESIAN_POINT('Ctrl Pts',(-67.0474472598869,205.898669854949,2.25897489260429));
#1390=CARTESIAN_POINT('Ctrl Pts',(-67.0995238521165,205.860565820502,3.42361378408397));
#1391=CARTESIAN_POINT('Ctrl Pts',(-67.1605194278472,205.792015513001,4.60065407591364));
#1392=CARTESIAN_POINT('Ctrl Pts',(-67.2168396912846,205.66960954923,5.79350660626899));
#1393=CARTESIAN_POINT('Ctrl Pts',(-67.2639013747456,205.497075965026,7.00063570717341));
#1394=CARTESIAN_POINT('Ctrl Pts',(-67.3070335222964,205.304614532979,8.21542347312409));
#1395=CARTESIAN_POINT('Ctrl Pts',(-67.3502152174695,205.108530041519,9.43150621921219));
#1396=CARTESIAN_POINT('Ctrl Pts',(-67.397273081668,204.914844893246,10.6447764267598));
#1397=CARTESIAN_POINT('Ctrl Pts',(-67.4481158158118,204.72248866017,11.8563225242973));
#1398=CARTESIAN_POINT('Ctrl Pts',(-74.9097897696024,205.181799870485,-12.4701067095791));
#1399=CARTESIAN_POINT('Ctrl Pts',(-74.8591973614099,205.342597819749,-11.3561449063513));
#1400=CARTESIAN_POINT('Ctrl Pts',(-74.8100033652158,205.505210751526,-10.241602321466));
#1401=CARTESIAN_POINT('Ctrl Pts',(-74.7645383482144,205.67552995739,-9.12228665265638));
#1402=CARTESIAN_POINT('Ctrl Pts',(-74.7199691805383,205.854827507166,-7.99650412836849));
#1403=CARTESIAN_POINT('Ctrl Pts',(-74.6698417990173,206.031022360929,-6.8673584431421));
#1404=CARTESIAN_POINT('Ctrl Pts',(-74.6105860765353,206.187338089593,-5.73592222719398));
#1405=CARTESIAN_POINT('Ctrl Pts',(-74.542058093825,206.306855934393,-4.60243001294611));
#1406=CARTESIAN_POINT('Ctrl Pts',(-74.4704612698325,206.386066057148,-3.46692809498782));
#1407=CARTESIAN_POINT('Ctrl Pts',(-74.4069237508327,206.434227384168,-2.32932502334192));
#1408=CARTESIAN_POINT('Ctrl Pts',(-74.3621233380537,206.460226271235,-1.18925215632097));
#1409=CARTESIAN_POINT('Ctrl Pts',(-74.343531064634,206.469111480072,-0.0459133117825852));
#1410=CARTESIAN_POINT('Ctrl Pts',(-74.3541612359735,206.462220680879,1.10198083998691));
#1411=CARTESIAN_POINT('Ctrl Pts',(-74.3921864366899,206.437416561567,2.25623809785807));
#1412=CARTESIAN_POINT('Ctrl Pts',(-74.4511543506794,206.388755412085,3.41926223774728));
#1413=CARTESIAN_POINT('Ctrl Pts',(-74.5210704927437,206.30635637721,4.59398234716357));
#1414=CARTESIAN_POINT('Ctrl Pts',(-74.5911826698851,206.180167788569,5.78308975622003));
#1415=CARTESIAN_POINT('Ctrl Pts',(-74.6557949760214,206.013797048073,6.98674076750203));
#1416=CARTESIAN_POINT('Ctrl Pts',(-74.715487078615,205.82469943462,8.20125986176935));
#1417=CARTESIAN_POINT('Ctrl Pts',(-74.7738767922544,205.631054074548,9.41845246969828));
#1418=CARTESIAN_POINT('Ctrl Pts',(-74.8352048224639,205.443984741469,10.6295814604863));
#1419=CARTESIAN_POINT('Ctrl Pts',(-74.899163026175,205.261431978462,11.8365371016764));
#1420=CARTESIAN_POINT('Ctrl Pts',(-82.3421186674565,205.723089151634,-12.4929813221085));
#1421=CARTESIAN_POINT('Ctrl Pts',(-82.2922970231152,205.870109481675,-11.3754659523733));
#1422=CARTESIAN_POINT('Ctrl Pts',(-82.2427459845638,206.018991012788,-10.2565710916474));
#1423=CARTESIAN_POINT('Ctrl Pts',(-82.1933490933885,206.175492900717,-9.13275126835997));
#1424=CARTESIAN_POINT('Ctrl Pts',(-82.141055760538,206.343845155938,-8.00227413869873));
#1425=CARTESIAN_POINT('Ctrl Pts',(-82.0797687182379,206.511197369994,-6.86891111775191));
#1426=CARTESIAN_POINT('Ctrl Pts',(-82.007610538052,206.661556591283,-5.73460144657935));
#1427=CARTESIAN_POINT('Ctrl Pts',(-81.9274211157957,206.784065471135,-4.59958315688361));
#1428=CARTESIAN_POINT('Ctrl Pts',(-81.8463342447925,206.874349403978,-3.46352452757414));
#1429=CARTESIAN_POINT('Ctrl Pts',(-81.7746571657692,206.933939514819,-2.32591987671343));
#1430=CARTESIAN_POINT('Ctrl Pts',(-81.7233998748669,206.967395079832,-1.18613550235814));
#1431=CARTESIAN_POINT('Ctrl Pts',(-81.7011335049442,206.97859702938,-0.0433539952981693));
#1432=CARTESIAN_POINT('Ctrl Pts',(-81.7116281908355,206.968798436932,1.10349471621768));
#1433=CARTESIAN_POINT('Ctrl Pts',(-81.7529188656586,206.936110008102,2.25582694811532));
#1434=CARTESIAN_POINT('Ctrl Pts',(-81.8179911080647,206.87598087089,3.41551242667979));
#1435=CARTESIAN_POINT('Ctrl Pts',(-81.8969615814322,206.783182288914,4.58485966455853));
#1436=CARTESIAN_POINT('Ctrl Pts',(-81.9802117183434,206.655637187084,5.76626403981849));
#1437=CARTESIAN_POINT('Ctrl Pts',(-82.0609635851682,206.497404585775,6.9614357758905));
#1438=CARTESIAN_POINT('Ctrl Pts',(-82.1365278713787,206.319571303911,8.16957342876954));
#1439=CARTESIAN_POINT('Ctrl Pts',(-82.2087642053028,206.13969317428,9.38321693186601));
#1440=CARTESIAN_POINT('Ctrl Pts',(-82.2812813012478,205.967977450582,10.5925663381212));
#1441=CARTESIAN_POINT('Ctrl Pts',(-82.3544954652267,205.800352397705,11.7989384503496));
#1442=CARTESIAN_POINT('Ctrl Pts',(-89.7623578427529,206.264322517225,-12.5155790248223));
#1443=CARTESIAN_POINT('Ctrl Pts',(-89.7177780439737,206.39859334882,-11.3915579226176));
#1444=CARTESIAN_POINT('Ctrl Pts',(-89.672845185911,206.534184400994,-10.2660281120972));
#1445=CARTESIAN_POINT('Ctrl Pts',(-89.6257279655113,206.674572474662,-9.13692110216892));
#1446=CARTESIAN_POINT('Ctrl Pts',(-89.5716178385894,206.824499640719,-8.00339281231094));
#1447=CARTESIAN_POINT('Ctrl Pts',(-89.5040600095356,206.978131507374,-6.86768546625901));
#1448=CARTESIAN_POINT('Ctrl Pts',(-89.4230206099161,207.121176579036,-5.73150769350455));
#1449=CARTESIAN_POINT('Ctrl Pts',(-89.3339037782917,207.243505763629,-4.59517235190254));
#1450=CARTESIAN_POINT('Ctrl Pts',(-89.2450005222009,207.339489354694,-3.45831022355958));
#1451=CARTESIAN_POINT('Ctrl Pts',(-89.1667205765523,207.406954278278,-2.32029046377034));
#1452=CARTESIAN_POINT('Ctrl Pts',(-89.1102011776629,207.446528037434,-1.18041242252949));
#1453=CARTESIAN_POINT('Ctrl Pts',(-89.0845944709455,207.45974571739,-0.037955839872705));
#1454=CARTESIAN_POINT('Ctrl Pts',(-89.0943156631891,207.447226148648,1.10784266872442));
#1455=CARTESIAN_POINT('Ctrl Pts',(-89.1377368107772,207.407979162091,2.25785782513024));
#1456=CARTESIAN_POINT('Ctrl Pts',(-89.2079838295461,207.340092735719,3.41316966830426));
#1457=CARTESIAN_POINT('Ctrl Pts',(-89.2953573391711,207.242566406512,4.57518140399506));
#1458=CARTESIAN_POINT('Ctrl Pts',(-89.390054919846,207.117213573549,5.74578543356577));
#1459=CARTESIAN_POINT('Ctrl Pts',(-89.4838169006668,206.969324846313,6.927482702595));
#1460=CARTESIAN_POINT('Ctrl Pts',(-89.571055255868,206.80860150301,8.12283103225956));
#1461=CARTESIAN_POINT('Ctrl Pts',(-89.6517039117406,206.649216923303,9.32979858820678));
#1462=CARTESIAN_POINT('Ctrl Pts',(-89.7298907386276,206.495430844537,10.538057336853));
#1463=CARTESIAN_POINT('Ctrl Pts',(-89.8076424173365,206.343803384219,11.7450361725447));
#1464=CARTESIAN_POINT('Ctrl Pts',(-97.1654248119043,206.806529807535,-12.5354387423602));
#1465=CARTESIAN_POINT('Ctrl Pts',(-97.1300443672137,206.930179361545,-11.4044648982035));
#1466=CARTESIAN_POINT('Ctrl Pts',(-97.0937994256189,207.054483786861,-10.2724078958299));
#1467=CARTESIAN_POINT('Ctrl Pts',(-97.0541728805589,207.18094156985,-9.13819869934937));
#1468=CARTESIAN_POINT('Ctrl Pts',(-97.0057989421169,207.31213193611,-8.00171024201988));
#1469=CARTESIAN_POINT('Ctrl Pts',(-96.9403416353209,207.448544456772,-6.86428512494064));
#1470=CARTESIAN_POINT('Ctrl Pts',(-96.8566392243127,207.581052758441,-5.72694294368971));
#1471=CARTESIAN_POINT('Ctrl Pts',(-96.7638202754035,207.699238909626,-4.5896429698591));
#1472=CARTESIAN_POINT('Ctrl Pts',(-96.6724402745821,207.795970193593,-3.45196758232006));
#1473=CARTESIAN_POINT('Ctrl Pts',(-96.5928807943736,207.866865822951,-2.31331894492165));
#1474=CARTESIAN_POINT('Ctrl Pts',(-96.5352764059845,207.909826343655,-1.17307772938819));
#1475=CARTESIAN_POINT('Ctrl Pts',(-96.5079734462557,207.924204196,-0.0307052992937015));
#1476=CARTESIAN_POINT('Ctrl Pts',(-96.5155574556391,207.909895768473,1.11421821958756));
#1477=CARTESIAN_POINT('Ctrl Pts',(-96.557603261924,207.866916827581,2.26200776290841));
#1478=CARTESIAN_POINT('Ctrl Pts',(-96.6288191160159,207.795776768149,3.41295168376923));
#1479=CARTESIAN_POINT('Ctrl Pts',(-96.7205832177873,207.698434311165,4.56752732582883));
#1480=CARTESIAN_POINT('Ctrl Pts',(-96.8227528651111,207.579055990266,5.72692092406695));
#1481=CARTESIAN_POINT('Ctrl Pts',(-96.9242231818308,207.444382831976,6.89421145291625));
#1482=CARTESIAN_POINT('Ctrl Pts',(-97.0152813615986,207.303869481154,8.07626575384966));
#1483=CARTESIAN_POINT('Ctrl Pts',(-97.0965601552809,207.165162844438,9.27415104217231));
#1484=CARTESIAN_POINT('Ctrl Pts',(-97.1743233584283,207.028336071774,10.4767370353698));
#1485=CARTESIAN_POINT('Ctrl Pts',(-97.2513778330469,206.892142824119,11.6794852202035));
#1486=CARTESIAN_POINT('Ctrl Pts',(-104.546588030825,207.349434095039,-12.5516092519261));
#1487=CARTESIAN_POINT('Ctrl Pts',(-104.524975755532,207.464843709486,-11.4147939882961));
#1488=CARTESIAN_POINT('Ctrl Pts',(-104.501802448646,207.580337763761,-10.2774392506051));
#1489=CARTESIAN_POINT('Ctrl Pts',(-104.473971037474,207.696227393474,-9.13910442095768));
#1490=CARTESIAN_POINT('Ctrl Pts',(-104.436651103124,207.813307212454,-7.9998657507464));
#1491=CARTESIAN_POINT('Ctrl Pts',(-104.382238330443,207.932654608242,-6.86051177730853));
#1492=CARTESIAN_POINT('Ctrl Pts',(-104.305423043834,208.051518363541,-5.72188811417941));
#1493=CARTESIAN_POINT('Ctrl Pts',(-104.217367379091,208.161861876153,-4.58370148228754));
#1494=CARTESIAN_POINT('Ctrl Pts',(-104.133907756183,208.255465258995,-3.44524828607802));
#1495=CARTESIAN_POINT('Ctrl Pts',(-104.064891502396,208.326349068056,-2.30590667603538));
#1496=CARTESIAN_POINT('Ctrl Pts',(-104.016113561281,208.370395051659,-1.16516913033489));
#1497=CARTESIAN_POINT('Ctrl Pts',(-103.991375020897,208.385215421023,-0.0227001598713034));
#1498=CARTESIAN_POINT('Ctrl Pts',(-103.993935451519,208.370108554131,1.12160935484937));
#1499=CARTESIAN_POINT('Ctrl Pts',(-104.026308353047,208.325892336646,2.26763022838252));
#1500=CARTESIAN_POINT('Ctrl Pts',(-104.088288274273,208.254894164082,3.41508649599641));
#1501=CARTESIAN_POINT('Ctrl Pts',(-104.175423306909,208.161225541248,4.56386814522608));
#1502=CARTESIAN_POINT('Ctrl Pts',(-104.277698313518,208.050894542286,5.71484676959739));
#1503=CARTESIAN_POINT('Ctrl Pts',(-104.377707960043,207.931385207977,6.87184201095204));
#1504=CARTESIAN_POINT('Ctrl Pts',(-104.463071995856,207.809862538184,8.04243762680961));
#1505=CARTESIAN_POINT('Ctrl Pts',(-104.538236383711,207.68823271487,9.22633822238204));
#1506=CARTESIAN_POINT('Ctrl Pts',(-104.609198505475,207.566072734659,10.4164325469542));
#1507=CARTESIAN_POINT('Ctrl Pts',(-104.678908407224,207.443581119607,11.6082232773724));
#1508=CARTESIAN_POINT('Ctrl Pts',(-111.90197778421,207.892118779747,-12.5642237849509));
#1509=CARTESIAN_POINT('Ctrl Pts',(-111.900103278936,208.001726662113,-11.4231388416244));
#1510=CARTESIAN_POINT('Ctrl Pts',(-111.895907983484,208.111049969944,-10.2819147680496));
#1511=CARTESIAN_POINT('Ctrl Pts',(-111.885412623284,208.219688468685,-9.1404898007925));
#1512=CARTESIAN_POINT('Ctrl Pts',(-111.863679380877,208.327333773713,-7.9990032669551));
#1513=CARTESIAN_POINT('Ctrl Pts',(-111.825422382101,208.433926699468,-6.85783942391377));
#1514=CARTESIAN_POINT('Ctrl Pts',(-111.766326077841,208.539202970279,-5.7175869539219));
#1515=CARTESIAN_POINT('Ctrl Pts',(-111.694924223118,208.639210872311,-4.57823377267221));
#1516=CARTESIAN_POINT('Ctrl Pts',(-111.634905705919,208.72735887653,-3.43892517308103));
#1517=CARTESIAN_POINT('Ctrl Pts',(-111.596296337926,208.796617974895,-2.29887404244332));
#1518=CARTESIAN_POINT('Ctrl Pts',(-111.573963306534,208.840785345481,-1.15760541043395));
#1519=CARTESIAN_POINT('Ctrl Pts',(-111.559916427322,208.855892712646,-0.0149332596791859));
#1520=CARTESIAN_POINT('Ctrl Pts',(-111.552900027351,208.840662066744,1.12903050448592));
#1521=CARTESIAN_POINT('Ctrl Pts',(-111.56097408058,208.796416366,2.27388944674326));
#1522=CARTESIAN_POINT('Ctrl Pts',(-111.595705108229,208.727090297083,3.41909293541643));
#1523=CARTESIAN_POINT('Ctrl Pts',(-111.663629558607,208.638797824696,4.5642806864429));
#1524=CARTESIAN_POINT('Ctrl Pts',(-111.754417601162,208.539200628257,5.71001475649927));
#1525=CARTESIAN_POINT('Ctrl Pts',(-111.841539208507,208.434530865892,6.85964514661724));
#1526=CARTESIAN_POINT('Ctrl Pts',(-111.91414037301,208.327452442084,8.01841414264958));
#1527=CARTESIAN_POINT('Ctrl Pts',(-111.975868568389,208.218246429141,9.18650402308982));
#1528=CARTESIAN_POINT('Ctrl Pts',(-112.031228850564,208.107362657656,10.3605977097759));
#1529=CARTESIAN_POINT('Ctrl Pts',(-112.084147067881,207.995709449645,11.5370267996757));
#1530=CARTESIAN_POINT('Ctrl Pts',(-119.229282137409,208.433599473851,-12.5739564434443));
#1531=CARTESIAN_POINT('Ctrl Pts',(-119.254492397585,208.539750417957,-11.4299949706457));
#1532=CARTESIAN_POINT('Ctrl Pts',(-119.276901659904,208.645448291205,-10.2861108115653));
#1533=CARTESIAN_POINT('Ctrl Pts',(-119.291892212565,208.749927272983,-9.14244568903077));
#1534=CARTESIAN_POINT('Ctrl Pts',(-119.29412074191,208.85226230726,-7.99918603122407));
#1535=CARTESIAN_POINT('Ctrl Pts',(-119.279041040497,208.951516751051,-6.85654881044974));
#1536=CARTESIAN_POINT('Ctrl Pts',(-119.245594612642,209.046776556446,-5.71478370342832));
#1537=CARTESIAN_POINT('Ctrl Pts',(-119.203777654743,209.136745281823,-4.57399754820715));
#1538=CARTESIAN_POINT('Ctrl Pts',(-119.18499054576,209.219169169404,-3.43365656544781));
#1539=CARTESIAN_POINT('Ctrl Pts',(-119.202634371664,209.287149718345,-2.29286922908128));
#1540=CARTESIAN_POINT('Ctrl Pts',(-119.230619572343,209.331855082864,-1.1510788832274));
#1541=CARTESIAN_POINT('Ctrl Pts',(-119.239462796071,209.347822386738,-0.00815911878422169));
#1542=CARTESIAN_POINT('Ctrl Pts',(-119.218622324502,209.33283704235,1.13564280423532));
#1543=CARTESIAN_POINT('Ctrl Pts',(-119.182970588268,209.28820888819,2.27978355748398));
#1544=CARTESIAN_POINT('Ctrl Pts',(-119.165950188859,209.220107718036,3.42350856871158));
#1545=CARTESIAN_POINT('Ctrl Pts',(-119.197267890346,209.137414768621,4.56597537351608));
#1546=CARTESIAN_POINT('Ctrl Pts',(-119.262661615502,209.047700555913,5.70715142516048));
#1547=CARTESIAN_POINT('Ctrl Pts',(-119.326455821976,208.953726844336,6.85002332257477));
#1548=CARTESIAN_POINT('Ctrl Pts',(-119.375946372525,208.855650341397,7.99800886563666));
#1549=CARTESIAN_POINT('Ctrl Pts',(-119.411815167302,208.754275255189,9.15176267361272));
#1550=CARTESIAN_POINT('Ctrl Pts',(-119.438823515554,208.650801492782,10.3098857313078));
#1551=CARTESIAN_POINT('Ctrl Pts',(-119.462255787454,208.546466272188,11.4699767925172));
#1552=CARTESIAN_POINT('Ctrl Pts',(-126.528506087161,208.973194215186,-12.5816219132888));
#1553=CARTESIAN_POINT('Ctrl Pts',(-126.588865033272,209.077962212668,-11.4357812764251));
#1554=CARTESIAN_POINT('Ctrl Pts',(-126.646525810308,209.182277325017,-10.2901033357496));
#1555=CARTESIAN_POINT('Ctrl Pts',(-126.697153736584,209.28530225756,-9.14481819782534));
#1556=CARTESIAN_POINT('Ctrl Pts',(-126.73597083585,209.385885978517,-8.00014869874982));
#1557=CARTESIAN_POINT('Ctrl Pts',(-126.759401786279,209.482631777249,-6.85626941940486));
#1558=CARTESIAN_POINT('Ctrl Pts',(-126.767952610763,209.574025517653,-5.71328997230159));
#1559=CARTESIAN_POINT('Ctrl Pts',(-126.772744891265,209.658950873633,-4.57121687863263));
#1560=CARTESIAN_POINT('Ctrl Pts',(-126.808764308463,209.737431857257,-3.42977025656699));
#1561=CARTESIAN_POINT('Ctrl Pts',(-126.902300425105,209.805182558504,-2.28825134863993));
#1562=CARTESIAN_POINT('Ctrl Pts',(-127.001143343011,209.851767407563,-1.14598388187983));
#1563=CARTESIAN_POINT('Ctrl Pts',(-127.046565279137,209.869985040404,-0.00284771384125403));
#1564=CARTESIAN_POINT('Ctrl Pts',(-127.013768574156,209.85529787085,1.14076155710858));
#1565=CARTESIAN_POINT('Ctrl Pts',(-126.918699554657,209.808806590889,2.28412029914905));
#1566=CARTESIAN_POINT('Ctrl Pts',(-126.830592548844,209.739967141161,3.42604751917724));
#1567=CARTESIAN_POINT('Ctrl Pts',(-126.811551498663,209.661623083262,4.56519800143071));
#1568=CARTESIAN_POINT('Ctrl Pts',(-126.831529768344,209.577167436538,5.7020187134035));
#1569=CARTESIAN_POINT('Ctrl Pts',(-126.850848631746,209.487287546539,6.83894358022159));
#1570=CARTESIAN_POINT('Ctrl Pts',(-126.856807478456,209.392786131822,7.97788814717388));
#1571=CARTESIAN_POINT('Ctrl Pts',(-126.849015959846,209.294937456858,9.11957637743067));
#1572=CARTESIAN_POINT('Ctrl Pts',(-126.831873582297,209.195131598534,10.2636172376322));
#1573=CARTESIAN_POINT('Ctrl Pts',(-126.810834680067,209.09457623316,11.408819778166));
#1574=CARTESIAN_POINT('Ctrl Pts',(-133.80245114062,209.510692980065,-12.5879590450768));
#1575=CARTESIAN_POINT('Ctrl Pts',(-133.905757406477,209.615732040338,-11.4408530261528));
#1576=CARTESIAN_POINT('Ctrl Pts',(-134.007246103642,209.720450157032,-10.2939242979002));
#1577=CARTESIAN_POINT('Ctrl Pts',(-134.104141956712,209.824191701527,-9.14742351266161));
#1578=CARTESIAN_POINT('Ctrl Pts',(-134.193777000959,209.925964159349,-8.00159090357272));
#1579=CARTESIAN_POINT('Ctrl Pts',(-134.275203823015,210.02446899963,-6.8566049107713));
#1580=CARTESIAN_POINT('Ctrl Pts',(-134.351733954034,210.118234813697,-5.71255768561325));
#1581=CARTESIAN_POINT('Ctrl Pts',(-134.434614951346,210.205863814113,-4.56943511417171));
#1582=CARTESIAN_POINT('Ctrl Pts',(-134.547643132714,210.285990205074,-3.42705503260024));
#1583=CARTESIAN_POINT('Ctrl Pts',(-134.71458142173,210.354192794314,-2.28494365096387));
#1584=CARTESIAN_POINT('Ctrl Pts',(-134.881654307906,210.405435193713,-1.14234104273342));
#1585=CARTESIAN_POINT('Ctrl Pts',(-134.972362369552,210.427834486205,0.000827056856244689));
#1586=CARTESIAN_POINT('Ctrl Pts',(-134.942420069056,210.411844063096,1.14391350077757));
#1587=CARTESIAN_POINT('Ctrl Pts',(-134.795381021907,210.362693664057,2.28586412941847));
#1588=CARTESIAN_POINT('Ctrl Pts',(-134.639118872665,210.290823048506,3.42518127889409));
#1589=CARTESIAN_POINT('Ctrl Pts',(-134.542985602938,210.210531009394,4.56098388676289));
#1590=CARTESIAN_POINT('Ctrl Pts',(-134.479863310194,210.123963794732,5.69399092463849));
#1591=CARTESIAN_POINT('Ctrl Pts',(-134.423294516529,210.032270051926,6.82554226067296));
#1592=CARTESIAN_POINT('Ctrl Pts',(-134.360992523474,209.936796032978,7.95677092973167));
#1593=CARTESIAN_POINT('Ctrl Pts',(-134.289885492184,209.83882193594,9.08840995365279));
#1594=CARTESIAN_POINT('Ctrl Pts',(-134.211976120967,209.739479617074,10.2206800271814));
#1595=CARTESIAN_POINT('Ctrl Pts',(-134.131055205269,209.639643175124,11.3533351509903));
#1596=CARTESIAN_POINT('Ctrl Pts',(-141.056611842812,210.046358399911,-12.5935454750728));
#1597=CARTESIAN_POINT('Ctrl Pts',(-141.20933942682,210.152824871305,-11.44549886141));
#1598=CARTESIAN_POINT('Ctrl Pts',(-141.361968791123,210.25920346444,-10.2976136509045));
#1599=CARTESIAN_POINT('Ctrl Pts',(-141.514596395396,210.365228498335,-9.15012672174795));
#1600=CARTESIAN_POINT('Ctrl Pts',(-141.668003169183,210.470380316508,-8.00327772143613));
#1601=CARTESIAN_POINT('Ctrl Pts',(-141.824578502619,210.573821652858,-6.85725932920805));
#1602=CARTESIAN_POINT('Ctrl Pts',(-141.989633059711,210.674321830386,-5.712190063111));
#1603=CARTESIAN_POINT('Ctrl Pts',(-142.172120162123,210.770055071197,-4.56809750228942));
#1604=CARTESIAN_POINT('Ctrl Pts',(-142.381820412064,210.858147243511,-3.42488684968829));
#1605=CARTESIAN_POINT('Ctrl Pts',(-142.616738084224,210.934466413649,-2.28225974843488));
#1606=CARTESIAN_POINT('Ctrl Pts',(-142.832755838523,210.995113919728,-1.13966256716354));
#1607=CARTESIAN_POINT('Ctrl Pts',(-142.967254950493,211.021182096314,0.00301920350013171));
#1608=CARTESIAN_POINT('Ctrl Pts',(-142.953166451538,210.998036711398,1.14511464291001));
#1609=CARTESIAN_POINT('Ctrl Pts',(-142.782812293367,210.942947224141,2.28506005389564));
#1610=CARTESIAN_POINT('Ctrl Pts',(-142.565064103704,210.86564382228,3.42170042956438));
#1611=CARTESIAN_POINT('Ctrl Pts',(-142.368363557015,210.777211517197,4.55449786946945));
#1612=CARTESIAN_POINT('Ctrl Pts',(-142.197067773726,210.682942615452,5.68376158901508));
#1613=CARTESIAN_POINT('Ctrl Pts',(-142.040128626887,210.58523432648,6.81016398788239));
#1614=CARTESIAN_POINT('Ctrl Pts',(-141.887977694493,210.485508876231,7.93449152803503));
#1615=CARTESIAN_POINT('Ctrl Pts',(-141.735780731277,210.38470872564,9.05752852533368));
#1616=CARTESIAN_POINT('Ctrl Pts',(-141.582283186507,210.283439538367,10.1799330367939));
#1617=CARTESIAN_POINT('Ctrl Pts',(-141.42797976068,210.182039131936,11.3021414572933));
#1618=CARTESIAN_POINT('Ctrl Pts',(-148.298294013537,210.580796370334,-12.5987831388041));
#1619=CARTESIAN_POINT('Ctrl Pts',(-148.504735178474,210.689352370756,-11.4499349134099));
#1620=CARTESIAN_POINT('Ctrl Pts',(-148.713489352046,210.798122089107,-10.30122256285));
#1621=CARTESIAN_POINT('Ctrl Pts',(-148.928532611484,210.907361911094,-9.15285543265476));
#1622=CARTESIAN_POINT('Ctrl Pts',(-149.154851464484,211.017198662951,-8.00506106606472));
#1623=CARTESIAN_POINT('Ctrl Pts',(-149.397718786537,211.127415032247,-6.8580433801856));
#1624=CARTESIAN_POINT('Ctrl Pts',(-149.66158292477,211.237130718028,-5.71195631234916));
#1625=CARTESIAN_POINT('Ctrl Pts',(-149.947751248265,211.344361095426,-4.56688773105705));
#1626=CARTESIAN_POINT('Ctrl Pts',(-150.249787321748,211.445637485398,-3.42284325069301));
#1627=CARTESIAN_POINT('Ctrl Pts',(-150.547243711344,211.535825056478,-2.27973039493743));
#1628=CARTESIAN_POINT('Ctrl Pts',(-150.801717393692,211.606103603918,-1.13738799373957));
#1629=CARTESIAN_POINT('Ctrl Pts',(-150.959402615201,211.635067968574,0.00432176691154233));
#1630=CARTESIAN_POINT('Ctrl Pts',(-150.952821153758,211.603789387864,1.14505546469931));
#1631=CARTESIAN_POINT('Ctrl Pts',(-150.781935859597,211.538351016119,2.28297058337712));
#1632=CARTESIAN_POINT('Ctrl Pts',(-150.524489513443,211.451648215768,3.41707599753608));
#1633=CARTESIAN_POINT('Ctrl Pts',(-150.240132793664,211.352918730535,4.54685576160057));
#1634=CARTESIAN_POINT('Ctrl Pts',(-149.958076013991,211.248734342139,5.67224784827893));
#1635=CARTESIAN_POINT('Ctrl Pts',(-149.688468249093,211.142813463589,6.79355369062529));
#1636=CARTESIAN_POINT('Ctrl Pts',(-149.432160694104,211.036912106017,7.91139700232875));
#1637=CARTESIAN_POINT('Ctrl Pts',(-149.186266871412,210.931645899136,9.02666432539329));
#1638=CARTESIAN_POINT('Ctrl Pts',(-148.946722405171,210.826995972101,10.1403746833619));
#1639=CARTESIAN_POINT('Ctrl Pts',(-148.709675227774,210.722651533873,11.2534730478058));
#1640=CARTESIAN_POINT('Ctrl Pts',(-155.53489613397,211.1147189311,-12.6039138000436));
#1641=CARTESIAN_POINT('Ctrl Pts',(-155.796870892442,211.225613896004,-11.4543025053669));
#1642=CARTESIAN_POINT('Ctrl Pts',(-156.063915634312,211.337054191943,-10.304800063662));
#1643=CARTESIAN_POINT('Ctrl Pts',(-156.34435450628,211.449867467292,-9.15558480881248));
#1644=CARTESIAN_POINT('Ctrl Pts',(-156.64759996781,211.564883459171,-8.00686746914502));
#1645=CARTESIAN_POINT('Ctrl Pts',(-156.981172603872,211.682574339849,-6.85885904940434));
#1646=CARTESIAN_POINT('Ctrl Pts',(-157.34668728837,211.8025570869,-5.71174825414067));
#1647=CARTESIAN_POINT('Ctrl Pts',(-157.735440572217,211.922890789267,-4.56569276037444));
#1648=CARTESIAN_POINT('Ctrl Pts',(-158.125570528965,212.039021795976,-3.42082498461988));
#1649=CARTESIAN_POINT('Ctrl Pts',(-158.483153912493,212.142174160418,-2.27726283029101));
#1650=CARTESIAN_POINT('Ctrl Pts',(-158.766449004666,212.217675916283,-1.13509903150177));
#1651=CARTESIAN_POINT('Ctrl Pts',(-158.928308110669,212.245859733956,0.0056353987040096));
#1652=CARTESIAN_POINT('Ctrl Pts',(-158.928765016945,212.213978473373,1.14461091429955));
#1653=CARTESIAN_POINT('Ctrl Pts',(-158.769178611973,212.139939188737,2.28047219217148));
#1654=CARTESIAN_POINT('Ctrl Pts',(-158.485399300659,212.041904070502,3.41210653072586));
#1655=CARTESIAN_POINT('Ctrl Pts',(-158.125568155062,211.931711132291,4.53881727953679));
#1656=CARTESIAN_POINT('Ctrl Pts',(-157.736338574991,211.816949020064,5.66025296061085));
#1657=CARTESIAN_POINT('Ctrl Pts',(-157.350693400743,211.702126703188,6.77645868370145));
#1658=CARTESIAN_POINT('Ctrl Pts',(-156.98435564994,211.589338933576,7.88796100365627));
#1659=CARTESIAN_POINT('Ctrl Pts',(-156.639156374734,211.478958122905,8.99577156935965));
#1660=CARTESIAN_POINT('Ctrl Pts',(-156.308906802565,211.370349067424,10.1012440137069));
#1661=CARTESIAN_POINT('Ctrl Pts',(-155.985007964156,211.262516620878,11.2057610016334));
#1662=CARTESIAN_POINT('Ctrl Pts',(-162.771498254402,211.648641491867,-12.6090444612831));
#1663=CARTESIAN_POINT('Ctrl Pts',(-163.08900660641,211.761875421253,-11.4586700973239));
#1664=CARTESIAN_POINT('Ctrl Pts',(-163.414341916577,211.875986294779,-10.3083775644739));
#1665=CARTESIAN_POINT('Ctrl Pts',(-163.760176401076,211.992373023489,-9.15831418497021));
#1666=CARTESIAN_POINT('Ctrl Pts',(-164.140348471137,212.11256825539,-8.00867387222533));
#1667=CARTESIAN_POINT('Ctrl Pts',(-164.564626421207,212.237733647451,-6.85967471862308));
#1668=CARTESIAN_POINT('Ctrl Pts',(-165.03179165197,212.367983455771,-5.71154019593219));
#1669=CARTESIAN_POINT('Ctrl Pts',(-165.523129896168,212.501420483108,-4.56449778969182));
#1670=CARTESIAN_POINT('Ctrl Pts',(-166.001353736182,212.632406106554,-3.41880671854675));
#1671=CARTESIAN_POINT('Ctrl Pts',(-166.419064113642,212.748523264357,-2.27479526564458));
#1672=CARTESIAN_POINT('Ctrl Pts',(-166.731180615641,212.829248228648,-1.13281006926397));
#1673=CARTESIAN_POINT('Ctrl Pts',(-166.897213606137,212.856651499338,0.00694903049647688));
#1674=CARTESIAN_POINT('Ctrl Pts',(-166.904708880132,212.824167558882,1.14416636389979));
#1675=CARTESIAN_POINT('Ctrl Pts',(-166.75642136435,212.741527361355,2.27797380096583));
#1676=CARTESIAN_POINT('Ctrl Pts',(-166.446309087875,212.632159925235,3.40713706391565));
#1677=CARTESIAN_POINT('Ctrl Pts',(-166.01100351646,212.510503534048,4.53077879747302));
#1678=CARTESIAN_POINT('Ctrl Pts',(-165.514601135992,212.385163697989,5.64825807294277));
#1679=CARTESIAN_POINT('Ctrl Pts',(-165.012918552392,212.261439942788,6.7593636767776));
#1680=CARTESIAN_POINT('Ctrl Pts',(-164.536550605776,212.141765761135,7.86452500498379));
#1681=CARTESIAN_POINT('Ctrl Pts',(-164.092045878056,212.026270346674,8.96487881332601));
#1682=CARTESIAN_POINT('Ctrl Pts',(-163.671091199959,211.913702162746,10.0621133440518));
#1683=CARTESIAN_POINT('Ctrl Pts',(-163.260340700538,211.802381707883,11.1580489554611));
#1684=CARTESIAN_POINT('Ctrl Pts',(-170.008100374835,212.182564052634,-12.6141751225226));
#1685=CARTESIAN_POINT('Ctrl Pts',(-170.381142320378,212.298136946502,-11.4630376892809));
#1686=CARTESIAN_POINT('Ctrl Pts',(-170.764768198843,212.414918397614,-10.3119550652859));
#1687=CARTESIAN_POINT('Ctrl Pts',(-171.175998295872,212.534878579687,-9.16104356112793));
#1688=CARTESIAN_POINT('Ctrl Pts',(-171.633096974464,212.660253051609,-8.01048027530563));
#1689=CARTESIAN_POINT('Ctrl Pts',(-172.148080238542,212.792892955053,-6.86049038784182));
#1690=CARTESIAN_POINT('Ctrl Pts',(-172.716896015571,212.933409824643,-5.71133213772371));
#1691=CARTESIAN_POINT('Ctrl Pts',(-173.31081922012,213.079950176949,-4.5633028190092));
#1692=CARTESIAN_POINT('Ctrl Pts',(-173.8771369434,213.225790417132,-3.41678845247362));
#1693=CARTESIAN_POINT('Ctrl Pts',(-174.354974314791,213.354872368297,-2.27232770099816));
#1694=CARTESIAN_POINT('Ctrl Pts',(-174.695912226616,213.440820541013,-1.13052110702617));
#1695=CARTESIAN_POINT('Ctrl Pts',(-174.866119101604,213.467443264721,0.00826266228894415));
#1696=CARTESIAN_POINT('Ctrl Pts',(-174.880652743318,213.434356644391,1.14372181350004));
#1697=CARTESIAN_POINT('Ctrl Pts',(-174.743664116726,213.343115533973,2.27547540976019));
#1698=CARTESIAN_POINT('Ctrl Pts',(-174.40721887509,213.222415779969,3.40216759710544));
#1699=CARTESIAN_POINT('Ctrl Pts',(-173.896438877857,213.089295935804,4.52274031540924));
#1700=CARTESIAN_POINT('Ctrl Pts',(-173.292863696992,212.953378375914,5.6362631852747));
#1701=CARTESIAN_POINT('Ctrl Pts',(-172.675143704042,212.820753182388,6.74226866985376));
#1702=CARTESIAN_POINT('Ctrl Pts',(-172.088745561613,212.694192588695,7.84108900631131));
#1703=CARTESIAN_POINT('Ctrl Pts',(-171.544935381377,212.573582570444,8.93398605729236));
#1704=CARTESIAN_POINT('Ctrl Pts',(-171.033275597354,212.457055258069,10.0229826743968));
#1705=CARTESIAN_POINT('Ctrl Pts',(-170.535673436921,212.342246794888,11.1103369092887));
#1706=CARTESIAN_POINT('Ctrl Pts',(-177.244702495268,212.7164866134,-12.6193057837621));
#1707=CARTESIAN_POINT('Ctrl Pts',(-177.673278034346,212.83439847175,-11.4674052812378));
#1708=CARTESIAN_POINT('Ctrl Pts',(-178.115194481109,212.95385050045,-10.3155325660979));
#1709=CARTESIAN_POINT('Ctrl Pts',(-178.591820190668,213.077384135884,-9.16377293728565));
#1710=CARTESIAN_POINT('Ctrl Pts',(-179.12584547779,213.207937847828,-8.01228667838593));
#1711=CARTESIAN_POINT('Ctrl Pts',(-179.731534055878,213.348052262656,-6.86130605706056));
#1712=CARTESIAN_POINT('Ctrl Pts',(-180.402000379171,213.498836193514,-5.71112407951522));
#1713=CARTESIAN_POINT('Ctrl Pts',(-181.098508544071,213.65847987079,-4.56210784832658));
#1714=CARTESIAN_POINT('Ctrl Pts',(-181.752920150617,213.81917472771,-3.41477018640049));
#1715=CARTESIAN_POINT('Ctrl Pts',(-182.29088451594,213.961221472236,-2.26986013635173));
#1716=CARTESIAN_POINT('Ctrl Pts',(-182.660643837591,214.052392853378,-1.12823214478837));
#1717=CARTESIAN_POINT('Ctrl Pts',(-182.835024597072,214.078235030103,0.00957629408141143));
#1718=CARTESIAN_POINT('Ctrl Pts',(-182.856596606505,214.044545729901,1.14327726310028));
#1719=CARTESIAN_POINT('Ctrl Pts',(-182.730906869103,213.94470370659,2.27297701855454));
#1720=CARTESIAN_POINT('Ctrl Pts',(-182.368128662306,213.812671634703,3.39719813029522));
#1721=CARTESIAN_POINT('Ctrl Pts',(-181.781874239255,213.668088337561,4.51470183334546));
#1722=CARTESIAN_POINT('Ctrl Pts',(-181.071126257993,213.521593053839,5.62426829760662));
#1723=CARTESIAN_POINT('Ctrl Pts',(-180.337368855692,213.380066421988,6.72517366292992));
#1724=CARTESIAN_POINT('Ctrl Pts',(-179.640940517449,213.246619416254,7.81765300763882));
#1725=CARTESIAN_POINT('Ctrl Pts',(-178.997824884699,213.120894794213,8.90309330125872));
#1726=CARTESIAN_POINT('Ctrl Pts',(-178.395459994748,213.000408353392,9.9838520047417));
#1727=CARTESIAN_POINT('Ctrl Pts',(-177.811006173303,212.882111881893,11.0626248631164));
#1728=CARTESIAN_POINT('',(-147.347818434141,211.350979094223,-0.403711425257719));
#1729=CARTESIAN_POINT('',(-147.347700138207,211.351976292719,0.00110751236909066));
#1730=CARTESIAN_POINT('Ctrl Pts',(-147.347818434141,211.350979094223,-0.403711425257719));
#1731=CARTESIAN_POINT('Ctrl Pts',(-147.34776751884,211.351535612472,-0.336419205465581));
#1732=CARTESIAN_POINT('Ctrl Pts',(-147.347735812333,211.351892160754,-0.269127953403979));
#1733=CARTESIAN_POINT('Ctrl Pts',(-147.347722702462,211.352035718231,-0.201841454160663));
#1734=CARTESIAN_POINT('Ctrl Pts',(-147.347709592591,211.352179275708,-0.134554954917347));
#1735=CARTESIAN_POINT('Ctrl Pts',(-147.347715080457,211.352109828511,-0.0672732084923162));
#1736=CARTESIAN_POINT('Ctrl Pts',(-147.347715080203,211.352109828483,4.76285677564192E-14));
#1737=CARTESIAN_POINT('',(-14.6871818077799,200.807497256648,-4.57589024827474E-10));
#1738=CARTESIAN_POINT('Ctrl Pts',(-14.6871818077799,200.807497256648,-4.57588998810377E-10));
#1739=CARTESIAN_POINT('Ctrl Pts',(-14.9571729737911,200.837290558563,-0.00244150507470239));
#1740=CARTESIAN_POINT('Ctrl Pts',(-15.2207460226315,200.866367314805,-0.00258534868748805));
#1741=CARTESIAN_POINT('Ctrl Pts',(-15.4798489432657,200.894943654841,-0.00272758163495734));
#1742=CARTESIAN_POINT('Ctrl Pts',(-18.4983099617763,201.227848310016,-0.00438454716214254));
#1743=CARTESIAN_POINT('Ctrl Pts',(-20.909996323272,201.49282341553,-0.00584007915676342));
#1744=CARTESIAN_POINT('Ctrl Pts',(-23.3215878009023,201.755513736463,-0.00735287185266311));
#1745=CARTESIAN_POINT('Ctrl Pts',(-25.7331792785326,202.018204057396,-0.00886566454856288));
#1746=CARTESIAN_POINT('Ctrl Pts',(-28.1446758722975,202.278609593749,-0.0104357179457412));
#1747=CARTESIAN_POINT('Ctrl Pts',(-30.5583547433041,202.535152326479,-0.0120733861975451));
#1748=CARTESIAN_POINT('Ctrl Pts',(-32.9720336143106,202.79169505921,-0.013711054449349));
#1749=CARTESIAN_POINT('Ctrl Pts',(-35.3878947625588,203.04437498832,-0.0154163375557783));
#1750=CARTESIAN_POINT('Ctrl Pts',(-37.8074783884455,203.291220612373,-0.0174004238181535));
#1751=CARTESIAN_POINT('Ctrl Pts',(-40.2270620143322,203.538066236426,-0.0193845100805287));
#1752=CARTESIAN_POINT('Ctrl Pts',(-42.6503681178574,203.779077555424,-0.0216473994988498));
#1753=CARTESIAN_POINT('Ctrl Pts',(-45.0777850454766,204.012746027118,-0.0242074090261937));
#1754=CARTESIAN_POINT('Ctrl Pts',(-47.0150773538377,204.199234029146,-0.0262505218965973));
#1755=CARTESIAN_POINT('Ctrl Pts',(-48.956391536993,204.381192055126,-0.00958580951963291));
#1756=CARTESIAN_POINT('Ctrl Pts',(-50.9010816692427,204.558442173461,-0.00279455512493611));
#1757=CARTESIAN_POINT('Ctrl Pts',(-51.3909265859687,204.603089424977,-0.0010839168138408));
#1758=CARTESIAN_POINT('Ctrl Pts',(-51.8809857004395,204.647438114872,3.94493311877764E-14));
#1759=CARTESIAN_POINT('Ctrl Pts',(-52.3712487236219,204.691485477741,3.94562854610925E-14));
#1760=CARTESIAN_POINT('Ctrl Pts',(-54.8053786961851,204.910178304046,3.92266310309568E-14));
#1761=CARTESIAN_POINT('Ctrl Pts',(-57.2428968829578,205.121307576296,4.4269027783813E-14));
#1762=CARTESIAN_POINT('Ctrl Pts',(-59.6831779449519,205.32495030519,4.45667808213202E-14));
#1763=CARTESIAN_POINT('Ctrl Pts',(-62.1227214872973,205.528531487685,4.37458111587323E-14));
#1764=CARTESIAN_POINT('Ctrl Pts',(-64.5649861124978,205.724627131801,3.7223682107466E-14));
#1765=CARTESIAN_POINT('Ctrl Pts',(-67.0098993434122,205.913660155038,3.61152080463611E-14));
#1766=CARTESIAN_POINT('Ctrl Pts',(-69.4540738375652,206.102636061465,3.43082721373325E-14));
#1767=CARTESIAN_POINT('Ctrl Pts',(-71.9009797279979,206.28456004132,3.59461461521195E-14));
#1768=CARTESIAN_POINT('Ctrl Pts',(-74.3511737582998,206.460315076871,3.68568023323412E-14));
#1769=CARTESIAN_POINT('Ctrl Pts',(-76.8003816609817,206.635999376435,3.68902751592097E-14));
#1770=CARTESIAN_POINT('Ctrl Pts',(-79.2530981457847,206.80553557686,4.47768577235535E-14));
#1771=CARTESIAN_POINT('Ctrl Pts',(-81.710680650831,206.970398966193,4.49072203034806E-14));
#1772=CARTESIAN_POINT('Ctrl Pts',(-82.9419594678905,207.052997535551,4.50800464776714E-14));
#1773=CARTESIAN_POINT('Ctrl Pts',(-84.1745554553273,207.134429635886,-2.76990572498106E-8));
#1774=CARTESIAN_POINT('Ctrl Pts',(-85.4087569183554,207.214943051154,-2.76668553180273E-8));
#1775=CARTESIAN_POINT('Ctrl Pts',(-86.3344080156264,207.275328112604,-2.76427038691898E-8));
#1776=CARTESIAN_POINT('Ctrl Pts',(-87.2609622055285,207.335196425156,-1.41982240717941E-8));
#1777=CARTESIAN_POINT('Ctrl Pts',(-88.1885413246745,207.394652722142,-5.15114685628593E-9));
#1778=CARTESIAN_POINT('Ctrl Pts',(-88.3624624095144,207.405800777827,-3.45481987837816E-9));
#1779=CARTESIAN_POINT('Ctrl Pts',(-88.5364195275077,207.416934349067,-2.01452326849399E-9));
#1780=CARTESIAN_POINT('Ctrl Pts',(-88.710413482442,207.428054126902,-1.08836627991243E-9));
#1781=CARTESIAN_POINT('Ctrl Pts',(-88.7919731488174,207.433266522762,-6.54230191514819E-10));
#1782=CARTESIAN_POINT('Ctrl Pts',(-88.8735409092501,207.438475887848,-3.33695423187566E-10));
#1783=CARTESIAN_POINT('Ctrl Pts',(-88.9551168465433,207.44368229335,-1.5672186812199E-10));
#1784=CARTESIAN_POINT('Ctrl Pts',(-88.9946301911697,207.446204146015,-7.10003023871021E-11));
#1785=CARTESIAN_POINT('Ctrl Pts',(-89.0341454542442,207.448725304305,-1.89952103716608E-11));
#1786=CARTESIAN_POINT('Ctrl Pts',(-89.0736626451777,207.451245776312,-4.28502632682237E-12));
#1787=CARTESIAN_POINT('Ctrl Pts',(-89.0797819603762,207.451636076389,-2.00712522425157E-12));
#1788=CARTESIAN_POINT('Ctrl Pts',(-89.085901321803,207.452026360009,-6.25077784017357E-13));
#1789=CARTESIAN_POINT('Ctrl Pts',(-89.0920207294932,207.452416627203,-1.49953834072125E-13));
#1790=CARTESIAN_POINT('Ctrl Pts',(-89.0932256630009,207.452493472225,-5.64002098373934E-14));
#1791=CARTESIAN_POINT('Ctrl Pts',(-89.0944305983023,207.45257031661,2.29719164539117E-15));
#1792=CARTESIAN_POINT('Ctrl Pts',(-89.0956355353975,207.452647160359,2.53234933023094E-14));
#1793=CARTESIAN_POINT('Ctrl Pts',(-89.0961662081508,207.452681003523,3.54646292539334E-14));
#1794=CARTESIAN_POINT('Ctrl Pts',(-89.0966976118813,207.452714893157,4.1787050132229E-14));
#1795=CARTESIAN_POINT('Ctrl Pts',(-89.0972249598621,207.452748523998,3.78586083160914E-14));
#1796=CARTESIAN_POINT('Ctrl Pts',(-91.563449183521,207.610028340557,-1.83341058655641E-11));
#1797=CARTESIAN_POINT('Ctrl Pts',(-94.0377342228974,207.764675138917,3.44669270104889E-14));
#1798=CARTESIAN_POINT('Ctrl Pts',(-96.5233479787524,207.918887698092,3.61074017907193E-14));
#1799=CARTESIAN_POINT('Ctrl Pts',(-98.0285242587403,208.012271911789,3.5662717736981E-14));
#1800=CARTESIAN_POINT('Ctrl Pts',(-99.5373780865265,208.105468456485,-0.00919259332942979));
#1801=CARTESIAN_POINT('Ctrl Pts',(-101.051189314678,208.198977910861,-0.0158562775196674));
#1802=CARTESIAN_POINT('Ctrl Pts',(-102.035173049699,208.259759453807,-0.0201877005772966));
#1803=CARTESIAN_POINT('Ctrl Pts',(-103.021249296374,208.320673610214,-0.0234509539479833));
#1804=CARTESIAN_POINT('Ctrl Pts',(-104.009762585427,208.381861619957,-0.0224286197645312));
#1805=CARTESIAN_POINT('Ctrl Pts',(-106.517645957553,208.537097157921,-0.0198349319225684));
#1806=CARTESIAN_POINT('Ctrl Pts',(-109.039367065707,208.693966767528,-0.0172764613500155));
#1807=CARTESIAN_POINT('Ctrl Pts',(-111.579132176395,208.854372778147,-0.0148795763266334));
#1808=CARTESIAN_POINT('Ctrl Pts',(-114.118897287082,209.014778788766,-0.0124826913032512));
#1809=CARTESIAN_POINT('Ctrl Pts',(-116.676706400302,209.178721200397,-0.0102473918290399));
#1810=CARTESIAN_POINT('Ctrl Pts',(-119.25544651115,209.347665288653,-0.00825587059213692));
#1811=CARTESIAN_POINT('Ctrl Pts',(-121.834186621999,209.516609376909,-0.00626434935523405));
#1812=CARTESIAN_POINT('Ctrl Pts',(-124.433857730476,209.69055514179,-0.00451660635563946));
#1813=CARTESIAN_POINT('Ctrl Pts',(-127.053480807532,209.870350573164,-0.00304568303346994));
#1814=CARTESIAN_POINT('Ctrl Pts',(-129.673103884589,210.050146004538,-0.00157475971130041));
#1815=CARTESIAN_POINT('Ctrl Pts',(-132.312678930225,210.235791102405,-0.000380656066555874));
#1816=CARTESIAN_POINT('Ctrl Pts',(-134.631245999645,210.402556605812,0.000479900011605229));
#1817=CARTESIAN_POINT('Ctrl Pts',(-136.949813069064,210.569322109219,0.00134045608976637));
#1818=CARTESIAN_POINT('Ctrl Pts',(-138.947372162267,210.717208018168,0.00186746460134389));
#1819=CARTESIAN_POINT('Ctrl Pts',(-141.166804278406,210.883803917646,0.00235631562496809));
#1820=CARTESIAN_POINT('Ctrl Pts',(-142.712019860978,210.999791506541,0.00269666404732588));
#1821=CARTESIAN_POINT('Ctrl Pts',(-144.364779598112,211.124847612248,0.00301837623166162));
#1822=CARTESIAN_POINT('Ctrl Pts',(-146.199190725106,211.26437738691,0.00271545211625261));
#1823=CARTESIAN_POINT('Ctrl Pts',(-146.574217583457,211.292902842446,0.00265352233527332));
#1824=CARTESIAN_POINT('Ctrl Pts',(-146.956836850554,211.322033263915,0.00256549197937059));
#1825=CARTESIAN_POINT('Ctrl Pts',(-147.347682077384,211.351814884174,0.00244619464438933));
#1826=CARTESIAN_POINT('Ctrl Pts',(-14.6871817740666,200.807497252928,-4.06009569497642E-10));
#1827=CARTESIAN_POINT('Ctrl Pts',(-14.6888936066974,200.808083668266,-0.714257732404968));
#1828=CARTESIAN_POINT('Ctrl Pts',(-14.9012175484952,200.822900811782,-1.42461459365426));
#1829=CARTESIAN_POINT('Ctrl Pts',(-15.2925725330212,200.853069721761,-2.02261122067035));
#1830=CARTESIAN_POINT('Ctrl Pts',(-15.2980577056426,200.853492564667,-2.03099265148347));
#1831=CARTESIAN_POINT('Ctrl Pts',(-15.3035687178388,200.853917656181,-2.03935434333221));
#1832=CARTESIAN_POINT('Ctrl Pts',(-15.3091053309187,200.854344975823,-2.04769638894694));
#1833=CARTESIAN_POINT('Ctrl Pts',(-15.6978717013418,200.884350234204,-2.63345283403704));
#1834=CARTESIAN_POINT('Ctrl Pts',(-16.2128633098629,200.925341276937,-3.12234379206708));
#1835=CARTESIAN_POINT('Ctrl Pts',(-16.7715793250027,200.970238552178,-3.54643916318405));
#1836=CARTESIAN_POINT('Ctrl Pts',(-16.7878948354059,200.971549633195,-3.55882350917002));
#1837=CARTESIAN_POINT('Ctrl Pts',(-16.8042423099731,200.972863406933,-3.57115991804837));
#1838=CARTESIAN_POINT('Ctrl Pts',(-16.8206188975644,200.974179539396,-3.58345227094402));
#1839=CARTESIAN_POINT('Ctrl Pts',(-17.9241970348283,201.062870483325,-4.41180383291996));
#1840=CARTESIAN_POINT('Ctrl Pts',(-19.1636148463436,201.162709895786,-5.03505386449057));
#1841=CARTESIAN_POINT('Ctrl Pts',(-20.4270261675759,201.263000355005,-5.58622469725218));
#1842=CARTESIAN_POINT('Ctrl Pts',(-20.453792921965,201.265125118369,-5.59790185579831));
#1843=CARTESIAN_POINT('Ctrl Pts',(-20.4805692926334,201.267249843588,-5.60954838777998));
#1844=CARTESIAN_POINT('Ctrl Pts',(-20.507357908022,201.269375199295,-5.62116003133953));
#1845=CARTESIAN_POINT('Ctrl Pts',(-22.9555422753097,201.463609299935,-6.68233634928635));
#1846=CARTESIAN_POINT('Ctrl Pts',(-25.5368319014915,201.669496686676,-7.40612790398117));
#1847=CARTESIAN_POINT('Ctrl Pts',(-28.1407158744159,201.876077410691,-7.98721228350621));
#1848=CARTESIAN_POINT('Ctrl Pts',(-28.2461284653293,201.884440382919,-8.01073622336757));
#1849=CARTESIAN_POINT('Ctrl Pts',(-28.3515780852034,201.89280449143,-8.03402628622));
#1850=CARTESIAN_POINT('Ctrl Pts',(-28.4570574021178,201.901169009078,-8.05709538807797));
#1851=CARTESIAN_POINT('Ctrl Pts',(-28.5220552619342,201.906323344178,-8.07131089773915));
#1852=CARTESIAN_POINT('Ctrl Pts',(-28.5870643983114,201.911477834636,-8.08544250408683));
#1853=CARTESIAN_POINT('Ctrl Pts',(-28.6520830956616,201.916632310308,-8.09949322932494));
#1854=CARTESIAN_POINT('Ctrl Pts',(-28.7113627896512,201.921331816034,-8.11230373963032));
#1855=CARTESIAN_POINT('Ctrl Pts',(-28.770656826813,201.926032656584,-8.12503977294238));
#1856=CARTESIAN_POINT('Ctrl Pts',(-28.8299652016234,201.930734848797,-8.13770164746838));
#1857=CARTESIAN_POINT('Ctrl Pts',(-33.6905283895297,202.316098677173,-9.17539390269515));
#1858=CARTESIAN_POINT('Ctrl Pts',(-38.6470352790118,202.710466210279,-9.71540263800597));
#1859=CARTESIAN_POINT('Ctrl Pts',(-43.6090592326233,203.104702916649,-10.0318758002729));
#1860=CARTESIAN_POINT('Ctrl Pts',(-44.1517806025496,203.147822556408,-10.0664900523958));
#1861=CARTESIAN_POINT('Ctrl Pts',(-44.6945679725146,203.190940631097,-10.0984301729057));
#1862=CARTESIAN_POINT('Ctrl Pts',(-45.2373030245868,203.234045188715,-10.1280548682593));
#1863=CARTESIAN_POINT('Ctrl Pts',(-45.3507863521098,203.243058147453,-10.1342492516748));
#1864=CARTESIAN_POINT('Ctrl Pts',(-45.4642673922512,203.252070515214,-10.1403424027846));
#1865=CARTESIAN_POINT('Ctrl Pts',(-45.5777450633699,203.261082182734,-10.1463376008179));
#1866=CARTESIAN_POINT('Ctrl Pts',(-45.6559406806618,203.267291976234,-10.1504687942622));
#1867=CARTESIAN_POINT('Ctrl Pts',(-45.7341392911757,203.273501978046,-10.154544698185));
#1868=CARTESIAN_POINT('Ctrl Pts',(-45.8123411830057,203.279712226672,-10.158564973048));
#1869=CARTESIAN_POINT('Ctrl Pts',(-50.0625485399558,203.617234040786,-10.3770635464208));
#1870=CARTESIAN_POINT('Ctrl Pts',(-54.322099179151,203.955443787026,-10.4319106602197));
#1871=CARTESIAN_POINT('Ctrl Pts',(-58.5799499648051,204.29377640079,-10.3781078845822));
#1872=CARTESIAN_POINT('Ctrl Pts',(-59.511354824167,204.367786660051,-10.3663385274115));
#1873=CARTESIAN_POINT('Ctrl Pts',(-60.4426783428792,204.441802798706,-10.3493701032441));
#1874=CARTESIAN_POINT('Ctrl Pts',(-61.3738049265917,204.515818901908,-10.3277783425904));
#1875=CARTESIAN_POINT('Ctrl Pts',(-61.7255982410775,204.543783274021,-10.3196206579331));
#1876=CARTESIAN_POINT('Ctrl Pts',(-62.0773634442833,204.571747641073,-10.3108030199613));
#1877=CARTESIAN_POINT('Ctrl Pts',(-62.4290943021178,204.599711684071,-10.3013564782604));
#1878=CARTESIAN_POINT('Ctrl Pts',(-62.6530988548877,204.617520962973,-10.295340320446));
#1879=CARTESIAN_POINT('Ctrl Pts',(-62.877089467336,204.635330044531,-10.289069464122));
#1880=CARTESIAN_POINT('Ctrl Pts',(-63.1010742704399,204.653137018342,-10.2825359135562));
#1881=CARTESIAN_POINT('Ctrl Pts',(-66.6362705658254,204.934187995802,-10.1794155971957));
#1882=CARTESIAN_POINT('Ctrl Pts',(-70.1694908230225,205.214840110322,-10.0115800028715));
#1883=CARTESIAN_POINT('Ctrl Pts',(-73.6998300993824,205.495367293333,-9.79293094339774));
#1884=CARTESIAN_POINT('Ctrl Pts',(-75.2443535327899,205.6180979359,-9.69727197987797));
#1885=CARTESIAN_POINT('Ctrl Pts',(-76.7883255284554,205.740804665806,-9.59188700153433));
#1886=CARTESIAN_POINT('Ctrl Pts',(-78.3316703062523,205.863510422182,-9.47794014938306));
#1887=CARTESIAN_POINT('Ctrl Pts',(-78.7707876267459,205.89842305073,-9.44551963187124));
#1888=CARTESIAN_POINT('Ctrl Pts',(-79.2098541718053,205.933335600468,-9.41240600135943));
#1889=CARTESIAN_POINT('Ctrl Pts',(-79.6488681959776,205.968248599755,-9.37862607165079));
#1890=CARTESIAN_POINT('Ctrl Pts',(-79.8612499798045,205.985138458983,-9.36228435741377));
#1891=CARTESIAN_POINT('Ctrl Pts',(-80.0736196328253,206.002026771269,-9.34579530977465));
#1892=CARTESIAN_POINT('Ctrl Pts',(-80.2859772295208,206.01891287965,-9.32916375874237));
#1893=CARTESIAN_POINT('Ctrl Pts',(-85.908669340171,206.466014324801,-8.88880234840318));
#1894=CARTESIAN_POINT('Ctrl Pts',(-91.5228933145806,206.911729199503,-8.34771793448856));
#1895=CARTESIAN_POINT('Ctrl Pts',(-97.1287221395355,207.356854002581,-7.72835026405812));
#1896=CARTESIAN_POINT('Ctrl Pts',(-101.333093758252,207.69069760489,-7.26382451123529));
#1897=CARTESIAN_POINT('Ctrl Pts',(-105.532743105378,208.024209291949,-6.75526442662612));
#1898=CARTESIAN_POINT('Ctrl Pts',(-109.727700971829,208.357725087395,-6.21213677859017));
#1899=CARTESIAN_POINT('Ctrl Pts',(-110.514255571789,208.420259299041,-6.11030034458343));
#1900=CARTESIAN_POINT('Ctrl Pts',(-111.30064523688,208.482793655124,-6.00724864467514));
#1901=CARTESIAN_POINT('Ctrl Pts',(-112.086870170069,208.545330370646,-5.9030440818796));
#1902=CARTESIAN_POINT('Ctrl Pts',(-112.500759180579,208.578251304867,-5.84818812200669));
#1903=CARTESIAN_POINT('Ctrl Pts',(-112.914602539923,208.611172892944,-5.79301267613917));
#1904=CARTESIAN_POINT('Ctrl Pts',(-113.32840027771,208.644095458015,-5.73752684795356));
#1905=CARTESIAN_POINT('Ctrl Pts',(-113.636705673958,208.668624844097,-5.6961864086935));
#1906=CARTESIAN_POINT('Ctrl Pts',(-113.944985878044,208.693154460679,-5.65467410373218));
#1907=CARTESIAN_POINT('Ctrl Pts',(-114.25324388134,208.717673553788,-5.61298122191986));
#1908=CARTESIAN_POINT('Ctrl Pts',(-125.3202125308,209.597949270382,-4.11613828195103));
#1909=CARTESIAN_POINT('Ctrl Pts',(-136.357454997362,210.468362604135,-2.38916690316426));
#1910=CARTESIAN_POINT('Ctrl Pts',(-147.347818397282,211.350979562422,-0.403711429359806));
#1911=CARTESIAN_POINT('Ctrl Pts',(-14.1492103718497,199.897521527612,30.4716827173153));
#1912=CARTESIAN_POINT('Ctrl Pts',(-14.1521106881694,199.935862780157,30.4703503425605));
#1913=CARTESIAN_POINT('Ctrl Pts',(-14.1550110044892,199.974204032703,30.4690179678057));
#1914=CARTESIAN_POINT('Ctrl Pts',(-14.1579113208091,200.012545285249,30.4676855930509));
#1915=CARTESIAN_POINT('Ctrl Pts',(-14.1869144840074,200.395957810704,30.4543618455031));
#1916=CARTESIAN_POINT('Ctrl Pts',(-14.2553024994593,200.74447411956,30.3546336668794));
#1917=CARTESIAN_POINT('Ctrl Pts',(-14.6236463718291,200.783353881602,30.171307270723));
#1918=CARTESIAN_POINT('Ctrl Pts',(-14.6641641977898,200.787630655427,30.1511413671457));
#1919=CARTESIAN_POINT('Ctrl Pts',(-14.7046820237505,200.791907429252,30.1309754635685));
#1920=CARTESIAN_POINT('Ctrl Pts',(-14.7451998497111,200.796184203077,30.1108095599913));
#1921=CARTESIAN_POINT('Ctrl Pts',(-14.0962821108962,199.886065792537,20.3147742899596));
#1922=CARTESIAN_POINT('Ctrl Pts',(-14.0992800156284,199.926831745525,20.3138860261713));
#1923=CARTESIAN_POINT('Ctrl Pts',(-14.1022779203608,199.967597698514,20.3129977623829));
#1924=CARTESIAN_POINT('Ctrl Pts',(-14.1052758250931,200.008363651503,20.3121094985946));
#1925=CARTESIAN_POINT('Ctrl Pts',(-14.1352548724164,200.416023181392,20.3032268607113));
#1926=CARTESIAN_POINT('Ctrl Pts',(-14.2546347122134,200.74967481098,20.236740364192));
#1927=CARTESIAN_POINT('Ctrl Pts',(-14.6451794957658,200.791440442612,20.1145208471991));
#1928=CARTESIAN_POINT('Ctrl Pts',(-14.6881394219565,200.796034662091,20.1010767003299));
#1929=CARTESIAN_POINT('Ctrl Pts',(-14.7310993481473,200.800628881571,20.0876325534607));
#1930=CARTESIAN_POINT('Ctrl Pts',(-14.774059274338,200.80522310105,20.0741884065915));
#1931=CARTESIAN_POINT('Ctrl Pts',(-14.0433538499427,199.874610057461,10.1578658626039));
#1932=CARTESIAN_POINT('Ctrl Pts',(-14.0464493430875,199.917800710893,10.157421709782));
#1933=CARTESIAN_POINT('Ctrl Pts',(-14.0495448362323,199.960991364325,10.1569775569602));
#1934=CARTESIAN_POINT('Ctrl Pts',(-14.0526403293771,200.004182017758,10.1565334041383));
#1935=CARTESIAN_POINT('Ctrl Pts',(-14.0835952608255,200.436088552081,10.1520918759194));
#1936=CARTESIAN_POINT('Ctrl Pts',(-14.2539669249675,200.7548755024,10.1188470615046));
#1937=CARTESIAN_POINT('Ctrl Pts',(-14.6667126197024,200.799527003621,10.0577344236753));
#1938=CARTESIAN_POINT('Ctrl Pts',(-14.7121146461233,200.804438668755,10.0510120335141));
#1939=CARTESIAN_POINT('Ctrl Pts',(-14.7575166725441,200.80935033389,10.0442896433528));
#1940=CARTESIAN_POINT('Ctrl Pts',(-14.802918698965,200.814261999024,10.0375672531916));
#1941=CARTESIAN_POINT('Ctrl Pts',(-13.9904255889892,199.863154322385,0.000957435248268375));
#1942=CARTESIAN_POINT('Ctrl Pts',(-13.9936186705465,199.908769676261,0.000957393392829996));
#1943=CARTESIAN_POINT('Ctrl Pts',(-13.9968117521038,199.954385030136,0.000957351537391616));
#1944=CARTESIAN_POINT('Ctrl Pts',(-14.0000048336612,200.000000384012,0.000957309681953237));
#1945=CARTESIAN_POINT('Ctrl Pts',(-14.0319356492346,200.456153922769,0.000956891127569444));
#1946=CARTESIAN_POINT('Ctrl Pts',(-14.2532991377216,200.76007619382,0.000953758817207108));
#1947=CARTESIAN_POINT('Ctrl Pts',(-14.6882457436391,200.807613564631,0.000948000151449387));
#1948=CARTESIAN_POINT('Ctrl Pts',(-14.73608987029,200.81284267542,0.000947366698216038));
#1949=CARTESIAN_POINT('Ctrl Pts',(-14.7839339969409,200.818071786209,0.000946733244982688));
#1950=CARTESIAN_POINT('Ctrl Pts',(-14.8317781235919,200.823300896998,0.000946099791749339));
#1951=CARTESIAN_POINT('Ctrl Pts',(-13.9866648680565,199.862340356048,-0.720723146077776));
#1952=CARTESIAN_POINT('Ctrl Pts',(-13.9898648835803,199.908127992586,-0.72069163243946));
#1953=CARTESIAN_POINT('Ctrl Pts',(-13.9930648991041,199.953915629124,-0.720660118801145));
#1954=CARTESIAN_POINT('Ctrl Pts',(-13.9962649146279,199.999703265662,-0.720628605162829));
#1955=CARTESIAN_POINT('Ctrl Pts',(-14.0282650698658,200.457579631043,-0.720313468779673));
#1956=CARTESIAN_POINT('Ctrl Pts',(-14.2532516893183,200.760445719453,-0.717954674068938));
#1957=CARTESIAN_POINT('Ctrl Pts',(-14.6897757404399,200.808188140457,-0.713618595019686));
#1958=CARTESIAN_POINT('Ctrl Pts',(-14.7377933860633,200.813439806767,-0.713141626324269));
#1959=CARTESIAN_POINT('Ctrl Pts',(-14.7858110316867,200.818691473077,-0.712664657628851));
#1960=CARTESIAN_POINT('Ctrl Pts',(-14.8338286773101,200.823943139388,-0.712187688933433));
#1961=CARTESIAN_POINT('Ctrl Pts',(-14.2011168380558,199.87977529495,-1.43279693741446));
#1962=CARTESIAN_POINT('Ctrl Pts',(-14.2043268821268,199.925431151602,-1.43275567853586));
#1963=CARTESIAN_POINT('Ctrl Pts',(-14.2075369261978,199.971087008254,-1.43271441965726));
#1964=CARTESIAN_POINT('Ctrl Pts',(-14.2107469702688,200.016742864906,-1.43267316077866));
#1965=CARTESIAN_POINT('Ctrl Pts',(-14.2428474109786,200.473301431425,-1.43226057199264));
#1966=CARTESIAN_POINT('Ctrl Pts',(-14.4666372438554,200.775606252652,-1.42983610658086));
#1967=CARTESIAN_POINT('Ctrl Pts',(-14.9021118271522,200.823004200268,-1.42433668579624));
#1968=CARTESIAN_POINT('Ctrl Pts',(-14.9500140313149,200.828217974506,-1.42373174950993));
#1969=CARTESIAN_POINT('Ctrl Pts',(-14.9979162354775,200.833431748744,-1.42312681322362));
#1970=CARTESIAN_POINT('Ctrl Pts',(-15.0458184396402,200.838645522982,-1.42252187693731));
#1971=CARTESIAN_POINT('Ctrl Pts',(-14.9164150270996,199.930422006016,-2.6807825495884));
#1972=CARTESIAN_POINT('Ctrl Pts',(-14.919653934632,199.97814028367,-2.6805218947006));
#1973=CARTESIAN_POINT('Ctrl Pts',(-14.9228928421644,200.025858561325,-2.6802612398128));
#1974=CARTESIAN_POINT('Ctrl Pts',(-14.9261317496968,200.073576838979,-2.680000584925));
#1975=CARTESIAN_POINT('Ctrl Pts',(-14.9585208250208,200.550759615523,-2.677394036047));
#1976=CARTESIAN_POINT('Ctrl Pts',(-15.2311894599406,200.833707081948,-2.65658152122109));
#1977=CARTESIAN_POINT('Ctrl Pts',(-15.6850401709322,200.883360863649,-2.62051966705925));
#1978=CARTESIAN_POINT('Ctrl Pts',(-15.7349637491412,200.888822779637,-2.61655286310145));
#1979=CARTESIAN_POINT('Ctrl Pts',(-15.7848873273503,200.894284695624,-2.61258605914365));
#1980=CARTESIAN_POINT('Ctrl Pts',(-15.8348109055594,200.899746611611,-2.60861925518585));
#1981=CARTESIAN_POINT('Ctrl Pts',(-15.3987690199602,199.964210684823,-3.22691579785086));
#1982=CARTESIAN_POINT('Ctrl Pts',(-15.4019424960096,200.013434461992,-3.22647557571696));
#1983=CARTESIAN_POINT('Ctrl Pts',(-15.405115972059,200.062658239162,-3.22603535358307));
#1984=CARTESIAN_POINT('Ctrl Pts',(-15.4082894481084,200.111882016332,-3.22559513144918));
#1985=CARTESIAN_POINT('Ctrl Pts',(-15.4400242086021,200.604119788027,-3.22119291011027));
#1986=CARTESIAN_POINT('Ctrl Pts',(-15.7424459380928,200.873426382487,-3.18124532856388));
#1987=CARTESIAN_POINT('Ctrl Pts',(-16.207959100891,200.924980857672,-3.11796857383494));
#1988=CARTESIAN_POINT('Ctrl Pts',(-16.2591655487988,200.930651849942,-3.11100813081476));
#1989=CARTESIAN_POINT('Ctrl Pts',(-16.3103719967066,200.936322842212,-3.10404768779457));
#1990=CARTESIAN_POINT('Ctrl Pts',(-16.3615784446144,200.941993834483,-3.09708724477439));
#1991=CARTESIAN_POINT('Ctrl Pts',(-17.0097862378398,200.080367986264,-4.66231901519621));
#1992=CARTESIAN_POINT('Ctrl Pts',(-17.012638336828,200.133509727647,-4.66147974438163));
#1993=CARTESIAN_POINT('Ctrl Pts',(-17.0154904358162,200.18665146903,-4.66064047356705));
#1994=CARTESIAN_POINT('Ctrl Pts',(-17.0183425348044,200.239793210412,-4.65980120275247));
#1995=CARTESIAN_POINT('Ctrl Pts',(-17.0468635246863,200.77121062424,-4.65140849460667));
#1996=CARTESIAN_POINT('Ctrl Pts',(-17.4227713950868,201.005326074647,-4.54826956211847));
#1997=CARTESIAN_POINT('Ctrl Pts',(-17.9116434160926,201.061897492046,-4.40981961161429));
#1998=CARTESIAN_POINT('Ctrl Pts',(-17.9654193384033,201.06812034796,-4.39459011705883));
#1999=CARTESIAN_POINT('Ctrl Pts',(-18.0191952607139,201.074343203873,-4.37936062250337));
#2000=CARTESIAN_POINT('Ctrl Pts',(-18.0729711830246,201.080566059787,-4.36413112794791));
#2001=CARTESIAN_POINT('Ctrl Pts',(-18.2681090561564,200.174626037506,-5.38559119541025));
#2002=CARTESIAN_POINT('Ctrl Pts',(-18.2707035818044,200.229650587802,-5.38464300539573));
#2003=CARTESIAN_POINT('Ctrl Pts',(-18.2732981074524,200.284675138099,-5.38369481538121));
#2004=CARTESIAN_POINT('Ctrl Pts',(-18.2758926331005,200.339699688396,-5.38274662536668));
#2005=CARTESIAN_POINT('Ctrl Pts',(-18.3018378895808,200.889945191362,-5.37326472522146));
#2006=CARTESIAN_POINT('Ctrl Pts',(-18.7010672625197,201.106009011084,-5.22889835128154));
#2007=CARTESIAN_POINT('Ctrl Pts',(-19.1939326550466,201.165221710045,-5.05036974784649));
#2008=CARTESIAN_POINT('Ctrl Pts',(-19.2481478482245,201.171735106931,-5.03073160146863));
#2009=CARTESIAN_POINT('Ctrl Pts',(-19.3023630414025,201.178248503817,-5.01109345509078));
#2010=CARTESIAN_POINT('Ctrl Pts',(-19.3565782345805,201.184761900703,-4.99145530871292));
#2011=CARTESIAN_POINT('Ctrl Pts',(-22.1683256273437,200.477519061646,-7.21359365597808));
#2012=CARTESIAN_POINT('Ctrl Pts',(-22.1704067378389,200.534823142901,-7.2125412358922));
#2013=CARTESIAN_POINT('Ctrl Pts',(-22.172487848334,200.592127224156,-7.21148881580633));
#2014=CARTESIAN_POINT('Ctrl Pts',(-22.1745689588292,200.649431305411,-7.21043639572045));
#2015=CARTESIAN_POINT('Ctrl Pts',(-22.1953800637807,201.222472117961,-7.1999121948617));
#2016=CARTESIAN_POINT('Ctrl Pts',(-22.6205333736475,201.413070740791,-6.99155981018833));
#2017=CARTESIAN_POINT('Ctrl Pts',(-23.1107991274454,201.475983353367,-6.74955160791152));
#2018=CARTESIAN_POINT('Ctrl Pts',(-23.1647283603632,201.482903740751,-6.72293070566107));
#2019=CARTESIAN_POINT('Ctrl Pts',(-23.218657593281,201.489824128134,-6.69630980341062));
#2020=CARTESIAN_POINT('Ctrl Pts',(-23.2725868261988,201.496744515517,-6.66968890116017));
#2021=CARTESIAN_POINT('Ctrl Pts',(-24.9416683589724,200.695887231037,-8.01784120578434));
#2022=CARTESIAN_POINT('Ctrl Pts',(-24.9435235923693,200.7538270178,-8.01680092302252));
#2023=CARTESIAN_POINT('Ctrl Pts',(-24.9453788257663,200.811766804564,-8.01576064026069));
#2024=CARTESIAN_POINT('Ctrl Pts',(-24.9472340591632,200.869706591328,-8.01472035749886));
#2025=CARTESIAN_POINT('Ctrl Pts',(-24.9657863931326,201.449104458965,-8.00431752988058));
#2026=CARTESIAN_POINT('Ctrl Pts',(-25.3915861331974,201.631771586176,-7.76688632542292));
#2027=CARTESIAN_POINT('Ctrl Pts',(-25.8736492914287,201.696432224478,-7.49817823245785));
#2028=CARTESIAN_POINT('Ctrl Pts',(-25.9266762388342,201.703544894691,-7.46862034223169));
#2029=CARTESIAN_POINT('Ctrl Pts',(-25.9797031862396,201.710657564904,-7.43906245200553));
#2030=CARTESIAN_POINT('Ctrl Pts',(-26.0327301336451,201.717770235117,-7.40950456177937));
#2031=CARTESIAN_POINT('Ctrl Pts',(-33.3362934846724,201.361392755239,-9.92429319503159));
#2032=CARTESIAN_POINT('Ctrl Pts',(-33.3376650066971,201.41976351862,-9.92329577909377));
#2033=CARTESIAN_POINT('Ctrl Pts',(-33.3390365287218,201.478134282001,-9.92229836315596));
#2034=CARTESIAN_POINT('Ctrl Pts',(-33.3404080507465,201.536505045382,-9.92130094721814));
#2035=CARTESIAN_POINT('Ctrl Pts',(-33.3541232709933,202.120212679192,-9.91132678783999));
#2036=CARTESIAN_POINT('Ctrl Pts',(-33.7598657300021,202.288315366306,-9.62350258323736));
#2037=CARTESIAN_POINT('Ctrl Pts',(-34.2146076646622,202.35769297241,-9.30048532440613));
#2038=CARTESIAN_POINT('Ctrl Pts',(-34.2646292774749,202.365324509081,-9.2649534259347));
#2039=CARTESIAN_POINT('Ctrl Pts',(-34.3146508902875,202.372956045753,-9.22942152746326));
#2040=CARTESIAN_POINT('Ctrl Pts',(-34.3646725031001,202.380587582424,-9.19388962899183));
#2041=CARTESIAN_POINT('Ctrl Pts',(-39.0647608139384,201.816366507883,-10.5221495323204));
#2042=CARTESIAN_POINT('Ctrl Pts',(-39.0659649479876,201.874766042409,-10.5211731445471));
#2043=CARTESIAN_POINT('Ctrl Pts',(-39.0671690820369,201.933165576936,-10.5201967567738));
#2044=CARTESIAN_POINT('Ctrl Pts',(-39.0683732160861,201.991565111462,-10.5192203690006));
#2045=CARTESIAN_POINT('Ctrl Pts',(-39.0804145565784,202.575560456726,-10.5094564912679));
#2046=CARTESIAN_POINT('Ctrl Pts',(-39.4683004933817,202.73561633146,-10.1960053884274));
#2047=CARTESIAN_POINT('Ctrl Pts',(-39.9023754583974,202.810480329233,-9.84566856520667));
#2048=CARTESIAN_POINT('Ctrl Pts',(-39.9501237045491,202.818715368988,-9.80713151465239));
#2049=CARTESIAN_POINT('Ctrl Pts',(-39.9978719507009,202.826950408743,-9.76859446409811));
#2050=CARTESIAN_POINT('Ctrl Pts',(-40.0456201968526,202.835185448498,-9.73005741354383));
#2051=CARTESIAN_POINT('Ctrl Pts',(-50.5163368456908,202.728231049749,-11.1859706996832));
#2052=CARTESIAN_POINT('Ctrl Pts',(-50.5172927927086,202.785914087929,-11.1850143861347));
#2053=CARTESIAN_POINT('Ctrl Pts',(-50.5182487397265,202.843597126109,-11.1840580725861));
#2054=CARTESIAN_POINT('Ctrl Pts',(-50.5192046867444,202.901280164289,-11.1831017590375));
#2055=CARTESIAN_POINT('Ctrl Pts',(-50.5287641569231,203.478110546089,-11.1735386235519));
#2056=CARTESIAN_POINT('Ctrl Pts',(-50.8695255959006,203.625894280126,-10.8344729979645));
#2057=CARTESIAN_POINT('Ctrl Pts',(-51.2609837510037,203.712544366119,-10.4455042096505));
#2058=CARTESIAN_POINT('Ctrl Pts',(-51.304044148065,203.722075875578,-10.4027176429359));
#2059=CARTESIAN_POINT('Ctrl Pts',(-51.3471045451264,203.731607385037,-10.3599310762214));
#2060=CARTESIAN_POINT('Ctrl Pts',(-51.3901649421877,203.741138894496,-10.3171445095068));
#2061=CARTESIAN_POINT('Ctrl Pts',(-56.2596852516662,203.186172925316,-11.2105910017102));
#2062=CARTESIAN_POINT('Ctrl Pts',(-56.2605653014299,203.243296706366,-11.2096331509443));
#2063=CARTESIAN_POINT('Ctrl Pts',(-56.2614453511935,203.300420487416,-11.2086753001784));
#2064=CARTESIAN_POINT('Ctrl Pts',(-56.2623254009572,203.357544268465,-11.2077174494125));
#2065=CARTESIAN_POINT('Ctrl Pts',(-56.2711258985938,203.928782078961,-11.1981389417534));
#2066=CARTESIAN_POINT('Ctrl Pts',(-56.5869966074846,204.074067224062,-10.8539764007822));
#2067=CARTESIAN_POINT('Ctrl Pts',(-56.9573325392919,204.164818888591,-10.4513921411269));
#2068=CARTESIAN_POINT('Ctrl Pts',(-56.9980694917908,204.174801571689,-10.4071078725648));
#2069=CARTESIAN_POINT('Ctrl Pts',(-57.0388064442896,204.184784254787,-10.3628236040028));
#2070=CARTESIAN_POINT('Ctrl Pts',(-57.0795433967884,204.194766937885,-10.3185393354407));
#2071=CARTESIAN_POINT('Ctrl Pts',(-67.7292572409611,204.100730112374,-10.9245755728949));
#2072=CARTESIAN_POINT('Ctrl Pts',(-67.7300018706515,204.156725372295,-10.9236011219402));
#2073=CARTESIAN_POINT('Ctrl Pts',(-67.7307465003419,204.212720632216,-10.9226266709854));
#2074=CARTESIAN_POINT('Ctrl Pts',(-67.7314911300323,204.268715892137,-10.9216522200307));
#2075=CARTESIAN_POINT('Ctrl Pts',(-67.7389374269366,204.828668491346,-10.9119077104834));
#2076=CARTESIAN_POINT('Ctrl Pts',(-68.0036576027471,204.977863316735,-10.5654323089524));
#2077=CARTESIAN_POINT('Ctrl Pts',(-68.3314074562459,205.069145829367,-10.1376141899926));
#2078=CARTESIAN_POINT('Ctrl Pts',(-68.3674599401307,205.079186905757,-10.0905541969071));
#2079=CARTESIAN_POINT('Ctrl Pts',(-68.4035124240156,205.089227982146,-10.0434942038215));
#2080=CARTESIAN_POINT('Ctrl Pts',(-68.4395649079004,205.099269058536,-9.9964342107359));
#2081=CARTESIAN_POINT('Ctrl Pts',(-73.4591900419025,204.5578344446,-10.6060587682502));
#2082=CARTESIAN_POINT('Ctrl Pts',(-73.4598805478032,204.613196089259,-10.6050711593081));
#2083=CARTESIAN_POINT('Ctrl Pts',(-73.4605710537038,204.668557733919,-10.6040835503661));
#2084=CARTESIAN_POINT('Ctrl Pts',(-73.4612615596045,204.723919378578,-10.603095941424));
#2085=CARTESIAN_POINT('Ctrl Pts',(-73.4681666186112,205.27753582517,-10.5932198520033));
#2086=CARTESIAN_POINT('Ctrl Pts',(-73.7072437118383,205.431219058785,-10.2499257877401));
#2087=CARTESIAN_POINT('Ctrl Pts',(-74.0134319373662,205.520240408249,-9.81171586979692));
#2088=CARTESIAN_POINT('Ctrl Pts',(-74.0471126421743,205.53003275669,-9.76351277882317));
#2089=CARTESIAN_POINT('Ctrl Pts',(-74.0807933469824,205.539825105131,-9.71530968784942));
#2090=CARTESIAN_POINT('Ctrl Pts',(-74.1144740517905,205.549617453572,-9.66710659687567));
#2091=CARTESIAN_POINT('Ctrl Pts',(-90.6221086266381,205.926646230955,-9.30869107268915));
#2092=CARTESIAN_POINT('Ctrl Pts',(-90.6226357497151,205.980228860875,-9.30765850758928));
#2093=CARTESIAN_POINT('Ctrl Pts',(-90.6231628727921,206.033811490795,-9.3066259424894));
#2094=CARTESIAN_POINT('Ctrl Pts',(-90.6236899958691,206.087394120714,-9.30559337738953));
#2095=CARTESIAN_POINT('Ctrl Pts',(-90.6289612266393,206.623220419911,-9.29526772639078));
#2096=CARTESIAN_POINT('Ctrl Pts',(-90.7939387853589,206.794906865387,-8.96733987820129));
#2097=CARTESIAN_POINT('Ctrl Pts',(-91.033162036714,206.873748541477,-8.50058710892592));
#2098=CARTESIAN_POINT('Ctrl Pts',(-91.059476594363,206.882421125847,-8.44924430430563));
#2099=CARTESIAN_POINT('Ctrl Pts',(-91.0857911520121,206.891093710216,-8.39790149968534));
#2100=CARTESIAN_POINT('Ctrl Pts',(-91.1121057096611,206.899766294586,-8.34655869506505));
#2101=CARTESIAN_POINT('Ctrl Pts',(-102.028308850182,206.836374820956,-8.018649085976));
#2102=CARTESIAN_POINT('Ctrl Pts',(-102.028731515293,206.888762725024,-8.01758810724541));
#2103=CARTESIAN_POINT('Ctrl Pts',(-102.029154180405,206.941150629091,-8.01652712851482));
#2104=CARTESIAN_POINT('Ctrl Pts',(-102.029576845516,206.993538533159,-8.01546614978424));
#2105=CARTESIAN_POINT('Ctrl Pts',(-102.033803496628,207.517417573835,-8.00485636247835));
#2106=CARTESIAN_POINT('Ctrl Pts',(-102.154320532412,207.703619457763,-7.69422335486962));
#2107=CARTESIAN_POINT('Ctrl Pts',(-102.345151498315,207.770313499341,-7.21317424034015));
#2108=CARTESIAN_POINT('Ctrl Pts',(-102.366142904564,207.777649843914,-7.16025883774191));
#2109=CARTESIAN_POINT('Ctrl Pts',(-102.387134310814,207.784986188488,-7.10734343514367));
#2110=CARTESIAN_POINT('Ctrl Pts',(-102.408125717063,207.792322533062,-7.05442803254542));
#2111=CARTESIAN_POINT('Ctrl Pts',(-124.773821240071,208.648638474785,-4.97239145816077));
#2112=CARTESIAN_POINT('Ctrl Pts',(-124.774007081747,208.69926123755,-4.97126384480048));
#2113=CARTESIAN_POINT('Ctrl Pts',(-124.774192923424,208.749884000315,-4.97013623144019));
#2114=CARTESIAN_POINT('Ctrl Pts',(-124.7743787651,208.80050676308,-4.9690086180799));
#2115=CARTESIAN_POINT('Ctrl Pts',(-124.776237181863,209.306734390728,-4.95773248447697));
#2116=CARTESIAN_POINT('Ctrl Pts',(-124.819560474513,209.525313555554,-4.67970792837002));
#2117=CARTESIAN_POINT('Ctrl Pts',(-124.901631649388,209.565026965277,-4.18035428023786));
#2118=CARTESIAN_POINT('Ctrl Pts',(-124.910659478625,209.569395440346,-4.12542537894332));
#2119=CARTESIAN_POINT('Ctrl Pts',(-124.919687307861,209.573763915416,-4.07049647764878));
#2120=CARTESIAN_POINT('Ctrl Pts',(-124.928715137097,209.578132390485,-4.01556757635425));
#2121=CARTESIAN_POINT('Ctrl Pts',(-136.115883631734,209.55242845917,-3.20659043826269));
#2122=CARTESIAN_POINT('Ctrl Pts',(-136.115944669923,209.602135931252,-3.20543006775712));
#2123=CARTESIAN_POINT('Ctrl Pts',(-136.116005708113,209.651843403334,-3.20426969725156));
#2124=CARTESIAN_POINT('Ctrl Pts',(-136.116066746303,209.701550875415,-3.20310932674599));
#2125=CARTESIAN_POINT('Ctrl Pts',(-136.116677128199,210.198625596235,-3.19150562169032));
#2126=CARTESIAN_POINT('Ctrl Pts',(-136.127703269404,210.425130629231,-2.9249092399319));
#2127=CARTESIAN_POINT('Ctrl Pts',(-136.149481974216,210.451720859498,-2.42554255067788));
#2128=CARTESIAN_POINT('Ctrl Pts',(-136.151877631746,210.454645784828,-2.37061221485994));
#2129=CARTESIAN_POINT('Ctrl Pts',(-136.154273289275,210.457570710157,-2.315681879042));
#2130=CARTESIAN_POINT('Ctrl Pts',(-136.156668946804,210.460495635486,-2.26075154322405));
#2131=CARTESIAN_POINT('Ctrl Pts',(-147.408792932293,210.450028329058,-1.16939830251726));
#2132=CARTESIAN_POINT('Ctrl Pts',(-147.408695524805,210.499579548101,-1.16815646040615));
#2133=CARTESIAN_POINT('Ctrl Pts',(-147.408598117316,210.549130767144,-1.16691461829505));
#2134=CARTESIAN_POINT('Ctrl Pts',(-147.408500709827,210.598681986187,-1.16567277618394));
#2135=CARTESIAN_POINT('Ctrl Pts',(-147.40752663494,211.094194176618,-1.15325435507285));
#2136=CARTESIAN_POINT('Ctrl Pts',(-147.387322679654,211.350331158279,-0.895555629334263));
#2137=CARTESIAN_POINT('Ctrl Pts',(-147.348652918718,211.351056451043,-0.402338461794581));
#2138=CARTESIAN_POINT('Ctrl Pts',(-147.344399245014,211.351136233248,-0.348084573365216));
#2139=CARTESIAN_POINT('Ctrl Pts',(-147.340145571311,211.351216015452,-0.293830684935851));
#2140=CARTESIAN_POINT('Ctrl Pts',(-147.335891897608,211.351295797656,-0.239576796506486));
#2141=CARTESIAN_POINT('Ctrl Pts',(-157.346418639082,211.239905525802,0.623306517740914));
#2142=CARTESIAN_POINT('Ctrl Pts',(-157.346181801283,211.289319244031,0.624620053894722));
#2143=CARTESIAN_POINT('Ctrl Pts',(-157.345944963484,211.338732962261,0.625933590048531));
#2144=CARTESIAN_POINT('Ctrl Pts',(-157.345708125685,211.38814668049,0.627247126202338));
#2145=CARTESIAN_POINT('Ctrl Pts',(-157.343339747697,211.882283862786,0.640382487740421));
#2146=CARTESIAN_POINT('Ctrl Pts',(-157.295653679392,212.164496606411,0.89025138213622));
#2147=CARTESIAN_POINT('Ctrl Pts',(-157.203789988426,212.142461062177,1.37805704379674));
#2148=CARTESIAN_POINT('Ctrl Pts',(-157.193684982419,212.140037152311,1.4317156665794));
#2149=CARTESIAN_POINT('Ctrl Pts',(-157.183579976413,212.137613242445,1.48537428936205));
#2150=CARTESIAN_POINT('Ctrl Pts',(-157.173474970407,212.135189332579,1.53903291214471));
#2151=CARTESIAN_POINT('Ctrl Pts',(-167.284044345871,212.029782722545,2.41601133799909));
#2152=CARTESIAN_POINT('Ctrl Pts',(-167.283668077762,212.079058939961,2.4173965681956));
#2153=CARTESIAN_POINT('Ctrl Pts',(-167.283291809653,212.128335157378,2.41878179839211));
#2154=CARTESIAN_POINT('Ctrl Pts',(-167.282915541544,212.177611374794,2.42016702858861));
#2155=CARTESIAN_POINT('Ctrl Pts',(-167.279152860453,212.670373548955,2.4340193305537));
#2156=CARTESIAN_POINT('Ctrl Pts',(-167.203984679129,212.978662054543,2.6760583936067));
#2157=CARTESIAN_POINT('Ctrl Pts',(-167.058927058134,212.93386567331,3.15845254938806));
#2158=CARTESIAN_POINT('Ctrl Pts',(-167.042970719824,212.928938071374,3.21151590652401));
#2159=CARTESIAN_POINT('Ctrl Pts',(-167.027014381515,212.924010469438,3.26457926365996));
#2160=CARTESIAN_POINT('Ctrl Pts',(-167.011058043205,212.919082867503,3.31764262079591));
#2161=CARTESIAN_POINT('Ctrl Pts',(-177.22167005266,212.819659919289,4.20871615825727));
#2162=CARTESIAN_POINT('Ctrl Pts',(-177.221154354241,212.868798635892,4.21017308249647));
#2163=CARTESIAN_POINT('Ctrl Pts',(-177.220638655821,212.917937352494,4.21163000673569));
#2164=CARTESIAN_POINT('Ctrl Pts',(-177.220122957402,212.967076069097,4.21308693097489));
#2165=CARTESIAN_POINT('Ctrl Pts',(-177.21496597321,213.458463235123,4.22765617336697));
#2166=CARTESIAN_POINT('Ctrl Pts',(-177.112315678867,213.792827502675,4.46186540507719));
#2167=CARTESIAN_POINT('Ctrl Pts',(-176.914064127842,213.725270284443,4.93884805497938));
#2168=CARTESIAN_POINT('Ctrl Pts',(-176.892256457229,213.717838990437,4.99131614646862));
#2169=CARTESIAN_POINT('Ctrl Pts',(-176.870448786617,213.710407696432,5.04378423795786));
#2170=CARTESIAN_POINT('Ctrl Pts',(-176.848641116004,213.702976402426,5.0962523294471));
#2171=CARTESIAN_POINT('Ctrl Pts',(-147.407577229569,210.598608619996,-1.16583939441509));
#2172=CARTESIAN_POINT('Ctrl Pts',(-147.406604080311,211.093715930683,-1.15343119008509));
#2173=CARTESIAN_POINT('Ctrl Pts',(-147.386434893358,211.349836633025,-0.896142684550477));
#2174=CARTESIAN_POINT('Ctrl Pts',(-147.347831836575,211.350980609091,-0.40371284011959));
#2175=CARTESIAN_POINT('Ctrl Pts',(-14.6871817909231,200.807497254788,-4.57588976367392E-10));
#2176=CARTESIAN_POINT('Ctrl Pts',(-14.2529374495872,200.759579763057,-1.68402731046192E-10));
#2177=CARTESIAN_POINT('Ctrl Pts',(-14.0319048084078,200.455782977255,-3.88531821143815E-11));
#2178=CARTESIAN_POINT('Ctrl Pts',(-14.,200.000000000001,2.19095477437675E-12));
#2179=CARTESIAN_POINT('Origin',(-179.673376477192,1.10483569179479E-12,
-0.737609872641385));
#2180=CARTESIAN_POINT('',(-179.673376629285,1.10450812721549E-12,0.737609844631931));
#2181=CARTESIAN_POINT('Ctrl Pts',(1.53821101795789E-14,1.11022302462516E-12,
2.48402798081121E-28));
#2182=CARTESIAN_POINT('Ctrl Pts',(-1.88339697963975E-8,1.11017028564331E-12,
0.237379663930334));
#2183=CARTESIAN_POINT('Ctrl Pts',(-0.0166829056074191,1.11011667959446E-12,
0.476342108432582));
#2184=CARTESIAN_POINT('Ctrl Pts',(-0.0834598922591968,1.11000991721255E-12,
0.947596664005903));
#2185=CARTESIAN_POINT('Ctrl Pts',(-0.134388493288314,1.10995569737174E-12,
1.18455960851037));
#2186=CARTESIAN_POINT('Ctrl Pts',(-0.267370039240302,1.10984881413736E-12,
1.6471517452907));
#2187=CARTESIAN_POINT('Ctrl Pts',(-0.438299993759121,1.10973925467332E-12,
2.11651257810659));
#2188=CARTESIAN_POINT('Ctrl Pts',(-0.668914223315836,1.10963290257814E-12,
2.56313728075458));
#2189=CARTESIAN_POINT('Ctrl Pts',(-0.934766546569226,1.10952498754448E-12,
3.01189661916859));
#2190=CARTESIAN_POINT('Ctrl Pts',(-1.24398201134344,1.10941379011464E-12,
3.46940005589892));
#2191=CARTESIAN_POINT('Ctrl Pts',(-1.78864477745833,1.10925239359892E-12,
4.12010980838591));
#2192=CARTESIAN_POINT('Ctrl Pts',(-2.21363432951941,1.10914539042308E-12,
4.54263529017587));
#2193=CARTESIAN_POINT('Ctrl Pts',(-2.67506355723304,1.1090371053023E-12,
4.96586355622558));
#2194=CARTESIAN_POINT('Ctrl Pts',(-3.18663451471935,1.1089253406305E-12,
5.39778069240247));
#2195=CARTESIAN_POINT('Ctrl Pts',(-4.01452224151067,1.10876497738058E-12,
6.00445453774521));
#2196=CARTESIAN_POINT('Ctrl Pts',(-4.63208499352448,1.10865776814699E-12,
6.40112834018085));
#2197=CARTESIAN_POINT('Ctrl Pts',(-5.28435004216346,1.10855007967358E-12,
6.79513352745389));
#2198=CARTESIAN_POINT('Ctrl Pts',(-5.98996111692518,1.1084394133293E-12,
7.19512391994326));
#2199=CARTESIAN_POINT('Ctrl Pts',(-7.09157418902416,1.10828139737639E-12,
7.75316837865715));
#2200=CARTESIAN_POINT('Ctrl Pts',(-7.90037726839672,1.10817483129799E-12,
8.12035351875195));
#2201=CARTESIAN_POINT('Ctrl Pts',(-8.73714018238012,1.10806897814686E-12,
8.4804416695477));
#2202=CARTESIAN_POINT('Ctrl Pts',(-9.62779621981483,1.10796084867621E-12,
8.84328124372358));
#2203=CARTESIAN_POINT('Ctrl Pts',(-10.9911646774975,1.10780703979303E-12,
9.34598996332626));
#2204=CARTESIAN_POINT('Ctrl Pts',(-11.9869636994813,1.10770250351188E-12,
9.67803534790835));
#2205=CARTESIAN_POINT('Ctrl Pts',(-13.0000789523245,1.10759988527183E-12,
9.99903958658175));
#2206=CARTESIAN_POINT('Ctrl Pts',(-14.0658836243505,1.10749570643966E-12,
10.3197411257632));
#2207=CARTESIAN_POINT('Ctrl Pts',(-15.6761596881976,1.10734816680683E-12,
10.7598968984596));
#2208=CARTESIAN_POINT('Ctrl Pts',(-17.4047369729693,1.10719975828132E-12,
11.1875126621775));
#2209=CARTESIAN_POINT('Ctrl Pts',(-19.213724257864,1.10705400821866E-12,
11.5919808264653));
#2210=CARTESIAN_POINT('Ctrl Pts',(-20.5048226827285,1.10695627619017E-12,
11.85233585982));
#2211=CARTESIAN_POINT('Ctrl Pts',(-21.7890088448694,1.10686217384151E-12,
12.0973148168317));
#2212=CARTESIAN_POINT('Ctrl Pts',(-23.1213543961644,1.10676757362725E-12,
12.3378376560005));
#2213=CARTESIAN_POINT('Ctrl Pts',(-24.4666382456665,1.10667747139742E-12,
12.5563157440424));
#2214=CARTESIAN_POINT('Ctrl Pts',(-25.8498468677852,1.10658776353761E-12,
12.7677449578155));
#2215=CARTESIAN_POINT('Ctrl Pts',(-27.2787554690765,1.10649791686105E-12,
12.9734439691402));
#2216=CARTESIAN_POINT('Ctrl Pts',(-29.3929753537716,1.10637241208225E-12,
13.2443420097703));
#2217=CARTESIAN_POINT('Ctrl Pts',(-30.9506945052786,1.10628534055013E-12,
13.4196376736739));
#2218=CARTESIAN_POINT('Ctrl Pts',(-32.4709769985426,1.10620307592613E-12,
13.5785032330989));
#2219=CARTESIAN_POINT('Ctrl Pts',(-34.032722749561,1.10612113001351E-12,
13.7301683996416));
#2220=CARTESIAN_POINT('Ctrl Pts',(-36.3266410989367,1.10600748099866E-12,
13.9227145117904));
#2221=CARTESIAN_POINT('Ctrl Pts',(-38.0272478883781,1.10592819300657E-12,
14.0431063422334));
#2222=CARTESIAN_POINT('Ctrl Pts',(-39.6696597153938,1.10585413293903E-12,
14.1480597025717));
#2223=CARTESIAN_POINT('Ctrl Pts',(-41.3487330827996,1.10578074834381E-12,
14.2448746037062));
#2224=CARTESIAN_POINT('Ctrl Pts',(-43.7978573437972,1.10567976645949E-12,
14.3588227276539));
#2225=CARTESIAN_POINT('Ctrl Pts',(-46.3951645682532,1.10557914580071E-12,
14.4505387022283));
#2226=CARTESIAN_POINT('Ctrl Pts',(-49.0412381669338,1.10548289795131E-12,
14.5157911044535));
#2227=CARTESIAN_POINT('Ctrl Pts',(-50.9468687003828,1.10541786825012E-12,
14.543495440768));
#2228=CARTESIAN_POINT('Ctrl Pts',(-52.7564232461751,1.10535830427942E-12,
14.5599586555962));
#2229=CARTESIAN_POINT('Ctrl Pts',(-54.5936055223666,1.10529979237504E-12,
14.5678445888944));
#2230=CARTESIAN_POINT('Ctrl Pts',(-57.2428811441452,1.105220431487E-12,
14.5566430227012));
#2231=CARTESIAN_POINT('Ctrl Pts',(-59.2496584837578,1.1051641932062E-12,
14.5307114903503));
#2232=CARTESIAN_POINT('Ctrl Pts',(-61.136047363773,1.10511331422129E-12,
14.4973987842447));
#2233=CARTESIAN_POINT('Ctrl Pts',(-63.0441473975,1.10506359577488E-12,14.4558433169294));
#2234=CARTESIAN_POINT('Ctrl Pts',(-65.7764414360004,1.10499680962787E-12,
14.376497974115));
#2235=CARTESIAN_POINT('Ctrl Pts',(-68.6802961794386,1.10493064495986E-12,
14.2704981744374));
#2236=CARTESIAN_POINT('Ctrl Pts',(-71.6085522802048,1.10486853734648E-12,
14.1428442129319));
#2237=CARTESIAN_POINT('Ctrl Pts',(-74.5580080262695,1.10481039379154E-12,
13.9943998968415));
#2238=CARTESIAN_POINT('Ctrl Pts',(-76.7132965765417,1.10477096917261E-12,
13.8721376824902));
#2239=CARTESIAN_POINT('Ctrl Pts',(-78.697138260859,1.10473626217892E-12,
13.7524826336096));
#2240=CARTESIAN_POINT('Ctrl Pts',(-80.6900922691655,1.10470273091889E-12,
13.6262684178454));
#2241=CARTESIAN_POINT('Ctrl Pts',(-83.5012291303873,1.10465870719111E-12,
13.4335049236582));
#2242=CARTESIAN_POINT('Ctrl Pts',(-86.5030552429473,1.10461535147259E-12,
13.2112175307319));
#2243=CARTESIAN_POINT('Ctrl Pts',(-88.7152182574049,1.10458595898695E-12,
13.035891457394));
#2244=CARTESIAN_POINT('Ctrl Pts',(-90.7208983409278,1.1045606406777E-12,
12.8709408322366));
#2245=CARTESIAN_POINT('Ctrl Pts',(-92.7269725956188,1.10453640869381E-12,
12.701045812265));
#2246=CARTESIAN_POINT('Ctrl Pts',(-95.5248635828502,1.10450523023691E-12,
12.4523073521591));
#2247=CARTESIAN_POINT('Ctrl Pts',(-98.5266147868941,1.10447476223044E-12,
12.1720224151829));
#2248=CARTESIAN_POINT('Ctrl Pts',(-100.76069612211,1.10445419893897E-12,
11.9539079334652));
#2249=CARTESIAN_POINT('Ctrl Pts',(-102.753173536839,1.10443697056102E-12,
11.7543802537673));
#2250=CARTESIAN_POINT('Ctrl Pts',(-104.737285457045,1.10442069810208E-12,
11.55171325756));
#2251=CARTESIAN_POINT('Ctrl Pts',(-107.469384861136,1.10440036124604E-12,
11.2633253926134));
#2252=CARTESIAN_POINT('Ctrl Pts',(-110.418614112488,1.10438082958474E-12,
10.9411193344938));
#2253=CARTESIAN_POINT('Ctrl Pts',(-113.346605178376,1.10436373820669E-12,
10.6108828651233));
#2254=CARTESIAN_POINT('Ctrl Pts',(-116.250156016503,1.10434897450644E-12,
10.2735680995488));
#2255=CARTESIAN_POINT('Ctrl Pts',(-119.126091259606,1.10433642859399E-12,
9.9301112210536));
#2256=CARTESIAN_POINT('Ctrl Pts',(-121.313585430888,1.10432840546958E-12,
9.66203148064369));
#2257=CARTESIAN_POINT('Ctrl Pts',(-123.199666411368,1.10432231008719E-12,
9.42718931438929));
#2258=CARTESIAN_POINT('Ctrl Pts',(-125.062474377994,1.10431690561235E-12,
9.19247368932414));
#2259=CARTESIAN_POINT('Ctrl Pts',(-127.556922631649,1.10431103849507E-12,
8.87200478879527));
#2260=CARTESIAN_POINT('Ctrl Pts',(-130.291296266952,1.10430631683924E-12,
8.51301620714831));
#2261=CARTESIAN_POINT('Ctrl Pts',(-132.982698034028,1.10430330086324E-12,
8.15232596239834));
#2262=CARTESIAN_POINT('Ctrl Pts',(-135.628184339737,1.1043018939507E-12,
7.79077826236188));
#2263=CARTESIAN_POINT('Ctrl Pts',(-137.691526958226,1.10430197872976E-12,
7.50346908101548));
#2264=CARTESIAN_POINT('Ctrl Pts',(-139.405948297163,1.1043027086467E-12,
7.26177696734245));
#2265=CARTESIAN_POINT('Ctrl Pts',(-141.085288744664,1.10430388720853E-12,
7.02294382469254));
#2266=CARTESIAN_POINT('Ctrl Pts',(-143.260486400914,1.10430637653129E-12,
6.70925720713579));
#2267=CARTESIAN_POINT('Ctrl Pts',(-145.693925967408,1.10431045721259E-12,
6.35249682380437));
#2268=CARTESIAN_POINT('Ctrl Pts',(-148.067547489914,1.10431567377727E-12,
5.99894206988853));
#2269=CARTESIAN_POINT('Ctrl Pts',(-150.378754856769,1.10432193111027E-12,
5.64938207511197));
#2270=CARTESIAN_POINT('Ctrl Pts',(-152.625020223585,1.10432913326915E-12,
5.30460020024388));
#2271=CARTESIAN_POINT('Ctrl Pts',(-154.803886782255,1.10433718330277E-12,
4.9653744678637));
#2272=CARTESIAN_POINT('Ctrl Pts',(-156.912971451873,1.10434598313849E-12,
4.63247769596735));
#2273=CARTESIAN_POINT('Ctrl Pts',(-158.949967488559,1.10435543354405E-12,
4.30667730670167));
#2274=CARTESIAN_POINT('Ctrl Pts',(-160.912647011272,1.10436543416858E-12,
3.98873479045595));
#2275=CARTESIAN_POINT('Ctrl Pts',(-162.798863440856,1.10437588366543E-12,
3.67940481376756));
#2276=CARTESIAN_POINT('Ctrl Pts',(-164.606553849279,1.10438667989763E-12,
3.37943396799367));
#2277=CARTESIAN_POINT('Ctrl Pts',(-166.333741217693,1.10439772022483E-12,
3.08955916379101));
#2278=CARTESIAN_POINT('Ctrl Pts',(-167.978536596396,1.10440890186874E-12,
2.8105056857366));
#2279=CARTESIAN_POINT('Ctrl Pts',(-169.539141179733,1.10442012235265E-12,
2.54298492559171));
#2280=CARTESIAN_POINT('Ctrl Pts',(-171.013848240327,1.10443128000808E-12,
2.28769183298408));
#2281=CARTESIAN_POINT('Ctrl Pts',(-172.401045103808,1.1044422745426E-12,
2.04530208478874));
#2282=CARTESIAN_POINT('Ctrl Pts',(-173.699214536405,1.10445300765314E-12,
1.8164691318462));
#2283=CARTESIAN_POINT('Ctrl Pts',(-174.906937662975,1.10446338369692E-12,
1.6018207732688));
#2284=CARTESIAN_POINT('Ctrl Pts',(-175.704532369907,1.10447047846506E-12,
1.45897382212926));
#2285=CARTESIAN_POINT('Ctrl Pts',(-176.417768778314,1.104476934597E-12,
1.33073222156534));
#2286=CARTESIAN_POINT('Ctrl Pts',(-177.068689192507,1.10448291483367E-12,
1.21329827616985));
#2287=CARTESIAN_POINT('Ctrl Pts',(-177.97470844396,1.10449146700784E-12,
1.04881402550831));
#2288=CARTESIAN_POINT('Ctrl Pts',(-178.808496544702,1.10449953606864E-12,
0.896548716540123));
#2289=CARTESIAN_POINT('Ctrl Pts',(-179.363998774891,1.10450503095827E-12,
0.794568146032707));
#2290=CARTESIAN_POINT('Ctrl Pts',(-179.641718239829,1.10450781000635E-12,
0.743440014846449));
#2291=CARTESIAN_POINT('Ctrl Pts',(-179.673376629285,1.10450812721549E-12,
0.737609844631931));
#2292=CARTESIAN_POINT('Origin',(-179.537613169213,1.10467190950203E-12,
-7.65516999091624E-12));
#2293=CARTESIAN_POINT('Ctrl Pts',(-179.673376629285,1.10450812721549E-12,
0.737609844631931));
#2294=CARTESIAN_POINT('Ctrl Pts',(-148.721521167554,218.032580826795,0.737771900958864));
#2295=CARTESIAN_POINT('Ctrl Pts',(-179.641718239829,1.10450683265765E-12,
0.743440014846449));
#2296=CARTESIAN_POINT('Ctrl Pts',(-148.698005749077,218.032580826795,0.74206325158123));
#2297=CARTESIAN_POINT('Ctrl Pts',(-179.487528470341,1.10450052962751E-12,
0.771826339023304));
#2298=CARTESIAN_POINT('Ctrl Pts',(-148.583472699736,218.032580826795,0.762957911337686));
#2299=CARTESIAN_POINT('Ctrl Pts',(-179.20988193007,1.10448919758432E-12,
0.822861324539572));
#2300=CARTESIAN_POINT('Ctrl Pts',(-148.377157686054,218.032580826795,0.800538995428767));
#2301=CARTESIAN_POINT('Ctrl Pts',(-178.775736712731,1.10447152202177E-12,
0.902464981428473));
#2302=CARTESIAN_POINT('Ctrl Pts',(-148.054494895403,218.032580826795,0.859169729839504));
#2303=CARTESIAN_POINT('Ctrl Pts',(-178.374205191101,1.10445522539934E-12,
0.975858444130777));
#2304=CARTESIAN_POINT('Ctrl Pts',(-147.756132131545,218.032580826795,0.913217356999786));
#2305=CARTESIAN_POINT('Ctrl Pts',(-177.8426686253,1.10443371240656E-12,
1.07274435040695));
#2306=CARTESIAN_POINT('Ctrl Pts',(-147.361174126524,218.032580826795,0.984566413313281));
#2307=CARTESIAN_POINT('Ctrl Pts',(-177.443131144663,1.1044175974185E-12,
1.14531980461102));
#2308=CARTESIAN_POINT('Ctrl Pts',(-147.064281608293,218.032580826795,1.03801809549004));
#2309=CARTESIAN_POINT('Ctrl Pts',(-176.815123799718,1.10439234545201E-12,
1.2590445515082));
#2310=CARTESIAN_POINT('Ctrl Pts',(-146.597618597731,218.032580826795,1.12177885307676));
#2311=CARTESIAN_POINT('Ctrl Pts',(-176.417768778314,1.10437642759163E-12,
1.33073222156534));
#2312=CARTESIAN_POINT('Ctrl Pts',(-146.302355915039,218.032580826795,1.17457979286704));
#2313=CARTESIAN_POINT('Ctrl Pts',(-175.704532369907,1.1043479522361E-12,
1.45897382212926));
#2314=CARTESIAN_POINT('Ctrl Pts',(-145.772371229442,218.032580826795,1.26903903882975));
#2315=CARTESIAN_POINT('Ctrl Pts',(-175.299215709885,1.10433183378177E-12,
1.53156488702347));
#2316=CARTESIAN_POINT('Ctrl Pts',(-145.471192195593,218.032580826795,1.32251031584192));
#2317=CARTESIAN_POINT('Ctrl Pts',(-174.524365865162,1.10430113605175E-12,
1.66981517250802));
#2318=CARTESIAN_POINT('Ctrl Pts',(-144.895426378478,218.032580826795,1.4243510224169));
#2319=CARTESIAN_POINT('Ctrl Pts',(-174.078342545674,1.10428353600344E-12,
1.74907874354035));
#2320=CARTESIAN_POINT('Ctrl Pts',(-144.564002467835,218.032580826795,1.48274231189958));
#2321=CARTESIAN_POINT('Ctrl Pts',(-173.253081304696,1.10425111041162E-12,
1.89511062674985));
#2322=CARTESIAN_POINT('Ctrl Pts',(-143.950782539419,218.032580826795,1.59032506862632));
#2323=CARTESIAN_POINT('Ctrl Pts',(-172.744233316499,1.10423120221748E-12,
1.98476916248728));
#2324=CARTESIAN_POINT('Ctrl Pts',(-143.572678406527,218.032580826795,1.65638029636121));
#2325=CARTESIAN_POINT('Ctrl Pts',(-171.89207004529,1.10419801367441E-12,
2.13423707269118));
#2326=CARTESIAN_POINT('Ctrl Pts',(-142.939473162021,218.032580826795,1.766504938712));
#2327=CARTESIAN_POINT('Ctrl Pts',(-171.321185102259,1.10417588046646E-12,
2.23391617978331));
#2328=CARTESIAN_POINT('Ctrl Pts',(-142.515275155285,218.032580826795,1.83994984857964));
#2329=CARTESIAN_POINT('Ctrl Pts',(-170.442819666986,1.1041419900322E-12,
2.38654512686928));
#2330=CARTESIAN_POINT('Ctrl Pts',(-141.86260520595,218.032580826795,1.95241447297672));
#2331=CARTESIAN_POINT('Ctrl Pts',(-169.810753242897,1.10411771939353E-12,
2.49585036615768));
#2332=CARTESIAN_POINT('Ctrl Pts',(-141.392949653306,218.032580826795,2.0329600119345));
#2333=CARTESIAN_POINT('Ctrl Pts',(-168.906914825178,1.10408318888619E-12,
2.6513619461132));
#2334=CARTESIAN_POINT('Ctrl Pts',(-140.721357124603,218.032580826795,2.14756008767255));
#2335=CARTESIAN_POINT('Ctrl Pts',(-168.214588785403,1.10405687236131E-12,
2.769881037777));
#2336=CARTESIAN_POINT('Ctrl Pts',(-140.206929761063,218.032580826795,2.2349039033146));
#2337=CARTESIAN_POINT('Ctrl Pts',(-167.286034828333,1.10402176412435E-12,
2.92799448065845));
#2338=CARTESIAN_POINT('Ctrl Pts',(-139.516977791457,218.032580826795,2.35143297142531));
#2339=CARTESIAN_POINT('Ctrl Pts',(-166.534436594719,1.10399349677432E-12,
3.05529930771068));
#2340=CARTESIAN_POINT('Ctrl Pts',(-138.95851299513,218.032580826795,2.44526087131572));
#2341=CARTESIAN_POINT('Ctrl Pts',(-165.581952003094,1.10395787348053E-12,
3.21573236038142));
#2342=CARTESIAN_POINT('Ctrl Pts',(-138.250785062438,218.032580826795,2.56351119089585));
#2343=CARTESIAN_POINT('Ctrl Pts',(-164.772133472877,1.1039277534577E-12,
3.35138088396619));
#2344=CARTESIAN_POINT('Ctrl Pts',(-137.649065079153,218.032580826795,2.66349850687148));
#2345=CARTESIAN_POINT('Ctrl Pts',(-163.796529706406,1.10389167793737E-12,
3.5138505838603));
#2346=CARTESIAN_POINT('Ctrl Pts',(-136.924164344409,218.032580826795,2.78326160531264));
#2347=CARTESIAN_POINT('Ctrl Pts',(-162.929606156384,1.10385980609574E-12,
3.65738859797853));
#2348=CARTESIAN_POINT('Ctrl Pts',(-136.280018454119,218.032580826795,2.88907445074002));
#2349=CARTESIAN_POINT('Ctrl Pts',(-161.931720306893,1.10382334119482E-12,
3.82161191217208));
#2350=CARTESIAN_POINT('Ctrl Pts',(-135.538567069059,218.032580826795,3.01014158182248));
#2351=CARTESIAN_POINT('Ctrl Pts',(-161.008869215371,1.10378982073885E-12,
3.97257462514817));
#2352=CARTESIAN_POINT('Ctrl Pts',(-134.852870706399,218.032580826795,3.12143798148691));
#2353=CARTESIAN_POINT('Ctrl Pts',(-159.989563048218,1.10375302920738E-12,
4.13826895256594));
#2354=CARTESIAN_POINT('Ctrl Pts',(-134.095509102083,218.032580826795,3.24360048397805));
#2355=CARTESIAN_POINT('Ctrl Pts',(-159.012022854669,1.10371796538488E-12,
4.29618237054077));
#2356=CARTESIAN_POINT('Ctrl Pts',(-133.369182928333,218.032580826795,3.36003136225048));
#2357=CARTESIAN_POINT('Ctrl Pts',(-157.972181821637,1.10368090979684E-12,
4.46306590302901));
#2358=CARTESIAN_POINT('Ctrl Pts',(-132.596569081765,218.032580826795,3.48308091766245));
#2359=CARTESIAN_POINT('Ctrl Pts',(-156.941250618782,1.103644409639E-12,
4.62744800027177));
#2360=CARTESIAN_POINT('Ctrl Pts',(-131.830578009301,218.032580826795,3.60429093334898));
#2361=CARTESIAN_POINT('Ctrl Pts',(-155.881782843278,1.10360715234347E-12,
4.79523994252989));
#2362=CARTESIAN_POINT('Ctrl Pts',(-131.043386690858,218.032580826795,3.72801972259324));
#2363=CARTESIAN_POINT('Ctrl Pts',(-154.798817003678,1.10356932445496E-12,
4.96560160712353));
#2364=CARTESIAN_POINT('Ctrl Pts',(-130.238738860266,218.032580826795,3.85364794275869));
#2365=CARTESIAN_POINT('Ctrl Pts',(-153.72065224063,1.10353192755802E-12,
5.13402225827564));
#2366=CARTESIAN_POINT('Ctrl Pts',(-129.43766086308,218.032580826795,3.977848703978));
#2367=CARTESIAN_POINT('Ctrl Pts',(-152.587064977904,1.1034928819581E-12,
5.30986800750429));
#2368=CARTESIAN_POINT('Ctrl Pts',(-128.595406573391,218.032580826795,4.10752911289243));
#2369=CARTESIAN_POINT('Ctrl Pts',(-151.491153550389,1.10345540733409E-12,
5.47863871021255));
#2370=CARTESIAN_POINT('Ctrl Pts',(-127.781147926288,218.032580826795,4.2319951048609));
#2371=CARTESIAN_POINT('Ctrl Pts',(-150.308413415894,1.10341525534898E-12,
5.6594671754076));
#2372=CARTESIAN_POINT('Ctrl Pts',(-126.902378518809,218.032580826795,4.36535694823186));
#2373=CARTESIAN_POINT('Ctrl Pts',(-149.195725130606,1.10337776467931E-12,
5.82831014138098));
#2374=CARTESIAN_POINT('Ctrl Pts',(-126.075659684251,218.032580826795,4.48988182587617));
#2375=CARTESIAN_POINT('Ctrl Pts',(-147.965354446402,1.10333661888449E-12,
6.0136143275993));
#2376=CARTESIAN_POINT('Ctrl Pts',(-125.161506380554,218.032580826795,4.62654979455991));
#2377=CARTESIAN_POINT('Ctrl Pts',(-146.836877490017,1.10329917372117E-12,
6.18225235117798));
#2378=CARTESIAN_POINT('Ctrl Pts',(-124.32306143904,218.032580826795,4.75092740517796));
#2379=CARTESIAN_POINT('Ctrl Pts',(-145.560450719106,1.10325714793134E-12,
6.37151968259913));
#2380=CARTESIAN_POINT('Ctrl Pts',(-123.374694133753,218.032580826795,4.89052166654535));
#2381=CARTESIAN_POINT('Ctrl Pts',(-144.417190537559,1.10321980978229E-12,
6.53967575671772));
#2382=CARTESIAN_POINT('Ctrl Pts',(-122.525269956096,218.032580826795,5.01454577718397));
#2383=CARTESIAN_POINT('Ctrl Pts',(-143.096332592536,1.10317701908524E-12,
6.73238792399817));
#2384=CARTESIAN_POINT('Ctrl Pts',(-121.543895965234,218.032580826795,5.15668186616844));
#2385=CARTESIAN_POINT('Ctrl Pts',(-141.939310755186,1.10313984951755E-12,
6.89978477520116));
#2386=CARTESIAN_POINT('Ctrl Pts',(-120.684251374079,218.032580826795,5.28014583431993));
#2387=CARTESIAN_POINT('Ctrl Pts',(-140.575695246601,1.10309641034732E-12,
7.09541740609019));
#2388=CARTESIAN_POINT('Ctrl Pts',(-119.671114139758,218.032580826795,5.42443441981844));
#2389=CARTESIAN_POINT('Ctrl Pts',(-139.405948297163,1.10305947110426E-12,
7.26177696734245));
#2390=CARTESIAN_POINT('Ctrl Pts',(-118.802019061654,218.032580826795,5.54713082107544));
#2391=CARTESIAN_POINT('Ctrl Pts',(-138.001295723061,1.10301550134772E-12,
7.45979914654697));
#2392=CARTESIAN_POINT('Ctrl Pts',(-117.758396814137,218.032580826795,5.69317736673466));
#2393=CARTESIAN_POINT('Ctrl Pts',(-136.819874019149,1.10297885447512E-12,
7.62484198830703));
#2394=CARTESIAN_POINT('Ctrl Pts',(-116.880631423431,218.032580826795,5.81489759427172));
#2395=CARTESIAN_POINT('Ctrl Pts',(-135.375949897377,1.10293447360537E-12,
7.8247156567914));
#2396=CARTESIAN_POINT('Ctrl Pts',(-115.807835801544,218.032580826795,5.96230193569994));
#2397=CARTESIAN_POINT('Ctrl Pts',(-134.183916440397,1.10289818158234E-12,
7.98816039815901));
#2398=CARTESIAN_POINT('Ctrl Pts',(-114.922189657303,218.032580826795,6.08283578740265));
#2399=CARTESIAN_POINT('Ctrl Pts',(-132.702529385466,1.10285351081137E-12,
8.18933966569309));
#2400=CARTESIAN_POINT('Ctrl Pts',(-113.821564288407,218.032580826795,6.23119165043928));
#2401=CARTESIAN_POINT('Ctrl Pts',(-131.500958642534,1.10281763668044E-12,
8.35090238837517));
#2402=CARTESIAN_POINT('Ctrl Pts',(-112.928835465507,218.032580826795,6.35032692015643));
#2403=CARTESIAN_POINT('Ctrl Pts',(-129.983958388959,1.10277279912283E-12,
8.55283279611822));
#2404=CARTESIAN_POINT('Ctrl Pts',(-111.801754506276,218.032580826795,6.49922140694733));
#2405=CARTESIAN_POINT('Ctrl Pts',(-128.773935108415,1.10273740661427E-12,
8.71222648445521));
#2406=CARTESIAN_POINT('Ctrl Pts',(-110.902748721745,218.032580826795,6.61674349668075));
#2407=CARTESIAN_POINT('Ctrl Pts',(-127.223210482624,1.1026925274534E-12,
8.9143442566169));
#2408=CARTESIAN_POINT('Ctrl Pts',(-109.750615361156,218.032580826795,6.76575656790126));
#2409=CARTESIAN_POINT('Ctrl Pts',(-126.00582850464,1.10265768109864E-12,
9.07127828696112));
#2410=CARTESIAN_POINT('Ctrl Pts',(-108.84614509678,218.032580826795,6.88144813776304));
#2411=CARTESIAN_POINT('Ctrl Pts',(-124.42330534769,1.10261288774625E-12,
9.27300961205901));
#2412=CARTESIAN_POINT('Ctrl Pts',(-107.670390022808,218.032580826795,7.03015212036011));
#2413=CARTESIAN_POINT('Ctrl Pts',(-123.199666411368,1.10257865297516E-12,
9.42718931438929));
#2414=CARTESIAN_POINT('Ctrl Pts',(-106.761273644955,218.032580826795,7.14379279281097));
#2415=CARTESIAN_POINT('Ctrl Pts',(-121.587305454871,1.10253407521526E-12,
9.62794969728199));
#2416=CARTESIAN_POINT('Ctrl Pts',(-105.563353476571,218.032580826795,7.29175194307302));
#2417=CARTESIAN_POINT('Ctrl Pts',(-120.358518003142,1.10250051843262E-12,
9.77907601107733));
#2418=CARTESIAN_POINT('Ctrl Pts',(-104.650414354104,218.032580826795,7.40311807731115));
#2419=CARTESIAN_POINT('Ctrl Pts',(-118.718312700943,1.10245628854049E-12,
9.97826973676897));
#2420=CARTESIAN_POINT('Ctrl Pts',(-103.431810040317,218.032580826795,7.54988822889898));
#2421=CARTESIAN_POINT('Ctrl Pts',(-117.485490684465,1.10242347717685E-12,
10.1260389818566));
#2422=CARTESIAN_POINT('Ctrl Pts',(-102.515875661415,218.032580826795,7.65875278030149));
#2423=CARTESIAN_POINT('Ctrl Pts',(-115.819465002782,1.10237973000448E-12,
10.3230587310297));
#2424=CARTESIAN_POINT('Ctrl Pts',(-101.278090849168,218.032580826795,7.8038811060796));
#2425=CARTESIAN_POINT('Ctrl Pts',(-114.583726683952,1.10234773253728E-12,
10.467162512388));
#2426=CARTESIAN_POINT('Ctrl Pts',(-100.359991937782,218.032580826795,7.91001358432242));
#2427=CARTESIAN_POINT('Ctrl Pts',(-112.893932852819,1.10230460555655E-12,
10.6613891667343));
#2428=CARTESIAN_POINT('Ctrl Pts',(-99.1045513106565,218.032580826795,8.05303849941964));
#2429=CARTESIAN_POINT('Ctrl Pts',(-111.656399610917,1.10227349149781E-12,
10.8015144300932));
#2430=CARTESIAN_POINT('Ctrl Pts',(-98.1851209432705,218.032580826795,8.15620503733363));
#2431=CARTESIAN_POINT('Ctrl Pts',(-109.944915839904,1.10223112479373E-12,
10.9923171027962));
#2432=CARTESIAN_POINT('Ctrl Pts',(-96.9135685330264,218.032580826795,8.29665626885274));
#2433=CARTESIAN_POINT('Ctrl Pts',(-108.706710978266,1.102200964641E-12,
11.1281463553696));
#2434=CARTESIAN_POINT('Ctrl Pts',(-95.9936412563256,218.032580826795,8.39661981223811));
#2435=CARTESIAN_POINT('Ctrl Pts',(-106.975639139613,1.10215950084789E-12,
11.3148826785864));
#2436=CARTESIAN_POINT('Ctrl Pts',(-94.7075387294293,218.032580826795,8.53401865845147));
#2437=CARTESIAN_POINT('Ctrl Pts',(-105.737886695653,1.10213036599606E-12,
11.4460943864336));
#2438=CARTESIAN_POINT('Ctrl Pts',(-93.7879496793926,218.032580826795,8.63053928499775));
#2439=CARTESIAN_POINT('Ctrl Pts',(-103.98934997804,1.1020899501705E-12,
11.6281110833797));
#2440=CARTESIAN_POINT('Ctrl Pts',(-92.4888746007754,218.032580826795,8.76439908374896));
#2441=CARTESIAN_POINT('Ctrl Pts',(-102.753173536839,1.10206191278244E-12,
11.7543802537673));
#2442=CARTESIAN_POINT('Ctrl Pts',(-91.5704586236598,218.032580826795,8.85723445692649));
#2443=CARTESIAN_POINT('Ctrl Pts',(-100.989314073154,1.10202269220803E-12,
11.9310140180954));
#2444=CARTESIAN_POINT('Ctrl Pts',(-90.2600027000379,218.032580826795,8.98706127935606));
#2445=CARTESIAN_POINT('Ctrl Pts',(-99.7558355852261,1.10199582504314E-12,
12.0520129718746));
#2446=CARTESIAN_POINT('Ctrl Pts',(-89.3435934756552,218.032580826795,9.07596724069402));
#2447=CARTESIAN_POINT('Ctrl Pts',(-97.9788120577774,1.10195794896317E-12,
12.2225916715313));
#2448=CARTESIAN_POINT('Ctrl Pts',(-88.0233607808335,218.032580826795,9.20126082237751));
#2449=CARTESIAN_POINT('Ctrl Pts',(-96.7491506615584,1.10193232516331E-12,
12.3379910070089));
#2450=CARTESIAN_POINT('Ctrl Pts',(-87.1097899484667,218.032580826795,9.28599212296402));
#2451=CARTESIAN_POINT('Ctrl Pts',(-94.9611358882606,1.10189594443893E-12,
12.501835223756));
#2452=CARTESIAN_POINT('Ctrl Pts',(-85.7813951331225,218.032580826795,9.40624704016266));
#2453=CARTESIAN_POINT('Ctrl Pts',(-93.7364067377653,1.1018716372724E-12,
12.6113049698799));
#2454=CARTESIAN_POINT('Ctrl Pts',(-84.8714914203851,218.032580826795,9.48655820953629));
#2455=CARTESIAN_POINT('Ctrl Pts',(-91.9395852428823,1.1018369039652E-12,
12.7677298792709));
#2456=CARTESIAN_POINT('Ctrl Pts',(-83.5365579088958,218.032580826795,9.60126530358692));
#2457=CARTESIAN_POINT('Ctrl Pts',(-90.7208983409278,1.10181398652992E-12,
12.8709408322366));
#2458=CARTESIAN_POINT('Ctrl Pts',(-82.631146263803,218.032580826795,9.67691165148225));
#2459=CARTESIAN_POINT('Ctrl Pts',(-88.917463913996,1.10178105340926E-12,
13.0192584221637));
#2460=CARTESIAN_POINT('Ctrl Pts',(-81.2913044407334,218.032580826795,9.78555969947839));
#2461=CARTESIAN_POINT('Ctrl Pts',(-87.7059229513223,1.10175959829743E-12,
13.1158836558429));
#2462=CARTESIAN_POINT('Ctrl Pts',(-80.3912051672355,218.032580826795,9.85629844318658));
#2463=CARTESIAN_POINT('Ctrl Pts',(-85.8980761978813,1.10172861827464E-12,
13.2554052749294));
#2464=CARTESIAN_POINT('Ctrl Pts',(-79.04809055614,218.032580826795,9.95837606811012));
#2465=CARTESIAN_POINT('Ctrl Pts',(-84.6947773984731,1.10170869720164E-12,
13.3451218118802));
#2466=CARTESIAN_POINT('Ctrl Pts',(-78.1541184533611,218.032580826795,10.0239675755667));
#2467=CARTESIAN_POINT('Ctrl Pts',(-82.8847232862114,1.10167982269435E-12,
13.4751610321154));
#2468=CARTESIAN_POINT('Ctrl Pts',(-76.8093698905764,218.032580826795,10.1189653840116));
#2469=CARTESIAN_POINT('Ctrl Pts',(-81.6907542591069,1.10166150609582E-12,
13.5576516584331));
#2470=CARTESIAN_POINT('Ctrl Pts',(-75.9223333960144,218.032580826795,10.1791745201737));
#2471=CARTESIAN_POINT('Ctrl Pts',(-79.8806996629764,1.10163488832756E-12,
13.6775274296488));
#2472=CARTESIAN_POINT('Ctrl Pts',(-74.577591202123,218.032580826795,10.2665874508503));
#2473=CARTESIAN_POINT('Ctrl Pts',(-78.697138260859,1.10161824492891E-12,
13.7524826336096));
#2474=CARTESIAN_POINT('Ctrl Pts',(-73.6982915390974,218.032580826795,10.3211850125228));
#2475=CARTESIAN_POINT('Ctrl Pts',(-76.889289510625,1.10159403317027E-12,
13.8615227008126));
#2476=CARTESIAN_POINT('Ctrl Pts',(-72.355195690719,218.032580826795,10.400514873934));
#2477=CARTESIAN_POINT('Ctrl Pts',(-75.7172026955265,1.10157912953386E-12,
13.9286427122132));
#2478=CARTESIAN_POINT('Ctrl Pts',(-71.4844260204018,218.032580826795,10.4492790959881));
#2479=CARTESIAN_POINT('Ctrl Pts',(-73.9137631291023,1.10155747029316E-12,
14.0261872605338));
#2480=CARTESIAN_POINT('Ctrl Pts',(-70.1446143249334,218.032580826795,10.5200372671196));
#2481=CARTESIAN_POINT('Ctrl Pts',(-72.754205845606,1.10154437034884E-12,
14.0851841648978));
#2482=CARTESIAN_POINT('Ctrl Pts',(-69.2831589033715,218.032580826795,10.5627553810682));
#2483=CARTESIAN_POINT('Ctrl Pts',(-70.9573733713663,1.1015254065214E-12,
14.1705896511087));
#2484=CARTESIAN_POINT('Ctrl Pts',(-67.9482651792294,218.032580826795,10.6244656447171));
#2485=CARTESIAN_POINT('Ctrl Pts',(-69.8113874277863,1.10151417108671E-12,
14.2211895505646));
#2486=CARTESIAN_POINT('Ctrl Pts',(-67.0968985198531,218.032580826795,10.6609354688997));
#2487=CARTESIAN_POINT('Ctrl Pts',(-68.0233520988681,1.10149804107287E-12,
14.2938326748791));
#2488=CARTESIAN_POINT('Ctrl Pts',(-65.7685507846822,218.032580826795,10.7131369434652));
#2489=CARTESIAN_POINT('Ctrl Pts',(-66.8919650569977,1.10148872736958E-12,
14.3357778655667));
#2490=CARTESIAN_POINT('Ctrl Pts',(-64.9280368269093,218.032580826795,10.7431684826907));
#2491=CARTESIAN_POINT('Ctrl Pts',(-65.114906660381,1.10147556417298E-12,
14.3950596328439));
#2492=CARTESIAN_POINT('Ctrl Pts',(-63.6078554961116,218.032580826795,10.7854186149372));
#2493=CARTESIAN_POINT('Ctrl Pts',(-63.999130734545,1.10146822534691E-12,
14.428110767214));
#2494=CARTESIAN_POINT('Ctrl Pts',(-62.7789467807807,218.032580826795,10.8088356463715));
#2495=CARTESIAN_POINT('Ctrl Pts',(-62.2352163974588,1.10145815566501E-12,
14.4734605828685));
#2496=CARTESIAN_POINT('Ctrl Pts',(-61.4685428785799,218.032580826795,10.840713224919));
#2497=CARTESIAN_POINT('Ctrl Pts',(-61.1360473637729,1.10145284031654E-12,
14.4973987842447));
#2498=CARTESIAN_POINT('Ctrl Pts',(-60.6519797310927,218.032580826795,10.8573548462991));
#2499=CARTESIAN_POINT('Ctrl Pts',(-59.3874291797061,1.10144598363623E-12,
14.5282785271619));
#2500=CARTESIAN_POINT('Ctrl Pts',(-59.3529531161917,218.032580826795,10.8784629934586));
#2501=CARTESIAN_POINT('Ctrl Pts',(-58.3058452966378,1.10144273536873E-12,
14.5429074234575));
#2502=CARTESIAN_POINT('Ctrl Pts',(-58.5494628384022,218.032580826795,10.888185109401));
#2503=CARTESIAN_POINT('Ctrl Pts',(-56.5746579729413,1.10143920308034E-12,
14.5588154361141));
#2504=CARTESIAN_POINT('Ctrl Pts',(-57.263400446111,218.032580826795,10.8981542074925));
#2505=CARTESIAN_POINT('Ctrl Pts',(-55.511618914475,1.10143806007386E-12,
14.5639630796647));
#2506=CARTESIAN_POINT('Ctrl Pts',(-56.4736965181645,218.032580826795,10.9008309297487));
#2507=CARTESIAN_POINT('Ctrl Pts',(-53.7999774432406,1.10143795461715E-12,
14.5644380145023));
#2508=CARTESIAN_POINT('Ctrl Pts',(-55.2021706206801,218.032580826795,10.8993214372628));
#2509=CARTESIAN_POINT('Ctrl Pts',(-52.7564232461751,1.10143894923462E-12,
14.5599586555962));
#2510=CARTESIAN_POINT('Ctrl Pts',(-54.42695191418,218.032580826795,10.8948463752662));
#2511=CARTESIAN_POINT('Ctrl Pts',(-51.0664205997581,1.10144236329012E-12,
14.5445831165206));
#2512=CARTESIAN_POINT('Ctrl Pts',(-53.1715184004835,218.032580826795,10.8815514881773));
#2513=CARTESIAN_POINT('Ctrl Pts',(-50.0432706268924,1.101445521723E-12,
14.5303587993878));
#2514=CARTESIAN_POINT('Ctrl Pts',(-52.4114684045368,218.032580826795,10.8698389071307));
#2515=CARTESIAN_POINT('Ctrl Pts',(-48.3769754791281,1.10145253746239E-12,
14.4987627180892));
#2516=CARTESIAN_POINT('Ctrl Pts',(-51.173665081152,218.032580826795,10.8444870213496));
#2517=CARTESIAN_POINT('Ctrl Pts',(-47.3751274003292,1.10145787942221E-12,
14.4747046698402));
#2518=CARTESIAN_POINT('Ctrl Pts',(-50.4294511430141,218.032580826795,10.8254728464129));
#2519=CARTESIAN_POINT('Ctrl Pts',(-45.7345818741731,1.10146856783046E-12,
14.4265683584487));
#2520=CARTESIAN_POINT('Ctrl Pts',(-49.2107960566332,218.032580826795,10.787829778785));
#2521=CARTESIAN_POINT('Ctrl Pts',(-44.7549106675408,1.10147610629247E-12,
14.3926181437219));
#2522=CARTESIAN_POINT('Ctrl Pts',(-48.4830686388344,218.032580826795,10.7614724256297));
#2523=CARTESIAN_POINT('Ctrl Pts',(-43.1421281095441,1.10149052657424E-12,
14.3276749681058));
#2524=CARTESIAN_POINT('Ctrl Pts',(-47.2850584215778,218.032580826795,10.7113433530186));
#2525=CARTESIAN_POINT('Ctrl Pts',(-42.1854850851069,1.1015002675785E-12,
14.2838053849617));
#2526=CARTESIAN_POINT('Ctrl Pts',(-46.5744503775606,218.032580826795,10.6776243670997));
#2527=CARTESIAN_POINT('Ctrl Pts',(-40.6024478668318,1.10151846666035E-12,
14.2018440067087));
#2528=CARTESIAN_POINT('Ctrl Pts',(-45.3985586153947,218.032580826795,10.6148554459298));
#2529=CARTESIAN_POINT('Ctrl Pts',(-39.6696597153938,1.10153040917492E-12,
14.1480597025717));
#2530=CARTESIAN_POINT('Ctrl Pts',(-44.7056844858136,218.032580826795,10.5737799352673));
#2531=CARTESIAN_POINT('Ctrl Pts',(-38.11831706157,1.10155242131375E-12,
14.048925842308));
#2532=CARTESIAN_POINT('Ctrl Pts',(-43.553360110403,218.032580826795,10.4982595673775));
#2533=CARTESIAN_POINT('Ctrl Pts',(-37.2101849314931,1.10156655716399E-12,
13.9852636324564));
#2534=CARTESIAN_POINT('Ctrl Pts',(-42.8788154423459,218.032580826795,10.4498564164029));
#2535=CARTESIAN_POINT('Ctrl Pts',(-35.6924507744205,1.10159240367112E-12,
13.8688613125797));
#2536=CARTESIAN_POINT('Ctrl Pts',(-41.7514811463733,218.032580826795,10.3615161311487));
#2537=CARTESIAN_POINT('Ctrl Pts',(-34.8097493792459,1.101608717538E-12,
13.7953901877766));
#2538=CARTESIAN_POINT('Ctrl Pts',(-41.0958418378271,218.032580826795,10.3058379862336));
#2539=CARTESIAN_POINT('Ctrl Pts',(-33.3275002386582,1.10163840662673E-12,
13.6616824188115));
#2540=CARTESIAN_POINT('Ctrl Pts',(-39.9948925135653,218.032580826795,10.2046529133855));
#2541=CARTESIAN_POINT('Ctrl Pts',(-32.4709769985426,1.10165687611616E-12,
13.5785032330989));
#2542=CARTESIAN_POINT('Ctrl Pts',(-39.3587141854858,218.032580826795,10.1417759339793));
#2543=CARTESIAN_POINT('Ctrl Pts',(-31.0260498858514,1.10169040287942E-12,
13.4275121146041));
#2544=CARTESIAN_POINT('Ctrl Pts',(-38.2855153861596,218.032580826795,10.0277648470355));
#2545=CARTESIAN_POINT('Ctrl Pts',(-30.1964241058087,1.10171099866352E-12,
13.3347569489874));
#2546=CARTESIAN_POINT('Ctrl Pts',(-37.6693327844957,218.032580826795,9.95778821987039));
#2547=CARTESIAN_POINT('Ctrl Pts',(-28.7906144513443,1.10174834518626E-12,
13.1665631631218));
#2548=CARTESIAN_POINT('Ctrl Pts',(-36.6252192077111,218.032580826795,9.83101313482084));
#2549=CARTESIAN_POINT('Ctrl Pts',(-27.9885765392261,1.1017710312165E-12,
13.0643943657822));
#2550=CARTESIAN_POINT('Ctrl Pts',(-36.0295456376718,218.032580826795,9.75405835234264));
#2551=CARTESIAN_POINT('Ctrl Pts',(-26.6236361407728,1.10181216682624E-12,
12.8791360490885));
#2552=CARTESIAN_POINT('Ctrl Pts',(-35.0158196299212,218.032580826795,9.61462367259831));
#2553=CARTESIAN_POINT('Ctrl Pts',(-25.8498468677852,1.10183690061709E-12,
12.7677449578155));
#2554=CARTESIAN_POINT('Ctrl Pts',(-34.4411464246525,218.032580826795,9.53083358061934));
#2555=CARTESIAN_POINT('Ctrl Pts',(-24.5274818583667,1.10188178227404E-12,
12.5656159443091));
#2556=CARTESIAN_POINT('Ctrl Pts',(-33.4590765056134,218.032580826795,9.37888478460992));
#2557=CARTESIAN_POINT('Ctrl Pts',(-23.7825716646821,1.10190851525483E-12,
12.4452213019571));
#2558=CARTESIAN_POINT('Ctrl Pts',(-32.9058725312505,218.032580826795,9.28842240810908));
#2559=CARTESIAN_POINT('Ctrl Pts',(-22.5044404971987,1.10195708808148E-12,
12.2264687379614));
#2560=CARTESIAN_POINT('Ctrl Pts',(-31.9566919362703,218.032580826795,9.1241442818175));
#2561=CARTESIAN_POINT('Ctrl Pts',(-21.7890088448694,1.10198576601287E-12,
12.0973148168317));
#2562=CARTESIAN_POINT('Ctrl Pts',(-31.4254031350251,218.032580826795,9.02719144180373));
#2563=CARTESIAN_POINT('Ctrl Pts',(-20.5567202908408,1.10203796396149E-12,
11.8622361548718));
#2564=CARTESIAN_POINT('Ctrl Pts',(-30.5103083738343,218.032580826795,8.85080586406142));
#2565=CARTESIAN_POINT('Ctrl Pts',(-19.8713350657224,1.10206852741192E-12,
11.724590610907));
#2566=CARTESIAN_POINT('Ctrl Pts',(-30.0013573463304,218.032580826795,8.7475616024316));
#2567=CARTESIAN_POINT('Ctrl Pts',(-18.6864462251247,1.10212427406698E-12,
11.4735299959706));
#2568=CARTESIAN_POINT('Ctrl Pts',(-29.1215067756401,218.032580826795,8.55932489593146));
#2569=CARTESIAN_POINT('Ctrl Pts',(-18.0316431888449,1.10215665894344E-12,
11.3276814784169));
#2570=CARTESIAN_POINT('Ctrl Pts',(-28.6352924030576,218.032580826795,8.45000372926395));
#2571=CARTESIAN_POINT('Ctrl Pts',(-16.8956575079851,1.10221586845493E-12,
11.0610255445162));
#2572=CARTESIAN_POINT('Ctrl Pts',(-27.7918048103156,218.032580826795,8.25020359468598));
#2573=CARTESIAN_POINT('Ctrl Pts',(-16.2719398001197,1.10225000658135E-12,
10.9072810911202));
#2574=CARTESIAN_POINT('Ctrl Pts',(-27.3287019159706,218.032580826795,8.13503362187673));
#2575=CARTESIAN_POINT('Ctrl Pts',(-15.1863050949774,1.10231258472455E-12,
10.6254541886947));
#2576=CARTESIAN_POINT('Ctrl Pts',(-26.5226551112423,218.032580826795,7.92398567592048));
#2577=CARTESIAN_POINT('Ctrl Pts',(-14.5941427844986,1.10234840446025E-12,
10.464136440355));
#2578=CARTESIAN_POINT('Ctrl Pts',(-26.0830141598729,218.032580826795,7.80320656843263));
#2579=CARTESIAN_POINT('Ctrl Pts',(-13.5602492685352,1.10241424981732E-12,
10.1675953147819));
#2580=CARTESIAN_POINT('Ctrl Pts',(-25.3154435727553,218.032580826795,7.58125050846143));
#2581=CARTESIAN_POINT('Ctrl Pts',(-13.0000789523245,1.1024516767074E-12,
9.99903958658175));
#2582=CARTESIAN_POINT('Ctrl Pts',(-24.8995904038565,218.032580826795,7.45511141561493));
#2583=CARTESIAN_POINT('Ctrl Pts',(-12.0192572714957,1.10252068196729E-12,
9.68826752383249));
#2584=CARTESIAN_POINT('Ctrl Pts',(-24.171487682873,218.032580826795,7.22260683345376));
#2585=CARTESIAN_POINT('Ctrl Pts',(-11.4914817164386,1.10255963941628E-12,
9.51281877108831));
#2586=CARTESIAN_POINT('Ctrl Pts',(-23.7797232717137,218.032580826795,7.09136423842225));
#2587=CARTESIAN_POINT('Ctrl Pts',(-10.5650010019748,1.10263169279156E-12,
9.18831921704181));
#2588=CARTESIAN_POINT('Ctrl Pts',(-23.0920348854836,218.032580826795,6.84868610287053));
#2589=CARTESIAN_POINT('Ctrl Pts',(-10.0699888263843,1.10267210275189E-12,
9.00632893476678));
#2590=CARTESIAN_POINT('Ctrl Pts',(-22.7246351217622,218.032580826795,6.71260166749502));
#2591=CARTESIAN_POINT('Ctrl Pts',(-9.19905479133524,1.10274708951453E-12,
8.66861857844917));
#2592=CARTESIAN_POINT('Ctrl Pts',(-22.0782609657323,218.032580826795,6.46013548842236));
#2593=CARTESIAN_POINT('Ctrl Pts',(-8.73714018238012,1.10278887318193E-12,
8.4804416695477));
#2594=CARTESIAN_POINT('Ctrl Pts',(-21.7354764351487,218.032580826795,6.319473925903));
#2595=CARTESIAN_POINT('Ctrl Pts',(-7.92289331709914,1.10286667732568E-12,
8.1300429567098));
#2596=CARTESIAN_POINT('Ctrl Pts',(-21.1312684573254,218.032580826795,6.05761060156677));
#2597=CARTESIAN_POINT('Ctrl Pts',(-7.49437578610755,1.10290975583517E-12,
7.93603459742849));
#2598=CARTESIAN_POINT('Ctrl Pts',(-20.8133242060819,218.032580826795,5.91263761448663));
#2599=CARTESIAN_POINT('Ctrl Pts',(-6.7378897613557,1.10299026187856E-12,
7.57346761044373));
#2600=CARTESIAN_POINT('Ctrl Pts',(-20.2520850845821,218.032580826795,5.64176794759613));
#2601=CARTESIAN_POINT('Ctrl Pts',(-6.34303395343569,1.10303455699716E-12,
7.37398013082833));
#2602=CARTESIAN_POINT('Ctrl Pts',(-19.9591803425648,218.032580826795,5.49274826298647));
#2603=CARTESIAN_POINT('Ctrl Pts',(-5.64531443472917,1.10311765194796E-12,
6.99975374136678));
#2604=CARTESIAN_POINT('Ctrl Pts',(-19.4416622847545,218.032580826795,5.21325711224864));
#2605=CARTESIAN_POINT('Ctrl Pts',(-5.28435004216346,1.10316308676251E-12,
6.79513352745389));
#2606=CARTESIAN_POINT('Ctrl Pts',(-19.1739701237105,218.032580826795,5.06045263465121));
#2607=CARTESIAN_POINT('Ctrl Pts',(-4.64633428108297,1.10324866226634E-12,
6.40973572030141));
#2608=CARTESIAN_POINT('Ctrl Pts',(-18.7008739241252,218.032580826795,4.77271265355932));
#2609=CARTESIAN_POINT('Ctrl Pts',(-4.3194561758501,1.1032951618651E-12,
6.20032014465179));
#2610=CARTESIAN_POINT('Ctrl Pts',(-18.4585408406349,218.032580826795,4.6163807415816));
#2611=CARTESIAN_POINT('Ctrl Pts',(-3.74201400274457,1.10338311654469E-12,
5.80420748243874));
#2612=CARTESIAN_POINT('Ctrl Pts',(-18.0305154495135,218.032580826795,4.32074566982476));
#2613=CARTESIAN_POINT('Ctrl Pts',(-3.44938281564405,1.10343060867914E-12,
5.59032192344241));
#2614=CARTESIAN_POINT('Ctrl Pts',(-17.8136609004326,218.032580826795,4.16113753648996));
#2615=CARTESIAN_POINT('Ctrl Pts',(-2.93332002965004,1.10352085061526E-12,
5.18390837353419));
#2616=CARTESIAN_POINT('Ctrl Pts',(-17.4313039345012,218.032580826795,3.85793508614902));
#2617=CARTESIAN_POINT('Ctrl Pts',(-2.67506355723304,1.10356926629058E-12,
4.96586355622558));
#2618=CARTESIAN_POINT('Ctrl Pts',(-17.2400199270631,218.032580826795,3.69529434935665));
#2619=CARTESIAN_POINT('Ctrl Pts',(-2.22112910958114,1.10366171544256E-12,
4.54950958980718));
#2620=CARTESIAN_POINT('Ctrl Pts',(-16.903879777078,218.032580826795,3.38481900128614));
#2621=CARTESIAN_POINT('Ctrl Pts',(-1.99734500383053,1.1037109892697E-12,
4.32760000025047));
#2622=CARTESIAN_POINT('Ctrl Pts',(-16.7382306914035,218.032580826795,3.21938059489515));
#2623=CARTESIAN_POINT('Ctrl Pts',(-1.60624350305225,1.10380557936107E-12,
3.90160410000403));
#2624=CARTESIAN_POINT('Ctrl Pts',(-16.4488110654171,218.032580826795,2.90188706367469));
#2625=CARTESIAN_POINT('Ctrl Pts',(-1.41700336154772,1.10385564932548E-12,
3.67610902697377));
#2626=CARTESIAN_POINT('Ctrl Pts',(-16.3088338411479,218.032580826795,2.73387701940363));
#2627=CARTESIAN_POINT('Ctrl Pts',(-1.08941334168602,1.10395232818899E-12,
3.24070613326235));
#2628=CARTESIAN_POINT('Ctrl Pts',(-16.0666013168488,218.032580826795,2.40957629041426));
#2629=CARTESIAN_POINT('Ctrl Pts',(-0.934766546569226,1.10400313410715E-12,
3.01189661916859));
#2630=CARTESIAN_POINT('Ctrl Pts',(-15.952305425503,218.032580826795,2.23921386858522));
#2631=CARTESIAN_POINT('Ctrl Pts',(-0.671361685537968,1.10410186135942E-12,
2.56726860266351));
#2632=CARTESIAN_POINT('Ctrl Pts',(-15.7576996880097,218.032580826795,1.90827348377119));
#2633=CARTESIAN_POINT('Ctrl Pts',(-0.551333642035572,1.10415334165453E-12,
2.33542196478115));
#2634=CARTESIAN_POINT('Ctrl Pts',(-15.6690646546267,218.032580826795,1.73577620395667));
#2635=CARTESIAN_POINT('Ctrl Pts',(-0.352796924666755,1.10425408204842E-12,
1.8817275643828));
#2636=CARTESIAN_POINT('Ctrl Pts',(-15.5225082981366,218.032580826795,1.39832935595594));
#2637=CARTESIAN_POINT('Ctrl Pts',(-0.267370039240302,1.1043061683435E-12,
1.6471517452907));
#2638=CARTESIAN_POINT('Ctrl Pts',(-15.4594729744999,218.032580826795,1.22392312525402));
#2639=CARTESIAN_POINT('Ctrl Pts',(-0.134388493288314,1.10440888443175E-12,
1.18455960851037));
#2640=CARTESIAN_POINT('Ctrl Pts',(-15.3613782177619,218.032580826795,0.880076513937818));
#2641=CARTESIAN_POINT('Ctrl Pts',(-0.0834598922591967,1.10446150077514E-12,
0.947596664005901));
#2642=CARTESIAN_POINT('Ctrl Pts',(-15.3238193316366,218.032580826795,0.703992204476644));
#2643=CARTESIAN_POINT('Ctrl Pts',(-0.016682905607419,1.10456614030675E-12,
0.476342108432581));
#2644=CARTESIAN_POINT('Ctrl Pts',(-15.2745817666652,218.032580826795,0.353859354141865));
#2645=CARTESIAN_POINT('Ctrl Pts',(-1.8833969719367E-8,1.10461920062834E-12,
0.237379663930333));
#2646=CARTESIAN_POINT('Ctrl Pts',(-15.262280640592,218.032580826795,0.176341439144329));
#2647=CARTESIAN_POINT('Ctrl Pts',(1.88340006374085E-8,1.10472461825592E-12,
-0.237379124380988));
#2648=CARTESIAN_POINT('Ctrl Pts',(-15.2622806751591,218.032580826795,-0.176342386715739));
#2649=CARTESIAN_POINT('Ctrl Pts',(-0.0166828300934245,1.1047776785182E-12,
-0.476341301798543));
#2650=CARTESIAN_POINT('Ctrl Pts',(-15.2745818361702,218.032580826795,-0.353860098852121));
#2651=CARTESIAN_POINT('Ctrl Pts',(-0.0834597788491849,1.10488231811149E-12,
-0.947596135173139));
#2652=CARTESIAN_POINT('Ctrl Pts',(-15.3238194985539,218.032580826795,-0.703993137791207));
#2653=CARTESIAN_POINT('Ctrl Pts',(-0.134388230592615,1.10493493433977E-12,
-1.18455856124869));
#2654=CARTESIAN_POINT('Ctrl Pts',(-15.3613783359216,218.032580826795,-0.88007704889671));
#2655=CARTESIAN_POINT('Ctrl Pts',(-0.267369854638888,1.10503765054773E-12,
-1.64715123710325));
#2656=CARTESIAN_POINT('Ctrl Pts',(-15.4594732677257,218.032580826795,-1.22392402672984));
#2657=CARTESIAN_POINT('Ctrl Pts',(-0.352796523400285,1.10508973673311E-12,
-1.88172656217401));
#2658=CARTESIAN_POINT('Ctrl Pts',(-15.5225084880949,218.032580826795,-1.39832986965452));
#2659=CARTESIAN_POINT('Ctrl Pts',(-0.551333394085228,1.10519047724291E-12,
-2.33542148458204));
#2660=CARTESIAN_POINT('Ctrl Pts',(-15.6690650619895,218.032580826795,-1.73577705970806));
#2661=CARTESIAN_POINT('Ctrl Pts',(-0.671361162169409,1.10524195743504E-12,
-2.56726765869388));
#2662=CARTESIAN_POINT('Ctrl Pts',(-15.7576999417488,218.032580826795,-1.90827396890357));
#2663=CARTESIAN_POINT('Ctrl Pts',(-0.934766244633069,1.10534068479745E-12,
-3.0118961712585));
#2664=CARTESIAN_POINT('Ctrl Pts',(-15.9523059314418,218.032580826795,-2.23921466976897));
#2665=CARTESIAN_POINT('Ctrl Pts',(-1.08941271496926,1.10539149062001E-12,
-3.24070525478104));
#2666=CARTESIAN_POINT('Ctrl Pts',(-16.066601624878,218.032580826795,-2.40957674274421));
#2667=CARTESIAN_POINT('Ctrl Pts',(-1.41700301498527,1.10548816958665E-12,
-3.67610861293489));
#2668=CARTESIAN_POINT('Ctrl Pts',(-16.3088344294137,218.032580826795,-2.73387776201599));
#2669=CARTESIAN_POINT('Ctrl Pts',(-1.60624279126962,1.10553823946295E-12,
-3.90160328918881));
#2670=CARTESIAN_POINT('Ctrl Pts',(-16.4488114182912,218.032580826795,-2.90188748168785));
#2671=CARTESIAN_POINT('Ctrl Pts',(-1.9973446210667,1.10563282964986E-12,
-4.32759961970589));
#2672=CARTESIAN_POINT('Ctrl Pts',(-16.7382313469191,218.032580826795,-3.21938127867364));
#2673=CARTESIAN_POINT('Ctrl Pts',(-2.22112832895459,1.10568210339619E-12,
-4.54950884529002));
#2674=CARTESIAN_POINT('Ctrl Pts',(-16.9038801663162,218.032580826795,-3.38481938541985));
#2675=CARTESIAN_POINT('Ctrl Pts',(-2.67506314538443,1.10577455263607E-12,
-4.96586320760341));
#2676=CARTESIAN_POINT('Ctrl Pts',(-17.2400206368273,218.032580826795,-3.69529497647281));
#2677=CARTESIAN_POINT('Ctrl Pts',(-2.93331919376794,1.10582296823744E-12,
-5.18390769185011));
#2678=CARTESIAN_POINT('Ctrl Pts',(-17.43130435295,218.032580826795,-3.85793543802511));
#2679=CARTESIAN_POINT('Ctrl Pts',(-3.44938238049939,1.10591321025412E-12,
-5.5903216045696));
#2680=CARTESIAN_POINT('Ctrl Pts',(-17.8136616537272,218.032580826795,-4.16113811044615));
#2681=CARTESIAN_POINT('Ctrl Pts',(-3.74201312260738,1.10596070232097E-12,
-5.8042068591174));
#2682=CARTESIAN_POINT('Ctrl Pts',(-18.0305158913588,218.032580826795,-4.32074599165652));
#2683=CARTESIAN_POINT('Ctrl Pts',(-4.31945572202035,1.10604865707423E-12,
-6.20031985314721));
#2684=CARTESIAN_POINT('Ctrl Pts',(-18.4585416288529,218.032580826795,-4.6163812664346));
#2685=CARTESIAN_POINT('Ctrl Pts',(-4.64633336543134,1.10609515661121E-12,
-6.40973515057509));
#2686=CARTESIAN_POINT('Ctrl Pts',(-18.7008743847379,218.032580826795,-4.77271294776018));
#2687=CARTESIAN_POINT('Ctrl Pts',(-5.28434957328491,1.10618073218237E-12,
-6.79513326096024));
#2688=CARTESIAN_POINT('Ctrl Pts',(-19.173970940034,218.032580826795,-5.06045311453118));
#2689=CARTESIAN_POINT('Ctrl Pts',(-5.6453134904493,1.10622616694047E-12,
-6.99975322057981));
#2690=CARTESIAN_POINT('Ctrl Pts',(-19.4416627604845,218.032580826795,-5.21325738120206));
#2691=CARTESIAN_POINT('Ctrl Pts',(-6.3430334723679,1.10630926195279E-12,
-7.37397988713368));
#2692=CARTESIAN_POINT('Ctrl Pts',(-19.9591811816225,218.032580826795,-5.49274870183106));
#2693=CARTESIAN_POINT('Ctrl Pts',(-6.73788879386268,1.10635355701977E-12,
-7.57346713426123));
#2694=CARTESIAN_POINT('Ctrl Pts',(-20.2520855725591,218.032580826795,-5.64176819353558));
#2695=CARTESIAN_POINT('Ctrl Pts',(-7.49437529510319,1.10643406311939E-12,
-7.93603437451947));
#2696=CARTESIAN_POINT('Ctrl Pts',(-20.8133250636415,218.032580826795,-5.91263801591417));
#2697=CARTESIAN_POINT('Ctrl Pts',(-7.92289233066159,1.10647714158168E-12,
-8.13004252120393));
#2698=CARTESIAN_POINT('Ctrl Pts',(-21.131268955288,218.032580826795,-6.0576108265236));
#2699=CARTESIAN_POINT('Ctrl Pts',(-8.73713968322225,1.10655494577686E-12,
-8.48044146562345));
#2700=CARTESIAN_POINT('Ctrl Pts',(-21.7354773078633,218.032580826795,-6.31947429316841));
#2701=CARTESIAN_POINT('Ctrl Pts',(-9.19905378933541,1.10659672940108E-12,
-8.6686181801159));
#2702=CARTESIAN_POINT('Ctrl Pts',(-22.0782614718902,218.032580826795,-6.46013569421267));
#2703=CARTESIAN_POINT('Ctrl Pts',(-10.0699883204936,1.10667171621076E-12,
-9.00632874823198));
#2704=CARTESIAN_POINT('Ctrl Pts',(-22.7246360069697,218.032580826795,-6.71260200349118));
#2705=CARTESIAN_POINT('Ctrl Pts',(-10.5649999871111,1.10671212613162E-12,
-9.18831885278149));
#2706=CARTESIAN_POINT('Ctrl Pts',(-23.09203539841,218.032580826795,-6.84868629110275));
#2707=CARTESIAN_POINT('Ctrl Pts',(-11.4914812049557,1.10678417954991E-12,
-9.51281860053628));
#2708=CARTESIAN_POINT('Ctrl Pts',(-23.7797241672811,218.032580826795,-7.09136454570441));
#2709=CARTESIAN_POINT('Ctrl Pts',(-12.0192562459379,1.10682313696285E-12,
-9.68826719091363));
#2710=CARTESIAN_POINT('Ctrl Pts',(-24.1714882014222,218.032580826795,-7.22260700554597));
#2711=CARTESIAN_POINT('Ctrl Pts',(-13.0000784361727,1.10689214226207E-12,
-9.99903943077373));
#2712=CARTESIAN_POINT('Ctrl Pts',(-24.8995913080612,218.032580826795,-7.45511169643475));
#2713=CARTESIAN_POINT('Ctrl Pts',(-13.5602482340427,1.10692956911924E-12,
-10.1675950107992));
#2714=CARTESIAN_POINT('Ctrl Pts',(-25.3154440959993,218.032580826795,-7.58125066566243));
#2715=CARTESIAN_POINT('Ctrl Pts',(-14.5941422644319,1.10699541451225E-12,
-10.464136298199));
#2716=CARTESIAN_POINT('Ctrl Pts',(-26.0830150713117,218.032580826795,-7.80320682477484));
#2717=CARTESIAN_POINT('Ctrl Pts',(-15.186304052989,1.10703123421796E-12,
-10.6254539115268));
#2718=CARTESIAN_POINT('Ctrl Pts',(-26.5226556384234,218.032580826795,-7.92398581933119));
#2719=CARTESIAN_POINT('Ctrl Pts',(-16.2719392767589,1.10709381239397E-12,
-10.9072809616511));
#2720=CARTESIAN_POINT('Ctrl Pts',(-27.328702833491,218.032580826795,-8.13503385549444));
#2721=CARTESIAN_POINT('Ctrl Pts',(-16.8956564596877,1.10712795049312E-12,
-11.061025292287));
#2722=CARTESIAN_POINT('Ctrl Pts',(-27.7918053408096,218.032580826795,-8.25020372527955));
#2723=CARTESIAN_POINT('Ctrl Pts',(-18.0316426627054,1.1071871600345E-12,
-11.3276813607783));
#2724=CARTESIAN_POINT('Ctrl Pts',(-28.635293325705,218.032580826795,-8.45000394171109));
#2725=CARTESIAN_POINT('Ctrl Pts',(-18.6864451715053,1.10721954488624E-12,
-11.4735297670138));
#2726=CARTESIAN_POINT('Ctrl Pts',(-29.1215073089287,218.032580826795,-8.5593250145715));
#2727=CARTESIAN_POINT('Ctrl Pts',(-19.8713345372357,1.10727529156847E-12,
-11.7245905043356));
#2728=CARTESIAN_POINT('Ctrl Pts',(-30.0013582733076,218.032580826795,-8.74756179509162));
#2729=CARTESIAN_POINT('Ctrl Pts',(-20.5567192327268,1.10730585499657E-12,
-11.8622359477005));
#2730=CARTESIAN_POINT('Ctrl Pts',(-30.5103089094835,218.032580826795,-8.85080597151793));
#2731=CARTESIAN_POINT('Ctrl Pts',(-21.7890083143993,1.10735805296983E-12,
-12.0973147206433));
#2732=CARTESIAN_POINT('Ctrl Pts',(-31.4254040656614,218.032580826795,-9.02719161591457));
#2733=CARTESIAN_POINT('Ctrl Pts',(-22.5044394352887,1.10738673088112E-12,
-12.226468551241));
#2734=CARTESIAN_POINT('Ctrl Pts',(-31.9566924739139,218.032580826795,-9.12414437878066));
#2735=CARTESIAN_POINT('Ctrl Pts',(-23.7825711325376,1.10743530373004E-12,
-12.4452212155352));
#2736=CARTESIAN_POINT('Ctrl Pts',(-32.9058734649775,218.032580826795,-9.28842256478471));
#2737=CARTESIAN_POINT('Ctrl Pts',(-24.527480793255,1.10746203669284E-12,
-12.5656157768355));
#2738=CARTESIAN_POINT('Ctrl Pts',(-33.4590770449406,218.032580826795,-9.37888487170194));
#2739=CARTESIAN_POINT('Ctrl Pts',(-25.8498463342302,1.10750691836983E-12,
-12.7677448806012));
#2740=CARTESIAN_POINT('Ctrl Pts',(-34.4411473609855,218.032580826795,-9.53083372086799));
#2741=CARTESIAN_POINT('Ctrl Pts',(-26.6236350729675,1.10753165214467E-12,
-12.8791358997682));
#2742=CARTESIAN_POINT('Ctrl Pts',(-35.0158201706663,218.032580826795,-9.61462375038347));
#2743=CARTESIAN_POINT('Ctrl Pts',(-27.9885760044874,1.10757278777235E-12,
-13.0643942972654));
#2744=CARTESIAN_POINT('Ctrl Pts',(-36.0295465761947,218.032580826795,-9.75405847708242));
#2745=CARTESIAN_POINT('Ctrl Pts',(-28.7906133812826,1.10759547378846E-12,
-13.1665630309558));
#2746=CARTESIAN_POINT('Ctrl Pts',(-36.6252197496456,218.032580826795,-9.83101320381397));
#2747=CARTESIAN_POINT('Ctrl Pts',(-30.1964235700821,1.10763282032715E-12,
-13.3347568887002));
#2748=CARTESIAN_POINT('Ctrl Pts',(-37.6693337248501,218.032580826795,-9.95778832994228));
#2749=CARTESIAN_POINT('Ctrl Pts',(-31.026048813911,1.1076534160989E-12,
-13.4275119986747));
#2750=CARTESIAN_POINT('Ctrl Pts',(-38.2855159290864,218.032580826795,-10.0277649077092));
#2751=CARTESIAN_POINT('Ctrl Pts',(-32.470976461998,1.10768694287624E-12,
-13.5785031806095));
#2752=CARTESIAN_POINT('Ctrl Pts',(-39.3587151273611,218.032580826795,-10.1417760301583));
#2753=CARTESIAN_POINT('Ctrl Pts',(-33.3274991651668,1.107705412355E-12,
-13.6616823182702));
#2754=CARTESIAN_POINT('Ctrl Pts',(-39.9948930573134,218.032580826795,-10.2046529661759));
#2755=CARTESIAN_POINT('Ctrl Pts',(-34.8097488420309,1.10773510145605E-12,
-13.795390142684));
#2756=CARTESIAN_POINT('Ctrl Pts',(-41.0958427809535,218.032580826795,-10.3058380692376));
#2757=CARTESIAN_POINT('Ctrl Pts',(-35.6924496996632,1.10775141531386E-12,
-13.8688612266381));
#2758=CARTESIAN_POINT('Ctrl Pts',(-41.751481690794,218.032580826795,-10.3615161764609));
#2759=CARTESIAN_POINT('Ctrl Pts',(-37.2101843937364,1.10777726183162E-12,
-13.9852635943867));
#2760=CARTESIAN_POINT('Ctrl Pts',(-42.8788163864884,218.032580826795,-10.449856486901));
#2761=CARTESIAN_POINT('Ctrl Pts',(-38.1183159857953,1.1077913976743E-12,
-14.0489257702294));
#2762=CARTESIAN_POINT('Ctrl Pts',(-43.5533606553667,218.032580826795,-10.4982596055895));
#2763=CARTESIAN_POINT('Ctrl Pts',(-39.6696591772078,1.10781340982217E-12,
-14.1480596711744));
#2764=CARTESIAN_POINT('Ctrl Pts',(-44.705685430767,218.032580826795,-10.5737799938856));
#2765=CARTESIAN_POINT('Ctrl Pts',(-40.6024467902567,1.10782535233063E-12,
-14.2018439478019));
#2766=CARTESIAN_POINT('Ctrl Pts',(-45.3985591607882,218.032580826795,-10.6148554773959));
#2767=CARTESIAN_POINT('Ctrl Pts',(-42.1854845465896,1.10784355142E-12,-14.2838053599066));
#2768=CARTESIAN_POINT('Ctrl Pts',(-46.5744513231459,218.032580826795,-10.6776244144271));
#2769=CARTESIAN_POINT('Ctrl Pts',(-43.1421270323579,1.10785329241952E-12,
-14.3276749217195));
#2770=CARTESIAN_POINT('Ctrl Pts',(-47.2850589673024,218.032580826795,-10.7113433780725));
#2771=CARTESIAN_POINT('Ctrl Pts',(-44.754910128778,1.10786771270737E-12,
-14.3926181246971));
#2772=CARTESIAN_POINT('Ctrl Pts',(-48.4830695848952,218.032580826795,-10.761472462222));
#2773=CARTESIAN_POINT('Ctrl Pts',(-45.734580796541,1.10787525116595E-12,
-14.4265683239667));
#2774=CARTESIAN_POINT('Ctrl Pts',(-49.2107966026025,218.032580826795,-10.7878297977421));
#2775=CARTESIAN_POINT('Ctrl Pts',(-47.3751268613954,1.1078859395789E-12,
-14.4747046565501));
#2776=CARTESIAN_POINT('Ctrl Pts',(-50.4294520894139,218.032580826795,-10.8254728727965));
#2777=CARTESIAN_POINT('Ctrl Pts',(-48.3769744011941,1.10789128153653E-12,
-14.4987626949269));
#2778=CARTESIAN_POINT('Ctrl Pts',(-51.173665627291,218.032580826795,-10.844487034509));
#2779=CARTESIAN_POINT('Ctrl Pts',(-50.0432700878526,1.10789829727932E-12,
-14.5303587915511));
#2780=CARTESIAN_POINT('Ctrl Pts',(-52.4114693511568,218.032580826795,-10.8698389238056));
#2781=CARTESIAN_POINT('Ctrl Pts',(-51.0664195216472,1.10790145571118E-12,
-14.5445831041222));
#2782=CARTESIAN_POINT('Ctrl Pts',(-53.1715189467267,218.032580826795,-10.8815514958232));
#2783=CARTESIAN_POINT('Ctrl Pts',(-52.7564227070857,1.10790486976885E-12,
-14.5599586529453));
#2784=CARTESIAN_POINT('Ctrl Pts',(-54.426952860917,218.032580826795,-10.8948463827085));
#2785=CARTESIAN_POINT('Ctrl Pts',(-53.7999763650614,1.10790586438644E-12,
-14.5644380123379));
#2786=CARTESIAN_POINT('Ctrl Pts',(-55.2021711669708,218.032580826795,-10.8993214396662));
#2787=CARTESIAN_POINT('Ctrl Pts',(-55.5116183753847,1.1079057589307E-12,
-14.5639630819441));
#2788=CARTESIAN_POINT('Ctrl Pts',(-56.4736974649293,218.032580826795,-10.9008309284123));
#2789=CARTESIAN_POINT('Ctrl Pts',(-56.5746568947869,1.1079046159254E-12,
-14.5588154436781));
#2790=CARTESIAN_POINT('Ctrl Pts',(-57.2634009924002,218.032580826795,-10.8981542049117));
#2791=CARTESIAN_POINT('Ctrl Pts',(-58.3058447575883,1.10790108363688E-12,
-14.5429074304231));
#2792=CARTESIAN_POINT('Ctrl Pts',(-58.5494637851179,218.032580826795,-10.8881850997193));
#2793=CARTESIAN_POINT('Ctrl Pts',(-59.3874281016567,1.10789783537157E-12,
-14.5282785439713));
#2794=CARTESIAN_POINT('Ctrl Pts',(-59.3529536624374,218.032580826795,-10.8784629861404));
#2795=CARTESIAN_POINT('Ctrl Pts',(-61.1360468248001,1.10789097869005E-12,
-14.4973987956633));
#2796=CARTESIAN_POINT('Ctrl Pts',(-60.6519806776937,218.032580826795,-10.8573548286864));
#2797=CARTESIAN_POINT('Ctrl Pts',(-62.2352153195827,1.10788566334473E-12,
-14.4734606084616));
#2798=CARTESIAN_POINT('Ctrl Pts',(-61.4685434247462,218.032580826795,-10.8407132130993));
#2799=CARTESIAN_POINT('Ctrl Pts',(-63.999130195679,1.10787559366063E-12,
-14.4281107828626));
#2800=CARTESIAN_POINT('Ctrl Pts',(-62.7789477272111,218.032580826795,-10.8088356212238));
#2801=CARTESIAN_POINT('Ctrl Pts',(-65.1149055827357,1.10786825483861E-12,
-14.3950596667794));
#2802=CARTESIAN_POINT('Ctrl Pts',(-63.6078560421681,218.032580826795,-10.7854185988416));
#2803=CARTESIAN_POINT('Ctrl Pts',(-66.8919645182638,1.10785509163885E-12,
-14.3357778852322));
#2804=CARTESIAN_POINT('Ctrl Pts',(-64.9280377731222,218.032580826795,-10.7431684503865));
#2805=CARTESIAN_POINT('Ctrl Pts',(-68.0233510215018,1.10784577794048E-12,
-14.2938327167355));
#2806=CARTESIAN_POINT('Ctrl Pts',(-65.7685513306035,218.032580826795,-10.7131369233093));
#2807=CARTESIAN_POINT('Ctrl Pts',(-69.8113868892056,1.10782964792256E-12,
-14.2211895740434));
#2808=CARTESIAN_POINT('Ctrl Pts',(-67.0968994658093,218.032580826795,-10.6609354298005));
#2809=CARTESIAN_POINT('Ctrl Pts',(-70.9573722943186,1.10781841249363E-12,
-14.1705897004833));
#2810=CARTESIAN_POINT('Ctrl Pts',(-67.9482657249943,218.032580826795,-10.6244656207067));
#2811=CARTESIAN_POINT('Ctrl Pts',(-72.7542053071957,1.10779944866124E-12,
-14.0851841919957));
#2812=CARTESIAN_POINT('Ctrl Pts',(-69.2831598490387,218.032580826795,-10.5627553355194));
#2813=CARTESIAN_POINT('Ctrl Pts',(-73.9137620524057,1.10778634872345E-12,
-14.0261873170424));
#2814=CARTESIAN_POINT('Ctrl Pts',(-70.1446148705247,218.032580826795,-10.5200372394511));
#2815=CARTESIAN_POINT('Ctrl Pts',(-75.7172021573004,1.10776468947699E-12,
-13.9286427427449));
#2816=CARTESIAN_POINT('Ctrl Pts',(-71.4844269657542,218.032580826795,-10.4492790443188));
#2817=CARTESIAN_POINT('Ctrl Pts',(-76.8892884343052,1.10774978584784E-12,
-13.8615227640894));
#2818=CARTESIAN_POINT('Ctrl Pts',(-72.3551962361229,218.032580826795,-10.4005148427948));
#2819=CARTESIAN_POINT('Ctrl Pts',(-78.6971377228279,1.10772557408265E-12,
-13.752482667399));
#2820=CARTESIAN_POINT('Ctrl Pts',(-73.6982924841143,218.032580826795,-10.3211849550465));
#2821=CARTESIAN_POINT('Ctrl Pts',(-79.8806985870535,1.10770893069197E-12,
-13.6775274993458));
#2822=CARTESIAN_POINT('Ctrl Pts',(-74.5775917473288,218.032580826795,-10.2665874164185));
#2823=CARTESIAN_POINT('Ctrl Pts',(-81.6907537212791,1.10768231291643E-12,
-13.5576516953127));
#2824=CARTESIAN_POINT('Ctrl Pts',(-75.92233434068,218.032580826795,-10.1791744571885));
#2825=CARTESIAN_POINT('Ctrl Pts',(-82.8847222107005,1.10766399632654E-12,
-13.4751611079024));
#2826=CARTESIAN_POINT('Ctrl Pts',(-76.8093704355756,218.032580826795,-10.1189653464564));
#2827=CARTESIAN_POINT('Ctrl Pts',(-84.6947768608546,1.10763512181127E-12,
-13.3451218516912));
#2828=CARTESIAN_POINT('Ctrl Pts',(-78.1541193976634,218.032580826795,-10.0239675073554));
#2829=CARTESIAN_POINT('Ctrl Pts',(-85.8980751227932,1.10761520074753E-12,
-13.2554053564932));
#2830=CARTESIAN_POINT('Ctrl Pts',(-79.0480911009266,218.032580826795,-9.95837602759213));
#2831=CARTESIAN_POINT('Ctrl Pts',(-87.7059224139173,1.10758422071609E-12,
-13.1158836984352));
#2832=CARTESIAN_POINT('Ctrl Pts',(-80.3912061111664,218.032580826795,-9.85629837001688));
#2833=CARTESIAN_POINT('Ctrl Pts',(-88.9174628393381,1.10756276561412E-12,
-13.0192585092085));
#2834=CARTESIAN_POINT('Ctrl Pts',(-81.2913049853036,218.032580826795,-9.78555965614933));
#2835=CARTESIAN_POINT('Ctrl Pts',(-90.7208978037387,1.10752983248418E-12,
-12.8709408774685));
#2836=CARTESIAN_POINT('Ctrl Pts',(-82.6311472073573,218.032580826795,-9.67691157360704));
#2837=CARTESIAN_POINT('Ctrl Pts',(-91.9395841686586,1.10750691505935E-12,
-12.767729971518));
#2838=CARTESIAN_POINT('Ctrl Pts',(-83.5365584532469,218.032580826795,-9.60126525758999));
#2839=CARTESIAN_POINT('Ctrl Pts',(-93.7364062007933,1.10747218174226E-12,
-12.6113050176179));
#2840=CARTESIAN_POINT('Ctrl Pts',(-84.8714923635599,218.032580826795,-9.48655812719388));
#2841=CARTESIAN_POINT('Ctrl Pts',(-94.9611348144727,1.10744787458671E-12,
-12.5018353209431));
#2842=CARTESIAN_POINT('Ctrl Pts',(-85.7813956772534,218.032580826795,-9.40624699163265));
#2843=CARTESIAN_POINT('Ctrl Pts',(-96.7491501248036,1.10741149385188E-12,
-12.3379910571278));
#2844=CARTESIAN_POINT('Ctrl Pts',(-87.1097908912613,218.032580826795,-9.28599203637836));
#2845=CARTESIAN_POINT('Ctrl Pts',(-97.9788109844247,1.10738587006352E-12,
-12.2225917734125));
#2846=CARTESIAN_POINT('Ctrl Pts',(-88.0233613247442,218.032580826795,-9.2012607714409));
#2847=CARTESIAN_POINT('Ctrl Pts',(-99.7558350486875,1.10734799397255E-12,
-12.0520130242571));
#2848=CARTESIAN_POINT('Ctrl Pts',(-89.3435944180705,218.032580826795,-9.07596715007493));
#2849=CARTESIAN_POINT('Ctrl Pts',(-100.989313000234,1.10732112681965E-12,
-11.9310141244411));
#2850=CARTESIAN_POINT('Ctrl Pts',(-90.2600032437294,218.032580826795,-8.98706122613121));
#2851=CARTESIAN_POINT('Ctrl Pts',(-102.753173000515,1.10728190623373E-12,
-11.7543803083041));
#2852=CARTESIAN_POINT('Ctrl Pts',(-91.5704595656981,218.032580826795,-8.85723436247003));
#2853=CARTESIAN_POINT('Ctrl Pts',(-103.98934890555,1.10725386885812E-12,
-11.6281111939756));
#2854=CARTESIAN_POINT('Ctrl Pts',(-92.4888751442492,218.032580826795,-8.76439902834629));
#2855=CARTESIAN_POINT('Ctrl Pts',(-105.737886159542,1.10721345302057E-12,
-11.446094443023));
#2856=CARTESIAN_POINT('Ctrl Pts',(-93.7879506210573,218.032580826795,-8.63053918688652));
#2857=CARTESIAN_POINT('Ctrl Pts',(-106.975638067549,1.10718431818163E-12,
-11.3148827932335));
#2858=CARTESIAN_POINT('Ctrl Pts',(-94.7075392726874,218.032580826795,-8.53401860097368));
#2859=CARTESIAN_POINT('Ctrl Pts',(-108.706710442365,1.10714285437606E-12,
-11.1281464139173));
#2860=CARTESIAN_POINT('Ctrl Pts',(-95.9936421976206,218.032580826795,-8.3966197106417));
#2861=CARTESIAN_POINT('Ctrl Pts',(-109.944914768261,1.10711269423665E-12,
-10.9923172213104));
#2862=CARTESIAN_POINT('Ctrl Pts',(-96.9135690760712,218.032580826795,-8.29665620939502));
#2863=CARTESIAN_POINT('Ctrl Pts',(-111.656399075224,1.10707032751967E-12,
-10.8015144905118));
#2864=CARTESIAN_POINT('Ctrl Pts',(-98.1851218842003,218.032580826795,-8.15620493240902));
#2865=CARTESIAN_POINT('Ctrl Pts',(-112.893931781591,1.10703921347465E-12,
-10.6613892889456));
#2866=CARTESIAN_POINT('Ctrl Pts',(-99.1045518534908,218.032580826795,-8.05303843806996));
#2867=CARTESIAN_POINT('Ctrl Pts',(-114.583726148465,1.10699608648059E-12,
-10.4671625745973));
#2868=CARTESIAN_POINT('Ctrl Pts',(-100.359992878351,218.032580826795,-7.9100134762145));
#2869=CARTESIAN_POINT('Ctrl Pts',(-115.819463931964,1.1069640890275E-12,
-10.3230588567816));
#2870=CARTESIAN_POINT('Ctrl Pts',(-101.278091391795,218.032580826795,-7.80388104291901));
#2871=CARTESIAN_POINT('Ctrl Pts',(-117.485490149179,1.10692034184141E-12,
-10.1260390457827));
#2872=CARTESIAN_POINT('Ctrl Pts',(-102.515876601628,218.032580826795,-7.65875266914357));
#2873=CARTESIAN_POINT('Ctrl Pts',(-118.718311630529,1.10688753049224E-12,
-9.97826986591804));
#2874=CARTESIAN_POINT('Ctrl Pts',(-103.431810582738,218.032580826795,-7.54988816400193));
#2875=CARTESIAN_POINT('Ctrl Pts',(-120.358517468057,1.106843300586E-12,
-9.77907607665267));
#2876=CARTESIAN_POINT('Ctrl Pts',(-104.650415293967,218.032580826795,-7.40311796322556));
#2877=CARTESIAN_POINT('Ctrl Pts',(-121.587304384857,1.1068097438182E-12,
-9.62794982969699));
#2878=CARTESIAN_POINT('Ctrl Pts',(-105.56335401879,218.032580826795,-7.29175187650767));
#2879=CARTESIAN_POINT('Ctrl Pts',(-123.19966587648,1.10676516604381E-12,
-9.427189381552));
#2880=CARTESIAN_POINT('Ctrl Pts',(-106.761274584471,218.032580826795,-7.1437926759097));
#2881=CARTESIAN_POINT('Ctrl Pts',(-124.42330427807,1.10673093128791E-12,
-9.27300974762021));
#2882=CARTESIAN_POINT('Ctrl Pts',(-107.670390564828,218.032580826795,-7.03015205218876));
#2883=CARTESIAN_POINT('Ctrl Pts',(-126.005827969946,1.10668613792068E-12,
-9.07127835565483));
#2884=CARTESIAN_POINT('Ctrl Pts',(-108.846146035955,218.032580826795,-6.88144801814836));
#2885=CARTESIAN_POINT('Ctrl Pts',(-127.223209413393,1.10665129158143E-12,
-8.91434439521523));
#2886=CARTESIAN_POINT('Ctrl Pts',(-109.750615902979,218.032580826795,-6.7657564981807));
#2887=CARTESIAN_POINT('Ctrl Pts',(-128.773934573913,1.10660641240537E-12,
-8.71222655462856));
#2888=CARTESIAN_POINT('Ctrl Pts',(-110.902749660582,218.032580826795,-6.61674337444597));
#2889=CARTESIAN_POINT('Ctrl Pts',(-129.983957320113,1.10657101991266E-12,
-8.55283293765446));
#2890=CARTESIAN_POINT('Ctrl Pts',(-111.801755047903,218.032580826795,-6.4992213357293));
#2891=CARTESIAN_POINT('Ctrl Pts',(-131.500958108222,1.10652618233952E-12,
-8.3509024599814));
#2892=CARTESIAN_POINT('Ctrl Pts',(-112.928836404011,218.032580826795,-6.35032679538661));
#2893=CARTESIAN_POINT('Ctrl Pts',(-132.702528317001,1.10649030822476E-12,
-8.189339810077));
#2894=CARTESIAN_POINT('Ctrl Pts',(-113.821564829842,218.032580826795,-6.23119157777086));
#2895=CARTESIAN_POINT('Ctrl Pts',(-134.183915906274,1.10644563743793E-12,
-7.98816047115551));
#2896=CARTESIAN_POINT('Ctrl Pts',(-114.922190595477,218.032580826795,-6.08283566017537));
#2897=CARTESIAN_POINT('Ctrl Pts',(-135.375948829289,1.10640934543137E-12,
-7.82471580394082));
#2898=CARTESIAN_POINT('Ctrl Pts',(-115.807836342788,218.032580826795,-5.96230186162404));
#2899=CARTESIAN_POINT('Ctrl Pts',(-136.819873485212,1.10636496454545E-12,
-7.62484206265489));
#2900=CARTESIAN_POINT('Ctrl Pts',(-116.880632361278,218.032580826795,-5.81489746465786));
#2901=CARTESIAN_POINT('Ctrl Pts',(-138.001294655348,1.10632831768962E-12,
-7.45979929638686));
#2902=CARTESIAN_POINT('Ctrl Pts',(-117.758397355192,218.032580826795,-5.69317729129045));
#2903=CARTESIAN_POINT('Ctrl Pts',(-139.40594776341,1.1062843479166E-12,
-7.26177704300599));
#2904=CARTESIAN_POINT('Ctrl Pts',(-118.802019999178,218.032580826795,-5.54713068913998));
#2905=CARTESIAN_POINT('Ctrl Pts',(-140.575694179259,1.1062474086906E-12,
-7.09541755855175));
#2906=CARTESIAN_POINT('Ctrl Pts',(-119.671114680626,218.032580826795,-5.42443434304184));
#2907=CARTESIAN_POINT('Ctrl Pts',(-141.939310221617,1.10620396950359E-12,
-6.89978485214748));
#2908=CARTESIAN_POINT('Ctrl Pts',(-120.684252311281,218.032580826795,-5.28014570012276));
#2909=CARTESIAN_POINT('Ctrl Pts',(-143.096331525562,1.10616679995324E-12,
-6.73238807901785));
#2910=CARTESIAN_POINT('Ctrl Pts',(-121.543896505915,218.032580826795,-5.1566817880926));
#2911=CARTESIAN_POINT('Ctrl Pts',(-144.417190004173,1.10612400923913E-12,
-6.53967583491622));
#2912=CARTESIAN_POINT('Ctrl Pts',(-122.52527089298,218.032580826795,-5.01454564078073));
#2913=CARTESIAN_POINT('Ctrl Pts',(-145.560449652499,1.1060866711077E-12,
-6.37151984011771));
#2914=CARTESIAN_POINT('Ctrl Pts',(-123.37469467425,218.032580826795,-4.8905215872011));
#2915=CARTESIAN_POINT('Ctrl Pts',(-146.836876956811,1.10604464530053E-12,
-6.18225243059988));
#2916=CARTESIAN_POINT('Ctrl Pts',(-124.323062375608,218.032580826795,-4.75092726662081));
#2917=CARTESIAN_POINT('Ctrl Pts',(-147.965353380159,1.10600720015509E-12,
-6.01361448756094));
#2918=CARTESIAN_POINT('Ctrl Pts',(-125.161506920868,218.032580826795,-4.62654971397625));
#2919=CARTESIAN_POINT('Ctrl Pts',(-149.195724597579,1.10596605434266E-12,
-5.82831022199891));
#2920=CARTESIAN_POINT('Ctrl Pts',(-126.075660620505,218.032580826795,-4.4898816852146));
#2921=CARTESIAN_POINT('Ctrl Pts',(-150.308412350011,1.10592856369113E-12,
-5.65946733775894));
#2922=CARTESIAN_POINT('Ctrl Pts',(-126.90237905894,218.032580826795,-4.36535686643641));
#2923=CARTESIAN_POINT('Ctrl Pts',(-151.491153017541,1.10588841168813E-12,
-5.47863879200006));
#2924=CARTESIAN_POINT('Ctrl Pts',(-127.781148862231,218.032580826795,-4.23199496214252));
#2925=CARTESIAN_POINT('Ctrl Pts',(-152.58706391238,1.10585093708253E-12,
-5.30986817219355));
#2926=CARTESIAN_POINT('Ctrl Pts',(-128.595407113341,218.032580826795,-4.1075290299119));
#2927=CARTESIAN_POINT('Ctrl Pts',(-153.720651707959,1.10581189146446E-12,
-5.13402234120678));
#2928=CARTESIAN_POINT('Ctrl Pts',(-129.437661798714,218.032580826795,-3.97784855924929));
#2929=CARTESIAN_POINT('Ctrl Pts',(-154.79881593851,1.10577449458618E-12,
-4.96560177409966));
#2930=CARTESIAN_POINT('Ctrl Pts',(-130.238739400037,218.032580826795,-3.85364785861928));
#2931=CARTESIAN_POINT('Ctrl Pts',(-155.881782310782,1.10573666667925E-12,
-4.79524002657881));
#2932=CARTESIAN_POINT('Ctrl Pts',(-131.043387626186,218.032580826795,-3.72801957590025));
#2933=CARTESIAN_POINT('Ctrl Pts',(-156.941249553967,1.10569940940263E-12,
-4.6274481694836));
#2934=CARTESIAN_POINT('Ctrl Pts',(-131.830578548894,218.032580826795,-3.60429084807685));
#2935=CARTESIAN_POINT('Ctrl Pts',(-157.972181289314,1.10566290922613E-12,
-4.46306598816956));
#2936=CARTESIAN_POINT('Ctrl Pts',(-132.59657001679,218.032580826795,-3.48308076905155));
#2937=CARTESIAN_POINT('Ctrl Pts',(-159.012021790203,1.10562585365724E-12,
-4.29618254193627));
#2938=CARTESIAN_POINT('Ctrl Pts',(-133.36918346775,218.032580826795,-3.36003127587209));
#2939=CARTESIAN_POINT('Ctrl Pts',(-159.989562516067,1.10559078981582E-12,
-4.13826903877132));
#2940=CARTESIAN_POINT('Ctrl Pts',(-134.095510036809,218.032580826795,-3.24360033349651));
#2941=CARTESIAN_POINT('Ctrl Pts',(-161.00886815125,1.10555399830374E-12,
-3.97257479867374));
#2942=CARTESIAN_POINT('Ctrl Pts',(-134.852871245642,218.032580826795,-3.12143789402944));
#2943=CARTESIAN_POINT('Ctrl Pts',(-161.931719774911,1.10552047782862E-12,
-3.8216119994145));
#2944=CARTESIAN_POINT('Ctrl Pts',(-135.538568003489,218.032580826795,-3.01014142951911));
#2945=CARTESIAN_POINT('Ctrl Pts',(-162.929605092604,1.10548401294732E-12,
-3.65738877357829));
#2946=CARTESIAN_POINT('Ctrl Pts',(-136.280018993191,218.032580826795,-2.88907436223165));
#2947=CARTESIAN_POINT('Ctrl Pts',(-163.79652917459,1.10545214108629E-12,
-3.51385067211065));
#2948=CARTESIAN_POINT('Ctrl Pts',(-136.924165278549,218.032580826795,-2.78326145123828));
#2949=CARTESIAN_POINT('Ctrl Pts',(-164.772132409432,1.1054160655858E-12,
-3.35138106158142));
#2950=CARTESIAN_POINT('Ctrl Pts',(-137.649065618056,218.032580826795,-2.66349841734175));
#2951=CARTESIAN_POINT('Ctrl Pts',(-165.581951471442,1.10538594554335E-12,
-3.21573244960903));
#2952=CARTESIAN_POINT('Ctrl Pts',(-138.250785996294,218.032580826795,-2.56351103510395));
#2953=CARTESIAN_POINT('Ctrl Pts',(-166.534435531602,1.10535032226961E-12,
-3.0552994872793));
#2954=CARTESIAN_POINT('Ctrl Pts',(-138.958513533868,218.032580826795,-2.44526078079578));
#2955=CARTESIAN_POINT('Ctrl Pts',(-167.28603429684,1.10532205489973E-12,
-2.92799457083083));
#2956=CARTESIAN_POINT('Ctrl Pts',(-139.516978725034,218.032580826795,-2.35143281397227));
#2957=CARTESIAN_POINT('Ctrl Pts',(-168.214587722606,1.10528694668304E-12,
-2.76988121923306));
#2958=CARTESIAN_POINT('Ctrl Pts',(-140.206930299639,218.032580826795,-2.23490381183745));
#2959=CARTESIAN_POINT('Ctrl Pts',(-168.90691429384,1.10526063013809E-12,
-2.65136203719585));
#2960=CARTESIAN_POINT('Ctrl Pts',(-140.721358057908,218.032580826795,-2.14755992861814));
#2961=CARTESIAN_POINT('Ctrl Pts',(-169.810752180412,1.10522609965123E-12,
-2.49585054943103));
#2962=CARTESIAN_POINT('Ctrl Pts',(-141.392950191724,218.032580826795,-2.03295991953522));
#2963=CARTESIAN_POINT('Ctrl Pts',(-170.442819135799,1.10520182899228E-12,
-2.38654521882554));
#2964=CARTESIAN_POINT('Ctrl Pts',(-141.862606138992,218.032580826795,-1.95241431238437));
#2965=CARTESIAN_POINT('Ctrl Pts',(-171.321184040076,1.10516793857869E-12,
-2.23391636479928));
#2966=CARTESIAN_POINT('Ctrl Pts',(-142.515275693551,218.032580826795,-1.83994975529549));
#2967=CARTESIAN_POINT('Ctrl Pts',(-171.892069514247,1.10514580535026E-12,
-2.13423716548209));
#2968=CARTESIAN_POINT('Ctrl Pts',(-142.939474094809,218.032580826795,-1.76650477664901));
#2969=CARTESIAN_POINT('Ctrl Pts',(-172.744232254607,1.10511261682803E-12,
-1.98476934916642));
#2970=CARTESIAN_POINT('Ctrl Pts',(-143.572678944645,218.032580826795,-1.65638020223182));
#2971=CARTESIAN_POINT('Ctrl Pts',(-173.253080773794,1.10509270861322E-12,
-1.89511072033405));
#2972=CARTESIAN_POINT('Ctrl Pts',(-143.950783471962,218.032580826795,-1.59032490516407));
#2973=CARTESIAN_POINT('Ctrl Pts',(-174.078341484061,1.10506028304242E-12,
-1.7490789317984));
#2974=CARTESIAN_POINT('Ctrl Pts',(-144.564003005813,218.032580826795,-1.482742216967));
#2975=CARTESIAN_POINT('Ctrl Pts',(-174.524365334392,1.10504268297325E-12,
-1.66981526684178));
#2976=CARTESIAN_POINT('Ctrl Pts',(-144.895427310788,218.032580826795,-1.4243508576309));
#2977=CARTESIAN_POINT('Ctrl Pts',(-175.299215179241,1.10501198524339E-12,
-1.53156498206037));
#2978=CARTESIAN_POINT('Ctrl Pts',(-145.471193127791,218.032580826795,-1.32251015041722));
#2979=CARTESIAN_POINT('Ctrl Pts',(-175.704531839263,1.10499586678906E-12,
-1.45897391716615));
#2980=CARTESIAN_POINT('Ctrl Pts',(-145.772372161531,218.032580826795,-1.26903887279977));
#2981=CARTESIAN_POINT('Ctrl Pts',(-176.417768247784,1.10496739143368E-12,
-1.3307323172575));
#2982=CARTESIAN_POINT('Ctrl Pts',(-146.302356847022,218.032580826795,-1.17457962624228));
#2983=CARTESIAN_POINT('Ctrl Pts',(-176.815122738736,1.10495147359464E-12,
-1.25904474328079));
#2984=CARTESIAN_POINT('Ctrl Pts',(-146.597619135436,218.032580826795,-1.12177875661715));
#2985=CARTESIAN_POINT('Ctrl Pts',(-177.443130614254,1.10492622160694E-12,
-1.14531990090473));
#2986=CARTESIAN_POINT('Ctrl Pts',(-147.064282540078,218.032580826795,-1.03801792775074));
#2987=CARTESIAN_POINT('Ctrl Pts',(-177.842667564528,1.10491010664036E-12,
-1.07274454342699));
#2988=CARTESIAN_POINT('Ctrl Pts',(-147.361174664114,218.032580826795,-0.984566316195341));
#2989=CARTESIAN_POINT('Ctrl Pts',(-178.374204660752,1.10488859362623E-12,
-0.975858540982496));
#2990=CARTESIAN_POINT('Ctrl Pts',(-147.756133063139,218.032580826795,-0.913217188237501));
#2991=CARTESIAN_POINT('Ctrl Pts',(-178.775735652251,1.1048722970254E-12,
-0.902465175571076));
#2992=CARTESIAN_POINT('Ctrl Pts',(-148.054495432867,218.032580826795,-0.859169632119242));
#2993=CARTESIAN_POINT('Ctrl Pts',(-179.209881399953,1.10485462144136E-12,
-0.822861421859755));
#2994=CARTESIAN_POINT('Ctrl Pts',(-148.377158617494,218.032580826795,-0.80053882573345));
#2995=CARTESIAN_POINT('Ctrl Pts',(-179.48752788929,1.1048432894003E-12,
-0.771826445980247));
#2996=CARTESIAN_POINT('Ctrl Pts',(-148.583473593513,218.032580826795,-0.762957748255671));
#2997=CARTESIAN_POINT('Ctrl Pts',(-179.641718138434,1.10483698635056E-12,
-0.743440033513233));
#2998=CARTESIAN_POINT('Ctrl Pts',(-148.698006999059,218.032580826795,-0.742063023278127));
#2999=CARTESIAN_POINT('Ctrl Pts',(-179.673376477192,1.10483569179479E-12,
-0.737609872641385));
#3000=CARTESIAN_POINT('Ctrl Pts',(-148.721522379857,218.032580826795,-0.737771679485292));
#3001=CARTESIAN_POINT('',(-147.407577229569,210.598608619995,1.16583939441514));
#3002=CARTESIAN_POINT('',(-150.08074980781,208.457835663774,0.737764784370937));
#3003=CARTESIAN_POINT('Ctrl Pts',(-147.407577229569,210.598608619996,1.16583939441515));
#3004=CARTESIAN_POINT('Ctrl Pts',(-148.665560129008,210.732179890309,0.937691386285762));
#3005=CARTESIAN_POINT('Ctrl Pts',(-149.929023053264,209.743833420413,0.732083795978783));
#3006=CARTESIAN_POINT('Ctrl Pts',(-150.08074980781,208.457835663774,0.737764784370937));
#3007=CARTESIAN_POINT('',(-179.673376629285,1.10450812721549E-12,0.737609844631931));
#3008=CARTESIAN_POINT('Ctrl Pts',(-14.,200.000000000001,4.25939665491093E-14));
#3009=CARTESIAN_POINT('Ctrl Pts',(-13.9964546423533,199.999718338645,0.721258359195612));
#3010=CARTESIAN_POINT('Ctrl Pts',(-14.2109051866447,200.016755434456,1.43294902298703));
#3011=CARTESIAN_POINT('Ctrl Pts',(-14.5685184681714,200.045166136718,2.05647480395688));
#3012=CARTESIAN_POINT('Ctrl Pts',(-14.9205440421742,200.073132921756,2.6702579945991));
#3013=CARTESIAN_POINT('Ctrl Pts',(-15.3932524263862,200.110687395183,3.20852627569163));
#3014=CARTESIAN_POINT('Ctrl Pts',(-15.9198569344802,200.152523662606,3.68120485491348));
#3015=CARTESIAN_POINT('Ctrl Pts',(-15.9390686219625,200.154049941403,3.69844920623222));
#3016=CARTESIAN_POINT('Ctrl Pts',(-15.9583535928186,200.15558204222,3.71560417946016));
#3017=CARTESIAN_POINT('Ctrl Pts',(-15.9776939175329,200.157118540643,3.73268793239513));
#3018=CARTESIAN_POINT('Ctrl Pts',(-17.0207840251418,200.239987175393,4.6540733770853));
#3019=CARTESIAN_POINT('Ctrl Pts',(-18.2352584075565,200.336471489098,5.35789344196031));
#3020=CARTESIAN_POINT('Ctrl Pts',(-19.4919877165281,200.436312760416,5.95266345824467));
#3021=CARTESIAN_POINT('Ctrl Pts',(-19.5467600160634,200.440664163681,5.97858544578325));
#3022=CARTESIAN_POINT('Ctrl Pts',(-19.6016108027441,200.445021802386,6.00429645074386));
#3023=CARTESIAN_POINT('Ctrl Pts',(-19.656537610114,200.449385480579,6.0298293682114));
#3024=CARTESIAN_POINT('Ctrl Pts',(-22.0948863960831,200.643100898114,7.16330428310851));
#3025=CARTESIAN_POINT('Ctrl Pts',(-24.6842015816856,200.848809890109,7.93550009030051));
#3026=CARTESIAN_POINT('Ctrl Pts',(-27.3023869533566,201.056812483627,8.54821563777588));
#3027=CARTESIAN_POINT('Ctrl Pts',(-27.4366570436194,201.067479614881,8.57963792466019));
#3028=CARTESIAN_POINT('Ctrl Pts',(-27.5710030628264,201.078152778335,8.6106407765017));
#3029=CARTESIAN_POINT('Ctrl Pts',(-27.7054085430531,201.08883066569,8.64125141124649));
#3030=CARTESIAN_POINT('Ctrl Pts',(-27.8120190903071,201.0973003755,8.66553179413287));
#3031=CARTESIAN_POINT('Ctrl Pts',(-27.9186728171756,201.105773515729,8.68956680823246));
#3032=CARTESIAN_POINT('Ctrl Pts',(-28.0253761023948,201.114250593136,8.71336017071041));
#3033=CARTESIAN_POINT('Ctrl Pts',(-32.913545118251,201.502592780017,9.80335451351688));
#3034=CARTESIAN_POINT('Ctrl Pts',(-37.9009695413535,201.898820344685,10.3856168960575));
#3035=CARTESIAN_POINT('Ctrl Pts',(-42.8978121944844,202.29579614409,10.7309623728057));
#3036=CARTESIAN_POINT('Ctrl Pts',(-43.4443418596705,202.33921537215,10.7687345343251));
#3037=CARTESIAN_POINT('Ctrl Pts',(-43.9909841941124,202.38264355126,10.8036724848132));
#3038=CARTESIAN_POINT('Ctrl Pts',(-44.5376216511495,202.426071342889,10.8361305698347));
#3039=CARTESIAN_POINT('Ctrl Pts',(-44.6338196252916,202.43371382242,10.8418425860594));
#3040=CARTESIAN_POINT('Ctrl Pts',(-44.7300163742651,202.441356204617,10.8474799973454));
#3041=CARTESIAN_POINT('Ctrl Pts',(-44.8262146970733,202.448998711848,10.853037705863));
#3042=CARTESIAN_POINT('Ctrl Pts',(-49.1189754833732,202.79003849708,11.1010452853066));
#3043=CARTESIAN_POINT('Ctrl Pts',(-53.4216612047346,203.131866771981,11.1764395435526));
#3044=CARTESIAN_POINT('Ctrl Pts',(-57.7232111147472,203.473604811934,11.1380909849743));
#3045=CARTESIAN_POINT('Ctrl Pts',(-58.6641751575624,203.548360008174,11.1297022377853));
#3046=CARTESIAN_POINT('Ctrl Pts',(-59.6050848500299,203.62311088653,11.1158707190881));
#3047=CARTESIAN_POINT('Ctrl Pts',(-60.5458244134626,203.697848248927,11.0972126576119));
#3048=CARTESIAN_POINT('Ctrl Pts',(-60.8579477290756,203.722644987853,11.0910221919005));
#3049=CARTESIAN_POINT('Ctrl Pts',(-61.1700523166609,203.747440238925,11.0843004140172));
#3050=CARTESIAN_POINT('Ctrl Pts',(-61.4821339475949,203.772233666197,11.0770698306895));
#3051=CARTESIAN_POINT('Ctrl Pts',(-61.685408939122,203.788382914404,11.072360175846));
#3052=CARTESIAN_POINT('Ctrl Pts',(-61.8886730532204,203.804531298449,11.067437089526));
#3053=CARTESIAN_POINT('Ctrl Pts',(-62.0919288795745,203.820679024073,11.0622987553065));
#3054=CARTESIAN_POINT('Ctrl Pts',(-65.6720506914592,204.105102972714,10.9717928015736));
#3055=CARTESIAN_POINT('Ctrl Pts',(-69.2502878660475,204.389377195757,10.8130068773205));
#3056=CARTESIAN_POINT('Ctrl Pts',(-72.825630934835,204.673421495615,10.600925172538));
#3057=CARTESIAN_POINT('Ctrl Pts',(-74.3898435274296,204.797690876803,10.5081394266957));
#3058=CARTESIAN_POINT('Ctrl Pts',(-75.9535021700857,204.921916249256,10.4051525353615));
#3059=CARTESIAN_POINT('Ctrl Pts',(-77.5165223296742,205.046090897209,10.2932192781171));
#3060=CARTESIAN_POINT('Ctrl Pts',(-77.9887283678227,205.083605460402,10.259402977274));
#3061=CARTESIAN_POINT('Ctrl Pts',(-78.4608761308349,205.121115393907,10.2247701305915));
#3062=CARTESIAN_POINT('Ctrl Pts',(-78.9329632877885,205.158620512544,10.1893553374492));
#3063=CARTESIAN_POINT('Ctrl Pts',(-79.1523215967545,205.176047505167,10.1728996279014));
#3064=CARTESIAN_POINT('Ctrl Pts',(-79.3716667807345,205.193473455071,10.156274451725));
#3065=CARTESIAN_POINT('Ctrl Pts',(-79.5909988325131,205.210898361683,10.1394977444908));
#3066=CARTESIAN_POINT('Ctrl Pts',(-85.2773067020194,205.662648950761,9.70455209201145));
#3067=CARTESIAN_POINT('Ctrl Pts',(-90.9547938094233,206.113698771512,9.16515272069621));
#3068=CARTESIAN_POINT('Ctrl Pts',(-96.6237169126033,206.564068222148,8.54487877325499));
#3069=CARTESIAN_POINT('Ctrl Pts',(-100.875409239988,206.901845310124,8.07967331267407));
#3070=CARTESIAN_POINT('Ctrl Pts',(-105.122284314997,207.23923968991,7.56897590302228));
#3071=CARTESIAN_POINT('Ctrl Pts',(-109.364450457361,207.576259967001,7.02273399513036));
#3072=CARTESIAN_POINT('Ctrl Pts',(-110.159856609054,207.639451268955,6.92031363740062));
#3073=CARTESIAN_POINT('Ctrl Pts',(-110.955097212333,207.702629418862,6.81664366840463));
#3074=CARTESIAN_POINT('Ctrl Pts',(-111.750172981222,207.765794473446,6.71178965971769));
#3075=CARTESIAN_POINT('Ctrl Pts',(-112.208696816611,207.802222049564,6.65131987293707));
#3076=CARTESIAN_POINT('Ctrl Pts',(-112.667165830032,207.838645270333,6.59045628856275));
#3077=CARTESIAN_POINT('Ctrl Pts',(-113.125580158437,207.875064146632,6.52921148355859));
#3078=CARTESIAN_POINT('Ctrl Pts',(-113.477913264685,207.903055365531,6.48213928041929));
#3079=CARTESIAN_POINT('Ctrl Pts',(-113.830214578322,207.931044058655,6.43484135186553));
#3080=CARTESIAN_POINT('Ctrl Pts',(-114.182486740235,207.959030435811,6.38730732746327));
#3081=CARTESIAN_POINT('Ctrl Pts',(-125.293105402096,208.841717170465,4.88809031375016));
#3082=CARTESIAN_POINT('Ctrl Pts',(-136.373852592062,209.722030756269,3.15658339606578));
#3083=CARTESIAN_POINT('Ctrl Pts',(-147.407577229569,210.598608619993,1.16583939441516));
#3084=CARTESIAN_POINT('Ctrl Pts',(-180.287613177932,-6.65523832380446E-8,
-3.30613065482206E-5));
#3085=CARTESIAN_POINT('Ctrl Pts',(-149.332066905123,218.064802047385,-3.23915239922562E-5));
#3086=CARTESIAN_POINT('Ctrl Pts',(-180.287629857511,-6.653395328571E-8,
0.378345480006933));
#3087=CARTESIAN_POINT('Ctrl Pts',(-149.331308751328,218.070258059193,0.378732269311756));
#3088=CARTESIAN_POINT('Ctrl Pts',(-180.045506622966,-6.65339526013835E-8,
0.669116108243027));
#3089=CARTESIAN_POINT('Ctrl Pts',(-149.088764066108,218.07025828096,0.669654364570922));
#3090=CARTESIAN_POINT('Ctrl Pts',(-179.673376638733,-6.65523817952955E-8,
0.737609844631881));
#3091=CARTESIAN_POINT('Ctrl Pts',(-148.71694698293,218.06480252284,0.737771924908173));
#3092=CARTESIAN_POINT('',(-150.514243865928,208.519374381426,0.478956329190757));
#3093=CARTESIAN_POINT('Ctrl Pts',(-150.08074980781,208.457835663774,0.737764784370937));
#3094=CARTESIAN_POINT('Ctrl Pts',(-150.251089045955,208.482016983183,0.705986163329121));
#3095=CARTESIAN_POINT('Ctrl Pts',(-150.404360084908,208.503775304926,0.614036141257892));
#3096=CARTESIAN_POINT('Ctrl Pts',(-150.514243865928,208.519374381426,0.478956329190757));
#3097=CARTESIAN_POINT('Ctrl Pts',(-150.514243865928,208.519374381426,0.478956329190757));
#3098=CARTESIAN_POINT('Ctrl Pts',(-150.568722607171,208.527108171111,0.411985771202298));
#3099=CARTESIAN_POINT('Ctrl Pts',(-150.61127640612,208.533149098709,0.33595768284957));
#3100=CARTESIAN_POINT('Ctrl Pts',(-150.66895837352,208.541337617649,0.172713030180218));
#3101=CARTESIAN_POINT('Ctrl Pts',(-150.68368042171,208.543427556252,0.0866582612725476));
#3102=CARTESIAN_POINT('Ctrl Pts',(-150.68368048808,208.543427565674,2.7852514284185E-14));
#3103=CARTESIAN_POINT('Ctrl Pts',(44.7278038080522,195.536767874001,12.8135506820337));
#3104=CARTESIAN_POINT('Ctrl Pts',(29.7360988997793,196.780742562599,12.7517525880729));
#3105=CARTESIAN_POINT('Ctrl Pts',(14.7443939915064,198.024717251196,12.6899544941121));
#3106=CARTESIAN_POINT('Ctrl Pts',(-0.247310916766491,199.268691939794,12.6281564001512));
#3107=CARTESIAN_POINT('Ctrl Pts',(-7.74316337090294,199.890679284092,12.5972573531708));
#3108=CARTESIAN_POINT('Ctrl Pts',(-15.2364319237003,200.511814943948,12.5659981791198));
#3109=CARTESIAN_POINT('Ctrl Pts',(-22.7236478797178,201.130370894712,12.5342972435028));
#3110=CARTESIAN_POINT('Ctrl Pts',(-30.2019706112727,201.743774334487,12.5030110290813));
#3111=CARTESIAN_POINT('Ctrl Pts',(-37.6701911135719,202.348813421237,12.4744256625129));
#3112=CARTESIAN_POINT('Ctrl Pts',(-45.1289232150439,202.94220171102,12.4520791151762));
#3113=CARTESIAN_POINT('Ctrl Pts',(-52.5801942274408,203.521414135535,12.4396621929203));
#3114=CARTESIAN_POINT('Ctrl Pts',(-60.0267042369369,204.085729521273,12.4394742805656));
#3115=CARTESIAN_POINT('Ctrl Pts',(-67.4701814066816,204.637575078639,12.4507966960367));
#3116=CARTESIAN_POINT('Ctrl Pts',(-74.9097897696024,205.181799870485,12.4701067095792));
#3117=CARTESIAN_POINT('Ctrl Pts',(-82.3421186674565,205.723089151634,12.4929813221086));
#3118=CARTESIAN_POINT('Ctrl Pts',(-89.7623578427529,206.264322517225,12.5155790248224));
#3119=CARTESIAN_POINT('Ctrl Pts',(-97.1654248119043,206.806529807535,12.5354387423603));
#3120=CARTESIAN_POINT('Ctrl Pts',(-104.546588030825,207.349434095039,12.5516092519262));
#3121=CARTESIAN_POINT('Ctrl Pts',(-111.90197778421,207.892118779747,12.5642237849509));
#3122=CARTESIAN_POINT('Ctrl Pts',(-119.229282137409,208.433599473851,12.5739564434443));
#3123=CARTESIAN_POINT('Ctrl Pts',(-126.528506087161,208.973194215186,12.5816219132888));
#3124=CARTESIAN_POINT('Ctrl Pts',(-133.80245114062,209.510692980065,12.5879590450768));
#3125=CARTESIAN_POINT('Ctrl Pts',(-141.056611842812,210.046358399911,12.5935454750729));
#3126=CARTESIAN_POINT('Ctrl Pts',(-148.298294013537,210.580796370334,12.5987831388042));
#3127=CARTESIAN_POINT('Ctrl Pts',(-155.53489613397,211.1147189311,12.6039138000437));
#3128=CARTESIAN_POINT('Ctrl Pts',(-162.771498254402,211.648641491867,12.6090444612832));
#3129=CARTESIAN_POINT('Ctrl Pts',(-170.008100374835,212.182564052634,12.6141751225226));
#3130=CARTESIAN_POINT('Ctrl Pts',(-177.244702495268,212.7164866134,12.6193057837621));
#3131=CARTESIAN_POINT('Ctrl Pts',(44.4718471777856,195.415183549928,11.6063101017977));
#3132=CARTESIAN_POINT('Ctrl Pts',(29.5275514636507,196.69855286049,11.56179427456));
#3133=CARTESIAN_POINT('Ctrl Pts',(14.5832557495157,197.981922171053,11.5172784473224));
#3134=CARTESIAN_POINT('Ctrl Pts',(-0.361039964619277,199.265291481615,11.4727626200848));
#3135=CARTESIAN_POINT('Ctrl Pts',(-7.83318782168676,199.906976136897,11.450504706466));
#3136=CARTESIAN_POINT('Ctrl Pts',(-15.3041030496247,200.548242640836,11.4281081257427));
#3137=CARTESIAN_POINT('Ctrl Pts',(-22.7715704962853,201.188221743959,11.4053302022171));
#3138=CARTESIAN_POINT('Ctrl Pts',(-30.2328066187481,201.825518157521,11.3819224577385));
#3139=CARTESIAN_POINT('Ctrl Pts',(-37.685157368904,202.457848118715,11.3580754020828));
#3140=CARTESIAN_POINT('Ctrl Pts',(-45.1271971176,203.080674565507,11.3357703269498));
#3141=CARTESIAN_POINT('Ctrl Pts',(-52.5608787658288,203.684909148002,11.3211485792891));
#3142=CARTESIAN_POINT('Ctrl Pts',(-59.9916833312908,204.26092817759,11.3214558807944));
#3143=CARTESIAN_POINT('Ctrl Pts',(-67.4243643374957,204.809873716369,11.3358753421335));
#3144=CARTESIAN_POINT('Ctrl Pts',(-74.8591973614099,205.342597819749,11.3561449063514));
#3145=CARTESIAN_POINT('Ctrl Pts',(-82.2922970231152,205.870109481675,11.3754659523734));
#3146=CARTESIAN_POINT('Ctrl Pts',(-89.7177780439737,206.39859334882,11.3915579226177));
#3147=CARTESIAN_POINT('Ctrl Pts',(-97.1300443672137,206.930179361545,11.4044648982036));
#3148=CARTESIAN_POINT('Ctrl Pts',(-104.524975755532,207.464843709486,11.4147939882962));
#3149=CARTESIAN_POINT('Ctrl Pts',(-111.900103278936,208.001726662113,11.4231388416245));
#3150=CARTESIAN_POINT('Ctrl Pts',(-119.254492397585,208.539750417957,11.4299949706458));
#3151=CARTESIAN_POINT('Ctrl Pts',(-126.588865033272,209.077962212668,11.4357812764251));
#3152=CARTESIAN_POINT('Ctrl Pts',(-133.905757406477,209.615732040338,11.4408530261528));
#3153=CARTESIAN_POINT('Ctrl Pts',(-141.20933942682,210.152824871305,11.44549886141));
#3154=CARTESIAN_POINT('Ctrl Pts',(-148.504735178474,210.689352370756,11.44993491341));
#3155=CARTESIAN_POINT('Ctrl Pts',(-155.796870892442,211.225613896004,11.454302505367));
#3156=CARTESIAN_POINT('Ctrl Pts',(-163.08900660641,211.761875421253,11.4586700973239));
#3157=CARTESIAN_POINT('Ctrl Pts',(-170.381142320378,212.298136946502,11.4630376892809));
#3158=CARTESIAN_POINT('Ctrl Pts',(-177.673278034346,212.83439847175,11.4674052812379));
#3159=CARTESIAN_POINT('Ctrl Pts',(44.2031182406709,195.294387992477,10.4032700696116));
#3160=CARTESIAN_POINT('Ctrl Pts',(29.3096284054298,196.617180480242,10.3747571455496));
#3161=CARTESIAN_POINT('Ctrl Pts',(14.4161385701887,197.939972968006,10.3462442214876));
#3162=CARTESIAN_POINT('Ctrl Pts',(-0.477351265052433,199.262765455771,10.3177312974255));
#3163=CARTESIAN_POINT('Ctrl Pts',(-7.92409618267299,199.924161699654,10.3034748353945));
#3164=CARTESIAN_POINT('Ctrl Pts',(-15.3711452790273,200.585526865452,10.2892811570247));
#3165=CARTESIAN_POINT('Ctrl Pts',(-22.8178607255851,201.246722665299,10.2749346301471));
#3166=CARTESIAN_POINT('Ctrl Pts',(-30.2618191932031,201.907345345167,10.2595828866595));
#3167=CARTESIAN_POINT('Ctrl Pts',(-37.6987096577316,202.566128411464,10.2415729095973));
#3168=CARTESIAN_POINT('Ctrl Pts',(-45.1247977077761,203.217350236222,10.2208526874317));
#3169=CARTESIAN_POINT('Ctrl Pts',(-52.5425334940319,203.845269404925,10.2056471997671));
#3170=CARTESIAN_POINT('Ctrl Pts',(-59.9592244039743,204.433716583755,10.2062370414662));
#3171=CARTESIAN_POINT('Ctrl Pts',(-67.3811209187386,204.982343894139,10.2218543372414));
#3172=CARTESIAN_POINT('Ctrl Pts',(-74.8100033652158,205.505210751526,10.2416023214661));
#3173=CARTESIAN_POINT('Ctrl Pts',(-82.2427459845638,206.018991012788,10.2565710916474));
#3174=CARTESIAN_POINT('Ctrl Pts',(-89.672845185911,206.534184400994,10.2660281120973));
#3175=CARTESIAN_POINT('Ctrl Pts',(-97.0937994256189,207.054483786861,10.27240789583));
#3176=CARTESIAN_POINT('Ctrl Pts',(-104.501802448646,207.580337763761,10.2774392506052));
#3177=CARTESIAN_POINT('Ctrl Pts',(-111.895907983484,208.111049969944,10.2819147680496));
#3178=CARTESIAN_POINT('Ctrl Pts',(-119.276901659904,208.645448291205,10.2861108115653));
#3179=CARTESIAN_POINT('Ctrl Pts',(-126.646525810308,209.182277325017,10.2901033357497));
#3180=CARTESIAN_POINT('Ctrl Pts',(-134.007246103642,209.720450157032,10.2939242979002));
#3181=CARTESIAN_POINT('Ctrl Pts',(-141.361968791123,210.25920346444,10.2976136509046));
#3182=CARTESIAN_POINT('Ctrl Pts',(-148.713489352046,210.798122089107,10.3012225628501));
#3183=CARTESIAN_POINT('Ctrl Pts',(-156.063915634312,211.337054191943,10.304800063662));
#3184=CARTESIAN_POINT('Ctrl Pts',(-163.414341916577,211.875986294779,10.308377564474));
#3185=CARTESIAN_POINT('Ctrl Pts',(-170.764768198843,212.414918397614,10.311955065286));
#3186=CARTESIAN_POINT('Ctrl Pts',(-178.115194481109,212.95385050045,10.3155325660979));
#3187=CARTESIAN_POINT('Ctrl Pts',(43.9061154535415,195.175442817274,9.20898290843406));
#3188=CARTESIAN_POINT('Ctrl Pts',(29.070724083669,196.537768619438,9.19384357575536));
#3189=CARTESIAN_POINT('Ctrl Pts',(14.2353327137965,197.900094421602,9.17870424307666));
#3190=CARTESIAN_POINT('Ctrl Pts',(-0.600058656076003,199.262420223766,9.16356491039796));
#3191=CARTESIAN_POINT('Ctrl Pts',(-8.01775434101226,199.943583124848,9.15599524405861));
#3192=CARTESIAN_POINT('Ctrl Pts',(-15.4374976072523,200.62505700838,9.1485868274982));
#3193=CARTESIAN_POINT('Ctrl Pts',(-22.8607562478703,201.307418329878,9.14124360565277));
#3194=CARTESIAN_POINT('Ctrl Pts',(-30.286007299382,201.991529280161,9.13300868877371));
#3195=CARTESIAN_POINT('Ctrl Pts',(-37.7068722988527,202.676873588445,9.12117425690621));
#3196=CARTESIAN_POINT('Ctrl Pts',(-45.1189756244422,203.353206762945,9.10564085066138));
#3197=CARTESIAN_POINT('Ctrl Pts',(-52.525387694327,204.000451310556,9.09443774155462));
#3198=CARTESIAN_POINT('Ctrl Pts',(-59.9319150588365,204.602550950735,9.09504725942244));
#3199=CARTESIAN_POINT('Ctrl Pts',(-67.3439334154672,205.15726652522,9.10695515092603));
#3200=CARTESIAN_POINT('Ctrl Pts',(-74.7645383482144,205.67552995739,9.12228665265645));
#3201=CARTESIAN_POINT('Ctrl Pts',(-82.1933490933885,206.175492900717,9.13275126836004));
#3202=CARTESIAN_POINT('Ctrl Pts',(-89.6257279655113,206.674572474662,9.13692110216899));
#3203=CARTESIAN_POINT('Ctrl Pts',(-97.0541728805589,207.18094156985,9.13819869934944));
#3204=CARTESIAN_POINT('Ctrl Pts',(-104.473971037474,207.696227393474,9.13910442095775));
#3205=CARTESIAN_POINT('Ctrl Pts',(-111.885412623284,208.219688468685,9.14048980079257));
#3206=CARTESIAN_POINT('Ctrl Pts',(-119.291892212565,208.749927272983,9.14244568903084));
#3207=CARTESIAN_POINT('Ctrl Pts',(-126.697153736584,209.28530225756,9.1448181978254));
#3208=CARTESIAN_POINT('Ctrl Pts',(-134.104141956712,209.824191701527,9.14742351266167));
#3209=CARTESIAN_POINT('Ctrl Pts',(-141.514596395396,210.365228498335,9.15012672174801));
#3210=CARTESIAN_POINT('Ctrl Pts',(-148.928532611484,210.907361911094,9.15285543265482));
#3211=CARTESIAN_POINT('Ctrl Pts',(-156.34435450628,211.449867467292,9.15558480881254));
#3212=CARTESIAN_POINT('Ctrl Pts',(-163.760176401076,211.992373023489,9.15831418497026));
#3213=CARTESIAN_POINT('Ctrl Pts',(-171.175998295872,212.534878579687,9.16104356112798));
#3214=CARTESIAN_POINT('Ctrl Pts',(-178.591820190668,213.077384135884,9.1637729372857));
#3215=CARTESIAN_POINT('Ctrl Pts',(43.5731230159804,195.059039760667,8.02589628814697));
#3216=CARTESIAN_POINT('Ctrl Pts',(28.8045251228736,196.461229068102,8.0208323672555));
#3217=CARTESIAN_POINT('Ctrl Pts',(14.0359272297667,197.863418375537,8.01576844636404));
#3218=CARTESIAN_POINT('Ctrl Pts',(-0.732670663340204,199.265607682972,8.01070452547257));
#3219=CARTESIAN_POINT('Ctrl Pts',(-8.11696960989364,199.96670233669,8.00817256502683));
#3220=CARTESIAN_POINT('Ctrl Pts',(-15.5048840115699,200.668494799454,8.00573207202056));
#3221=CARTESIAN_POINT('Ctrl Pts',(-22.9004485025138,201.372641527229,8.00324016917219));
#3222=CARTESIAN_POINT('Ctrl Pts',(-30.304298414795,202.081841202573,7.99986218888659));
#3223=CARTESIAN_POINT('Ctrl Pts',(-37.7091278802132,202.79294441357,7.99375761561613));
#3224=CARTESIAN_POINT('Ctrl Pts',(-45.1102938669746,203.49059811182,7.98582300167885));
#3225=CARTESIAN_POINT('Ctrl Pts',(-52.5085017974195,204.155755655896,7.98049264424297));
#3226=CARTESIAN_POINT('Ctrl Pts',(-59.9068379269846,204.77302868695,7.9812874126925));
#3227=CARTESIAN_POINT('Ctrl Pts',(-67.3093586061731,205.336975692683,7.98793489206115));
#3228=CARTESIAN_POINT('Ctrl Pts',(-74.7199691805383,205.854827507166,7.99650412836857));
#3229=CARTESIAN_POINT('Ctrl Pts',(-82.141055760538,206.343845155938,8.0022741386988));
#3230=CARTESIAN_POINT('Ctrl Pts',(-89.5716178385894,206.824499640719,8.00339281231101));
#3231=CARTESIAN_POINT('Ctrl Pts',(-97.0057989421169,207.31213193611,8.00171024201994));
#3232=CARTESIAN_POINT('Ctrl Pts',(-104.436651103124,207.813307212454,7.99986575074647));
#3233=CARTESIAN_POINT('Ctrl Pts',(-111.863679380877,208.327333773713,7.99900326695517));
#3234=CARTESIAN_POINT('Ctrl Pts',(-119.29412074191,208.85226230726,7.99918603122413));
#3235=CARTESIAN_POINT('Ctrl Pts',(-126.73597083585,209.385885978517,8.00014869874988));
#3236=CARTESIAN_POINT('Ctrl Pts',(-134.193777000959,209.925964159349,8.00159090357278));
#3237=CARTESIAN_POINT('Ctrl Pts',(-141.668003169183,210.470380316508,8.00327772143619));
#3238=CARTESIAN_POINT('Ctrl Pts',(-149.154851464484,211.017198662951,8.00506106606478));
#3239=CARTESIAN_POINT('Ctrl Pts',(-156.64759996781,211.564883459171,8.00686746914508));
#3240=CARTESIAN_POINT('Ctrl Pts',(-164.140348471137,212.11256825539,8.00867387222538));
#3241=CARTESIAN_POINT('Ctrl Pts',(-171.633096974464,212.660253051609,8.01048027530568));
#3242=CARTESIAN_POINT('Ctrl Pts',(-179.12584547779,213.207937847828,8.01228667838598));
#3243=CARTESIAN_POINT('Ctrl Pts',(43.2142420715339,194.945348800831,6.85379100880315));
#3244=CARTESIAN_POINT('Ctrl Pts',(28.5172790659158,196.388027365027,6.85567113439862));
#3245=CARTESIAN_POINT('Ctrl Pts',(13.8203160602977,197.830705929222,6.85755125999409));
#3246=CARTESIAN_POINT('Ctrl Pts',(-0.87664694532038,199.273384493417,6.85943138558956));
#3247=CARTESIAN_POINT('Ctrl Pts',(-8.22512844812943,199.994723775515,6.8603714483873));
#3248=CARTESIAN_POINT('Ctrl Pts',(-15.5780159643534,200.717217766135,6.86128504058941));
#3249=CARTESIAN_POINT('Ctrl Pts',(-22.9432509034035,201.443748196403,6.86210864630339));
#3250=CARTESIAN_POINT('Ctrl Pts',(-30.3246308296026,202.17681183543,6.86260288911585));
#3251=CARTESIAN_POINT('Ctrl Pts',(-37.7131023985667,202.908678343768,6.86193565939491));
#3252=CARTESIAN_POINT('Ctrl Pts',(-45.1022179420979,203.624658280543,6.86053219294287));
#3253=CARTESIAN_POINT('Ctrl Pts',(-52.4910307177691,204.308471898861,6.85990136426896));
#3254=CARTESIAN_POINT('Ctrl Pts',(-59.8804768379242,204.943184148274,6.8611530331277));
#3255=CARTESIAN_POINT('Ctrl Pts',(-67.2719774223441,205.515606248828,6.86412683010214));
#3256=CARTESIAN_POINT('Ctrl Pts',(-74.6698417990173,206.031022360929,6.86735844314217));
#3257=CARTESIAN_POINT('Ctrl Pts',(-82.0797687182379,206.511197369994,6.86891111775199));
#3258=CARTESIAN_POINT('Ctrl Pts',(-89.5040600095356,206.978131507374,6.86768546625908));
#3259=CARTESIAN_POINT('Ctrl Pts',(-96.9403416353209,207.448544456772,6.86428512494071));
#3260=CARTESIAN_POINT('Ctrl Pts',(-104.382238330443,207.932654608242,6.86051177730859));
#3261=CARTESIAN_POINT('Ctrl Pts',(-111.825422382101,208.433926699468,6.85783942391383));
#3262=CARTESIAN_POINT('Ctrl Pts',(-119.279041040497,208.951516751051,6.85654881044981));
#3263=CARTESIAN_POINT('Ctrl Pts',(-126.759401786279,209.482631777249,6.85626941940493));
#3264=CARTESIAN_POINT('Ctrl Pts',(-134.275203823015,210.02446899963,6.85660491077136));
#3265=CARTESIAN_POINT('Ctrl Pts',(-141.824578502619,210.573821652858,6.85725932920811));
#3266=CARTESIAN_POINT('Ctrl Pts',(-149.397718786537,211.127415032247,6.85804338018566));
#3267=CARTESIAN_POINT('Ctrl Pts',(-156.981172603872,211.682574339849,6.8588590494044));
#3268=CARTESIAN_POINT('Ctrl Pts',(-164.564626421207,212.237733647451,6.85967471862313));
#3269=CARTESIAN_POINT('Ctrl Pts',(-172.148080238542,212.792892955053,6.86049038784187));
#3270=CARTESIAN_POINT('Ctrl Pts',(-179.731534055878,213.348052262656,6.86130605706061));
#3271=CARTESIAN_POINT('Ctrl Pts',(42.8623719387264,194.835467521003,5.69040683456681));
#3272=CARTESIAN_POINT('Ctrl Pts',(28.231637806336,196.319019789204,5.69691673775236));
#3273=CARTESIAN_POINT('Ctrl Pts',(13.6009036739456,197.802572057405,5.70342664093792));
#3274=CARTESIAN_POINT('Ctrl Pts',(-1.02983045844486,199.286124325606,5.70993654412348));
#3275=CARTESIAN_POINT('Ctrl Pts',(-8.34519752464008,200.027900459706,5.71319149571625));
#3276=CARTESIAN_POINT('Ctrl Pts',(-15.6643416296784,200.770952494141,5.71642007256318));
#3277=CARTESIAN_POINT('Ctrl Pts',(-23.0000327344528,201.518718302216,5.71987974963358));
#3278=CARTESIAN_POINT('Ctrl Pts',(-30.3574600700874,202.270774322963,5.72361846830166));
#3279=CARTESIAN_POINT('Ctrl Pts',(-37.7245475400921,203.017250871805,5.72706830598328));
#3280=CARTESIAN_POINT('Ctrl Pts',(-45.0960800540735,203.74656397417,5.7300503226443));
#3281=CARTESIAN_POINT('Ctrl Pts',(-52.4711619246208,204.445934710579,5.73254745910411));
#3282=CARTESIAN_POINT('Ctrl Pts',(-59.8494655533457,205.098371254987,5.73449842184528));
#3283=CARTESIAN_POINT('Ctrl Pts',(-67.2278314833821,205.677174844197,5.7357371329752));
#3284=CARTESIAN_POINT('Ctrl Pts',(-74.6105860765353,206.187338089593,5.73592222719406));
#3285=CARTESIAN_POINT('Ctrl Pts',(-82.007610538052,206.661556591283,5.73460144657942));
#3286=CARTESIAN_POINT('Ctrl Pts',(-89.4230206099161,207.121176579036,5.73150769350462));
#3287=CARTESIAN_POINT('Ctrl Pts',(-96.8566392243127,207.581052758441,5.72694294368978));
#3288=CARTESIAN_POINT('Ctrl Pts',(-104.305423043834,208.051518363541,5.72188811417948));
#3289=CARTESIAN_POINT('Ctrl Pts',(-111.766326077841,208.539202970279,5.71758695392197));
#3290=CARTESIAN_POINT('Ctrl Pts',(-119.245594612642,209.046776556446,5.71478370342838));
#3291=CARTESIAN_POINT('Ctrl Pts',(-126.767952610763,209.574025517653,5.71328997230165));
#3292=CARTESIAN_POINT('Ctrl Pts',(-134.351733954034,210.118234813697,5.71255768561331));
#3293=CARTESIAN_POINT('Ctrl Pts',(-141.989633059711,210.674321830386,5.71219006311106));
#3294=CARTESIAN_POINT('Ctrl Pts',(-149.66158292477,211.237130718028,5.71195631234922));
#3295=CARTESIAN_POINT('Ctrl Pts',(-157.34668728837,211.8025570869,5.71174825414073));
#3296=CARTESIAN_POINT('Ctrl Pts',(-165.03179165197,212.367983455771,5.71154019593224));
#3297=CARTESIAN_POINT('Ctrl Pts',(-172.716896015571,212.933409824643,5.71133213772376));
#3298=CARTESIAN_POINT('Ctrl Pts',(-180.402000379171,213.498836193514,5.71112407951527));
#3299=CARTESIAN_POINT('Ctrl Pts',(42.5593302365285,194.733038607405,4.53347837200374));
#3300=CARTESIAN_POINT('Ctrl Pts',(27.9776678350624,196.256379084439,4.54313180134149));
#3301=CARTESIAN_POINT('Ctrl Pts',(13.3960054335964,197.779719561473,4.55278523067924));
#3302=CARTESIAN_POINT('Ctrl Pts',(-1.18565696786971,199.303060038507,4.56243866001699));
#3303=CARTESIAN_POINT('Ctrl Pts',(-8.47648816860275,200.064730277024,4.56726537468586));
#3304=CARTESIAN_POINT('Ctrl Pts',(-15.7708927855667,200.827598274165,4.5721843848255));
#3305=CARTESIAN_POINT('Ctrl Pts',(-23.0787336680011,201.593179766037,4.57753516435817));
#3306=CARTESIAN_POINT('Ctrl Pts',(-30.4051750053871,202.358153600142,4.58343421395633));
#3307=CARTESIAN_POINT('Ctrl Pts',(-37.743798036857,203.113138180508,4.58945680264051));
#3308=CARTESIAN_POINT('Ctrl Pts',(-45.0913300537472,203.848140335063,4.5950576265385));
#3309=CARTESIAN_POINT('Ctrl Pts',(-52.4466390366529,204.551867485069,4.59958368490397));
#3310=CARTESIAN_POINT('Ctrl Pts',(-59.8083646527096,205.208363901664,4.60247786004051));
#3311=CARTESIAN_POINT('Ctrl Pts',(-67.1723284552972,205.791898161277,4.60344073271278));
#3312=CARTESIAN_POINT('Ctrl Pts',(-74.542058093825,206.306855934393,4.60243001294618));
#3313=CARTESIAN_POINT('Ctrl Pts',(-81.9274211157957,206.784065471135,4.59958315688368));
#3314=CARTESIAN_POINT('Ctrl Pts',(-89.3339037782917,207.243505763629,4.59517235190261));
#3315=CARTESIAN_POINT('Ctrl Pts',(-96.7638202754035,207.699238909626,4.58964296985917));
#3316=CARTESIAN_POINT('Ctrl Pts',(-104.217367379091,208.161861876153,4.5837014822876));
#3317=CARTESIAN_POINT('Ctrl Pts',(-111.694924223118,208.639210872311,4.57823377267227));
#3318=CARTESIAN_POINT('Ctrl Pts',(-119.203777654743,209.136745281823,4.57399754820721));
#3319=CARTESIAN_POINT('Ctrl Pts',(-126.772744891265,209.658950873633,4.57121687863269));
#3320=CARTESIAN_POINT('Ctrl Pts',(-134.434614951346,210.205863814113,4.56943511417177));
#3321=CARTESIAN_POINT('Ctrl Pts',(-142.172120162123,210.770055071197,4.56809750228948));
#3322=CARTESIAN_POINT('Ctrl Pts',(-149.947751248265,211.344361095426,4.56688773105711));
#3323=CARTESIAN_POINT('Ctrl Pts',(-157.735440572217,211.922890789267,4.56569276037449));
#3324=CARTESIAN_POINT('Ctrl Pts',(-165.523129896168,212.501420483108,4.56449778969187));
#3325=CARTESIAN_POINT('Ctrl Pts',(-173.31081922012,213.079950176949,4.56330281900925));
#3326=CARTESIAN_POINT('Ctrl Pts',(-181.098508544071,213.65847987079,4.56210784832663));
#3327=CARTESIAN_POINT('Ctrl Pts',(42.3132109912144,194.647599335251,3.38286572314236));
#3328=CARTESIAN_POINT('Ctrl Pts',(27.7642126149316,196.205786708249,3.39430506412473));
#3329=CARTESIAN_POINT('Ctrl Pts',(13.2152142386488,197.763974081246,3.40574440510711));
#3330=CARTESIAN_POINT('Ctrl Pts',(-1.33378413763401,199.322161454243,3.41718374608949));
#3331=CARTESIAN_POINT('Ctrl Pts',(-8.60828332577541,200.101255140742,3.42290341658068));
#3332=CARTESIAN_POINT('Ctrl Pts',(-15.8848995688092,200.88087601877,3.42878892044241));
#3333=CARTESIAN_POINT('Ctrl Pts',(-23.1668262619048,201.660319251451,3.43511250740318));
#3334=CARTESIAN_POINT('Ctrl Pts',(-30.4600817689047,202.433675572077,3.4419946187177));
#3335=CARTESIAN_POINT('Ctrl Pts',(-37.7668640811936,203.192000883555,3.44923923758504));
#3336=CARTESIAN_POINT('Ctrl Pts',(-45.0868503273811,203.92541673999,3.45627773450809));
#3337=CARTESIAN_POINT('Ctrl Pts',(-52.4188625018527,204.622627920818,3.46226348749471));
#3338=CARTESIAN_POINT('Ctrl Pts',(-59.7608426158358,205.270400307228,3.46635876928707));
#3339=CARTESIAN_POINT('Ctrl Pts',(-67.1107002793127,205.857114097813,3.4679658158375));
#3340=CARTESIAN_POINT('Ctrl Pts',(-74.4704612698325,206.386066057148,3.4669280949879));
#3341=CARTESIAN_POINT('Ctrl Pts',(-81.8463342447925,206.874349403978,3.46352452757421));
#3342=CARTESIAN_POINT('Ctrl Pts',(-89.2450005222009,207.339489354694,3.45831022355965));
#3343=CARTESIAN_POINT('Ctrl Pts',(-96.6724402745821,207.795970193593,3.45196758232013));
#3344=CARTESIAN_POINT('Ctrl Pts',(-104.133907756183,208.255465258995,3.44524828607808));
#3345=CARTESIAN_POINT('Ctrl Pts',(-111.634905705919,208.72735887653,3.43892517308109));
#3346=CARTESIAN_POINT('Ctrl Pts',(-119.18499054576,209.219169169404,3.43365656544787));
#3347=CARTESIAN_POINT('Ctrl Pts',(-126.808764308463,209.737431857257,3.42977025656705));
#3348=CARTESIAN_POINT('Ctrl Pts',(-134.547643132714,210.285990205074,3.4270550326003));
#3349=CARTESIAN_POINT('Ctrl Pts',(-142.381820412064,210.858147243511,3.42488684968835));
#3350=CARTESIAN_POINT('Ctrl Pts',(-150.249787321748,211.445637485398,3.42284325069307));
#3351=CARTESIAN_POINT('Ctrl Pts',(-158.125570528965,212.039021795976,3.42082498461993));
#3352=CARTESIAN_POINT('Ctrl Pts',(-166.001353736182,212.632406106554,3.4188067185468));
#3353=CARTESIAN_POINT('Ctrl Pts',(-173.8771369434,213.225790417132,3.41678845247367));
#3354=CARTESIAN_POINT('Ctrl Pts',(-181.752920150617,213.81917472771,3.41477018640054));
#3355=CARTESIAN_POINT('Ctrl Pts',(42.1172829718188,194.583609965365,2.23939982498497));
#3356=CARTESIAN_POINT('Ctrl Pts',(27.5914235433767,196.169144110894,2.25104199223374));
#3357=CARTESIAN_POINT('Ctrl Pts',(13.0655641149346,197.754678256423,2.26268415948252));
#3358=CARTESIAN_POINT('Ctrl Pts',(-1.46029531350741,199.340212401951,2.27432632673129));
#3359=CARTESIAN_POINT('Ctrl Pts',(-8.72322502772843,200.132979474716,2.28014741035567));
#3360=CARTESIAN_POINT('Ctrl Pts',(-15.9848958218321,200.925083473269,2.28613779303143));
#3361=CARTESIAN_POINT('Ctrl Pts',(-23.2449876604002,201.713924865915,2.29249035493006));
#3362=CARTESIAN_POINT('Ctrl Pts',(-30.5100768114339,202.492308550526,2.29931689767969));
#3363=CARTESIAN_POINT('Ctrl Pts',(-37.7876155917555,203.250792446055,2.30666076911047));
#3364=CARTESIAN_POINT('Ctrl Pts',(-45.08175228667,203.979075938807,2.31433750407802));
#3365=CARTESIAN_POINT('Ctrl Pts',(-52.3928210751913,204.667079837712,2.32157867951694));
#3366=CARTESIAN_POINT('Ctrl Pts',(-59.7183506384863,205.306815299653,2.32709331085082));
#3367=CARTESIAN_POINT('Ctrl Pts',(-67.0561941514483,205.894888327095,2.32980688989595));
#3368=CARTESIAN_POINT('Ctrl Pts',(-74.4069237508327,206.434227384168,2.32932502334199));
#3369=CARTESIAN_POINT('Ctrl Pts',(-81.7746571657692,206.933939514819,2.3259198767135));
#3370=CARTESIAN_POINT('Ctrl Pts',(-89.1667205765523,207.406954278278,2.32029046377041));
#3371=CARTESIAN_POINT('Ctrl Pts',(-96.5928807943736,207.866865822951,2.31331894492172));
#3372=CARTESIAN_POINT('Ctrl Pts',(-104.064891502396,208.326349068056,2.30590667603545));
#3373=CARTESIAN_POINT('Ctrl Pts',(-111.596296337926,208.796617974895,2.29887404244338));
#3374=CARTESIAN_POINT('Ctrl Pts',(-119.202634371664,209.287149718345,2.29286922908134));
#3375=CARTESIAN_POINT('Ctrl Pts',(-126.902300425105,209.805182558504,2.28825134863999));
#3376=CARTESIAN_POINT('Ctrl Pts',(-134.71458142173,210.354192794314,2.28494365096393));
#3377=CARTESIAN_POINT('Ctrl Pts',(-142.616738084224,210.934466413649,2.28225974843494));
#3378=CARTESIAN_POINT('Ctrl Pts',(-150.547243711344,211.535825056478,2.27973039493749));
#3379=CARTESIAN_POINT('Ctrl Pts',(-158.483153912493,212.142174160418,2.27726283029106));
#3380=CARTESIAN_POINT('Ctrl Pts',(-166.419064113642,212.748523264357,2.27479526564464));
#3381=CARTESIAN_POINT('Ctrl Pts',(-174.354974314791,213.354872368297,2.27232770099821));
#3382=CARTESIAN_POINT('Ctrl Pts',(-182.29088451594,213.961221472236,2.26986013635178));
#3383=CARTESIAN_POINT('Ctrl Pts',(41.9953437980386,194.543202030361,1.10360405002454));
#3384=CARTESIAN_POINT('Ctrl Pts',(27.4805105070002,196.146628093822,1.11368793747933));
#3385=CARTESIAN_POINT('Ctrl Pts',(12.9656772159619,197.750054157283,1.12377182493411));
#3386=CARTESIAN_POINT('Ctrl Pts',(-1.54915607507641,199.353480220744,1.1338557123889));
#3387=CARTESIAN_POINT('Ctrl Pts',(-8.80657272059558,200.155193252475,1.13889765611629));
#3388=CARTESIAN_POINT('Ctrl Pts',(-16.0580738927125,200.955146948229,1.14417257016439));
#3389=CARTESIAN_POINT('Ctrl Pts',(-23.3017238500254,201.749144618041,1.14981839581695));
#3390=CARTESIAN_POINT('Ctrl Pts',(-30.5455694815317,202.529947543985,1.15579011060202));
#3391=CARTESIAN_POINT('Ctrl Pts',(-37.8007781000072,203.287876080139,1.16224395717837));
#3392=CARTESIAN_POINT('Ctrl Pts',(-45.076028093561,204.011729454687,1.16985408814511));
#3393=CARTESIAN_POINT('Ctrl Pts',(-52.3735663985762,204.692564902392,1.17828001461456));
#3394=CARTESIAN_POINT('Ctrl Pts',(-59.6888178513311,205.327126421193,1.18518915354891));
#3395=CARTESIAN_POINT('Ctrl Pts',(-67.018425269602,205.915433989266,1.18901993130795));
#3396=CARTESIAN_POINT('Ctrl Pts',(-74.3621233380537,206.460226271235,1.18925215632105));
#3397=CARTESIAN_POINT('Ctrl Pts',(-81.7233998748669,206.967395079832,1.18613550235821));
#3398=CARTESIAN_POINT('Ctrl Pts',(-89.1102011776629,207.446528037434,1.18041242252956));
#3399=CARTESIAN_POINT('Ctrl Pts',(-96.5352764059845,207.909826343655,1.17307772938826));
#3400=CARTESIAN_POINT('Ctrl Pts',(-104.016113561281,208.370395051659,1.16516913033495));
#3401=CARTESIAN_POINT('Ctrl Pts',(-111.573963306534,208.840785345481,1.15760541043402));
#3402=CARTESIAN_POINT('Ctrl Pts',(-119.230619572343,209.331855082864,1.15107888322747));
#3403=CARTESIAN_POINT('Ctrl Pts',(-127.001143343011,209.851767407563,1.1459838818799));
#3404=CARTESIAN_POINT('Ctrl Pts',(-134.881654307906,210.405435193713,1.14234104273348));
#3405=CARTESIAN_POINT('Ctrl Pts',(-142.832755838523,210.995113919728,1.1396625671636));
#3406=CARTESIAN_POINT('Ctrl Pts',(-150.801717393692,211.606103603918,1.13738799373963));
#3407=CARTESIAN_POINT('Ctrl Pts',(-158.766449004666,212.217675916283,1.13509903150183));
#3408=CARTESIAN_POINT('Ctrl Pts',(-166.731180615641,212.829248228648,1.13281006926402));
#3409=CARTESIAN_POINT('Ctrl Pts',(-174.695912226616,213.440820541013,1.13052110702622));
#3410=CARTESIAN_POINT('Ctrl Pts',(-182.660643837591,214.052392853378,1.12823214478842));
#3411=CARTESIAN_POINT('Ctrl Pts',(41.977550013235,194.529728898335,-0.0248421391891356));
#3412=CARTESIAN_POINT('Ctrl Pts',(27.4565032071096,196.139454308326,-0.018030647897676));
#3413=CARTESIAN_POINT('Ctrl Pts',(12.9354564009843,197.749179718317,-0.0112191566062163));
#3414=CARTESIAN_POINT('Ctrl Pts',(-1.58559040514107,199.358905128308,-0.00440766531475672));
#3415=CARTESIAN_POINT('Ctrl Pts',(-8.84611380820374,200.163767833303,-0.0010019196690269));
#3416=CARTESIAN_POINT('Ctrl Pts',(-16.0956019245363,200.966329311795,0.00281267188976742));
#3417=CARTESIAN_POINT('Ctrl Pts',(-23.3285648745816,201.761844079988,0.00727760752402548));
#3418=CARTESIAN_POINT('Ctrl Pts',(-30.56027545525,202.543341265837,0.0120308167351667));
#3419=CARTESIAN_POINT('Ctrl Pts',(-37.8048917678256,203.301386568618,0.0170948567919903));
#3420=CARTESIAN_POINT('Ctrl Pts',(-45.072476205603,204.023888556017,0.023966583485566));
#3421=CARTESIAN_POINT('Ctrl Pts',(-52.3658266926398,204.701817418828,0.0329010337143355));
#3422=CARTESIAN_POINT('Ctrl Pts',(-59.6774557474204,205.334514301495,0.0404730561990815));
#3423=CARTESIAN_POINT('Ctrl Pts',(-67.0034647717478,205.922770295048,0.0449935789808284));
#3424=CARTESIAN_POINT('Ctrl Pts',(-74.343531064634,206.469111480072,0.0459133117826587));
#3425=CARTESIAN_POINT('Ctrl Pts',(-81.7011335049442,206.97859702938,0.0433539952982412));
#3426=CARTESIAN_POINT('Ctrl Pts',(-89.0845944709455,207.45974571739,0.0379558398727753));
#3427=CARTESIAN_POINT('Ctrl Pts',(-96.5079734462557,207.924204196,0.0307052992937702));
#3428=CARTESIAN_POINT('Ctrl Pts',(-103.991375020897,208.385215421023,0.0227001598713705));
#3429=CARTESIAN_POINT('Ctrl Pts',(-111.559916427322,208.855892712646,0.0149332596792513));
#3430=CARTESIAN_POINT('Ctrl Pts',(-119.239462796071,209.347822386738,0.00815911878428546));
#3431=CARTESIAN_POINT('Ctrl Pts',(-127.046565279137,209.869985040404,0.00284771384131612));
#3432=CARTESIAN_POINT('Ctrl Pts',(-134.972362369552,210.427834486205,-0.000827056856184299));
#3433=CARTESIAN_POINT('Ctrl Pts',(-142.967254950493,211.021182096314,-0.00301920350007301));
#3434=CARTESIAN_POINT('Ctrl Pts',(-150.959402615201,211.635067968574,-0.00432176691148532));
#3435=CARTESIAN_POINT('Ctrl Pts',(-158.928308110669,212.245859733956,-0.00563539870395427));
#3436=CARTESIAN_POINT('Ctrl Pts',(-166.897213606137,212.856651499338,-0.00694903049642323));
#3437=CARTESIAN_POINT('Ctrl Pts',(-174.866119101604,213.467443264721,-0.00826266228889219));
#3438=CARTESIAN_POINT('Ctrl Pts',(-182.835024597072,214.078235030103,-0.00957629408136114));
#3439=CARTESIAN_POINT('Ctrl Pts',(42.0301514360852,194.544586111797,-1.14843286227422));
#3440=CARTESIAN_POINT('Ctrl Pts',(27.4998551566417,196.148122703649,-1.14591395166773));
#3441=CARTESIAN_POINT('Ctrl Pts',(12.9695588771983,197.751659295502,-1.14339504106125));
#3442=CARTESIAN_POINT('Ctrl Pts',(-1.56073740224516,199.355195887355,-1.14087613045477));
#3443=CARTESIAN_POINT('Ctrl Pts',(-8.82588554196688,200.156964183281,-1.13961667515153));
#3444=CARTESIAN_POINT('Ctrl Pts',(-16.0792600108262,200.956775031604,-1.13784916671782));
#3445=CARTESIAN_POINT('Ctrl Pts',(-23.3141127602544,201.750270188273,-1.13515515900424));
#3446=CARTESIAN_POINT('Ctrl Pts',(-30.5503634938428,202.530778173273,-1.13187874948467));
#3447=CARTESIAN_POINT('Ctrl Pts',(-37.8021902935326,203.288907149964,-1.1278936603726));
#3448=CARTESIAN_POINT('Ctrl Pts',(-45.0761124123223,204.01324956777,-1.12225868858387));
#3449=CARTESIAN_POINT('Ctrl Pts',(-52.3726716900004,204.694559907881,-1.11499408251381));
#3450=CARTESIAN_POINT('Ctrl Pts',(-59.6863853010645,205.329426780004,-1.10827002773425));
#3451=CARTESIAN_POINT('Ctrl Pts',(-67.0136322378591,205.917748075788,-1.10365380517997));
#3452=CARTESIAN_POINT('Ctrl Pts',(-74.3541612359735,206.462220680879,-1.10198083998683));
#3453=CARTESIAN_POINT('Ctrl Pts',(-81.7116281908355,206.968798436932,-1.10349471621761));
#3454=CARTESIAN_POINT('Ctrl Pts',(-89.0943156631891,207.447226148648,-1.10784266872435));
#3455=CARTESIAN_POINT('Ctrl Pts',(-96.5155574556391,207.909895768473,-1.11421821958749));
#3456=CARTESIAN_POINT('Ctrl Pts',(-103.993935451519,208.370108554131,-1.1216093548493));
#3457=CARTESIAN_POINT('Ctrl Pts',(-111.552900027351,208.840662066744,-1.12903050448585));
#3458=CARTESIAN_POINT('Ctrl Pts',(-119.218622324502,209.33283704235,-1.13564280423525));
#3459=CARTESIAN_POINT('Ctrl Pts',(-127.013768574156,209.85529787085,-1.14076155710852));
#3460=CARTESIAN_POINT('Ctrl Pts',(-134.942420069056,210.411844063096,-1.14391350077751));
#3461=CARTESIAN_POINT('Ctrl Pts',(-142.953166451538,210.998036711398,-1.14511464290995));
#3462=CARTESIAN_POINT('Ctrl Pts',(-150.952821153758,211.603789387864,-1.14505546469925));
#3463=CARTESIAN_POINT('Ctrl Pts',(-158.928765016945,212.213978473373,-1.1446109142995));
#3464=CARTESIAN_POINT('Ctrl Pts',(-166.904708880132,212.824167558882,-1.14416636389974));
#3465=CARTESIAN_POINT('Ctrl Pts',(-174.880652743318,213.434356644391,-1.14372181349998));
#3466=CARTESIAN_POINT('Ctrl Pts',(-182.856596606505,214.044545729901,-1.14327726310023));
#3467=CARTESIAN_POINT('Ctrl Pts',(42.1086120413662,194.589268729141,-2.27029413088304));
#3468=CARTESIAN_POINT('Ctrl Pts',(27.5801444417326,196.173969744597,-2.27231991381992));
#3469=CARTESIAN_POINT('Ctrl Pts',(13.051676842099,197.758670760052,-2.2743456967568));
#3470=CARTESIAN_POINT('Ctrl Pts',(-1.47679075753458,199.343371775508,-2.27637147969368));
#3471=CARTESIAN_POINT('Ctrl Pts',(-8.74102455735137,200.135722283236,-2.27738437116212));
#3472=CARTESIAN_POINT('Ctrl Pts',(-16.0004460280702,200.927277995197,-2.27810180779365));
#3473=CARTESIAN_POINT('Ctrl Pts',(-23.2553354812042,201.715232955278,-2.27812282654606));
#3474=CARTESIAN_POINT('Ctrl Pts',(-30.5159449483793,202.49329587121,-2.27739945347745));
#3475=CARTESIAN_POINT('Ctrl Pts',(-37.7905754278833,203.252208029515,-2.27578545833255));
#3476=CARTESIAN_POINT('Ctrl Pts',(-45.082734809523,203.981330454522,-2.27281818887203));
#3477=CARTESIAN_POINT('Ctrl Pts',(-52.3917132549125,204.670222993032,-2.26841554312103));
#3478=CARTESIAN_POINT('Ctrl Pts',(-59.7141529470493,205.310562712735,-2.26339493551186));
#3479=CARTESIAN_POINT('Ctrl Pts',(-67.0474472598869,205.898669854949,-2.25897489260422));
#3480=CARTESIAN_POINT('Ctrl Pts',(-74.3921864366899,206.437416561567,-2.25623809785799));
#3481=CARTESIAN_POINT('Ctrl Pts',(-81.7529188656586,206.936110008102,-2.25582694811525));
#3482=CARTESIAN_POINT('Ctrl Pts',(-89.1377368107772,207.407979162091,-2.25785782513017));
#3483=CARTESIAN_POINT('Ctrl Pts',(-96.557603261924,207.866916827581,-2.26200776290834));
#3484=CARTESIAN_POINT('Ctrl Pts',(-104.026308353047,208.325892336646,-2.26763022838245));
#3485=CARTESIAN_POINT('Ctrl Pts',(-111.56097408058,208.796416366,-2.27388944674319));
#3486=CARTESIAN_POINT('Ctrl Pts',(-119.182970588268,209.28820888819,-2.27978355748392));
#3487=CARTESIAN_POINT('Ctrl Pts',(-126.918699554657,209.808806590889,-2.28412029914899));
#3488=CARTESIAN_POINT('Ctrl Pts',(-134.795381021907,210.362693664057,-2.28586412941841));
#3489=CARTESIAN_POINT('Ctrl Pts',(-142.782812293367,210.942947224141,-2.28506005389558));
#3490=CARTESIAN_POINT('Ctrl Pts',(-150.781935859597,211.538351016119,-2.28297058337707));
#3491=CARTESIAN_POINT('Ctrl Pts',(-158.769178611973,212.139939188737,-2.28047219217142));
#3492=CARTESIAN_POINT('Ctrl Pts',(-166.75642136435,212.741527361355,-2.27797380096578));
#3493=CARTESIAN_POINT('Ctrl Pts',(-174.743664116726,213.343115533973,-2.27547540976013));
#3494=CARTESIAN_POINT('Ctrl Pts',(-182.730906869103,213.94470370659,-2.27297701855449));
#3495=CARTESIAN_POINT('Ctrl Pts',(42.2683681908893,194.66165755563,-3.39075477123659));
#3496=CARTESIAN_POINT('Ctrl Pts',(27.7296590428566,196.216578157143,-3.39791154990366));
#3497=CARTESIAN_POINT('Ctrl Pts',(13.1909498948239,197.771498758657,-3.40506832857072));
#3498=CARTESIAN_POINT('Ctrl Pts',(-1.34775925320884,199.326419360171,-3.41222510723778));
#3499=CARTESIAN_POINT('Ctrl Pts',(-8.61711382722521,200.103879660927,-3.41580349657131));
#3500=CARTESIAN_POINT('Ctrl Pts',(-15.8886342054245,200.881847424616,-3.41957108195013));
#3501=CARTESIAN_POINT('Ctrl Pts',(-23.170395667348,201.660476541611,-3.42323974031092));
#3502=CARTESIAN_POINT('Ctrl Pts',(-30.4647496869363,202.43396906836,-3.42682515682074));
#3503=CARTESIAN_POINT('Ctrl Pts',(-37.7708575317831,203.192810819885,-3.43005861730127));
#3504=CARTESIAN_POINT('Ctrl Pts',(-45.0890049101853,203.92703495019,-3.4318721194576));
#3505=CARTESIAN_POINT('Ctrl Pts',(-52.4182075770973,204.625225491439,-3.43119796034274));
#3506=CARTESIAN_POINT('Ctrl Pts',(-59.7559367303991,205.273807726796,-3.42798794904467));
#3507=CARTESIAN_POINT('Ctrl Pts',(-67.0995238521165,205.860565820502,-3.4236137840839));
#3508=CARTESIAN_POINT('Ctrl Pts',(-74.4511543506794,206.388755412085,-3.41926223774721));
#3509=CARTESIAN_POINT('Ctrl Pts',(-81.8179911080647,206.87598087089,-3.41551242667972));
#3510=CARTESIAN_POINT('Ctrl Pts',(-89.2079838295461,207.340092735719,-3.41316966830419));
#3511=CARTESIAN_POINT('Ctrl Pts',(-96.6288191160159,207.795776768149,-3.41295168376916));
#3512=CARTESIAN_POINT('Ctrl Pts',(-104.088288274273,208.254894164082,-3.41508649599634));
#3513=CARTESIAN_POINT('Ctrl Pts',(-111.595705108229,208.727090297083,-3.41909293541637));
#3514=CARTESIAN_POINT('Ctrl Pts',(-119.165950188859,209.220107718036,-3.42350856871152));
#3515=CARTESIAN_POINT('Ctrl Pts',(-126.830592548844,209.739967141161,-3.42604751917717));
#3516=CARTESIAN_POINT('Ctrl Pts',(-134.639118872665,210.290823048506,-3.42518127889403));
#3517=CARTESIAN_POINT('Ctrl Pts',(-142.565064103704,210.86564382228,-3.42170042956433));
#3518=CARTESIAN_POINT('Ctrl Pts',(-150.524489513443,211.451648215768,-3.41707599753602));
#3519=CARTESIAN_POINT('Ctrl Pts',(-158.485399300659,212.041904070502,-3.41210653072581));
#3520=CARTESIAN_POINT('Ctrl Pts',(-166.446309087875,212.632159925235,-3.4071370639156));
#3521=CARTESIAN_POINT('Ctrl Pts',(-174.40721887509,213.222415779969,-3.40216759710538));
#3522=CARTESIAN_POINT('Ctrl Pts',(-182.368128662306,213.812671634703,-3.39719813029517));
#3523=CARTESIAN_POINT('Ctrl Pts',(42.5276160634603,194.752908537555,-4.51066611528242));
#3524=CARTESIAN_POINT('Ctrl Pts',(27.9542544137092,196.271315684755,-4.52379888011271));
#3525=CARTESIAN_POINT('Ctrl Pts',(13.3808927639581,197.789722831956,-4.53693164494299));
#3526=CARTESIAN_POINT('Ctrl Pts',(-1.19246888579295,199.308129979157,-4.55006440977327));
#3527=CARTESIAN_POINT('Ctrl Pts',(-8.47914971066849,200.067333552757,-4.55663079218841));
#3528=CARTESIAN_POINT('Ctrl Pts',(-15.771342561412,200.827976539038,-4.56383146254424));
#3529=CARTESIAN_POINT('Ctrl Pts',(-23.0812111486342,201.592666528586,-4.57230239228809));
#3530=CARTESIAN_POINT('Ctrl Pts',(-30.4092987242264,202.357247816863,-4.58276613533237));
#3531=CARTESIAN_POINT('Ctrl Pts',(-37.7480652140758,203.112031262781,-4.59381024746501));
#3532=CARTESIAN_POINT('Ctrl Pts',(-45.094233011295,203.847139552408,-4.6026805804452));
#3533=CARTESIAN_POINT('Ctrl Pts',(-52.4466607372719,204.551330354059,-4.60677411218998));
#3534=CARTESIAN_POINT('Ctrl Pts',(-59.8037191590553,205.208480866821,-4.60527039531182));
#3535=CARTESIAN_POINT('Ctrl Pts',(-67.1605194278472,205.792015513001,-4.60065407591356));
#3536=CARTESIAN_POINT('Ctrl Pts',(-74.5210704927437,206.30635637721,-4.59398234716349));
#3537=CARTESIAN_POINT('Ctrl Pts',(-81.8969615814322,206.783182288914,-4.58485966455846));
#3538=CARTESIAN_POINT('Ctrl Pts',(-89.2953573391711,207.242566406512,-4.57518140399499));
#3539=CARTESIAN_POINT('Ctrl Pts',(-96.7205832177873,207.698434311165,-4.56752732582876));
#3540=CARTESIAN_POINT('Ctrl Pts',(-104.175423306909,208.161225541248,-4.56386814522602));
#3541=CARTESIAN_POINT('Ctrl Pts',(-111.663629558607,208.638797824696,-4.56428068644283));
#3542=CARTESIAN_POINT('Ctrl Pts',(-119.197267890346,209.137414768621,-4.56597537351601));
#3543=CARTESIAN_POINT('Ctrl Pts',(-126.811551498663,209.661623083262,-4.56519800143065));
#3544=CARTESIAN_POINT('Ctrl Pts',(-134.542985602938,210.210531009394,-4.56098388676283));
#3545=CARTESIAN_POINT('Ctrl Pts',(-142.368363557015,210.777211517197,-4.55449786946939));
#3546=CARTESIAN_POINT('Ctrl Pts',(-150.240132793664,211.352918730535,-4.54685576160051));
#3547=CARTESIAN_POINT('Ctrl Pts',(-158.125568155062,211.931711132291,-4.53881727953674));
#3548=CARTESIAN_POINT('Ctrl Pts',(-166.01100351646,212.510503534048,-4.53077879747296));
#3549=CARTESIAN_POINT('Ctrl Pts',(-173.896438877857,213.089295935804,-4.52274031540919));
#3550=CARTESIAN_POINT('Ctrl Pts',(-181.781874239255,213.668088337561,-4.51470183334541));
#3551=CARTESIAN_POINT('Ctrl Pts',(42.8687860842348,194.854843786365,-5.62499028872885));
#3552=CARTESIAN_POINT('Ctrl Pts',(28.2366643364227,196.333828631131,-5.6471028986302));
#3553=CARTESIAN_POINT('Ctrl Pts',(13.6045425886105,197.812813475897,-5.66921550853155));
#3554=CARTESIAN_POINT('Ctrl Pts',(-1.02757915920163,199.291798320662,-5.6913281184329));
#3555=CARTESIAN_POINT('Ctrl Pts',(-8.3436400331077,200.031290743045,-5.70238442338358));
#3556=CARTESIAN_POINT('Ctrl Pts',(-15.665254934472,200.772381764796,-5.71397664617524));
#3557=CARTESIAN_POINT('Ctrl Pts',(-23.0027630774426,201.51806751947,-5.72850650417067));
#3558=CARTESIAN_POINT('Ctrl Pts',(-30.3608635727791,202.267980129889,-5.7486454323712));
#3559=CARTESIAN_POINT('Ctrl Pts',(-37.728497516019,203.012627159751,-5.77013661326985));
#3560=CARTESIAN_POINT('Ctrl Pts',(-45.0992747438672,203.740569269941,-5.78748337555932));
#3561=CARTESIAN_POINT('Ctrl Pts',(-52.4717580692342,204.439054840014,-5.79714105887975));
#3562=CARTESIAN_POINT('Ctrl Pts',(-59.845409139309,205.090969694657,-5.79834698543675));
#3563=CARTESIAN_POINT('Ctrl Pts',(-67.2168396912846,205.66960954923,-5.79350660626892));
#3564=CARTESIAN_POINT('Ctrl Pts',(-74.5911826698851,206.180167788569,-5.78308975621996));
#3565=CARTESIAN_POINT('Ctrl Pts',(-81.9802117183434,206.655637187084,-5.76626403981841));
#3566=CARTESIAN_POINT('Ctrl Pts',(-89.390054919846,207.117213573549,-5.74578543356571));
#3567=CARTESIAN_POINT('Ctrl Pts',(-96.8227528651111,207.579055990266,-5.72692092406688));
#3568=CARTESIAN_POINT('Ctrl Pts',(-104.277698313518,208.050894542286,-5.71484676959732));
#3569=CARTESIAN_POINT('Ctrl Pts',(-111.754417601162,208.539200628257,-5.71001475649921));
#3570=CARTESIAN_POINT('Ctrl Pts',(-119.262661615502,209.047700555913,-5.70715142516042));
#3571=CARTESIAN_POINT('Ctrl Pts',(-126.831529768344,209.577167436538,-5.70201871340344));
#3572=CARTESIAN_POINT('Ctrl Pts',(-134.479863310194,210.123963794732,-5.69399092463843));
#3573=CARTESIAN_POINT('Ctrl Pts',(-142.197067773726,210.682942615452,-5.68376158901503));
#3574=CARTESIAN_POINT('Ctrl Pts',(-149.958076013991,211.248734342139,-5.67224784827888));
#3575=CARTESIAN_POINT('Ctrl Pts',(-157.736338574991,211.816949020064,-5.6602529606108));
#3576=CARTESIAN_POINT('Ctrl Pts',(-165.514601135992,212.385163697989,-5.64825807294272));
#3577=CARTESIAN_POINT('Ctrl Pts',(-173.292863696992,212.953378375914,-5.63626318527464));
#3578=CARTESIAN_POINT('Ctrl Pts',(-181.071126257993,213.521593053839,-5.62426829760657));
#3579=CARTESIAN_POINT('Ctrl Pts',(43.2495115791584,194.965814832629,-6.72168018029891));
#3580=CARTESIAN_POINT('Ctrl Pts',(28.5449288402817,196.403640393074,-6.76006056342412));
#3581=CARTESIAN_POINT('Ctrl Pts',(13.840346101405,197.841465953519,-6.79844094654932));
#3582=CARTESIAN_POINT('Ctrl Pts',(-0.864236637471661,199.279291513964,-6.83682132967452));
#3583=CARTESIAN_POINT('Ctrl Pts',(-8.21652800691,199.998204294186,-6.85601152123712));
#3584=CARTESIAN_POINT('Ctrl Pts',(-15.5731106611998,200.718163282393,-6.87561543223494));
#3585=CARTESIAN_POINT('Ctrl Pts',(-22.9414835401716,201.441744486352,-6.89840949215965));
#3586=CARTESIAN_POINT('Ctrl Pts',(-30.3260397272663,202.171035801651,-6.9291666445398));
#3587=CARTESIAN_POINT('Ctrl Pts',(-37.7163176775486,202.898714765208,-6.96198227718568));
#3588=CARTESIAN_POINT('Ctrl Pts',(-45.1054743210488,203.611119730737,-6.98673687447863));
#3589=CARTESIAN_POINT('Ctrl Pts',(-52.4923269927446,204.292247214577,-7.00064971254353));
#3590=CARTESIAN_POINT('Ctrl Pts',(-59.8778628449067,204.925170952283,-7.00486703676512));
#3591=CARTESIAN_POINT('Ctrl Pts',(-67.2639013747456,205.497075965026,-7.00063570717334));
#3592=CARTESIAN_POINT('Ctrl Pts',(-74.6557949760214,206.013797048073,-6.98674076750195));
#3593=CARTESIAN_POINT('Ctrl Pts',(-82.0609635851682,206.497404585775,-6.96143577589043));
#3594=CARTESIAN_POINT('Ctrl Pts',(-89.4838169006668,206.969324846313,-6.92748270259493));
#3595=CARTESIAN_POINT('Ctrl Pts',(-96.9242231818308,207.444382831976,-6.89421145291619));
#3596=CARTESIAN_POINT('Ctrl Pts',(-104.377707960043,207.931385207977,-6.87184201095197));
#3597=CARTESIAN_POINT('Ctrl Pts',(-111.841539208507,208.434530865892,-6.85964514661717));
#3598=CARTESIAN_POINT('Ctrl Pts',(-119.326455821976,208.953726844336,-6.85002332257471));
#3599=CARTESIAN_POINT('Ctrl Pts',(-126.850848631746,209.487287546539,-6.83894358022153));
#3600=CARTESIAN_POINT('Ctrl Pts',(-134.423294516529,210.032270051926,-6.8255422606729));
#3601=CARTESIAN_POINT('Ctrl Pts',(-142.040128626887,210.58523432648,-6.81016398788233));
#3602=CARTESIAN_POINT('Ctrl Pts',(-149.688468249093,211.142813463589,-6.79355369062524));
#3603=CARTESIAN_POINT('Ctrl Pts',(-157.350693400743,211.702126703188,-6.77645868370139));
#3604=CARTESIAN_POINT('Ctrl Pts',(-165.012918552392,212.261439942788,-6.75936367677755));
#3605=CARTESIAN_POINT('Ctrl Pts',(-172.675143704042,212.820753182388,-6.74226866985371));
#3606=CARTESIAN_POINT('Ctrl Pts',(-180.337368855692,213.380066421988,-6.72517366292987));
#3607=CARTESIAN_POINT('Ctrl Pts',(43.6355491263852,195.082255142483,-7.79595172690408));
#3608=CARTESIAN_POINT('Ctrl Pts',(28.854355167853,196.478467088654,-7.85957247217419));
#3609=CARTESIAN_POINT('Ctrl Pts',(14.0731612093208,197.874679034826,-7.92319321744431));
#3610=CARTESIAN_POINT('Ctrl Pts',(-0.708032749211336,199.270890980997,-7.98681396271442));
#3611=CARTESIAN_POINT('Ctrl Pts',(-8.09862972847743,199.968996954083,-8.01862433534948));
#3612=CARTESIAN_POINT('Ctrl Pts',(-15.4925256684201,200.667602565256,-8.05114342166901));
#3613=CARTESIAN_POINT('Ctrl Pts',(-22.8936831965939,201.367849265741,-8.08645772559629));
#3614=CARTESIAN_POINT('Ctrl Pts',(-30.302397431218,202.071488177618,-8.12848193771174));
#3615=CARTESIAN_POINT('Ctrl Pts',(-37.7107356639251,202.775713592532,-8.17032867042469));
#3616=CARTESIAN_POINT('Ctrl Pts',(-45.1132777679431,203.46694045632,-8.19811467399031));
#3617=CARTESIAN_POINT('Ctrl Pts',(-52.510925181391,204.127218800049,-8.21214264409768));
#3618=CARTESIAN_POINT('Ctrl Pts',(-59.9072191784451,204.74145773558,-8.21754850803862));
#3619=CARTESIAN_POINT('Ctrl Pts',(-67.3070335222964,205.304614532979,-8.21542347312402));
#3620=CARTESIAN_POINT('Ctrl Pts',(-74.715487078615,205.82469943462,-8.20125986176927));
#3621=CARTESIAN_POINT('Ctrl Pts',(-82.1365278713787,206.319571303911,-8.16957342876947));
#3622=CARTESIAN_POINT('Ctrl Pts',(-89.571055255868,206.80860150301,-8.12283103225949));
#3623=CARTESIAN_POINT('Ctrl Pts',(-97.0152813615986,207.303869481154,-8.07626575384959));
#3624=CARTESIAN_POINT('Ctrl Pts',(-104.463071995856,207.809862538184,-8.04243762680954));
#3625=CARTESIAN_POINT('Ctrl Pts',(-111.91414037301,208.327452442084,-8.01841414264951));
#3626=CARTESIAN_POINT('Ctrl Pts',(-119.375946372525,208.855650341397,-7.9980088656366));
#3627=CARTESIAN_POINT('Ctrl Pts',(-126.856807478456,209.392786131822,-7.97788814717382));
#3628=CARTESIAN_POINT('Ctrl Pts',(-134.360992523474,209.936796032978,-7.95677092973161));
#3629=CARTESIAN_POINT('Ctrl Pts',(-141.887977694493,210.485508876231,-7.93449152803497));
#3630=CARTESIAN_POINT('Ctrl Pts',(-149.432160694104,211.036912106017,-7.91139700232869));
#3631=CARTESIAN_POINT('Ctrl Pts',(-156.98435564994,211.589338933576,-7.88796100365621));
#3632=CARTESIAN_POINT('Ctrl Pts',(-164.536550605776,212.141765761135,-7.86452500498373));
#3633=CARTESIAN_POINT('Ctrl Pts',(-172.088745561613,212.694192588695,-7.84108900631125));
#3634=CARTESIAN_POINT('Ctrl Pts',(-179.640940517449,213.246619416254,-7.81765300763877));
#3635=CARTESIAN_POINT('Ctrl Pts',(44.0033738032956,195.202542549708,-8.85433369965083));
#3636=CARTESIAN_POINT('Ctrl Pts',(29.1488270738741,196.556976959093,-8.94994347113501));
#3637=CARTESIAN_POINT('Ctrl Pts',(14.2942803444526,197.911411368477,-9.0455532426192));
#3638=CARTESIAN_POINT('Ctrl Pts',(-0.560266384968824,199.265845777862,-9.14116301410338));
#3639=CARTESIAN_POINT('Ctrl Pts',(-7.98753974967956,199.943062982554,-9.18896789984547));
#3640=CARTESIAN_POINT('Ctrl Pts',(-15.4163528232294,200.620320660281,-9.23768276096482));
#3641=CARTESIAN_POINT('Ctrl Pts',(-22.8476112720691,201.297656209287,-9.28860720893059));
#3642=CARTESIAN_POINT('Ctrl Pts',(-30.2793718081035,201.975035211435,-9.34152155780489));
#3643=CARTESIAN_POINT('Ctrl Pts',(-37.7053268430877,202.65110306584,-9.38821270147576));
#3644=CARTESIAN_POINT('Ctrl Pts',(-45.1209620818172,203.317096683314,-9.41536280010564));
#3645=CARTESIAN_POINT('Ctrl Pts',(-52.5293167780373,203.956285478503,-9.42634629650685));
#3646=CARTESIAN_POINT('Ctrl Pts',(-59.9368558551266,204.554071267478,-9.43127295461099));
#3647=CARTESIAN_POINT('Ctrl Pts',(-67.3502152174695,205.108530041519,-9.43150621921211));
#3648=CARTESIAN_POINT('Ctrl Pts',(-74.7738767922544,205.631054074548,-9.41845246969821));
#3649=CARTESIAN_POINT('Ctrl Pts',(-82.2087642053028,206.13969317428,-9.38321693186594));
#3650=CARTESIAN_POINT('Ctrl Pts',(-89.6517039117406,206.649216923303,-9.32979858820672));
#3651=CARTESIAN_POINT('Ctrl Pts',(-97.0965601552809,207.165162844438,-9.27415104217224));
#3652=CARTESIAN_POINT('Ctrl Pts',(-104.538236383711,207.68823271487,-9.22633822238197));
#3653=CARTESIAN_POINT('Ctrl Pts',(-111.975868568389,208.218246429141,-9.18650402308975));
#3654=CARTESIAN_POINT('Ctrl Pts',(-119.411815167302,208.754275255189,-9.15176267361266));
#3655=CARTESIAN_POINT('Ctrl Pts',(-126.849015959846,209.294937456858,-9.11957637743061));
#3656=CARTESIAN_POINT('Ctrl Pts',(-134.289885492184,209.83882193594,-9.08840995365273));
#3657=CARTESIAN_POINT('Ctrl Pts',(-141.735780731277,210.38470872564,-9.05752852533363));
#3658=CARTESIAN_POINT('Ctrl Pts',(-149.186266871412,210.931645899136,-9.02666432539324));
#3659=CARTESIAN_POINT('Ctrl Pts',(-156.639156374734,211.478958122905,-8.99577156935959));
#3660=CARTESIAN_POINT('Ctrl Pts',(-164.092045878056,212.026270346674,-8.96487881332595));
#3661=CARTESIAN_POINT('Ctrl Pts',(-171.544935381377,212.573582570444,-8.93398605729231));
#3662=CARTESIAN_POINT('Ctrl Pts',(-178.997824884699,213.120894794213,-8.90309330125867));
#3663=CARTESIAN_POINT('Ctrl Pts',(44.3485745084844,195.325474265608,-9.90666546264705));
#3664=CARTESIAN_POINT('Ctrl Pts',(29.426071001307,196.63795658448,-10.0374495305507));
#3665=CARTESIAN_POINT('Ctrl Pts',(14.5035674941297,197.950438903353,-10.1682335984544));
#3666=CARTESIAN_POINT('Ctrl Pts',(-0.418936013047714,199.262921222226,-10.299017666358));
#3667=CARTESIAN_POINT('Ctrl Pts',(-7.8801877666364,199.919162381662,-10.3644097003099));
#3668=CARTESIAN_POINT('Ctrl Pts',(-15.3407895218378,200.575012509705,-10.4297878834527));
#3669=CARTESIAN_POINT('Ctrl Pts',(-22.7989549947502,201.229659865507,-10.4941933898446));
#3670=CARTESIAN_POINT('Ctrl Pts',(-30.2515937746113,201.881791156668,-10.5543033146597));
#3671=CARTESIAN_POINT('Ctrl Pts',(-37.694709828754,202.529204524281,-10.6027942977321));
#3672=CARTESIAN_POINT('Ctrl Pts',(-45.1257145984079,203.166778754982,-10.6307690406178));
#3673=CARTESIAN_POINT('Ctrl Pts',(-52.5479473955457,203.782769053422,-10.6413600018195));
#3674=CARTESIAN_POINT('Ctrl Pts',(-59.9692993253091,204.365375427259,-10.6455509459077));
#3675=CARTESIAN_POINT('Ctrl Pts',(-67.397273081668,204.914844893246,-10.6447764267597));
#3676=CARTESIAN_POINT('Ctrl Pts',(-74.8352048224639,205.443984741469,-10.6295814604862));
#3677=CARTESIAN_POINT('Ctrl Pts',(-82.2812813012478,205.967977450582,-10.5925663381211));
#3678=CARTESIAN_POINT('Ctrl Pts',(-89.7298907386276,206.495430844537,-10.5380573368529));
#3679=CARTESIAN_POINT('Ctrl Pts',(-97.1743233584283,207.028336071774,-10.4767370353697));
#3680=CARTESIAN_POINT('Ctrl Pts',(-104.609198505475,207.566072734659,-10.4164325469541));
#3681=CARTESIAN_POINT('Ctrl Pts',(-112.031228850564,208.107362657656,-10.3605977097759));
#3682=CARTESIAN_POINT('Ctrl Pts',(-119.438823515554,208.650801492782,-10.3098857313077));
#3683=CARTESIAN_POINT('Ctrl Pts',(-126.831873582297,209.195131598534,-10.2636172376321));
#3684=CARTESIAN_POINT('Ctrl Pts',(-134.211976120967,209.739479617074,-10.2206800271813));
#3685=CARTESIAN_POINT('Ctrl Pts',(-141.582283186507,210.283439538367,-10.1799330367938));
#3686=CARTESIAN_POINT('Ctrl Pts',(-148.946722405171,210.826995972101,-10.1403746833619));
#3687=CARTESIAN_POINT('Ctrl Pts',(-156.308906802565,211.370349067424,-10.1012440137068));
#3688=CARTESIAN_POINT('Ctrl Pts',(-163.671091199959,211.913702162746,-10.0621133440518));
#3689=CARTESIAN_POINT('Ctrl Pts',(-171.033275597354,212.457055258069,-10.0229826743967));
#3690=CARTESIAN_POINT('Ctrl Pts',(-178.395459994748,213.000408353392,-9.98385200474165));
#3691=CARTESIAN_POINT('Ctrl Pts',(44.6813271652144,195.449597691893,-10.9587572753004));
#3692=CARTESIAN_POINT('Ctrl Pts',(29.6940517119136,196.720016895523,-11.1253774685401));
#3693=CARTESIAN_POINT('Ctrl Pts',(14.7067762586129,197.990436099153,-11.2919976617798));
#3694=CARTESIAN_POINT('Ctrl Pts',(-0.28049919468786,199.260855302783,-11.4586178550195));
#3695=CARTESIAN_POINT('Ctrl Pts',(-7.77413692133823,199.896064904598,-11.5419279516393));
#3696=CARTESIAN_POINT('Ctrl Pts',(-15.2648791783767,200.530437565855,-11.6234936907767));
#3697=CARTESIAN_POINT('Ctrl Pts',(-22.7485283521072,201.162344849964,-11.6994949446521));
#3698=CARTESIAN_POINT('Ctrl Pts',(-30.2212329457859,201.789435990512,-11.7645115812576));
#3699=CARTESIAN_POINT('Ctrl Pts',(-37.680911002382,202.408688816609,-11.8134087720499));
#3700=CARTESIAN_POINT('Ctrl Pts',(-45.1280911470273,203.016171516551,-11.8436949395028));
#3701=CARTESIAN_POINT('Ctrl Pts',(-52.5669002415284,203.606167229212,-11.857866547573));
#3702=CARTESIAN_POINT('Ctrl Pts',(-60.0046823660769,204.174022753682,-11.8617768768));
#3703=CARTESIAN_POINT('Ctrl Pts',(-67.4481158158118,204.72248866017,-11.8563225242972));
#3704=CARTESIAN_POINT('Ctrl Pts',(-74.899163026175,205.261431978462,-11.8365371016763));
#3705=CARTESIAN_POINT('Ctrl Pts',(-82.3544954652267,205.800352397705,-11.7989384503495));
#3706=CARTESIAN_POINT('Ctrl Pts',(-89.8076424173365,206.343803384219,-11.7450361725446));
#3707=CARTESIAN_POINT('Ctrl Pts',(-97.2513778330469,206.892142824119,-11.6794852202034));
#3708=CARTESIAN_POINT('Ctrl Pts',(-104.678908407224,207.443581119607,-11.6082232773723));
#3709=CARTESIAN_POINT('Ctrl Pts',(-112.084147067881,207.995709449645,-11.5370267996757));
#3710=CARTESIAN_POINT('Ctrl Pts',(-119.462255787454,208.546466272188,-11.4699767925172));
#3711=CARTESIAN_POINT('Ctrl Pts',(-126.810834680067,209.09457623316,-11.408819778166));
#3712=CARTESIAN_POINT('Ctrl Pts',(-134.131055205269,209.639643175124,-11.3533351509902));
#3713=CARTESIAN_POINT('Ctrl Pts',(-141.42797976068,210.182039131936,-11.3021414572933));
#3714=CARTESIAN_POINT('Ctrl Pts',(-148.709675227774,210.722651533873,-11.2534730478057));
#3715=CARTESIAN_POINT('Ctrl Pts',(-155.985007964156,211.262516620878,-11.2057610016334));
#3716=CARTESIAN_POINT('Ctrl Pts',(-163.260340700538,211.802381707883,-11.158048955461));
#3717=CARTESIAN_POINT('Ctrl Pts',(-170.535673436921,212.342246794888,-11.1103369092887));
#3718=CARTESIAN_POINT('Ctrl Pts',(-177.811006173303,212.882111881893,-11.0626248631164));
#3719=CARTESIAN_POINT('',(-147.347818434141,211.350979094223,0.403711425257776));
#3720=CARTESIAN_POINT('Ctrl Pts',(-14.6871817740657,200.807497252927,2.68789598008293E-13));
#3721=CARTESIAN_POINT('Ctrl Pts',(-14.6888936066167,200.80808366826,0.714257732002819));
#3722=CARTESIAN_POINT('Ctrl Pts',(-14.901217548342,200.82290081177,1.42461459327622));
#3723=CARTESIAN_POINT('Ctrl Pts',(-15.2925725328024,200.853069721744,2.02261122033597));
#3724=CARTESIAN_POINT('Ctrl Pts',(-15.2980577054823,200.853492564654,2.03099265124056));
#3725=CARTESIAN_POINT('Ctrl Pts',(-15.3035687177381,200.853917656173,2.03935434318022));
#3726=CARTESIAN_POINT('Ctrl Pts',(-15.3091053308779,200.854344975819,2.04769638888549));
#3727=CARTESIAN_POINT('Ctrl Pts',(-15.6978717012923,200.8843502342,2.6334528339827));
#3728=CARTESIAN_POINT('Ctrl Pts',(-16.2128633098078,200.925341276932,3.12234379201861));
#3729=CARTESIAN_POINT('Ctrl Pts',(-16.771579324945,200.970238552173,3.54643916314027));
#3730=CARTESIAN_POINT('Ctrl Pts',(-16.7878948353617,200.971549633191,3.55882350913671));
#3731=CARTESIAN_POINT('Ctrl Pts',(-16.8042423099425,200.972863406931,3.57115991802542));
#3732=CARTESIAN_POINT('Ctrl Pts',(-16.8206188975475,200.974179539395,3.58345227093135));
#3733=CARTESIAN_POINT('Ctrl Pts',(-17.9241970348101,201.062870483324,4.41180383290953));
#3734=CARTESIAN_POINT('Ctrl Pts',(-19.1636148463248,201.162709895785,5.03505386448163));
#3735=CARTESIAN_POINT('Ctrl Pts',(-20.4270261675571,201.263000355003,5.58622469724404));
#3736=CARTESIAN_POINT('Ctrl Pts',(-20.4537929219558,201.265125118368,5.59790185579437));
#3737=CARTESIAN_POINT('Ctrl Pts',(-20.4805692926338,201.267249843588,5.60954838778022));
#3738=CARTESIAN_POINT('Ctrl Pts',(-20.507357908032,201.269375199296,5.62116003134392));
#3739=CARTESIAN_POINT('Ctrl Pts',(-22.9555422753199,201.463609299936,6.68233634928973));
#3740=CARTESIAN_POINT('Ctrl Pts',(-25.5368319015016,201.669496686677,7.40612790398387));
#3741=CARTESIAN_POINT('Ctrl Pts',(-28.1407158744259,201.876077410692,7.9872122835085));
#3742=CARTESIAN_POINT('Ctrl Pts',(-28.2461284653415,201.88444038292,8.01073622337035));
#3743=CARTESIAN_POINT('Ctrl Pts',(-28.3515780852178,201.892804491431,8.03402628622325));
#3744=CARTESIAN_POINT('Ctrl Pts',(-28.4570574021345,201.901169009079,8.05709538808168));
#3745=CARTESIAN_POINT('Ctrl Pts',(-28.5220552620286,201.906323344186,8.07131089775985));
#3746=CARTESIAN_POINT('Ctrl Pts',(-28.5870643984836,201.91147783465,8.08544250412432));
#3747=CARTESIAN_POINT('Ctrl Pts',(-28.6520830959116,201.916632310328,8.09949322937902));
#3748=CARTESIAN_POINT('Ctrl Pts',(-28.7113627898271,201.921331816048,8.11230373966822));
#3749=CARTESIAN_POINT('Ctrl Pts',(-28.7706568269149,201.926032656592,8.12503977296423));
#3750=CARTESIAN_POINT('Ctrl Pts',(-28.8299652016513,201.930734848799,8.13770164747438));
#3751=CARTESIAN_POINT('Ctrl Pts',(-33.6905283895567,202.316098677175,9.17539390269901));
#3752=CARTESIAN_POINT('Ctrl Pts',(-38.6470352790379,202.710466210281,9.71540263800844));
#3753=CARTESIAN_POINT('Ctrl Pts',(-43.6090592326482,203.104702916651,10.0318758002745));
#3754=CARTESIAN_POINT('Ctrl Pts',(-44.1517806025744,203.14782255641,10.0664900523974));
#3755=CARTESIAN_POINT('Ctrl Pts',(-44.6945679725393,203.190940631099,10.0984301729072));
#3756=CARTESIAN_POINT('Ctrl Pts',(-45.2373030246113,203.234045188717,10.1280548682607));
#3757=CARTESIAN_POINT('Ctrl Pts',(-45.3507863521782,203.243058147459,10.1342492516786));
#3758=CARTESIAN_POINT('Ctrl Pts',(-45.4642673923636,203.252070515223,10.1403424027907));
#3759=CARTESIAN_POINT('Ctrl Pts',(-45.5777450635263,203.261082182746,10.1463376008262));
#3760=CARTESIAN_POINT('Ctrl Pts',(-45.6559406807767,203.267291976243,10.1504687942683));
#3761=CARTESIAN_POINT('Ctrl Pts',(-45.7341392912493,203.273501978052,10.1545446981888));
#3762=CARTESIAN_POINT('Ctrl Pts',(-45.8123411830379,203.279712226674,10.1585649730498));
#3763=CARTESIAN_POINT('Ctrl Pts',(-50.0625485399867,203.617234040789,10.3770635464216));
#3764=CARTESIAN_POINT('Ctrl Pts',(-54.3220991791806,203.955443787028,10.4319106602198));
#3765=CARTESIAN_POINT('Ctrl Pts',(-58.5799499648334,204.293776400793,10.3781078845819));
#3766=CARTESIAN_POINT('Ctrl Pts',(-59.5113548241949,204.367786660054,10.3663385274111));
#3767=CARTESIAN_POINT('Ctrl Pts',(-60.4426783429069,204.441802798708,10.3493701032436));
#3768=CARTESIAN_POINT('Ctrl Pts',(-61.3738049266191,204.51581890191,10.3277783425898));
#3769=CARTESIAN_POINT('Ctrl Pts',(-61.7255982411119,204.543783274023,10.3196206579323));
#3770=CARTESIAN_POINT('Ctrl Pts',(-62.0773634443248,204.571747641076,10.3108030199603));
#3771=CARTESIAN_POINT('Ctrl Pts',(-62.4290943021663,204.599711684075,10.3013564782592));
#3772=CARTESIAN_POINT('Ctrl Pts',(-62.653098854907,204.617520962975,10.2953403204455));
#3773=CARTESIAN_POINT('Ctrl Pts',(-62.8770894673261,204.63533004453,10.2890694641224));
#3774=CARTESIAN_POINT('Ctrl Pts',(-63.1010742704008,204.653137018338,10.2825359135574));
#3775=CARTESIAN_POINT('Ctrl Pts',(-66.636270565788,204.934187995799,10.1794155971973));
#3776=CARTESIAN_POINT('Ctrl Pts',(-70.1694908229867,205.214840110319,10.0115800028734));
#3777=CARTESIAN_POINT('Ctrl Pts',(-73.6998300993483,205.49536729333,9.79293094339991));
#3778=CARTESIAN_POINT('Ctrl Pts',(-75.2443535327565,205.618097935897,9.69727197988024));
#3779=CARTESIAN_POINT('Ctrl Pts',(-76.7883255284227,205.740804665804,9.59188700153668));
#3780=CARTESIAN_POINT('Ctrl Pts',(-78.3316703062203,205.863510422179,9.47794014938548));
#3781=CARTESIAN_POINT('Ctrl Pts',(-78.7707876266349,205.898423050721,9.44551963187953));
#3782=CARTESIAN_POINT('Ctrl Pts',(-79.2098541716154,205.933335600452,9.41240600137383));
#3783=CARTESIAN_POINT('Ctrl Pts',(-79.6488681957088,205.968248599734,9.37862607167153));
#3784=CARTESIAN_POINT('Ctrl Pts',(-79.8612499796041,205.985138458967,9.36228435742938));
#3785=CARTESIAN_POINT('Ctrl Pts',(-80.0736196326933,206.002026771259,9.34579530978501));
#3786=CARTESIAN_POINT('Ctrl Pts',(-80.2859772294572,206.018912879645,9.32916375874741));
#3787=CARTESIAN_POINT('Ctrl Pts',(-85.9086693401128,206.466014324797,8.88880234840855));
#3788=CARTESIAN_POINT('Ctrl Pts',(-91.5228933145278,206.911729199498,8.34771793449401));
#3789=CARTESIAN_POINT('Ctrl Pts',(-97.128722139488,207.356854002577,7.72835026406343));
#3790=CARTESIAN_POINT('Ctrl Pts',(-101.333093758208,207.690697604886,7.26382451124049));
#3791=CARTESIAN_POINT('Ctrl Pts',(-105.532743105339,208.024209291946,6.7552644266311));
#3792=CARTESIAN_POINT('Ctrl Pts',(-109.727700971794,208.357725087392,6.21213677859483));
#3793=CARTESIAN_POINT('Ctrl Pts',(-110.514255571754,208.420259299038,6.11030034458803));
#3794=CARTESIAN_POINT('Ctrl Pts',(-111.300645236846,208.482793655121,6.00724864467967));
#3795=CARTESIAN_POINT('Ctrl Pts',(-112.086870170036,208.545330370643,5.90304408188408));
#3796=CARTESIAN_POINT('Ctrl Pts',(-112.500759180537,208.578251304863,5.84818812201235));
#3797=CARTESIAN_POINT('Ctrl Pts',(-112.914602539872,208.61117289294,5.79301267614602));
#3798=CARTESIAN_POINT('Ctrl Pts',(-113.32840027765,208.644095458011,5.73752684796162));
#3799=CARTESIAN_POINT('Ctrl Pts',(-113.636705675922,208.668624844253,5.69618640843027));
#3800=CARTESIAN_POINT('Ctrl Pts',(-113.944985882031,208.693154460996,5.65467410319537));
#3801=CARTESIAN_POINT('Ctrl Pts',(-114.25324388735,208.717673554266,5.6129812211071));
#3802=CARTESIAN_POINT('Ctrl Pts',(-125.320212534795,209.597949270697,4.1161382813259));
#3803=CARTESIAN_POINT('Ctrl Pts',(-136.357454999352,210.468362604294,2.38916690280494));
#3804=CARTESIAN_POINT('Ctrl Pts',(-147.347818397282,211.350979562422,0.403711429359862));
#3805=CARTESIAN_POINT('Ctrl Pts',(-147.347818434141,211.350979094223,0.403711425257776));
#3806=CARTESIAN_POINT('Ctrl Pts',(-147.347767614986,211.351533919557,0.336623106040792));
#3807=CARTESIAN_POINT('Ctrl Pts',(-147.347735946097,211.351889991497,0.269535754790497));
#3808=CARTESIAN_POINT('Ctrl Pts',(-147.347722777904,211.352034402354,0.202453117755052));
#3809=CARTESIAN_POINT('Ctrl Pts',(-147.34770960971,211.352178813211,0.135370480719608));
#3810=CARTESIAN_POINT('Ctrl Pts',(-147.347715013562,211.352110664857,0.0682925578990962));
#3811=CARTESIAN_POINT('Ctrl Pts',(-147.347715079596,211.352109836071,0.00122309551528899));
#3812=CARTESIAN_POINT('Ctrl Pts',(-14.1483402769534,199.886019151848,-30.4720824297416));
#3813=CARTESIAN_POINT('Ctrl Pts',(-14.0953827394763,199.873836006639,-20.315040769096));
#3814=CARTESIAN_POINT('Ctrl Pts',(-14.0424252019991,199.861652861431,-10.1579991084504));
#3815=CARTESIAN_POINT('Ctrl Pts',(-13.9894676645219,199.849469716222,-0.000957447804812364));
#3816=CARTESIAN_POINT('Ctrl Pts',(-13.9857048633994,199.848604065086,0.720732600169357));
#3817=CARTESIAN_POINT('Ctrl Pts',(-14.2001538248346,199.866078537954,1.43280931507813));
#3818=CARTESIAN_POINT('Ctrl Pts',(-14.9154433548399,199.91610652272,2.68086074605482));
#3819=CARTESIAN_POINT('Ctrl Pts',(-15.3978169771454,199.949443551672,3.22704786449111));
#3820=CARTESIAN_POINT('Ctrl Pts',(-17.0089306081434,200.064425463849,4.66257079644067));
#3821=CARTESIAN_POINT('Ctrl Pts',(-18.267330698462,200.158118672417,5.38587565241469));
#3822=CARTESIAN_POINT('Ctrl Pts',(-22.1677012941952,200.460327837269,7.21390938200392));
#3823=CARTESIAN_POINT('Ctrl Pts',(-24.9411117889533,200.678505295007,8.01815329061297));
#3824=CARTESIAN_POINT('Ctrl Pts',(-33.335882028065,201.343881526225,9.92459241981301));
#3825=CARTESIAN_POINT('Ctrl Pts',(-39.0643995737236,201.798846647525,10.5224424486524));
#3826=CARTESIAN_POINT('Ctrl Pts',(-50.5160500615854,202.710926138295,11.1862575937479));
#3827=CARTESIAN_POINT('Ctrl Pts',(-56.2594212367371,203.169035791002,11.2108783569401));
#3828=CARTESIAN_POINT('Ctrl Pts',(-67.7290338520539,204.083931534397,10.9248679081814));
#3829=CARTESIAN_POINT('Ctrl Pts',(-73.4589828901323,204.541225951202,10.6063550509329));
#3830=CARTESIAN_POINT('Ctrl Pts',(-90.621950489715,205.910571441979,9.30900084221918));
#3831=CARTESIAN_POINT('Ctrl Pts',(-102.028182050649,206.820658449736,8.01896737959525));
#3832=CARTESIAN_POINT('Ctrl Pts',(-124.773765487568,208.633451645956,4.97272974216893));
#3833=CARTESIAN_POINT('Ctrl Pts',(-136.115865320277,209.537516217545,3.20693854941442));
#3834=CARTESIAN_POINT('Ctrl Pts',(-147.40882215454,210.435162963345,1.16977085515066));
#3835=CARTESIAN_POINT('Ctrl Pts',(-157.346489690422,211.225081410333,-0.622912456894712));
#3836=CARTESIAN_POINT('Ctrl Pts',(-167.284157226304,212.014999857321,-2.41559576894008));
#3837=CARTESIAN_POINT('Ctrl Pts',(-177.221824762186,212.804918304308,-4.20827908098545));
#3838=CARTESIAN_POINT('Ctrl Pts',(-14.1515306249052,199.928194529648,-30.4706168175113));
#3839=CARTESIAN_POINT('Ctrl Pts',(-14.0986804346818,199.918678554927,-20.3140636789288));
#3840=CARTESIAN_POINT('Ctrl Pts',(-14.0458302444584,199.909162580206,-10.1575105403463));
#3841=CARTESIAN_POINT('Ctrl Pts',(-13.992980054235,199.899646605485,-0.000957401763830126));
#3842=CARTESIAN_POINT('Ctrl Pts',(-13.9892248804756,199.898970465278,0.72069793516721));
#3843=CARTESIAN_POINT('Ctrl Pts',(-14.2036848733126,199.916299980271,1.43276393031167));
#3844=CARTESIAN_POINT('Ctrl Pts',(-14.9190061531255,199.968596628139,2.68057402567824));
#3845=CARTESIAN_POINT('Ctrl Pts',(-15.4013078007997,200.003589706559,3.22656362014383));
#3846=CARTESIAN_POINT('Ctrl Pts',(-17.0120679170304,200.12288137937,4.66164759854463));
#3847=CARTESIAN_POINT('Ctrl Pts',(-18.2701846766748,200.218645677743,5.38483264339872));
#3848=CARTESIAN_POINT('Ctrl Pts',(-22.1699905157398,200.52336232665,7.21275171990946));
#3849=CARTESIAN_POINT('Ctrl Pts',(-24.94315254569,200.742239060448,8.01700897957496));
#3850=CARTESIAN_POINT('Ctrl Pts',(-33.3373907022922,201.408089365944,9.92349526228142));
#3851=CARTESIAN_POINT('Ctrl Pts',(-39.0657241211778,201.863086135504,10.5213684221018));
#3852=CARTESIAN_POINT('Ctrl Pts',(-50.5171016033051,202.774377480293,11.1852056488444));
#3853=CARTESIAN_POINT('Ctrl Pts',(-56.2603892914771,203.231871950156,11.2098247210976));
#3854=CARTESIAN_POINT('Ctrl Pts',(-67.7298529447134,204.14552632031,10.9237960121312));
#3855=CARTESIAN_POINT('Ctrl Pts',(-73.459742446623,204.602123760327,10.6052686810966));
#3856=CARTESIAN_POINT('Ctrl Pts',(-90.6225303250997,205.969512334891,9.30786502060932));
#3857=CARTESIAN_POINT('Ctrl Pts',(-102.028646982271,206.87828514421,8.0178003029916));
#3858=CARTESIAN_POINT('Ctrl Pts',(-124.773969913412,208.689136684997,4.9714893674726));
#3859=CARTESIAN_POINT('Ctrl Pts',(-136.115932462285,209.592194436835,3.2056621418583));
#3860=CARTESIAN_POINT('Ctrl Pts',(-147.408715006302,210.489669304292,1.16840482882844));
#3861=CARTESIAN_POINT('Ctrl Pts',(-157.346229168843,211.279436500385,-0.624357346663901));
#3862=CARTESIAN_POINT('Ctrl Pts',(-167.283743331384,212.069203696478,-2.41711952215624));
#3863=CARTESIAN_POINT('Ctrl Pts',(-177.221257493924,212.858970892571,-4.20988169764858));
#3864=CARTESIAN_POINT('Ctrl Pts',(-14.154720972857,199.970369907448,-30.4691512052811));
#3865=CARTESIAN_POINT('Ctrl Pts',(-14.1019781298874,199.963521103215,-20.3130865887617));
#3866=CARTESIAN_POINT('Ctrl Pts',(-14.0492352869177,199.956672298982,-10.1570219722423));
#3867=CARTESIAN_POINT('Ctrl Pts',(-13.9964924439481,199.949823494749,-0.000957355722847887));
#3868=CARTESIAN_POINT('Ctrl Pts',(-13.9927448975517,199.94933686547,0.720663270165063));
#3869=CARTESIAN_POINT('Ctrl Pts',(-14.2072159217907,199.966521422588,1.4327185455452));
#3870=CARTESIAN_POINT('Ctrl Pts',(-14.9225689514112,200.021086733559,2.68028730530166));
#3871=CARTESIAN_POINT('Ctrl Pts',(-15.404798624454,200.057735861445,3.22607937579655));
#3872=CARTESIAN_POINT('Ctrl Pts',(-17.0152052259174,200.181337294891,4.6607244006486));
#3873=CARTESIAN_POINT('Ctrl Pts',(-18.2730386548876,200.279172683069,5.38378963438274));
#3874=CARTESIAN_POINT('Ctrl Pts',(-22.1722797372845,200.58639681603,7.211594057815));
#3875=CARTESIAN_POINT('Ctrl Pts',(-24.9451933024266,200.805972825888,8.01586466853695));
#3876=CARTESIAN_POINT('Ctrl Pts',(-33.3388993765193,201.472297205663,9.92239810474982));
#3877=CARTESIAN_POINT('Ctrl Pts',(-39.0670486686319,201.927325623483,10.5202943955512));
#3878=CARTESIAN_POINT('Ctrl Pts',(-50.5181531450247,202.837828822291,11.184153703941));
#3879=CARTESIAN_POINT('Ctrl Pts',(-56.2613573462172,203.294708109311,11.2087710852551));
#3880=CARTESIAN_POINT('Ctrl Pts',(-67.7306720373729,204.207121106223,10.922724116081));
#3881=CARTESIAN_POINT('Ctrl Pts',(-73.4605020031138,204.663021569453,10.6041823112604));
#3882=CARTESIAN_POINT('Ctrl Pts',(-90.6231101604844,206.028453227803,9.30672919899946));
#3883=CARTESIAN_POINT('Ctrl Pts',(-102.029111913893,206.935911838685,8.01663322638795));
#3884=CARTESIAN_POINT('Ctrl Pts',(-124.774174339256,208.744821724038,4.97024899277628));
#3885=CARTESIAN_POINT('Ctrl Pts',(-136.115999604294,209.646872656125,3.20438573430218));
#3886=CARTESIAN_POINT('Ctrl Pts',(-147.408607858065,210.54417564524,1.16703880250622));
#3887=CARTESIAN_POINT('Ctrl Pts',(-157.345968647264,211.333791590438,-0.62580223643309));
#3888=CARTESIAN_POINT('Ctrl Pts',(-167.283329436464,212.123407535636,-2.4186432753724));
#3889=CARTESIAN_POINT('Ctrl Pts',(-177.220690225663,212.913023480834,-4.21148431431171));
#3890=CARTESIAN_POINT('Ctrl Pts',(-14.1579113208088,200.012545285248,-30.4676855930508));
#3891=CARTESIAN_POINT('Ctrl Pts',(-14.1052758250929,200.008363651503,-20.3121094985945));
#3892=CARTESIAN_POINT('Ctrl Pts',(-14.0526403293771,200.004182017757,-10.1565334041382));
#3893=CARTESIAN_POINT('Ctrl Pts',(-14.0000048336612,200.000000384012,-0.000957309681865649));
#3894=CARTESIAN_POINT('Ctrl Pts',(-13.9962649146279,199.999703265662,0.720628605162916));
#3895=CARTESIAN_POINT('Ctrl Pts',(-14.2107469702688,200.016742864906,1.43267316077874));
#3896=CARTESIAN_POINT('Ctrl Pts',(-14.9261317496968,200.073576838979,2.68000058492508));
#3897=CARTESIAN_POINT('Ctrl Pts',(-15.4082894481084,200.111882016332,3.22559513144927));
#3898=CARTESIAN_POINT('Ctrl Pts',(-17.0183425348044,200.239793210412,4.65980120275256));
#3899=CARTESIAN_POINT('Ctrl Pts',(-18.2758926331005,200.339699688396,5.38274662536677));
#3900=CARTESIAN_POINT('Ctrl Pts',(-22.1745689588292,200.649431305411,7.21043639572054));
#3901=CARTESIAN_POINT('Ctrl Pts',(-24.9472340591632,200.869706591328,8.01472035749894));
#3902=CARTESIAN_POINT('Ctrl Pts',(-33.3404080507465,201.536505045382,9.92130094721822));
#3903=CARTESIAN_POINT('Ctrl Pts',(-39.0683732160861,201.991565111462,10.5192203690006));
#3904=CARTESIAN_POINT('Ctrl Pts',(-50.5192046867444,202.901280164289,11.1831017590376));
#3905=CARTESIAN_POINT('Ctrl Pts',(-56.2623254009572,203.357544268465,11.2077174494126));
#3906=CARTESIAN_POINT('Ctrl Pts',(-67.7314911300323,204.268715892137,10.9216522200308));
#3907=CARTESIAN_POINT('Ctrl Pts',(-73.4612615596045,204.723919378578,10.6030959414241));
#3908=CARTESIAN_POINT('Ctrl Pts',(-90.6236899958691,206.087394120714,9.3055933773896));
#3909=CARTESIAN_POINT('Ctrl Pts',(-102.029576845516,206.993538533159,8.0154661497843));
#3910=CARTESIAN_POINT('Ctrl Pts',(-124.7743787651,208.80050676308,4.96900861807996));
#3911=CARTESIAN_POINT('Ctrl Pts',(-136.116066746303,209.701550875415,3.20310932674605));
#3912=CARTESIAN_POINT('Ctrl Pts',(-147.408500709827,210.598681986187,1.165672776184));
#3913=CARTESIAN_POINT('Ctrl Pts',(-157.345708125685,211.38814668049,-0.627247126202278));
#3914=CARTESIAN_POINT('Ctrl Pts',(-167.282915541544,212.177611374794,-2.42016702858856));
#3915=CARTESIAN_POINT('Ctrl Pts',(-177.220122957402,212.967076069097,-4.21308693097483));
#3916=CARTESIAN_POINT('Ctrl Pts',(-14.186914484007,200.395957810705,-30.454361845503));
#3917=CARTESIAN_POINT('Ctrl Pts',(-14.1352548724162,200.416023181393,-20.3032268607112));
#3918=CARTESIAN_POINT('Ctrl Pts',(-14.0835952608254,200.436088552081,-10.1520918759193));
#3919=CARTESIAN_POINT('Ctrl Pts',(-14.0319356492346,200.456153922769,-0.000956891127481662));
#3920=CARTESIAN_POINT('Ctrl Pts',(-14.0282650698658,200.457579631043,0.72031346877976));
#3921=CARTESIAN_POINT('Ctrl Pts',(-14.2428474109786,200.473301431425,1.43226057199272));
#3922=CARTESIAN_POINT('Ctrl Pts',(-14.9585208250208,200.550759615523,2.67739403604708));
#3923=CARTESIAN_POINT('Ctrl Pts',(-15.4400242086021,200.604119788027,3.22119291011035));
#3924=CARTESIAN_POINT('Ctrl Pts',(-17.0468635246863,200.77121062424,4.65140849460676));
#3925=CARTESIAN_POINT('Ctrl Pts',(-18.3018378895808,200.889945191362,5.37326472522154));
#3926=CARTESIAN_POINT('Ctrl Pts',(-22.1953800637807,201.222472117961,7.19991219486179));
#3927=CARTESIAN_POINT('Ctrl Pts',(-24.9657863931326,201.449104458965,8.00431752988067));
#3928=CARTESIAN_POINT('Ctrl Pts',(-33.3541232709933,202.120212679192,9.91132678784007));
#3929=CARTESIAN_POINT('Ctrl Pts',(-39.0804145565784,202.575560456726,10.5094564912679));
#3930=CARTESIAN_POINT('Ctrl Pts',(-50.5287641569231,203.478110546089,11.173538623552));
#3931=CARTESIAN_POINT('Ctrl Pts',(-56.2711258985938,203.928782078961,11.1981389417535));
#3932=CARTESIAN_POINT('Ctrl Pts',(-67.7389374269366,204.828668491346,10.9119077104835));
#3933=CARTESIAN_POINT('Ctrl Pts',(-73.4681666186112,205.27753582517,10.5932198520033));
#3934=CARTESIAN_POINT('Ctrl Pts',(-90.6289612266393,206.623220419911,9.29526772639085));
#3935=CARTESIAN_POINT('Ctrl Pts',(-102.033803496628,207.517417573835,8.00485636247842));
#3936=CARTESIAN_POINT('Ctrl Pts',(-124.776237181863,209.306734390728,4.95773248447703));
#3937=CARTESIAN_POINT('Ctrl Pts',(-136.116677128199,210.198625596234,3.19150562169038));
#3938=CARTESIAN_POINT('Ctrl Pts',(-147.40752663494,211.094194176618,1.15325435507292));
#3939=CARTESIAN_POINT('Ctrl Pts',(-157.343339747697,211.882283862786,-0.640382487740358));
#3940=CARTESIAN_POINT('Ctrl Pts',(-167.279152860453,212.670373548955,-2.43401933055363));
#3941=CARTESIAN_POINT('Ctrl Pts',(-177.21496597321,213.458463235123,-4.22765617336691));
#3942=CARTESIAN_POINT('Ctrl Pts',(-14.2553024994591,200.744474119558,-30.3546336668794));
#3943=CARTESIAN_POINT('Ctrl Pts',(-14.2546347122133,200.749674810979,-20.2367403641919));
#3944=CARTESIAN_POINT('Ctrl Pts',(-14.2539669249674,200.754875502399,-10.1188470615045));
#3945=CARTESIAN_POINT('Ctrl Pts',(-14.2532991377215,200.76007619382,-0.000953758817119254));
#3946=CARTESIAN_POINT('Ctrl Pts',(-14.2532516893182,200.760445719452,0.717954674069026));
#3947=CARTESIAN_POINT('Ctrl Pts',(-14.4666372438553,200.775606252651,1.42983610658095));
#3948=CARTESIAN_POINT('Ctrl Pts',(-15.2311894599405,200.833707081948,2.65658152122118));
#3949=CARTESIAN_POINT('Ctrl Pts',(-15.7424459380927,200.873426382487,3.18124532856398));
#3950=CARTESIAN_POINT('Ctrl Pts',(-17.4227713950866,201.005326074647,4.54826956211859));
#3951=CARTESIAN_POINT('Ctrl Pts',(-18.7010672625196,201.106009011084,5.22889835128168));
#3952=CARTESIAN_POINT('Ctrl Pts',(-22.6205333736474,201.413070740791,6.99155981018849));
#3953=CARTESIAN_POINT('Ctrl Pts',(-25.3915861331973,201.631771586176,7.76688632542309));
#3954=CARTESIAN_POINT('Ctrl Pts',(-33.759865730002,202.288315366306,9.62350258323754));
#3955=CARTESIAN_POINT('Ctrl Pts',(-39.4683004933815,202.73561633146,10.1960053884276));
#3956=CARTESIAN_POINT('Ctrl Pts',(-50.8695255959004,203.625894280126,10.8344729979647));
#3957=CARTESIAN_POINT('Ctrl Pts',(-56.5869966074845,204.074067224062,10.8539764007824));
#3958=CARTESIAN_POINT('Ctrl Pts',(-68.003657602747,204.977863316735,10.5654323089526));
#3959=CARTESIAN_POINT('Ctrl Pts',(-73.7072437118382,205.431219058785,10.2499257877403));
#3960=CARTESIAN_POINT('Ctrl Pts',(-90.7939387853589,206.794906865387,8.96733987820147));
#3961=CARTESIAN_POINT('Ctrl Pts',(-102.154320532412,207.703619457763,7.6942233548698));
#3962=CARTESIAN_POINT('Ctrl Pts',(-124.819560474513,209.525313555554,4.67970792837019));
#3963=CARTESIAN_POINT('Ctrl Pts',(-136.127703269403,210.425130629231,2.92490923993205));
#3964=CARTESIAN_POINT('Ctrl Pts',(-147.387322679654,211.350331158279,0.895555629334416));
#3965=CARTESIAN_POINT('Ctrl Pts',(-157.295653679391,212.164496606411,-0.89025138213607));
#3966=CARTESIAN_POINT('Ctrl Pts',(-167.203984679129,212.978662054543,-2.67605839360656));
#3967=CARTESIAN_POINT('Ctrl Pts',(-177.112315678867,213.792827502675,-4.46186540507704));
#3968=CARTESIAN_POINT('Ctrl Pts',(-14.6236463718284,200.783353881603,-30.1713072707229));
#3969=CARTESIAN_POINT('Ctrl Pts',(-14.6451794957652,200.791440442612,-20.1145208471991));
#3970=CARTESIAN_POINT('Ctrl Pts',(-14.666712619702,200.799527003621,-10.0577344236752));
#3971=CARTESIAN_POINT('Ctrl Pts',(-14.6882457436389,200.80761356463,-0.000948000151361633));
#3972=CARTESIAN_POINT('Ctrl Pts',(-14.6897757404397,200.808188140456,0.713618595019775));
#3973=CARTESIAN_POINT('Ctrl Pts',(-14.902111827152,200.823004200268,1.42433668579633));
#3974=CARTESIAN_POINT('Ctrl Pts',(-15.6850401709319,200.883360863649,2.62051966705936));
#3975=CARTESIAN_POINT('Ctrl Pts',(-16.2079591008908,200.924980857672,3.11796857383506));
#3976=CARTESIAN_POINT('Ctrl Pts',(-17.9116434160924,201.061897492046,4.40981961161445));
#3977=CARTESIAN_POINT('Ctrl Pts',(-19.1939326550463,201.165221710045,5.05036974784667));
#3978=CARTESIAN_POINT('Ctrl Pts',(-23.1107991274452,201.475983353367,6.74955160791173));
#3979=CARTESIAN_POINT('Ctrl Pts',(-25.8736492914285,201.696432224478,7.49817823245807));
#3980=CARTESIAN_POINT('Ctrl Pts',(-34.214607664662,202.35769297241,9.30048532440639));
#3981=CARTESIAN_POINT('Ctrl Pts',(-39.9023754583972,202.810480329233,9.84566856520694));
#3982=CARTESIAN_POINT('Ctrl Pts',(-51.2609837510035,203.712544366119,10.4455042096507));
#3983=CARTESIAN_POINT('Ctrl Pts',(-56.9573325392917,204.164818888591,10.4513921411272));
#3984=CARTESIAN_POINT('Ctrl Pts',(-68.3314074562457,205.069145829367,10.1376141899929));
#3985=CARTESIAN_POINT('Ctrl Pts',(-74.0134319373661,205.520240408249,9.81171586979722));
#3986=CARTESIAN_POINT('Ctrl Pts',(-91.0331620367139,206.873748541477,8.50058710892623));
#3987=CARTESIAN_POINT('Ctrl Pts',(-102.345151498315,207.770313499341,7.21317424034047));
#3988=CARTESIAN_POINT('Ctrl Pts',(-124.901631649388,209.565026965277,4.18035428023819));
#3989=CARTESIAN_POINT('Ctrl Pts',(-136.149481974216,210.451720859498,2.42554255067821));
#3990=CARTESIAN_POINT('Ctrl Pts',(-147.348652918717,211.351056451043,0.402338461794906));
#3991=CARTESIAN_POINT('Ctrl Pts',(-157.203789988426,212.142461062176,-1.37805704379642));
#3992=CARTESIAN_POINT('Ctrl Pts',(-167.058927058134,212.93386567331,-3.15845254938774));
#3993=CARTESIAN_POINT('Ctrl Pts',(-176.914064127842,213.725270284443,-4.93884805497906));
#3994=CARTESIAN_POINT('Ctrl Pts',(-14.6604807590653,200.787241857808,-30.1529746311073));
#3995=CARTESIAN_POINT('Ctrl Pts',(-14.6842339741204,200.795617005776,-20.1022988954998));
#3996=CARTESIAN_POINT('Ctrl Pts',(-14.7079871891755,200.803992153743,-10.0516231598923));
#3997=CARTESIAN_POINT('Ctrl Pts',(-14.7317404042306,200.812367301711,-0.00094742428478587));
#3998=CARTESIAN_POINT('Ctrl Pts',(-14.7334281455519,200.812962382557,0.71318498711485));
#3999=CARTESIAN_POINT('Ctrl Pts',(-14.9456592854816,200.82774399503,1.42378674371787));
#4000=CARTESIAN_POINT('Ctrl Pts',(-15.7304252420311,200.88832624182,2.61691348164318));
#4001=CARTESIAN_POINT('Ctrl Pts',(-16.2545104171706,200.93013630519,3.11164089836217));
#4002=CARTESIAN_POINT('Ctrl Pts',(-17.960530618193,201.067554633786,4.39597461656403));
#4003=CARTESIAN_POINT('Ctrl Pts',(-19.243219194299,201.171142979941,5.03251688750317));
#4004=CARTESIAN_POINT('Ctrl Pts',(-23.159825702825,201.482274614625,6.72535078768405));
#4005=CARTESIAN_POINT('Ctrl Pts',(-25.9218556072516,201.702898288308,7.47130742316157));
#4006=CARTESIAN_POINT('Ctrl Pts',(-34.260081858128,202.36463073302,9.26818359852327));
#4007=CARTESIAN_POINT('Ctrl Pts',(-39.9457829548987,202.81796672901,9.81063488288487));
#4008=CARTESIAN_POINT('Ctrl Pts',(-51.3001295665138,203.721209374718,10.4066073308193));
#4009=CARTESIAN_POINT('Ctrl Pts',(-56.9943661324725,204.173894055044,10.4111337151617));
#4010=CARTESIAN_POINT('Ctrl Pts',(-68.3641824415955,205.07827408063,10.094832378097));
#4011=CARTESIAN_POINT('Ctrl Pts',(-74.0440507599189,205.529142543195,9.76789487800291));
#4012=CARTESIAN_POINT('Ctrl Pts',(-91.0570843618494,206.881632709086,8.45391183199871));
#4013=CARTESIAN_POINT('Ctrl Pts',(-102.364234594905,207.776982903499,7.16506932888754));
#4014=CARTESIAN_POINT('Ctrl Pts',(-124.909838766876,209.568998306249,4.13041891542499));
#4015=CARTESIAN_POINT('Ctrl Pts',(-136.151659844697,210.454379882525,2.37560588175282));
#4016=CARTESIAN_POINT('Ctrl Pts',(-147.344785942624,211.35112898032,0.353016745040955));
#4017=CARTESIAN_POINT('Ctrl Pts',(-157.194603619329,212.140257507753,-1.42683760996245));
#4018=CARTESIAN_POINT('Ctrl Pts',(-167.044421296034,212.929386035186,-3.20669196496586));
#4019=CARTESIAN_POINT('Ctrl Pts',(-176.894238972739,213.718514562619,-4.98654631996926));
#4020=CARTESIAN_POINT('Ctrl Pts',(-14.6973151463022,200.791129834013,-30.1346419914917));
#4021=CARTESIAN_POINT('Ctrl Pts',(-14.7232884524756,200.799793568939,-20.0900769438005));
#4022=CARTESIAN_POINT('Ctrl Pts',(-14.749261758649,200.808457303866,-10.0455118961094));
#4023=CARTESIAN_POINT('Ctrl Pts',(-14.7752350648223,200.817121038792,-0.000946848418210108));
#4024=CARTESIAN_POINT('Ctrl Pts',(-14.777080550664,200.817736624657,0.712751379209925));
#4025=CARTESIAN_POINT('Ctrl Pts',(-14.9892067438113,200.832483789792,1.4232368016394));
#4026=CARTESIAN_POINT('Ctrl Pts',(-15.7758103131302,200.89329161999,2.61330729622699));
#4027=CARTESIAN_POINT('Ctrl Pts',(-16.3010617334504,200.935291752709,3.10531322288927));
#4028=CARTESIAN_POINT('Ctrl Pts',(-18.0094178202935,201.073211775525,4.38212962151362));
#4029=CARTESIAN_POINT('Ctrl Pts',(-19.2925057335517,201.177064249838,5.01466402715966));
#4030=CARTESIAN_POINT('Ctrl Pts',(-23.2088522782048,201.488565875883,6.70114996745637));
#4031=CARTESIAN_POINT('Ctrl Pts',(-25.9700619230747,201.709364352138,7.44443661386507));
#4032=CARTESIAN_POINT('Ctrl Pts',(-34.305556051594,202.371568493631,9.23588187264016));
#4033=CARTESIAN_POINT('Ctrl Pts',(-39.9891904514003,202.825453128787,9.7756012005628));
#4034=CARTESIAN_POINT('Ctrl Pts',(-51.3392753820241,203.729874383317,10.367710451988));
#4035=CARTESIAN_POINT('Ctrl Pts',(-57.0313997256532,204.182969221497,10.3708752891962));
#4036=CARTESIAN_POINT('Ctrl Pts',(-68.3969574269454,205.087402331893,10.052050566201));
#4037=CARTESIAN_POINT('Ctrl Pts',(-74.0746695824716,205.538044678142,9.72407388620861));
#4038=CARTESIAN_POINT('Ctrl Pts',(-91.0810066869848,206.889516876695,8.40723655507118));
#4039=CARTESIAN_POINT('Ctrl Pts',(-102.383317691495,207.783652307656,7.11696441743461));
#4040=CARTESIAN_POINT('Ctrl Pts',(-124.918045884363,209.572969647221,4.08048355061179));
#4041=CARTESIAN_POINT('Ctrl Pts',(-136.153837715179,210.457038905551,2.32566921282744));
#4042=CARTESIAN_POINT('Ctrl Pts',(-147.34091896653,211.351201509596,0.303695028287004));
#4043=CARTESIAN_POINT('Ctrl Pts',(-157.185417250232,212.138053953329,-1.47561817612849));
#4044=CARTESIAN_POINT('Ctrl Pts',(-167.029915533935,212.924906397063,-3.25493138054398));
#4045=CARTESIAN_POINT('Ctrl Pts',(-176.874413817637,213.711758840796,-5.03424458495947));
#4046=CARTESIAN_POINT('Ctrl Pts',(-14.7341495335391,200.795017810216,-30.116309351876));
#4047=CARTESIAN_POINT('Ctrl Pts',(-14.7623429308308,200.803970132102,-20.0778549921012));
#4048=CARTESIAN_POINT('Ctrl Pts',(-14.7905363281224,200.812922453988,-10.0394006323264));
#4049=CARTESIAN_POINT('Ctrl Pts',(-14.818729725414,200.821874775873,-0.000946272551634346));
#4050=CARTESIAN_POINT('Ctrl Pts',(-14.8207329557762,200.822510866758,0.712317771305));
#4051=CARTESIAN_POINT('Ctrl Pts',(-15.032754202141,200.837223584553,1.42268685956094));
#4052=CARTESIAN_POINT('Ctrl Pts',(-15.8211953842293,200.89825699816,2.60970111081081));
#4053=CARTESIAN_POINT('Ctrl Pts',(-16.3476130497302,200.940447200227,3.09898554741638));
#4054=CARTESIAN_POINT('Ctrl Pts',(-18.0583050223941,201.078868917265,4.3682846264632));
#4055=CARTESIAN_POINT('Ctrl Pts',(-19.3417922728043,201.182985519734,4.99681116681616));
#4056=CARTESIAN_POINT('Ctrl Pts',(-23.2578788535845,201.49485713714,6.6769491472287));
#4057=CARTESIAN_POINT('Ctrl Pts',(-26.0182682388978,201.715830415968,7.41756580456857));
#4058=CARTESIAN_POINT('Ctrl Pts',(-34.35103024506,202.378506254241,9.20358014675704));
#4059=CARTESIAN_POINT('Ctrl Pts',(-40.0325979479019,202.832939528565,9.74056751824074));
#4060=CARTESIAN_POINT('Ctrl Pts',(-51.3784211975344,203.738539391916,10.3288135731566));
#4061=CARTESIAN_POINT('Ctrl Pts',(-57.0684333188339,204.192044387949,10.3306168632306));
#4062=CARTESIAN_POINT('Ctrl Pts',(-68.4297324122953,205.096530583157,10.009268754305));
#4063=CARTESIAN_POINT('Ctrl Pts',(-74.1052884050244,205.546946813088,9.6802528944143));
#4064=CARTESIAN_POINT('Ctrl Pts',(-91.1049290121204,206.897401044303,8.36056127814366));
#4065=CARTESIAN_POINT('Ctrl Pts',(-102.402400788086,207.790321711814,7.06885950598167));
#4066=CARTESIAN_POINT('Ctrl Pts',(-124.926253001851,209.576940988194,4.03054818579859));
#4067=CARTESIAN_POINT('Ctrl Pts',(-136.15601558566,210.459697928578,2.27573254390205));
#4068=CARTESIAN_POINT('Ctrl Pts',(-147.337051990437,211.351274038873,0.254373311533053));
#4069=CARTESIAN_POINT('Ctrl Pts',(-157.176230881136,212.135850398906,-1.52439874229452));
#4070=CARTESIAN_POINT('Ctrl Pts',(-167.015409771835,212.920426758939,-3.30317079612209));
#4071=CARTESIAN_POINT('Ctrl Pts',(-176.854588662535,213.705003118973,-5.08194284994967));
#4072=CARTESIAN_POINT('Ctrl Pts',(-147.407577229569,210.598608619996,1.16583939441514));
#4073=CARTESIAN_POINT('Ctrl Pts',(-147.406604080311,211.093715930683,1.15343119008515));
#4074=CARTESIAN_POINT('Ctrl Pts',(-147.386434893358,211.349836633025,0.896142684550535));
#4075=CARTESIAN_POINT('Ctrl Pts',(-147.347831836575,211.350980609091,0.403712840119647));
#4076=CARTESIAN_POINT('Ctrl Pts',(-150.514243865928,208.519374381426,0.478956329190757));
#4077=CARTESIAN_POINT('Ctrl Pts',(-150.380434492731,209.963113023696,0.490608493187406));
#4078=CARTESIAN_POINT('Ctrl Pts',(-149.061333603208,211.497303408264,0.355787783528765));
#4079=CARTESIAN_POINT('Ctrl Pts',(-147.347818434141,211.350979094223,0.403711425257776));
#4080=CARTESIAN_POINT('Ctrl Pts',(-150.404360084908,208.503775304926,0.614036141257892));
#4081=CARTESIAN_POINT('Ctrl Pts',(-150.285529490339,209.866656027358,0.612530008639716));
#4082=CARTESIAN_POINT('Ctrl Pts',(-149.110639222898,211.460765350609,0.727300963012473));
#4083=CARTESIAN_POINT('Ctrl Pts',(-147.386434893358,211.349836633025,0.896142684550535));
#4084=CARTESIAN_POINT('Ctrl Pts',(-150.251089045955,208.482016983183,0.705986163329121));
#4085=CARTESIAN_POINT('Ctrl Pts',(-150.126966294895,209.786542866367,0.694641787211422));
#4086=CARTESIAN_POINT('Ctrl Pts',(-148.968084748893,211.200295069875,0.87125962964485));
#4087=CARTESIAN_POINT('Ctrl Pts',(-147.406604080311,211.093715930683,1.15343119008515));
#4088=CARTESIAN_POINT('Ctrl Pts',(-150.08074980781,208.457835663774,0.737764784370937));
#4089=CARTESIAN_POINT('Ctrl Pts',(-149.929023053264,209.743833420413,0.732083795978783));
#4090=CARTESIAN_POINT('Ctrl Pts',(-148.665560129008,210.732179890309,0.937691386285762));
#4091=CARTESIAN_POINT('Ctrl Pts',(-147.407577229569,210.598608619996,1.16583939441515));
#4092=CARTESIAN_POINT('Ctrl Pts',(-150.514243865928,208.519374381426,0.478956329190757));
#4093=CARTESIAN_POINT('Ctrl Pts',(-150.380434608888,209.963111770422,0.490608483072453));
#4094=CARTESIAN_POINT('Ctrl Pts',(-149.061335893364,211.49730074468,0.355788017597653));
#4095=CARTESIAN_POINT('Ctrl Pts',(-147.34782289652,211.35097947528,0.403711300454231));
#4096=CARTESIAN_POINT('Ctrl Pts',(-150.08074980781,208.457835663774,-0.737764784370881));
#4097=CARTESIAN_POINT('Ctrl Pts',(-149.929023053264,209.743833420413,-0.732083795978727));
#4098=CARTESIAN_POINT('Ctrl Pts',(-148.665560129008,210.732179890309,-0.937691386285705));
#4099=CARTESIAN_POINT('Ctrl Pts',(-147.407577229569,210.598608619996,-1.16583939441509));
#4100=CARTESIAN_POINT('Ctrl Pts',(-150.251089045955,208.482016983183,-0.705986163329065));
#4101=CARTESIAN_POINT('Ctrl Pts',(-150.126966294895,209.786542866367,-0.694641787211366));
#4102=CARTESIAN_POINT('Ctrl Pts',(-148.968084748893,211.200295069875,-0.871259629644792));
#4103=CARTESIAN_POINT('Ctrl Pts',(-147.406604080311,211.093715930683,-1.15343119008509));
#4104=CARTESIAN_POINT('Ctrl Pts',(-150.404360084908,208.503775304926,-0.614036141257837));
#4105=CARTESIAN_POINT('Ctrl Pts',(-150.285529490339,209.866656027358,-0.61253000863966));
#4106=CARTESIAN_POINT('Ctrl Pts',(-149.110639222898,211.460765350609,-0.727300963012415));
#4107=CARTESIAN_POINT('Ctrl Pts',(-147.386434893358,211.349836633025,-0.896142684550477));
#4108=CARTESIAN_POINT('Ctrl Pts',(-150.514243865928,208.519374381426,-0.478956329190701));
#4109=CARTESIAN_POINT('Ctrl Pts',(-150.380434492731,209.963113023696,-0.490608493187349));
#4110=CARTESIAN_POINT('Ctrl Pts',(-149.061333603208,211.497303408264,-0.355787783528708));
#4111=CARTESIAN_POINT('Ctrl Pts',(-147.347818434141,211.350979094223,-0.403711425257719));
#4112=CARTESIAN_POINT('Ctrl Pts',(-150.514243865928,208.519374381426,-0.478956329190701));
#4113=CARTESIAN_POINT('Ctrl Pts',(-150.380434608888,209.963111770422,-0.490608483072396));
#4114=CARTESIAN_POINT('Ctrl Pts',(-149.061335893365,211.49730074468,-0.355788017597597));
#4115=CARTESIAN_POINT('Ctrl Pts',(-147.34782289652,211.35097947528,-0.403711300454173));
#4116=CARTESIAN_POINT('Ctrl Pts',(-150.514243865928,208.519374381426,-0.478956329190701));
#4117=CARTESIAN_POINT('Ctrl Pts',(-150.380434492731,209.963113023696,-0.490608493187349));
#4118=CARTESIAN_POINT('Ctrl Pts',(-149.061333603208,211.497303408264,-0.355787783528708));
#4119=CARTESIAN_POINT('Ctrl Pts',(-147.347818434141,211.350979094223,-0.403711425257719));
#4120=CARTESIAN_POINT('Ctrl Pts',(-150.568722607171,208.527108171111,-0.411985771202243));
#4121=CARTESIAN_POINT('Ctrl Pts',(-150.42392128973,210.010754520413,-0.422479791803898));
#4122=CARTESIAN_POINT('Ctrl Pts',(-149.048558831102,211.502622882653,-0.298270424095427));
#4123=CARTESIAN_POINT('Ctrl Pts',(-147.34776751645,211.351535638593,-0.336416047006587));
#4124=CARTESIAN_POINT('Ctrl Pts',(-150.61127640612,208.533149098709,-0.335957682849514));
#4125=CARTESIAN_POINT('Ctrl Pts',(-150.457877828557,210.047984374225,-0.344741531356589));
#4126=CARTESIAN_POINT('Ctrl Pts',(-149.038529504242,211.506701183579,-0.239494088906299));
#4127=CARTESIAN_POINT('Ctrl Pts',(-147.347735809357,211.351892194224,-0.269121636576836));
#4128=CARTESIAN_POINT('Ctrl Pts',(-150.66895837352,208.541337617649,-0.172713030180162));
#4129=CARTESIAN_POINT('Ctrl Pts',(-150.503878279363,210.098491615461,-0.177393995794389));
#4130=CARTESIAN_POINT('Ctrl Pts',(-149.024804900682,211.512038910521,-0.120396724084307));
#4131=CARTESIAN_POINT('Ctrl Pts',(-147.347709593106,211.352179269189,-0.134548638991426));
#4132=CARTESIAN_POINT('Ctrl Pts',(-150.68368042171,208.543427556252,-0.0866582612724919));
#4133=CARTESIAN_POINT('Ctrl Pts',(-150.515598611884,210.1114129574,-0.0890173186021212));
#4134=CARTESIAN_POINT('Ctrl Pts',(-149.021207610344,211.513262763612,-0.0602372696067729));
#4135=CARTESIAN_POINT('Ctrl Pts',(-147.347715080457,211.352109828512,-0.0672700509434107));
#4136=CARTESIAN_POINT('Ctrl Pts',(-150.68368042171,208.543427556252,0.0866582612725476));
#4137=CARTESIAN_POINT('Ctrl Pts',(-150.515598611972,210.111412957417,0.0890173186044908));
#4138=CARTESIAN_POINT('Ctrl Pts',(-149.021207609993,211.513262763899,0.0602372695686854));
#4139=CARTESIAN_POINT('Ctrl Pts',(-147.34771507995,211.352109828454,0.0672700508902154));
#4140=CARTESIAN_POINT('Ctrl Pts',(-150.66895837352,208.541337617649,0.172713030180218));
#4141=CARTESIAN_POINT('Ctrl Pts',(-150.503878284477,210.098491616463,0.177393995930444));
#4142=CARTESIAN_POINT('Ctrl Pts',(-149.024804880151,211.512038927321,0.120396721841749));
#4143=CARTESIAN_POINT('Ctrl Pts',(-147.347709563445,211.352179265837,0.134548635860639));
#4144=CARTESIAN_POINT('Ctrl Pts',(-150.61127640612,208.533149098709,0.33595768284957));
#4145=CARTESIAN_POINT('Ctrl Pts',(-150.457877838655,210.047984376205,0.344741531625198));
#4146=CARTESIAN_POINT('Ctrl Pts',(-149.038529463702,211.506701216752,0.239494084477931));
#4147=CARTESIAN_POINT('Ctrl Pts',(-147.347735750791,211.351892187605,0.269121630394506));
#4148=CARTESIAN_POINT('Ctrl Pts',(-150.568722607171,208.527108171111,0.411985771202298));
#4149=CARTESIAN_POINT('Ctrl Pts',(-150.423921299784,210.010754522384,0.422479792071363));
#4150=CARTESIAN_POINT('Ctrl Pts',(-149.048558790735,211.502622915684,0.298270419685928));
#4151=CARTESIAN_POINT('Ctrl Pts',(-147.347767458135,211.351535632002,0.336416040850599));
#4152=CARTESIAN_POINT('Ctrl Pts',(-150.514243865928,208.519374381426,0.478956329190757));
#4153=CARTESIAN_POINT('Ctrl Pts',(-150.380434492731,209.963113023696,0.490608493187406));
#4154=CARTESIAN_POINT('Ctrl Pts',(-149.061333603208,211.497303408264,0.355787783528765));
#4155=CARTESIAN_POINT('Ctrl Pts',(-147.347818434141,211.350979094223,0.403711425257776));
#4156=UNCERTAINTY_MEASURE_WITH_UNIT(LENGTH_MEASURE(0.01),#4160,
'DISTANCE_ACCURACY_VALUE',
'Maximum model space distance between geometric entities at asserted c
onnectivities');
#4157=UNCERTAINTY_MEASURE_WITH_UNIT(LENGTH_MEASURE(0.01),#4160,
'DISTANCE_ACCURACY_VALUE',
'Maximum model space distance between geometric entities at asserted c
onnectivities');
#4158=(
GEOMETRIC_REPRESENTATION_CONTEXT(3)
GLOBAL_UNCERTAINTY_ASSIGNED_CONTEXT((#4156))
GLOBAL_UNIT_ASSIGNED_CONTEXT((#4160,#4162,#4163))
REPRESENTATION_CONTEXT('','3D')
);
#4159=(
GEOMETRIC_REPRESENTATION_CONTEXT(3)
GLOBAL_UNCERTAINTY_ASSIGNED_CONTEXT((#4157))
GLOBAL_UNIT_ASSIGNED_CONTEXT((#4160,#4162,#4163))
REPRESENTATION_CONTEXT('','3D')
);
#4160=(
LENGTH_UNIT()
NAMED_UNIT(*)
SI_UNIT(.MILLI.,.METRE.)
);
#4161=(
LENGTH_UNIT()
NAMED_UNIT(*)
SI_UNIT(.CENTI.,.METRE.)
);
#4162=(
NAMED_UNIT(*)
PLANE_ANGLE_UNIT()
SI_UNIT($,.RADIAN.)
);
#4163=(
NAMED_UNIT(*)
SI_UNIT($,.STERADIAN.)
SOLID_ANGLE_UNIT()
);
#4164=SHAPE_DEFINITION_REPRESENTATION(#4165,#4166);
#4165=PRODUCT_DEFINITION_SHAPE('',$,#4168);
#4166=SHAPE_REPRESENTATION('',(#218),#4158);
#4167=PRODUCT_DEFINITION_CONTEXT('part definition',#4172,'design');
#4168=PRODUCT_DEFINITION('Wind_Tunnel_Rudder','Wind_Tunnel_Rudder',#4169,
#4167);
#4169=PRODUCT_DEFINITION_FORMATION('',$,#4174);
#4170=PRODUCT_RELATED_PRODUCT_CATEGORY('Wind_Tunnel_Rudder',
'Wind_Tunnel_Rudder',(#4174));
#4171=APPLICATION_PROTOCOL_DEFINITION('international standard',
'automotive_design',2009,#4172);
#4172=APPLICATION_CONTEXT(
'Core Data for Automotive Mechanical Design Process');
#4173=PRODUCT_CONTEXT('part definition',#4172,'mechanical');
#4174=PRODUCT('Wind_Tunnel_Rudder','Wind_Tunnel_Rudder',$,(#4173));
#4175=PRESENTATION_STYLE_ASSIGNMENT((#4176));
#4176=SURFACE_STYLE_USAGE(.BOTH.,#4179);
#4177=SURFACE_STYLE_RENDERING_WITH_PROPERTIES($,#4183,(#4178));
#4178=SURFACE_STYLE_TRANSPARENT(0.);
#4179=SURFACE_SIDE_STYLE('',(#4180,#4177));
#4180=SURFACE_STYLE_FILL_AREA(#4181);
#4181=FILL_AREA_STYLE('',(#4182));
#4182=FILL_AREA_STYLE_COLOUR('',#4183);
#4183=COLOUR_RGB('',0.627450980392157,0.627450980392157,0.627450980392157);
ENDSEC;
END-ISO-10303-21;
