ISO-10303-21;
HEADER;
FILE_DESCRIPTION(('Open CASCADE Model'),'2;1');
FILE_NAME('Open CASCADE Shape Model','2026-10-08T01:20:40',('Author'),(
    'Open CASCADE'),'Open CASCADE STEP processor 7.8','Open CASCADE 7.8'
  ,'Unknown');
FILE_SCHEMA(('AUTOMOTIVE_DESIGN { 1 0 10303 214 1 1 1 1 }'));
ENDSEC;
DATA;
#1 = APPLICATION_PROTOCOL_DEFINITION('international standard',
  'automotive_design',2000,#2);
#2 = APPLICATION_CONTEXT(
  'core data for automotive mechanical design processes');
#3 = SHAPE_DEFINITION_REPRESENTATION(#4,#10);
#4 = PRODUCT_DEFINITION_SHAPE('','',#5);
#5 = PRODUCT_DEFINITION('design','',#6,#9);
#6 = PRODUCT_DEFINITION_FORMATION('','',#7);
#7 = PRODUCT('Open CASCADE STEP translator 7.8 1',
  'Open CASCADE STEP translator 7.8 1','',(#8));
#8 = PRODUCT_CONTEXT('',#2,'mechanical');
#9 = PRODUCT_DEFINITION_CONTEXT('part definition',#2,'design');
#10 = ADVANCED_BREP_SHAPE_REPRESENTATION('',(#11,#15),#4813);
#11 = AXIS2_PLACEMENT_3D('',#12,#13,#14);
#12 = CARTESIAN_POINT('',(0.,0.,0.));
#13 = DIRECTION('',(0.,0.,1.));
#14 = DIRECTION('',(1.,0.,-0.));
#15 = MANIFOLD_SOLID_BREP('',#16);
#16 = CLOSED_SHELL('',(#17,#1637,#3063,#4636));
#17 = ADVANCED_FACE('',(#18),#181,.F.);
#18 = FACE_BOUND('',#19,.F.);
#19 = EDGE_LOOP('',(#20,#1563,#1636));
#20 = ORIENTED_EDGE('',*,*,#21,.T.);
#21 = EDGE_CURVE('',#22,#24,#26,.T.);
#22 = VERTEX_POINT('',#23);
#23 = CARTESIAN_POINT('',(0.,0.,0.));
#24 = VERTEX_POINT('',#25);
#25 = CARTESIAN_POINT('',(1.0159999E+03,254.,0.));
#26 = SEAM_CURVE('',#27,(#180,#1556),.PCURVE_S1.);
#27 = B_SPLINE_CURVE_WITH_KNOTS('',3,(#28,#29,#30,#31,#32,#33,#34,#35,
    #36,#37,#38,#39,#40,#41,#42,#43,#44,#45,#46,#47,#48,#49,#50,#51,#52,
    #53,#54,#55,#56,#57,#58,#59,#60,#61,#62,#63,#64,#65,#66,#67,#68,#69,
    #70,#71,#72,#73,#74,#75,#76,#77,#78,#79,#80,#81,#82,#83,#84,#85,#86,
    #87,#88,#89,#90,#91,#92,#93,#94,#95,#96,#97,#98,#99,#100,#101,#102,
    #103,#104,#105,#106,#107,#108,#109,#110,#111,#112,#113,#114,#115,
    #116,#117,#118,#119,#120,#121,#122,#123,#124,#125,#126,#127,#128,
    #129,#130,#131,#132,#133,#134,#135,#136,#137,#138,#139,#140,#141,
    #142,#143,#144,#145,#146,#147,#148,#149,#150,#151,#152,#153,#154,
    #155,#156,#157,#158,#159,#160,#161,#162,#163,#164,#165,#166,#167,
    #168,#169,#170,#171,#172,#173,#174,#175,#176,#177,#178,#179),
  .UNSPECIFIED.,.F.,.F.,(4,1,1,1,1,1,1,1,1,1,1,1,1,1,1,1,1,1,1,1,1,1,1,1
    ,1,1,1,1,1,1,1,1,1,1,1,1,1,1,1,1,1,1,1,1,1,1,1,1,1,1,1,1,1,1,1,1,1,1
    ,1,1,1,1,1,1,1,1,1,1,1,1,1,1,1,1,1,1,1,1,1,1,1,1,1,1,1,1,1,1,1,1,1,1
    ,1,1,1,1,1,1,1,1,1,1,1,1,1,1,1,1,1,1,1,1,1,1,1,1,1,1,1,1,1,1,1,1,1,1
    ,1,1,1,1,1,1,1,1,1,1,1,1,1,1,1,1,1,1,1,1,1,1,1,4),(0.,7.856180706328
    ,15.71153020629,23.566660121183,31.421531786671,39.276856317818,
    47.132178779462,54.987574405365,62.842715503677,70.697968718595,
    78.553241276256,86.408454579636,94.263661149712,102.11895200623,
    109.9741653906,117.82932317594,125.68459093678,133.53973884367,
    141.3950025538,149.25019458195,157.10541080208,164.96066156405,
    172.81589515295,180.67114035713,188.52640864027,196.38169102907,
    204.23695719981,212.09230308766,219.9476345738,227.80298777242,
    235.65836048015,243.51373515071,251.36915322734,259.22458190287,
    267.08001347301,274.9354904226,282.79095863813,290.64644671655,
    298.50195393504,306.35746058096,314.21299106314,322.06852513185,
    329.92406544761,337.77961519082,345.63517330172,353.49074031087,
    361.34630986914,369.20188205192,377.05746764715,384.91304967873,
    392.76863529037,400.62422715864,408.479823839,416.33542158515,
    424.19101777741,432.04662035663,439.90222337286,447.75782717379,
    455.61343232111,463.46903822242,471.32464367459,479.18025380753,
    487.03586139951,494.89147218641,502.74708179487,510.60269146882,
    518.45830263137,526.31391415049,534.16952565254,542.02513738717,
    549.8807501006,557.73636275277,565.59197505234,573.44758700664,
    581.30320047294,589.15881294068,597.01442601551,604.87003891896,
    612.72565195559,620.58126491444,628.43687816603,636.29249088636,
    644.14810444243,652.00371696077,659.8593306379,667.71494347513,
    675.57055670719,683.42616976757,691.28178269646,699.13739581283,
    706.99300867449,714.84862152673,722.70423457947,730.55984675445,
    738.41545995176,746.27107272607,754.12668511448,761.98229732702,
    769.83790953009,777.69352182124,785.54913420097,793.40474654286,
    801.26035856302,809.11596979056,816.97158214008,824.82719305639,
    832.68280509717,840.53841659168,848.39402783498,856.2496389011,
    864.10524951131,871.96086073646,879.81647111768,887.67208212644,
    895.52769269994,903.38330293288,911.23891344059,919.09452356242,
    926.9501339421,934.8057439453,942.66135421447,950.51696399197,
    958.37257404181,966.22818440296,974.08379422471,981.93940440612,
    989.79501465925,997.65062485308,1.005506234921E+03,
    1.013361845348E+03,1.021217455954E+03,1.029073066568E+03,
    1.036928677316E+03,1.044784288233E+03,1.052639899338E+03,
    1.060495510693E+03,1.068351122231E+03,1.076206733967E+03,
    1.084062345964E+03,1.091917958184E+03,1.099773570639E+03,
    1.107629183333E+03,1.115484796268E+03,1.123340409425E+03,
    1.131196022788E+03,1.139051636342E+03,1.146907250058E+03,
    1.154762863904E+03,1.162618477838E+03,1.170474091812E+03),
  .UNSPECIFIED.);
#28 = CARTESIAN_POINT('',(0.,0.,0.));
#29 = CARTESIAN_POINT('',(1.660188217656E-04,1.851719546836,0.));
#30 = CARTESIAN_POINT('',(5.440963357169E-02,5.555176802022,0.));
#31 = CARTESIAN_POINT('',(0.345176486136,11.106774752557,0.));
#32 = CARTESIAN_POINT('',(0.854334657463,16.650253862072,0.));
#33 = CARTESIAN_POINT('',(1.591517032981,22.180955133708,0.));
#34 = CARTESIAN_POINT('',(2.562723176001,27.693642626894,0.));
#35 = CARTESIAN_POINT('',(3.772994230117,33.182794882992,0.));
#36 = CARTESIAN_POINT('',(5.22623246389,38.642386376573,0.));
#37 = CARTESIAN_POINT('',(6.925601374974,44.066347839289,0.));
#38 = CARTESIAN_POINT('',(8.873527485289,49.448364795033,0.));
#39 = CARTESIAN_POINT('',(11.071769624897,54.782003068072,0.));
#40 = CARTESIAN_POINT('',(13.52135257289,60.060618611719,0.));
#41 = CARTESIAN_POINT('',(16.222584753771,65.277514397514,0.));
#42 = CARTESIAN_POINT('',(19.174995194337,70.425931779551,0.));
#43 = CARTESIAN_POINT('',(22.377289730227,75.4991246263,0.));
#44 = CARTESIAN_POINT('',(25.827322270133,80.490452405797,0.));
#45 = CARTESIAN_POINT('',(29.522046562386,85.393425030507,0.));
#46 = CARTESIAN_POINT('',(33.457534570766,90.201845485652,0.));
#47 = CARTESIAN_POINT('',(37.628880891123,94.90977920324,0.));
#48 = CARTESIAN_POINT('',(42.030330370705,99.511778482865,0.));
#49 = CARTESIAN_POINT('',(46.655216963284,104.00285574592,0.));
#50 = CARTESIAN_POINT('',(51.496090426007,108.37862915556,0.));
#51 = CARTESIAN_POINT('',(56.544755186829,112.63534953239,0.));
#52 = CARTESIAN_POINT('',(61.792381726745,116.7699649789,0.));
#53 = CARTESIAN_POINT('',(67.22963023888,120.78016270521,0.));
#54 = CARTESIAN_POINT('',(72.846750772565,124.66436937091,0.));
#55 = CARTESIAN_POINT('',(78.633745076988,128.42177545073,0.));
#56 = CARTESIAN_POINT('',(84.580456183746,132.05228912906,0.));
#57 = CARTESIAN_POINT('',(90.676728341064,135.55652824288,0.));
#58 = CARTESIAN_POINT('',(96.912479621518,138.93574958042,0.));
#59 = CARTESIAN_POINT('',(103.27785022475,142.19181766132,0.));
#60 = CARTESIAN_POINT('',(109.76327218062,145.32712993805,0.));
#61 = CARTESIAN_POINT('',(116.35953211001,148.3445431138,0.));
#62 = CARTESIAN_POINT('',(123.05783843025,151.24730849699,0.));
#63 = CARTESIAN_POINT('',(129.84985989027,154.03900140615,0.));
#64 = CARTESIAN_POINT('',(136.72774651336,156.72345098258,0.));
#65 = CARTESIAN_POINT('',(143.68416032582,159.30468427289,0.));
#66 = CARTESIAN_POINT('',(150.71225564118,161.78685949778,0.));
#67 = CARTESIAN_POINT('',(157.80569663618,164.1742223115,0.));
#68 = CARTESIAN_POINT('',(164.95863313701,166.47105588553,0.));
#69 = CARTESIAN_POINT('',(172.16567782326,168.6816395628,0.));
#70 = CARTESIAN_POINT('',(179.4218967567,170.81021900424,0.));
#71 = CARTESIAN_POINT('',(186.72277114334,172.8609737743,0.));
#72 = CARTESIAN_POINT('',(194.06418336979,174.83799754246,0.));
#73 = CARTESIAN_POINT('',(201.44238326527,176.74527736476,0.));
#74 = CARTESIAN_POINT('',(208.85395856326,178.58667841467,0.));
#75 = CARTESIAN_POINT('',(216.29581155374,180.36593370669,0.));
#76 = CARTESIAN_POINT('',(223.76513626776,182.0866365696,0.));
#77 = CARTESIAN_POINT('',(231.25938740313,183.75223341574,0.));
#78 = CARTESIAN_POINT('',(238.77626277683,185.36602169479,0.));
#79 = CARTESIAN_POINT('',(246.31367688936,186.93114719789,0.));
#80 = CARTESIAN_POINT('',(253.8697484384,188.45060543531,0.));
#81 = CARTESIAN_POINT('',(261.44277334743,189.92724093505,0.));
#82 = CARTESIAN_POINT('',(269.03120952863,191.36374967401,0.));
#83 = CARTESIAN_POINT('',(276.63366606721,192.76268272078,0.));
#84 = CARTESIAN_POINT('',(284.24888535462,194.1264487886,0.));
#85 = CARTESIAN_POINT('',(291.87573189774,195.45731829659,0.));
#86 = CARTESIAN_POINT('',(299.51317732559,196.75742685174,0.));
#87 = CARTESIAN_POINT('',(307.16029399524,198.02878022703,0.));
#88 = CARTESIAN_POINT('',(314.81624326848,199.27325837317,0.));
#89 = CARTESIAN_POINT('',(322.48026895511,200.49262021563,0.));
#90 = CARTESIAN_POINT('',(330.15168599302,201.68850754831,0.));
#91 = CARTESIAN_POINT('',(337.82987795325,202.86245021465,0.));
#92 = CARTESIAN_POINT('',(345.51428548905,204.01586969126,0.));
#93 = CARTESIAN_POINT('',(353.20440662773,205.15008432306,0.));
#94 = CARTESIAN_POINT('',(360.89978761409,206.26631294293,0.));
#95 = CARTESIAN_POINT('',(368.60002089857,207.36567937287,0.));
#96 = CARTESIAN_POINT('',(376.30473953089,208.44921622298,0.));
#97 = CARTESIAN_POINT('',(384.01361369379,209.51786882661,0.));
#98 = CARTESIAN_POINT('',(391.72634845634,210.57249916526,0.));
#99 = CARTESIAN_POINT('',(399.44268002149,211.613889415,0.));
#100 = CARTESIAN_POINT('',(407.16237313327,212.64274549714,0.));
#101 = CARTESIAN_POINT('',(414.88521863311,213.659700494,0.));
#102 = CARTESIAN_POINT('',(422.61103249832,214.66531811017,0.));
#103 = CARTESIAN_POINT('',(430.3396522108,215.66009564208,0.));
#104 = CARTESIAN_POINT('',(438.07093622709,216.64446722682,0.));
#105 = CARTESIAN_POINT('',(445.80476096193,217.61880664299,0.));
#106 = CARTESIAN_POINT('',(453.54102108299,218.58343041597,0.));
#107 = CARTESIAN_POINT('',(461.27962661432,219.53860040999,0.));
#108 = CARTESIAN_POINT('',(469.02050263509,220.48452664322,0.));
#109 = CARTESIAN_POINT('',(476.76358734581,221.42136980349,0.));
#110 = CARTESIAN_POINT('',(484.50883184825,222.3492438847,0.));
#111 = CARTESIAN_POINT('',(492.25619784744,223.26821848703,0.));
#112 = CARTESIAN_POINT('',(500.00565839704,224.17832140569,0.));
#113 = CARTESIAN_POINT('',(507.75719486509,225.07954069702,0.));
#114 = CARTESIAN_POINT('',(515.51079817079,225.97182718277,0.));
#115 = CARTESIAN_POINT('',(523.26646599863,226.85509642287,0.));
#116 = CARTESIAN_POINT('',(531.02420355586,227.72923104156,0.));
#117 = CARTESIAN_POINT('',(538.78402180594,228.59408271292,0.));
#118 = CARTESIAN_POINT('',(546.54593704152,229.44947425202,0.));
#119 = CARTESIAN_POINT('',(554.30997016358,230.29520163067,0.));
#120 = CARTESIAN_POINT('',(562.0761458506,231.13103594303,0.));
#121 = CARTESIAN_POINT('',(569.84449167586,231.95672533209,0.));
#122 = CARTESIAN_POINT('',(577.61503817069,232.77199698814,0.));
#123 = CARTESIAN_POINT('',(585.38781705867,233.57655892474,0.));
#124 = CARTESIAN_POINT('',(593.1628615107,234.37010194756,0.));
#125 = CARTESIAN_POINT('',(600.94020457779,235.15230141568,0.));
#126 = CARTESIAN_POINT('',(608.7198796565,235.92281919319,0.));
#127 = CARTESIAN_POINT('',(616.50191937149,236.68130542669,0.));
#128 = CARTESIAN_POINT('',(624.28635490007,237.42740036005,0.));
#129 = CARTESIAN_POINT('',(632.0732153792,238.16073615094,0.));
#130 = CARTESIAN_POINT('',(639.86252733343,238.88093868586,0.));
#131 = CARTESIAN_POINT('',(647.65431412684,239.58762939607,0.));
#132 = CARTESIAN_POINT('',(655.4485963024,240.28042715353,0.));
#133 = CARTESIAN_POINT('',(663.24538969411,240.95894996574,0.));
#134 = CARTESIAN_POINT('',(671.04470674863,241.62281696522,0.));
#135 = CARTESIAN_POINT('',(678.84655393998,242.27165006101,0.));
#136 = CARTESIAN_POINT('',(686.65093353863,242.90507597178,0.));
#137 = CARTESIAN_POINT('',(694.45784152362,243.52272794422,0.));
#138 = CARTESIAN_POINT('',(702.26726858598,244.12424773258,0.));
#139 = CARTESIAN_POINT('',(710.07919968906,244.70928746884,0.));
#140 = CARTESIAN_POINT('',(717.89361311423,245.27751150567,0.));
#141 = CARTESIAN_POINT('',(725.71048140886,245.82859841421,0.));
#142 = CARTESIAN_POINT('',(733.52977000962,246.36224281909,0.));
#143 = CARTESIAN_POINT('',(741.35143842995,246.87815742623,0.));
#144 = CARTESIAN_POINT('',(749.17543948012,247.376074922,0.));
#145 = CARTESIAN_POINT('',(757.0017197614,247.85574996359,0.));
#146 = CARTESIAN_POINT('',(764.830219849,248.31696115526,0.));
#147 = CARTESIAN_POINT('',(772.66087388758,248.75951299464,0.));
#148 = CARTESIAN_POINT('',(780.49361069104,249.18323791099,0.));
#149 = CARTESIAN_POINT('',(788.32835315481,249.58799820765,0.));
#150 = CARTESIAN_POINT('',(796.16501955538,249.97368810829,0.));
#151 = CARTESIAN_POINT('',(804.00352331132,250.34023571742,0.));
#152 = CARTESIAN_POINT('',(811.84377363452,250.68760502381,0.));
#153 = CARTESIAN_POINT('',(819.68567614031,251.01579789719,0.));
#154 = CARTESIAN_POINT('',(827.5291332781,251.32485606625,0.));
#155 = CARTESIAN_POINT('',(835.37404530977,251.61486310984,0.));
#156 = CARTESIAN_POINT('',(843.2203104198,251.88594640489,0.));
#157 = CARTESIAN_POINT('',(851.0678260016,252.13827910523,0.));
#158 = CARTESIAN_POINT('',(858.91648912017,252.372082075,0.));
#159 = CARTESIAN_POINT('',(866.76619725367,252.5876258199,0.));
#160 = CARTESIAN_POINT('',(874.6168489812,252.78523240318,0.));
#161 = CARTESIAN_POINT('',(882.46834495591,252.96527735347,0.));
#162 = CARTESIAN_POINT('',(890.32058867146,253.1281915519,0.));
#163 = CARTESIAN_POINT('',(898.17348714027,253.27446310464,0.));
#164 = CARTESIAN_POINT('',(906.0269516169,253.40463920473,0.));
#165 = CARTESIAN_POINT('',(913.88089832949,253.51932798365,0.));
#166 = CARTESIAN_POINT('',(921.73524912822,253.61920035317,0.));
#167 = CARTESIAN_POINT('',(929.58993207638,253.70499184051,0.));
#168 = CARTESIAN_POINT('',(937.4448819407,253.77750442001,0.));
#169 = CARTESIAN_POINT('',(945.30004057827,253.83760834445,0.));
#170 = CARTESIAN_POINT('',(953.15535725798,253.88624398015,0.));
#171 = CARTESIAN_POINT('',(961.01078879655,253.92442364868,0.));
#172 = CARTESIAN_POINT('',(968.86629956761,253.95323347966,0.));
#173 = CARTESIAN_POINT('',(976.7218613372,253.97383527799,0.));
#174 = CARTESIAN_POINT('',(984.57745290595,253.98746840877,0.));
#175 = CARTESIAN_POINT('',(992.4330595293,253.99545170302,0.));
#176 = CARTESIAN_POINT('',(1.000288672098E+03,253.99918538382,0.));
#177 = CARTESIAN_POINT('',(1.008144286046E+03,254.00015302233,0.));
#178 = CARTESIAN_POINT('',(1.013381362009E+03,254.,0.));
#179 = CARTESIAN_POINT('',(1.0159999E+03,254.,0.));
#180 = PCURVE('',#181,#1550);
#181 = ( BOUNDED_SURFACE() B_SPLINE_SURFACE(3,2,(
    (#182,#183,#184,#185,#186,#187,#188,#189,#190)
    ,(#191,#192,#193,#194,#195,#196,#197,#198,#199)
    ,(#200,#201,#202,#203,#204,#205,#206,#207,#208)
    ,(#209,#210,#211,#212,#213,#214,#215,#216,#217)
    ,(#218,#219,#220,#221,#222,#223,#224,#225,#226)
    ,(#227,#228,#229,#230,#231,#232,#233,#234,#235)
    ,(#236,#237,#238,#239,#240,#241,#242,#243,#244)
    ,(#245,#246,#247,#248,#249,#250,#251,#252,#253)
    ,(#254,#255,#256,#257,#258,#259,#260,#261,#262)
    ,(#263,#264,#265,#266,#267,#268,#269,#270,#271)
    ,(#272,#273,#274,#275,#276,#277,#278,#279,#280)
    ,(#281,#282,#283,#284,#285,#286,#287,#288,#289)
    ,(#290,#291,#292,#293,#294,#295,#296,#297,#298)
    ,(#299,#300,#301,#302,#303,#304,#305,#306,#307)
    ,(#308,#309,#310,#311,#312,#313,#314,#315,#316)
    ,(#317,#318,#319,#320,#321,#322,#323,#324,#325)
    ,(#326,#327,#328,#329,#330,#331,#332,#333,#334)
    ,(#335,#336,#337,#338,#339,#340,#341,#342,#343)
    ,(#344,#345,#346,#347,#348,#349,#350,#351,#352)
    ,(#353,#354,#355,#356,#357,#358,#359,#360,#361)
    ,(#362,#363,#364,#365,#366,#367,#368,#369,#370)
    ,(#371,#372,#373,#374,#375,#376,#377,#378,#379)
    ,(#380,#381,#382,#383,#384,#385,#386,#387,#388)
    ,(#389,#390,#391,#392,#393,#394,#395,#396,#397)
    ,(#398,#399,#400,#401,#402,#403,#404,#405,#406)
    ,(#407,#408,#409,#410,#411,#412,#413,#414,#415)
    ,(#416,#417,#418,#419,#420,#421,#422,#423,#424)
    ,(#425,#426,#427,#428,#429,#430,#431,#432,#433)
    ,(#434,#435,#436,#437,#438,#439,#440,#441,#442)
    ,(#443,#444,#445,#446,#447,#448,#449,#450,#451)
    ,(#452,#453,#454,#455,#456,#457,#458,#459,#460)
    ,(#461,#462,#463,#464,#465,#466,#467,#468,#469)
    ,(#470,#471,#472,#473,#474,#475,#476,#477,#478)
    ,(#479,#480,#481,#482,#483,#484,#485,#486,#487)
    ,(#488,#489,#490,#491,#492,#493,#494,#495,#496)
    ,(#497,#498,#499,#500,#501,#502,#503,#504,#505)
    ,(#506,#507,#508,#509,#510,#511,#512,#513,#514)
    ,(#515,#516,#517,#518,#519,#520,#521,#522,#523)
    ,(#524,#525,#526,#527,#528,#529,#530,#531,#532)
    ,(#533,#534,#535,#536,#537,#538,#539,#540,#541)
    ,(#542,#543,#544,#545,#546,#547,#548,#549,#550)
    ,(#551,#552,#553,#554,#555,#556,#557,#558,#559)
    ,(#560,#561,#562,#563,#564,#565,#566,#567,#568)
    ,(#569,#570,#571,#572,#573,#574,#575,#576,#577)
    ,(#578,#579,#580,#581,#582,#583,#584,#585,#586)
    ,(#587,#588,#589,#590,#591,#592,#593,#594,#595)
    ,(#596,#597,#598,#599,#600,#601,#602,#603,#604)
    ,(#605,#606,#607,#608,#609,#610,#611,#612,#613)
    ,(#614,#615,#616,#617,#618,#619,#620,#621,#622)
    ,(#623,#624,#625,#626,#627,#628,#629,#630,#631)
    ,(#632,#633,#634,#635,#636,#637,#638,#639,#640)
    ,(#641,#642,#643,#644,#645,#646,#647,#648,#649)
    ,(#650,#651,#652,#653,#654,#655,#656,#657,#658)
    ,(#659,#660,#661,#662,#663,#664,#665,#666,#667)
    ,(#668,#669,#670,#671,#672,#673,#674,#675,#676)
    ,(#677,#678,#679,#680,#681,#682,#683,#684,#685)
    ,(#686,#687,#688,#689,#690,#691,#692,#693,#694)
    ,(#695,#696,#697,#698,#699,#700,#701,#702,#703)
    ,(#704,#705,#706,#707,#708,#709,#710,#711,#712)
    ,(#713,#714,#715,#716,#717,#718,#719,#720,#721)
    ,(#722,#723,#724,#725,#726,#727,#728,#729,#730)
    ,(#731,#732,#733,#734,#735,#736,#737,#738,#739)
    ,(#740,#741,#742,#743,#744,#745,#746,#747,#748)
    ,(#749,#750,#751,#752,#753,#754,#755,#756,#757)
    ,(#758,#759,#760,#761,#762,#763,#764,#765,#766)
    ,(#767,#768,#769,#770,#771,#772,#773,#774,#775)
    ,(#776,#777,#778,#779,#780,#781,#782,#783,#784)
    ,(#785,#786,#787,#788,#789,#790,#791,#792,#793)
    ,(#794,#795,#796,#797,#798,#799,#800,#801,#802)
    ,(#803,#804,#805,#806,#807,#808,#809,#810,#811)
    ,(#812,#813,#814,#815,#816,#817,#818,#819,#820)
    ,(#821,#822,#823,#824,#825,#826,#827,#828,#829)
    ,(#830,#831,#832,#833,#834,#835,#836,#837,#838)
    ,(#839,#840,#841,#842,#843,#844,#845,#846,#847)
    ,(#848,#849,#850,#851,#852,#853,#854,#855,#856)
    ,(#857,#858,#859,#860,#861,#862,#863,#864,#865)
    ,(#866,#867,#868,#869,#870,#871,#872,#873,#874)
    ,(#875,#876,#877,#878,#879,#880,#881,#882,#883)
    ,(#884,#885,#886,#887,#888,#889,#890,#891,#892)
    ,(#893,#894,#895,#896,#897,#898,#899,#900,#901)
    ,(#902,#903,#904,#905,#906,#907,#908,#909,#910)
    ,(#911,#912,#913,#914,#915,#916,#917,#918,#919)
    ,(#920,#921,#922,#923,#924,#925,#926,#927,#928)
    ,(#929,#930,#931,#932,#933,#934,#935,#936,#937)
    ,(#938,#939,#940,#941,#942,#943,#944,#945,#946)
    ,(#947,#948,#949,#950,#951,#952,#953,#954,#955)
    ,(#956,#957,#958,#959,#960,#961,#962,#963,#964)
    ,(#965,#966,#967,#968,#969,#970,#971,#972,#973)
    ,(#974,#975,#976,#977,#978,#979,#980,#981,#982)
    ,(#983,#984,#985,#986,#987,#988,#989,#990,#991)
    ,(#992,#993,#994,#995,#996,#997,#998,#999,#1000)
    ,(#1001,#1002,#1003,#1004,#1005,#1006,#1007,#1008,#1009)
    ,(#1010,#1011,#1012,#1013,#1014,#1015,#1016,#1017,#1018)
    ,(#1019,#1020,#1021,#1022,#1023,#1024,#1025,#1026,#1027)
    ,(#1028,#1029,#1030,#1031,#1032,#1033,#1034,#1035,#1036)
    ,(#1037,#1038,#1039,#1040,#1041,#1042,#1043,#1044,#1045)
    ,(#1046,#1047,#1048,#1049,#1050,#1051,#1052,#1053,#1054)
    ,(#1055,#1056,#1057,#1058,#1059,#1060,#1061,#1062,#1063)
    ,(#1064,#1065,#1066,#1067,#1068,#1069,#1070,#1071,#1072)
    ,(#1073,#1074,#1075,#1076,#1077,#1078,#1079,#1080,#1081)
    ,(#1082,#1083,#1084,#1085,#1086,#1087,#1088,#1089,#1090)
    ,(#1091,#1092,#1093,#1094,#1095,#1096,#1097,#1098,#1099)
    ,(#1100,#1101,#1102,#1103,#1104,#1105,#1106,#1107,#1108)
    ,(#1109,#1110,#1111,#1112,#1113,#1114,#1115,#1116,#1117)
    ,(#1118,#1119,#1120,#1121,#1122,#1123,#1124,#1125,#1126)
    ,(#1127,#1128,#1129,#1130,#1131,#1132,#1133,#1134,#1135)
    ,(#1136,#1137,#1138,#1139,#1140,#1141,#1142,#1143,#1144)
    ,(#1145,#1146,#1147,#1148,#1149,#1150,#1151,#1152,#1153)
    ,(#1154,#1155,#1156,#1157,#1158,#1159,#1160,#1161,#1162)
    ,(#1163,#1164,#1165,#1166,#1167,#1168,#1169,#1170,#1171)
    ,(#1172,#1173,#1174,#1175,#1176,#1177,#1178,#1179,#1180)
    ,(#1181,#1182,#1183,#1184,#1185,#1186,#1187,#1188,#1189)
    ,(#1190,#1191,#1192,#1193,#1194,#1195,#1196,#1197,#1198)
    ,(#1199,#1200,#1201,#1202,#1203,#1204,#1205,#1206,#1207)
    ,(#1208,#1209,#1210,#1211,#1212,#1213,#1214,#1215,#1216)
    ,(#1217,#1218,#1219,#1220,#1221,#1222,#1223,#1224,#1225)
    ,(#1226,#1227,#1228,#1229,#1230,#1231,#1232,#1233,#1234)
    ,(#1235,#1236,#1237,#1238,#1239,#1240,#1241,#1242,#1243)
    ,(#1244,#1245,#1246,#1247,#1248,#1249,#1250,#1251,#1252)
    ,(#1253,#1254,#1255,#1256,#1257,#1258,#1259,#1260,#1261)
    ,(#1262,#1263,#1264,#1265,#1266,#1267,#1268,#1269,#1270)
    ,(#1271,#1272,#1273,#1274,#1275,#1276,#1277,#1278,#1279)
    ,(#1280,#1281,#1282,#1283,#1284,#1285,#1286,#1287,#1288)
    ,(#1289,#1290,#1291,#1292,#1293,#1294,#1295,#1296,#1297)
    ,(#1298,#1299,#1300,#1301,#1302,#1303,#1304,#1305,#1306)
    ,(#1307,#1308,#1309,#1310,#1311,#1312,#1313,#1314,#1315)
    ,(#1316,#1317,#1318,#1319,#1320,#1321,#1322,#1323,#1324)
    ,(#1325,#1326,#1327,#1328,#1329,#1330,#1331,#1332,#1333)
    ,(#1334,#1335,#1336,#1337,#1338,#1339,#1340,#1341,#1342)
    ,(#1343,#1344,#1345,#1346,#1347,#1348,#1349,#1350,#1351)
    ,(#1352,#1353,#1354,#1355,#1356,#1357,#1358,#1359,#1360)
    ,(#1361,#1362,#1363,#1364,#1365,#1366,#1367,#1368,#1369)
    ,(#1370,#1371,#1372,#1373,#1374,#1375,#1376,#1377,#1378)
    ,(#1379,#1380,#1381,#1382,#1383,#1384,#1385,#1386,#1387)
    ,(#1388,#1389,#1390,#1391,#1392,#1393,#1394,#1395,#1396)
    ,(#1397,#1398,#1399,#1400,#1401,#1402,#1403,#1404,#1405)
    ,(#1406,#1407,#1408,#1409,#1410,#1411,#1412,#1413,#1414)
    ,(#1415,#1416,#1417,#1418,#1419,#1420,#1421,#1422,#1423)
    ,(#1424,#1425,#1426,#1427,#1428,#1429,#1430,#1431,#1432)
    ,(#1433,#1434,#1435,#1436,#1437,#1438,#1439,#1440,#1441)
    ,(#1442,#1443,#1444,#1445,#1446,#1447,#1448,#1449,#1450)
    ,(#1451,#1452,#1453,#1454,#1455,#1456,#1457,#1458,#1459)
    ,(#1460,#1461,#1462,#1463,#1464,#1465,#1466,#1467,#1468)
    ,(#1469,#1470,#1471,#1472,#1473,#1474,#1475,#1476,#1477)
    ,(#1478,#1479,#1480,#1481,#1482,#1483,#1484,#1485,#1486)
    ,(#1487,#1488,#1489,#1490,#1491,#1492,#1493,#1494,#1495)
    ,(#1496,#1497,#1498,#1499,#1500,#1501,#1502,#1503,#1504)
    ,(#1505,#1506,#1507,#1508,#1509,#1510,#1511,#1512,#1513)
    ,(#1514,#1515,#1516,#1517,#1518,#1519,#1520,#1521,#1522)
    ,(#1523,#1524,#1525,#1526,#1527,#1528,#1529,#1530,#1531)
    ,(#1532,#1533,#1534,#1535,#1536,#1537,#1538,#1539,#1540)
    ,(#1541,#1542,#1543,#1544,#1545,#1546,#1547,#1548,#1549
)),.UNSPECIFIED.,.F.,.T.,.F.) B_SPLINE_SURFACE_WITH_KNOTS((4,1,1,1,1,1,1
    ,1,1,1,1,1,1,1,1,1,1,1,1,1,1,1,1,1,1,1,1,1,1,1,1,1,1,1,1,1,1,1,1,1,1
    ,1,1,1,1,1,1,1,1,1,1,1,1,1,1,1,1,1,1,1,1,1,1,1,1,1,1,1,1,1,1,1,1,1,1
    ,1,1,1,1,1,1,1,1,1,1,1,1,1,1,1,1,1,1,1,1,1,1,1,1,1,1,1,1,1,1,1,1,1,1
    ,1,1,1,1,1,1,1,1,1,1,1,1,1,1,1,1,1,1,1,1,1,1,1,1,1,1,1,1,1,1,1,1,1,1
    ,1,1,1,1,1,1,4),(3,2,2,2,3),(0.,7.856180706328,15.71153020629,
    23.566660121183,31.421531786671,39.276856317818,47.132178779462,
    54.987574405365,62.842715503677,70.697968718595,78.553241276256,
    86.408454579636,94.263661149712,102.11895200623,109.9741653906,
    117.82932317594,125.68459093678,133.53973884367,141.3950025538,
    149.25019458195,157.10541080208,164.96066156405,172.81589515295,
    180.67114035713,188.52640864027,196.38169102907,204.23695719981,
    212.09230308766,219.9476345738,227.80298777242,235.65836048015,
    243.51373515071,251.36915322734,259.22458190287,267.08001347301,
    274.9354904226,282.79095863813,290.64644671655,298.50195393504,
    306.35746058096,314.21299106314,322.06852513185,329.92406544761,
    337.77961519082,345.63517330172,353.49074031087,361.34630986914,
    369.20188205192,377.05746764715,384.91304967873,392.76863529037,
    400.62422715864,408.479823839,416.33542158515,424.19101777741,
    432.04662035663,439.90222337286,447.75782717379,455.61343232111,
    463.46903822242,471.32464367459,479.18025380753,487.03586139951,
    494.89147218641,502.74708179487,510.60269146882,518.45830263137,
    526.31391415049,534.16952565254,542.02513738717,549.8807501006,
    557.73636275277,565.59197505234,573.44758700664,581.30320047294,
    589.15881294068,597.01442601551,604.87003891896,612.72565195559,
    620.58126491444,628.43687816603,636.29249088636,644.14810444243,
    652.00371696077,659.8593306379,667.71494347513,675.57055670719,
    683.42616976757,691.28178269646,699.13739581283,706.99300867449,
    714.84862152673,722.70423457947,730.55984675445,738.41545995176,
    746.27107272607,754.12668511448,761.98229732702,769.83790953009,
    777.69352182124,785.54913420097,793.40474654286,801.26035856302,
    809.11596979056,816.97158214008,824.82719305639,832.68280509717,
    840.53841659168,848.39402783498,856.2496389011,864.10524951131,
    871.96086073646,879.81647111768,887.67208212644,895.52769269994,
    903.38330293288,911.23891344059,919.09452356242,926.9501339421,
    934.8057439453,942.66135421447,950.51696399197,958.37257404181,
    966.22818440296,974.08379422471,981.93940440612,989.79501465925,
    997.65062485308,1.005506234921E+03,1.013361845348E+03,
    1.021217455954E+03,1.029073066568E+03,1.036928677316E+03,
    1.044784288233E+03,1.052639899338E+03,1.060495510693E+03,
    1.068351122231E+03,1.076206733967E+03,1.084062345964E+03,
    1.091917958184E+03,1.099773570639E+03,1.107629183333E+03,
    1.115484796268E+03,1.123340409425E+03,1.131196022788E+03,
    1.139051636342E+03,1.146907250058E+03,1.154762863904E+03,
    1.162618477838E+03,1.170474091812E+03),(0.,0.25,0.5,0.75,1.),
.UNSPECIFIED.) GEOMETRIC_REPRESENTATION_ITEM() RATIONAL_B_SPLINE_SURFACE
((
    (1.,0.707106781187,1.,0.707106781187,1.,0.707106781187,1.
      ,0.707106781187,1.)
    ,(1.,0.707106781187,1.,0.707106781187,1.,0.707106781187,1.
      ,0.707106781187,1.)
    ,(1.,0.707106781187,1.,0.707106781187,1.,0.707106781187,1.
      ,0.707106781187,1.)
    ,(1.,0.707106781187,1.,0.707106781187,1.,0.707106781187,1.
      ,0.707106781187,1.)
    ,(1.,0.707106781187,1.,0.707106781187,1.,0.707106781187,1.
      ,0.707106781187,1.)
    ,(1.,0.707106781187,1.,0.707106781187,1.,0.707106781187,1.
      ,0.707106781187,1.)
    ,(1.,0.707106781187,1.,0.707106781187,1.,0.707106781187,1.
      ,0.707106781187,1.)
    ,(1.,0.707106781187,1.,0.707106781187,1.,0.707106781187,1.
      ,0.707106781187,1.)
    ,(1.,0.707106781187,1.,0.707106781187,1.,0.707106781187,1.
      ,0.707106781187,1.)
    ,(1.,0.707106781187,1.,0.707106781187,1.,0.707106781187,1.
      ,0.707106781187,1.)
    ,(1.,0.707106781187,1.,0.707106781187,1.,0.707106781187,1.
      ,0.707106781187,1.)
    ,(1.,0.707106781187,1.,0.707106781187,1.,0.707106781187,1.
      ,0.707106781187,1.)
    ,(1.,0.707106781187,1.,0.707106781187,1.,0.707106781187,1.
      ,0.707106781187,1.)
    ,(1.,0.707106781187,1.,0.707106781187,1.,0.707106781187,1.
      ,0.707106781187,1.)
    ,(1.,0.707106781187,1.,0.707106781187,1.,0.707106781187,1.
      ,0.707106781187,1.)
    ,(1.,0.707106781187,1.,0.707106781187,1.,0.707106781187,1.
      ,0.707106781187,1.)
    ,(1.,0.707106781187,1.,0.707106781187,1.,0.707106781187,1.
      ,0.707106781187,1.)
    ,(1.,0.707106781187,1.,0.707106781187,1.,0.707106781187,1.
      ,0.707106781187,1.)
    ,(1.,0.707106781187,1.,0.707106781187,1.,0.707106781187,1.
      ,0.707106781187,1.)
    ,(1.,0.707106781187,1.,0.707106781187,1.,0.707106781187,1.
      ,0.707106781187,1.)
    ,(1.,0.707106781187,1.,0.707106781187,1.,0.707106781187,1.
      ,0.707106781187,1.)
    ,(1.,0.707106781187,1.,0.707106781187,1.,0.707106781187,1.
      ,0.707106781187,1.)
    ,(1.,0.707106781187,1.,0.707106781187,1.,0.707106781187,1.
      ,0.707106781187,1.)
    ,(1.,0.707106781187,1.,0.707106781187,1.,0.707106781187,1.
      ,0.707106781187,1.)
    ,(1.,0.707106781187,1.,0.707106781187,1.,0.707106781187,1.
      ,0.707106781187,1.)
    ,(1.,0.707106781187,1.,0.707106781187,1.,0.707106781187,1.
      ,0.707106781187,1.)
    ,(1.,0.707106781187,1.,0.707106781187,1.,0.707106781187,1.
      ,0.707106781187,1.)
    ,(1.,0.707106781187,1.,0.707106781187,1.,0.707106781187,1.
      ,0.707106781187,1.)
    ,(1.,0.707106781187,1.,0.707106781187,1.,0.707106781187,1.
      ,0.707106781187,1.)
    ,(1.,0.707106781187,1.,0.707106781187,1.,0.707106781187,1.
      ,0.707106781187,1.)
    ,(1.,0.707106781187,1.,0.707106781187,1.,0.707106781187,1.
      ,0.707106781187,1.)
    ,(1.,0.707106781187,1.,0.707106781187,1.,0.707106781187,1.
      ,0.707106781187,1.)
    ,(1.,0.707106781187,1.,0.707106781187,1.,0.707106781187,1.
      ,0.707106781187,1.)
    ,(1.,0.707106781187,1.,0.707106781187,1.,0.707106781187,1.
      ,0.707106781187,1.)
    ,(1.,0.707106781187,1.,0.707106781187,1.,0.707106781187,1.
      ,0.707106781187,1.)
    ,(1.,0.707106781187,1.,0.707106781187,1.,0.707106781187,1.
      ,0.707106781187,1.)
    ,(1.,0.707106781187,1.,0.707106781187,1.,0.707106781187,1.
      ,0.707106781187,1.)
    ,(1.,0.707106781187,1.,0.707106781187,1.,0.707106781187,1.
      ,0.707106781187,1.)
    ,(1.,0.707106781187,1.,0.707106781187,1.,0.707106781187,1.
      ,0.707106781187,1.)
    ,(1.,0.707106781187,1.,0.707106781187,1.,0.707106781187,1.
      ,0.707106781187,1.)
    ,(1.,0.707106781187,1.,0.707106781187,1.,0.707106781187,1.
      ,0.707106781187,1.)
    ,(1.,0.707106781187,1.,0.707106781187,1.,0.707106781187,1.
      ,0.707106781187,1.)
    ,(1.,0.707106781187,1.,0.707106781187,1.,0.707106781187,1.
      ,0.707106781187,1.)
    ,(1.,0.707106781187,1.,0.707106781187,1.,0.707106781187,1.
      ,0.707106781187,1.)
    ,(1.,0.707106781187,1.,0.707106781187,1.,0.707106781187,1.
      ,0.707106781187,1.)
    ,(1.,0.707106781187,1.,0.707106781187,1.,0.707106781187,1.
      ,0.707106781187,1.)
    ,(1.,0.707106781187,1.,0.707106781187,1.,0.707106781187,1.
      ,0.707106781187,1.)
    ,(1.,0.707106781187,1.,0.707106781187,1.,0.707106781187,1.
      ,0.707106781187,1.)
    ,(1.,0.707106781187,1.,0.707106781187,1.,0.707106781187,1.
      ,0.707106781187,1.)
    ,(1.,0.707106781187,1.,0.707106781187,1.,0.707106781187,1.
      ,0.707106781187,1.)
    ,(1.,0.707106781187,1.,0.707106781187,1.,0.707106781187,1.
      ,0.707106781187,1.)
    ,(1.,0.707106781187,1.,0.707106781187,1.,0.707106781187,1.
      ,0.707106781187,1.)
    ,(1.,0.707106781187,1.,0.707106781187,1.,0.707106781187,1.
      ,0.707106781187,1.)
    ,(1.,0.707106781187,1.,0.707106781187,1.,0.707106781187,1.
      ,0.707106781187,1.)
    ,(1.,0.707106781187,1.,0.707106781187,1.,0.707106781187,1.
      ,0.707106781187,1.)
    ,(1.,0.707106781187,1.,0.707106781187,1.,0.707106781187,1.
      ,0.707106781187,1.)
    ,(1.,0.707106781187,1.,0.707106781187,1.,0.707106781187,1.
      ,0.707106781187,1.)
    ,(1.,0.707106781187,1.,0.707106781187,1.,0.707106781187,1.
      ,0.707106781187,1.)
    ,(1.,0.707106781187,1.,0.707106781187,1.,0.707106781187,1.
      ,0.707106781187,1.)
    ,(1.,0.707106781187,1.,0.707106781187,1.,0.707106781187,1.
      ,0.707106781187,1.)
    ,(1.,0.707106781187,1.,0.707106781187,1.,0.707106781187,1.
      ,0.707106781187,1.)
    ,(1.,0.707106781187,1.,0.707106781187,1.,0.707106781187,1.
      ,0.707106781187,1.)
    ,(1.,0.707106781187,1.,0.707106781187,1.,0.707106781187,1.
      ,0.707106781187,1.)
    ,(1.,0.707106781187,1.,0.707106781187,1.,0.707106781187,1.
      ,0.707106781187,1.)
    ,(1.,0.707106781187,1.,0.707106781187,1.,0.707106781187,1.
      ,0.707106781187,1.)
    ,(1.,0.707106781187,1.,0.707106781187,1.,0.707106781187,1.
      ,0.707106781187,1.)
    ,(1.,0.707106781187,1.,0.707106781187,1.,0.707106781187,1.
      ,0.707106781187,1.)
    ,(1.,0.707106781187,1.,0.707106781187,1.,0.707106781187,1.
      ,0.707106781187,1.)
    ,(1.,0.707106781187,1.,0.707106781187,1.,0.707106781187,1.
      ,0.707106781187,1.)
    ,(1.,0.707106781187,1.,0.707106781187,1.,0.707106781187,1.
      ,0.707106781187,1.)
    ,(1.,0.707106781187,1.,0.707106781187,1.,0.707106781187,1.
      ,0.707106781187,1.)
    ,(1.,0.707106781187,1.,0.707106781187,1.,0.707106781187,1.
      ,0.707106781187,1.)
    ,(1.,0.707106781187,1.,0.707106781187,1.,0.707106781187,1.
      ,0.707106781187,1.)
    ,(1.,0.707106781187,1.,0.707106781187,1.,0.707106781187,1.
      ,0.707106781187,1.)
    ,(1.,0.707106781187,1.,0.707106781187,1.,0.707106781187,1.
      ,0.707106781187,1.)
    ,(1.,0.707106781187,1.,0.707106781187,1.,0.707106781187,1.
      ,0.707106781187,1.)
    ,(1.,0.707106781187,1.,0.707106781187,1.,0.707106781187,1.
      ,0.707106781187,1.)
    ,(1.,0.707106781187,1.,0.707106781187,1.,0.707106781187,1.
      ,0.707106781187,1.)
    ,(1.,0.707106781187,1.,0.707106781187,1.,0.707106781187,1.
      ,0.707106781187,1.)
    ,(1.,0.707106781187,1.,0.707106781187,1.,0.707106781187,1.
      ,0.707106781187,1.)
    ,(1.,0.707106781187,1.,0.707106781187,1.,0.707106781187,1.
      ,0.707106781187,1.)
    ,(1.,0.707106781187,1.,0.707106781187,1.,0.707106781187,1.
      ,0.707106781187,1.)
    ,(1.,0.707106781187,1.,0.707106781187,1.,0.707106781187,1.
      ,0.707106781187,1.)
    ,(1.,0.707106781187,1.,0.707106781187,1.,0.707106781187,1.
      ,0.707106781187,1.)
    ,(1.,0.707106781187,1.,0.707106781187,1.,0.707106781187,1.
      ,0.707106781187,1.)
    ,(1.,0.707106781187,1.,0.707106781187,1.,0.707106781187,1.
      ,0.707106781187,1.)
    ,(1.,0.707106781187,1.,0.707106781187,1.,0.707106781187,1.
      ,0.707106781187,1.)
    ,(1.,0.707106781187,1.,0.707106781187,1.,0.707106781187,1.
      ,0.707106781187,1.)
    ,(1.,0.707106781187,1.,0.707106781187,1.,0.707106781187,1.
      ,0.707106781187,1.)
    ,(1.,0.707106781187,1.,0.707106781187,1.,0.707106781187,1.
      ,0.707106781187,1.)
    ,(1.,0.707106781187,1.,0.707106781187,1.,0.707106781187,1.
      ,0.707106781187,1.)
    ,(1.,0.707106781187,1.,0.707106781187,1.,0.707106781187,1.
      ,0.707106781187,1.)
    ,(1.,0.707106781187,1.,0.707106781187,1.,0.707106781187,1.
      ,0.707106781187,1.)
    ,(1.,0.707106781187,1.,0.707106781187,1.,0.707106781187,1.
      ,0.707106781187,1.)
    ,(1.,0.707106781187,1.,0.707106781187,1.,0.707106781187,1.
      ,0.707106781187,1.)
    ,(1.,0.707106781187,1.,0.707106781187,1.,0.707106781187,1.
      ,0.707106781187,1.)
    ,(1.,0.707106781187,1.,0.707106781187,1.,0.707106781187,1.
      ,0.707106781187,1.)
    ,(1.,0.707106781187,1.,0.707106781187,1.,0.707106781187,1.
      ,0.707106781187,1.)
    ,(1.,0.707106781187,1.,0.707106781187,1.,0.707106781187,1.
      ,0.707106781187,1.)
    ,(1.,0.707106781187,1.,0.707106781187,1.,0.707106781187,1.
      ,0.707106781187,1.)
    ,(1.,0.707106781187,1.,0.707106781187,1.,0.707106781187,1.
      ,0.707106781187,1.)
    ,(1.,0.707106781187,1.,0.707106781187,1.,0.707106781187,1.
      ,0.707106781187,1.)
    ,(1.,0.707106781187,1.,0.707106781187,1.,0.707106781187,1.
      ,0.707106781187,1.)
    ,(1.,0.707106781187,1.,0.707106781187,1.,0.707106781187,1.
      ,0.707106781187,1.)
    ,(1.,0.707106781187,1.,0.707106781187,1.,0.707106781187,1.
      ,0.707106781187,1.)
    ,(1.,0.707106781187,1.,0.707106781187,1.,0.707106781187,1.
      ,0.707106781187,1.)
    ,(1.,0.707106781187,1.,0.707106781187,1.,0.707106781187,1.
      ,0.707106781187,1.)
    ,(1.,0.707106781187,1.,0.707106781187,1.,0.707106781187,1.
      ,0.707106781187,1.)
    ,(1.,0.707106781187,1.,0.707106781187,1.,0.707106781187,1.
      ,0.707106781187,1.)
    ,(1.,0.707106781187,1.,0.707106781187,1.,0.707106781187,1.
      ,0.707106781187,1.)
    ,(1.,0.707106781187,1.,0.707106781187,1.,0.707106781187,1.
      ,0.707106781187,1.)
    ,(1.,0.707106781187,1.,0.707106781187,1.,0.707106781187,1.
      ,0.707106781187,1.)
    ,(1.,0.707106781187,1.,0.707106781187,1.,0.707106781187,1.
      ,0.707106781187,1.)
    ,(1.,0.707106781187,1.,0.707106781187,1.,0.707106781187,1.
      ,0.707106781187,1.)
    ,(1.,0.707106781187,1.,0.707106781187,1.,0.707106781187,1.
      ,0.707106781187,1.)
    ,(1.,0.707106781187,1.,0.707106781187,1.,0.707106781187,1.
      ,0.707106781187,1.)
    ,(1.,0.707106781187,1.,0.707106781187,1.,0.707106781187,1.
      ,0.707106781187,1.)
    ,(1.,0.707106781187,1.,0.707106781187,1.,0.707106781187,1.
      ,0.707106781187,1.)
    ,(1.,0.707106781187,1.,0.707106781187,1.,0.707106781187,1.
      ,0.707106781187,1.)
    ,(1.,0.707106781187,1.,0.707106781187,1.,0.707106781187,1.
      ,0.707106781187,1.)
    ,(1.,0.707106781187,1.,0.707106781187,1.,0.707106781187,1.
      ,0.707106781187,1.)
    ,(1.,0.707106781187,1.,0.707106781187,1.,0.707106781187,1.
      ,0.707106781187,1.)
    ,(1.,0.707106781187,1.,0.707106781187,1.,0.707106781187,1.
      ,0.707106781187,1.)
    ,(1.,0.707106781187,1.,0.707106781187,1.,0.707106781187,1.
      ,0.707106781187,1.)
    ,(1.,0.707106781187,1.,0.707106781187,1.,0.707106781187,1.
      ,0.707106781187,1.)
    ,(1.,0.707106781187,1.,0.707106781187,1.,0.707106781187,1.
      ,0.707106781187,1.)
    ,(1.,0.707106781187,1.,0.707106781187,1.,0.707106781187,1.
      ,0.707106781187,1.)
    ,(1.,0.707106781187,1.,0.707106781187,1.,0.707106781187,1.
      ,0.707106781187,1.)
    ,(1.,0.707106781187,1.,0.707106781187,1.,0.707106781187,1.
      ,0.707106781187,1.)
    ,(1.,0.707106781187,1.,0.707106781187,1.,0.707106781187,1.
      ,0.707106781187,1.)
    ,(1.,0.707106781187,1.,0.707106781187,1.,0.707106781187,1.
      ,0.707106781187,1.)
    ,(1.,0.707106781187,1.,0.707106781187,1.,0.707106781187,1.
      ,0.707106781187,1.)
    ,(1.,0.707106781187,1.,0.707106781187,1.,0.707106781187,1.
      ,0.707106781187,1.)
    ,(1.,0.707106781187,1.,0.707106781187,1.,0.707106781187,1.
      ,0.707106781187,1.)
    ,(1.,0.707106781187,1.,0.707106781187,1.,0.707106781187,1.
      ,0.707106781187,1.)
    ,(1.,0.707106781187,1.,0.707106781187,1.,0.707106781187,1.
      ,0.707106781187,1.)
    ,(1.,0.707106781187,1.,0.707106781187,1.,0.707106781187,1.
      ,0.707106781187,1.)
    ,(1.,0.707106781187,1.,0.707106781187,1.,0.707106781187,1.
      ,0.707106781187,1.)
    ,(1.,0.707106781187,1.,0.707106781187,1.,0.707106781187,1.
      ,0.707106781187,1.)
    ,(1.,0.707106781187,1.,0.707106781187,1.,0.707106781187,1.
      ,0.707106781187,1.)
    ,(1.,0.707106781187,1.,0.707106781187,1.,0.707106781187,1.
      ,0.707106781187,1.)
    ,(1.,0.707106781187,1.,0.707106781187,1.,0.707106781187,1.
      ,0.707106781187,1.)
    ,(1.,0.707106781187,1.,0.707106781187,1.,0.707106781187,1.
      ,0.707106781187,1.)
    ,(1.,0.707106781187,1.,0.707106781187,1.,0.707106781187,1.
      ,0.707106781187,1.)
    ,(1.,0.707106781187,1.,0.707106781187,1.,0.707106781187,1.
      ,0.707106781187,1.)
    ,(1.,0.707106781187,1.,0.707106781187,1.,0.707106781187,1.
      ,0.707106781187,1.)
    ,(1.,0.707106781187,1.,0.707106781187,1.,0.707106781187,1.
      ,0.707106781187,1.)
    ,(1.,0.707106781187,1.,0.707106781187,1.,0.707106781187,1.
      ,0.707106781187,1.)
    ,(1.,0.707106781187,1.,0.707106781187,1.,0.707106781187,1.
      ,0.707106781187,1.)
    ,(1.,0.707106781187,1.,0.707106781187,1.,0.707106781187,1.
      ,0.707106781187,1.)
    ,(1.,0.707106781187,1.,0.707106781187,1.,0.707106781187,1.
      ,0.707106781187,1.)
    ,(1.,0.707106781187,1.,0.707106781187,1.,0.707106781187,1.
,0.707106781187,1.))) REPRESENTATION_ITEM('') SURFACE() );
#182 = CARTESIAN_POINT('',(0.,0.,0.));
#183 = CARTESIAN_POINT('',(0.,0.,0.));
#184 = CARTESIAN_POINT('',(0.,0.,0.));
#185 = CARTESIAN_POINT('',(0.,-0.,0.));
#186 = CARTESIAN_POINT('',(0.,-0.,0.));
#187 = CARTESIAN_POINT('',(0.,-0.,-0.));
#188 = CARTESIAN_POINT('',(0.,0.,-0.));
#189 = CARTESIAN_POINT('',(0.,0.,-0.));
#190 = CARTESIAN_POINT('',(0.,0.,0.));
#191 = CARTESIAN_POINT('',(1.660188217656E-04,1.851719546836,0.));
#192 = CARTESIAN_POINT('',(1.660188217656E-04,1.851719546836,
    1.851719546836));
#193 = CARTESIAN_POINT('',(1.660188217656E-04,0.,1.851719546836));
#194 = CARTESIAN_POINT('',(1.660188217656E-04,-1.851719546836,
    1.851719546836));
#195 = CARTESIAN_POINT('',(1.660188217656E-04,-1.851719546836,0.));
#196 = CARTESIAN_POINT('',(1.660188217656E-04,-1.851719546836,
    -1.851719546836));
#197 = CARTESIAN_POINT('',(1.660188217656E-04,0.,-1.851719546836));
#198 = CARTESIAN_POINT('',(1.660188217656E-04,1.851719546836,
    -1.851719546836));
#199 = CARTESIAN_POINT('',(1.660188217656E-04,1.851719546836,0.));
#200 = CARTESIAN_POINT('',(5.440963357169E-02,5.555176802022,0.));
#201 = CARTESIAN_POINT('',(5.440963357169E-02,5.555176802022,
    5.555176802022));
#202 = CARTESIAN_POINT('',(5.440963357169E-02,0.,5.555176802022));
#203 = CARTESIAN_POINT('',(5.440963357169E-02,-5.555176802022,
    5.555176802022));
#204 = CARTESIAN_POINT('',(5.440963357169E-02,-5.555176802022,0.));
#205 = CARTESIAN_POINT('',(5.440963357169E-02,-5.555176802022,
    -5.555176802022));
#206 = CARTESIAN_POINT('',(5.440963357169E-02,0.,-5.555176802022));
#207 = CARTESIAN_POINT('',(5.440963357169E-02,5.555176802022,
    -5.555176802022));
#208 = CARTESIAN_POINT('',(5.440963357169E-02,5.555176802022,0.));
#209 = CARTESIAN_POINT('',(0.345176486136,11.106774752557,0.));
#210 = CARTESIAN_POINT('',(0.345176486136,11.106774752557,
    11.106774752557));
#211 = CARTESIAN_POINT('',(0.345176486136,0.,11.106774752557));
#212 = CARTESIAN_POINT('',(0.345176486136,-11.10677475255,
    11.106774752557));
#213 = CARTESIAN_POINT('',(0.345176486136,-11.10677475255,0.));
#214 = CARTESIAN_POINT('',(0.345176486136,-11.10677475255,
    -11.10677475255));
#215 = CARTESIAN_POINT('',(0.345176486136,0.,-11.10677475255));
#216 = CARTESIAN_POINT('',(0.345176486136,11.106774752557,
    -11.10677475255));
#217 = CARTESIAN_POINT('',(0.345176486136,11.106774752557,0.));
#218 = CARTESIAN_POINT('',(0.854334657463,16.650253862072,0.));
#219 = CARTESIAN_POINT('',(0.854334657463,16.650253862072,
    16.650253862072));
#220 = CARTESIAN_POINT('',(0.854334657463,0.,16.650253862072));
#221 = CARTESIAN_POINT('',(0.854334657463,-16.65025386207,
    16.650253862072));
#222 = CARTESIAN_POINT('',(0.854334657463,-16.65025386207,0.));
#223 = CARTESIAN_POINT('',(0.854334657463,-16.65025386207,
    -16.65025386207));
#224 = CARTESIAN_POINT('',(0.854334657463,0.,-16.65025386207));
#225 = CARTESIAN_POINT('',(0.854334657463,16.650253862072,
    -16.65025386207));
#226 = CARTESIAN_POINT('',(0.854334657463,16.650253862072,0.));
#227 = CARTESIAN_POINT('',(1.591517032981,22.180955133708,0.));
#228 = CARTESIAN_POINT('',(1.591517032981,22.180955133708,
    22.180955133708));
#229 = CARTESIAN_POINT('',(1.591517032981,0.,22.180955133708));
#230 = CARTESIAN_POINT('',(1.591517032981,-22.1809551337,22.180955133708
    ));
#231 = CARTESIAN_POINT('',(1.591517032981,-22.1809551337,0.));
#232 = CARTESIAN_POINT('',(1.591517032981,-22.1809551337,-22.1809551337)
  );
#233 = CARTESIAN_POINT('',(1.591517032981,0.,-22.1809551337));
#234 = CARTESIAN_POINT('',(1.591517032981,22.180955133708,-22.1809551337
    ));
#235 = CARTESIAN_POINT('',(1.591517032981,22.180955133708,0.));
#236 = CARTESIAN_POINT('',(2.562723176001,27.693642626894,0.));
#237 = CARTESIAN_POINT('',(2.562723176001,27.693642626894,
    27.693642626894));
#238 = CARTESIAN_POINT('',(2.562723176001,0.,27.693642626894));
#239 = CARTESIAN_POINT('',(2.562723176001,-27.69364262689,
    27.693642626894));
#240 = CARTESIAN_POINT('',(2.562723176001,-27.69364262689,0.));
#241 = CARTESIAN_POINT('',(2.562723176001,-27.69364262689,
    -27.69364262689));
#242 = CARTESIAN_POINT('',(2.562723176001,0.,-27.69364262689));
#243 = CARTESIAN_POINT('',(2.562723176001,27.693642626894,
    -27.69364262689));
#244 = CARTESIAN_POINT('',(2.562723176001,27.693642626894,0.));
#245 = CARTESIAN_POINT('',(3.772994230117,33.182794882992,0.));
#246 = CARTESIAN_POINT('',(3.772994230117,33.182794882992,
    33.182794882992));
#247 = CARTESIAN_POINT('',(3.772994230117,0.,33.182794882992));
#248 = CARTESIAN_POINT('',(3.772994230117,-33.18279488299,
    33.182794882992));
#249 = CARTESIAN_POINT('',(3.772994230117,-33.18279488299,0.));
#250 = CARTESIAN_POINT('',(3.772994230117,-33.18279488299,
    -33.18279488299));
#251 = CARTESIAN_POINT('',(3.772994230117,0.,-33.18279488299));
#252 = CARTESIAN_POINT('',(3.772994230117,33.182794882992,
    -33.18279488299));
#253 = CARTESIAN_POINT('',(3.772994230117,33.182794882992,0.));
#254 = CARTESIAN_POINT('',(5.22623246389,38.642386376573,0.));
#255 = CARTESIAN_POINT('',(5.22623246389,38.642386376573,38.642386376573
    ));
#256 = CARTESIAN_POINT('',(5.22623246389,0.,38.642386376573));
#257 = CARTESIAN_POINT('',(5.22623246389,-38.64238637657,38.642386376573
    ));
#258 = CARTESIAN_POINT('',(5.22623246389,-38.64238637657,0.));
#259 = CARTESIAN_POINT('',(5.22623246389,-38.64238637657,-38.64238637657
    ));
#260 = CARTESIAN_POINT('',(5.22623246389,0.,-38.64238637657));
#261 = CARTESIAN_POINT('',(5.22623246389,38.642386376573,-38.64238637657
    ));
#262 = CARTESIAN_POINT('',(5.22623246389,38.642386376573,0.));
#263 = CARTESIAN_POINT('',(6.925601374974,44.066347839289,0.));
#264 = CARTESIAN_POINT('',(6.925601374974,44.066347839289,
    44.066347839289));
#265 = CARTESIAN_POINT('',(6.925601374974,0.,44.066347839289));
#266 = CARTESIAN_POINT('',(6.925601374974,-44.06634783928,
    44.066347839289));
#267 = CARTESIAN_POINT('',(6.925601374974,-44.06634783928,0.));
#268 = CARTESIAN_POINT('',(6.925601374974,-44.06634783928,
    -44.06634783928));
#269 = CARTESIAN_POINT('',(6.925601374974,0.,-44.06634783928));
#270 = CARTESIAN_POINT('',(6.925601374974,44.066347839289,
    -44.06634783928));
#271 = CARTESIAN_POINT('',(6.925601374974,44.066347839289,0.));
#272 = CARTESIAN_POINT('',(8.873527485289,49.448364795033,0.));
#273 = CARTESIAN_POINT('',(8.873527485289,49.448364795033,
    49.448364795033));
#274 = CARTESIAN_POINT('',(8.873527485289,0.,49.448364795033));
#275 = CARTESIAN_POINT('',(8.873527485289,-49.44836479503,
    49.448364795033));
#276 = CARTESIAN_POINT('',(8.873527485289,-49.44836479503,0.));
#277 = CARTESIAN_POINT('',(8.873527485289,-49.44836479503,
    -49.44836479503));
#278 = CARTESIAN_POINT('',(8.873527485289,0.,-49.44836479503));
#279 = CARTESIAN_POINT('',(8.873527485289,49.448364795033,
    -49.44836479503));
#280 = CARTESIAN_POINT('',(8.873527485289,49.448364795033,0.));
#281 = CARTESIAN_POINT('',(11.071769624897,54.782003068072,0.));
#282 = CARTESIAN_POINT('',(11.071769624897,54.782003068072,
    54.782003068072));
#283 = CARTESIAN_POINT('',(11.071769624897,0.,54.782003068072));
#284 = CARTESIAN_POINT('',(11.071769624897,-54.78200306807,
    54.782003068072));
#285 = CARTESIAN_POINT('',(11.071769624897,-54.78200306807,0.));
#286 = CARTESIAN_POINT('',(11.071769624897,-54.78200306807,
    -54.78200306807));
#287 = CARTESIAN_POINT('',(11.071769624897,0.,-54.78200306807));
#288 = CARTESIAN_POINT('',(11.071769624897,54.782003068072,
    -54.78200306807));
#289 = CARTESIAN_POINT('',(11.071769624897,54.782003068072,0.));
#290 = CARTESIAN_POINT('',(13.52135257289,60.060618611719,0.));
#291 = CARTESIAN_POINT('',(13.52135257289,60.060618611719,
    60.060618611719));
#292 = CARTESIAN_POINT('',(13.52135257289,0.,60.060618611719));
#293 = CARTESIAN_POINT('',(13.52135257289,-60.06061861171,
    60.060618611719));
#294 = CARTESIAN_POINT('',(13.52135257289,-60.06061861171,0.));
#295 = CARTESIAN_POINT('',(13.52135257289,-60.06061861171,
    -60.06061861171));
#296 = CARTESIAN_POINT('',(13.52135257289,0.,-60.06061861171));
#297 = CARTESIAN_POINT('',(13.52135257289,60.060618611719,
    -60.06061861171));
#298 = CARTESIAN_POINT('',(13.52135257289,60.060618611719,0.));
#299 = CARTESIAN_POINT('',(16.222584753771,65.277514397514,0.));
#300 = CARTESIAN_POINT('',(16.222584753771,65.277514397514,
    65.277514397514));
#301 = CARTESIAN_POINT('',(16.222584753771,0.,65.277514397514));
#302 = CARTESIAN_POINT('',(16.222584753771,-65.27751439751,
    65.277514397514));
#303 = CARTESIAN_POINT('',(16.222584753771,-65.27751439751,0.));
#304 = CARTESIAN_POINT('',(16.222584753771,-65.27751439751,
    -65.27751439751));
#305 = CARTESIAN_POINT('',(16.222584753771,0.,-65.27751439751));
#306 = CARTESIAN_POINT('',(16.222584753771,65.277514397514,
    -65.27751439751));
#307 = CARTESIAN_POINT('',(16.222584753771,65.277514397514,0.));
#308 = CARTESIAN_POINT('',(19.174995194337,70.425931779551,0.));
#309 = CARTESIAN_POINT('',(19.174995194337,70.425931779551,
    70.425931779551));
#310 = CARTESIAN_POINT('',(19.174995194337,0.,70.425931779551));
#311 = CARTESIAN_POINT('',(19.174995194337,-70.42593177955,
    70.425931779551));
#312 = CARTESIAN_POINT('',(19.174995194337,-70.42593177955,0.));
#313 = CARTESIAN_POINT('',(19.174995194337,-70.42593177955,
    -70.42593177955));
#314 = CARTESIAN_POINT('',(19.174995194337,0.,-70.42593177955));
#315 = CARTESIAN_POINT('',(19.174995194337,70.425931779551,
    -70.42593177955));
#316 = CARTESIAN_POINT('',(19.174995194337,70.425931779551,0.));
#317 = CARTESIAN_POINT('',(22.377289730227,75.4991246263,0.));
#318 = CARTESIAN_POINT('',(22.377289730227,75.4991246263,75.4991246263)
  );
#319 = CARTESIAN_POINT('',(22.377289730227,0.,75.4991246263));
#320 = CARTESIAN_POINT('',(22.377289730227,-75.4991246263,75.4991246263)
  );
#321 = CARTESIAN_POINT('',(22.377289730227,-75.4991246263,0.));
#322 = CARTESIAN_POINT('',(22.377289730227,-75.4991246263,-75.4991246263
    ));
#323 = CARTESIAN_POINT('',(22.377289730227,0.,-75.4991246263));
#324 = CARTESIAN_POINT('',(22.377289730227,75.4991246263,-75.4991246263)
  );
#325 = CARTESIAN_POINT('',(22.377289730227,75.4991246263,0.));
#326 = CARTESIAN_POINT('',(25.827322270133,80.490452405797,0.));
#327 = CARTESIAN_POINT('',(25.827322270133,80.490452405797,
    80.490452405797));
#328 = CARTESIAN_POINT('',(25.827322270133,0.,80.490452405797));
#329 = CARTESIAN_POINT('',(25.827322270133,-80.49045240579,
    80.490452405797));
#330 = CARTESIAN_POINT('',(25.827322270133,-80.49045240579,0.));
#331 = CARTESIAN_POINT('',(25.827322270133,-80.49045240579,
    -80.49045240579));
#332 = CARTESIAN_POINT('',(25.827322270133,0.,-80.49045240579));
#333 = CARTESIAN_POINT('',(25.827322270133,80.490452405797,
    -80.49045240579));
#334 = CARTESIAN_POINT('',(25.827322270133,80.490452405797,0.));
#335 = CARTESIAN_POINT('',(29.522046562386,85.393425030507,0.));
#336 = CARTESIAN_POINT('',(29.522046562386,85.393425030507,
    85.393425030507));
#337 = CARTESIAN_POINT('',(29.522046562386,0.,85.393425030507));
#338 = CARTESIAN_POINT('',(29.522046562386,-85.3934250305,
    85.393425030507));
#339 = CARTESIAN_POINT('',(29.522046562386,-85.3934250305,0.));
#340 = CARTESIAN_POINT('',(29.522046562386,-85.3934250305,-85.3934250305
    ));
#341 = CARTESIAN_POINT('',(29.522046562386,0.,-85.3934250305));
#342 = CARTESIAN_POINT('',(29.522046562386,85.393425030507,
    -85.3934250305));
#343 = CARTESIAN_POINT('',(29.522046562386,85.393425030507,0.));
#344 = CARTESIAN_POINT('',(33.457534570766,90.201845485652,0.));
#345 = CARTESIAN_POINT('',(33.457534570766,90.201845485652,
    90.201845485652));
#346 = CARTESIAN_POINT('',(33.457534570766,0.,90.201845485652));
#347 = CARTESIAN_POINT('',(33.457534570766,-90.20184548565,
    90.201845485652));
#348 = CARTESIAN_POINT('',(33.457534570766,-90.20184548565,0.));
#349 = CARTESIAN_POINT('',(33.457534570766,-90.20184548565,
    -90.20184548565));
#350 = CARTESIAN_POINT('',(33.457534570766,0.,-90.20184548565));
#351 = CARTESIAN_POINT('',(33.457534570766,90.201845485652,
    -90.20184548565));
#352 = CARTESIAN_POINT('',(33.457534570766,90.201845485652,0.));
#353 = CARTESIAN_POINT('',(37.628880891123,94.90977920324,0.));
#354 = CARTESIAN_POINT('',(37.628880891123,94.90977920324,94.90977920324
    ));
#355 = CARTESIAN_POINT('',(37.628880891123,0.,94.90977920324));
#356 = CARTESIAN_POINT('',(37.628880891123,-94.90977920324,
    94.90977920324));
#357 = CARTESIAN_POINT('',(37.628880891123,-94.90977920324,0.));
#358 = CARTESIAN_POINT('',(37.628880891123,-94.90977920324,
    -94.90977920324));
#359 = CARTESIAN_POINT('',(37.628880891123,0.,-94.90977920324));
#360 = CARTESIAN_POINT('',(37.628880891123,94.90977920324,
    -94.90977920324));
#361 = CARTESIAN_POINT('',(37.628880891123,94.90977920324,0.));
#362 = CARTESIAN_POINT('',(42.030330370705,99.511778482865,0.));
#363 = CARTESIAN_POINT('',(42.030330370705,99.511778482865,
    99.511778482865));
#364 = CARTESIAN_POINT('',(42.030330370705,0.,99.511778482865));
#365 = CARTESIAN_POINT('',(42.030330370705,-99.51177848286,
    99.511778482865));
#366 = CARTESIAN_POINT('',(42.030330370705,-99.51177848286,0.));
#367 = CARTESIAN_POINT('',(42.030330370705,-99.51177848286,
    -99.51177848286));
#368 = CARTESIAN_POINT('',(42.030330370705,0.,-99.51177848286));
#369 = CARTESIAN_POINT('',(42.030330370705,99.511778482865,
    -99.51177848286));
#370 = CARTESIAN_POINT('',(42.030330370705,99.511778482865,0.));
#371 = CARTESIAN_POINT('',(46.655216963284,104.00285574592,0.));
#372 = CARTESIAN_POINT('',(46.655216963284,104.00285574592,
    104.00285574592));
#373 = CARTESIAN_POINT('',(46.655216963284,0.,104.00285574592));
#374 = CARTESIAN_POINT('',(46.655216963284,-104.0028557459,
    104.00285574592));
#375 = CARTESIAN_POINT('',(46.655216963284,-104.0028557459,0.));
#376 = CARTESIAN_POINT('',(46.655216963284,-104.0028557459,
    -104.0028557459));
#377 = CARTESIAN_POINT('',(46.655216963284,0.,-104.0028557459));
#378 = CARTESIAN_POINT('',(46.655216963284,104.00285574592,
    -104.0028557459));
#379 = CARTESIAN_POINT('',(46.655216963284,104.00285574592,0.));
#380 = CARTESIAN_POINT('',(51.496090426007,108.37862915556,0.));
#381 = CARTESIAN_POINT('',(51.496090426007,108.37862915556,
    108.37862915556));
#382 = CARTESIAN_POINT('',(51.496090426007,0.,108.37862915556));
#383 = CARTESIAN_POINT('',(51.496090426007,-108.3786291555,
    108.37862915556));
#384 = CARTESIAN_POINT('',(51.496090426007,-108.3786291555,0.));
#385 = CARTESIAN_POINT('',(51.496090426007,-108.3786291555,
    -108.3786291555));
#386 = CARTESIAN_POINT('',(51.496090426007,0.,-108.3786291555));
#387 = CARTESIAN_POINT('',(51.496090426007,108.37862915556,
    -108.3786291555));
#388 = CARTESIAN_POINT('',(51.496090426007,108.37862915556,0.));
#389 = CARTESIAN_POINT('',(56.544755186829,112.63534953239,0.));
#390 = CARTESIAN_POINT('',(56.544755186829,112.63534953239,
    112.63534953239));
#391 = CARTESIAN_POINT('',(56.544755186829,0.,112.63534953239));
#392 = CARTESIAN_POINT('',(56.544755186829,-112.6353495323,
    112.63534953239));
#393 = CARTESIAN_POINT('',(56.544755186829,-112.6353495323,0.));
#394 = CARTESIAN_POINT('',(56.544755186829,-112.6353495323,
    -112.6353495323));
#395 = CARTESIAN_POINT('',(56.544755186829,0.,-112.6353495323));
#396 = CARTESIAN_POINT('',(56.544755186829,112.63534953239,
    -112.6353495323));
#397 = CARTESIAN_POINT('',(56.544755186829,112.63534953239,0.));
#398 = CARTESIAN_POINT('',(61.792381726745,116.7699649789,0.));
#399 = CARTESIAN_POINT('',(61.792381726745,116.7699649789,116.7699649789
    ));
#400 = CARTESIAN_POINT('',(61.792381726745,0.,116.7699649789));
#401 = CARTESIAN_POINT('',(61.792381726745,-116.7699649789,
    116.7699649789));
#402 = CARTESIAN_POINT('',(61.792381726745,-116.7699649789,0.));
#403 = CARTESIAN_POINT('',(61.792381726745,-116.7699649789,
    -116.7699649789));
#404 = CARTESIAN_POINT('',(61.792381726745,0.,-116.7699649789));
#405 = CARTESIAN_POINT('',(61.792381726745,116.7699649789,
    -116.7699649789));
#406 = CARTESIAN_POINT('',(61.792381726745,116.7699649789,0.));
#407 = CARTESIAN_POINT('',(67.22963023888,120.78016270521,0.));
#408 = CARTESIAN_POINT('',(67.22963023888,120.78016270521,
    120.78016270521));
#409 = CARTESIAN_POINT('',(67.22963023888,0.,120.78016270521));
#410 = CARTESIAN_POINT('',(67.22963023888,-120.7801627052,
    120.78016270521));
#411 = CARTESIAN_POINT('',(67.22963023888,-120.7801627052,0.));
#412 = CARTESIAN_POINT('',(67.22963023888,-120.7801627052,
    -120.7801627052));
#413 = CARTESIAN_POINT('',(67.22963023888,0.,-120.7801627052));
#414 = CARTESIAN_POINT('',(67.22963023888,120.78016270521,
    -120.7801627052));
#415 = CARTESIAN_POINT('',(67.22963023888,120.78016270521,0.));
#416 = CARTESIAN_POINT('',(72.846750772565,124.66436937091,0.));
#417 = CARTESIAN_POINT('',(72.846750772565,124.66436937091,
    124.66436937091));
#418 = CARTESIAN_POINT('',(72.846750772565,0.,124.66436937091));
#419 = CARTESIAN_POINT('',(72.846750772565,-124.6643693709,
    124.66436937091));
#420 = CARTESIAN_POINT('',(72.846750772565,-124.6643693709,0.));
#421 = CARTESIAN_POINT('',(72.846750772565,-124.6643693709,
    -124.6643693709));
#422 = CARTESIAN_POINT('',(72.846750772565,0.,-124.6643693709));
#423 = CARTESIAN_POINT('',(72.846750772565,124.66436937091,
    -124.6643693709));
#424 = CARTESIAN_POINT('',(72.846750772565,124.66436937091,0.));
#425 = CARTESIAN_POINT('',(78.633745076988,128.42177545073,0.));
#426 = CARTESIAN_POINT('',(78.633745076988,128.42177545073,
    128.42177545073));
#427 = CARTESIAN_POINT('',(78.633745076988,0.,128.42177545073));
#428 = CARTESIAN_POINT('',(78.633745076988,-128.4217754507,
    128.42177545073));
#429 = CARTESIAN_POINT('',(78.633745076988,-128.4217754507,0.));
#430 = CARTESIAN_POINT('',(78.633745076988,-128.4217754507,
    -128.4217754507));
#431 = CARTESIAN_POINT('',(78.633745076988,0.,-128.4217754507));
#432 = CARTESIAN_POINT('',(78.633745076988,128.42177545073,
    -128.4217754507));
#433 = CARTESIAN_POINT('',(78.633745076988,128.42177545073,0.));
#434 = CARTESIAN_POINT('',(84.580456183746,132.05228912906,0.));
#435 = CARTESIAN_POINT('',(84.580456183746,132.05228912906,
    132.05228912906));
#436 = CARTESIAN_POINT('',(84.580456183746,0.,132.05228912906));
#437 = CARTESIAN_POINT('',(84.580456183746,-132.052289129,
    132.05228912906));
#438 = CARTESIAN_POINT('',(84.580456183746,-132.052289129,0.));
#439 = CARTESIAN_POINT('',(84.580456183746,-132.052289129,-132.052289129
    ));
#440 = CARTESIAN_POINT('',(84.580456183746,0.,-132.052289129));
#441 = CARTESIAN_POINT('',(84.580456183746,132.05228912906,
    -132.052289129));
#442 = CARTESIAN_POINT('',(84.580456183746,132.05228912906,0.));
#443 = CARTESIAN_POINT('',(90.676728341064,135.55652824288,0.));
#444 = CARTESIAN_POINT('',(90.676728341064,135.55652824288,
    135.55652824288));
#445 = CARTESIAN_POINT('',(90.676728341064,0.,135.55652824288));
#446 = CARTESIAN_POINT('',(90.676728341064,-135.5565282428,
    135.55652824288));
#447 = CARTESIAN_POINT('',(90.676728341064,-135.5565282428,0.));
#448 = CARTESIAN_POINT('',(90.676728341064,-135.5565282428,
    -135.5565282428));
#449 = CARTESIAN_POINT('',(90.676728341064,0.,-135.5565282428));
#450 = CARTESIAN_POINT('',(90.676728341064,135.55652824288,
    -135.5565282428));
#451 = CARTESIAN_POINT('',(90.676728341064,135.55652824288,0.));
#452 = CARTESIAN_POINT('',(96.912479621518,138.93574958042,0.));
#453 = CARTESIAN_POINT('',(96.912479621518,138.93574958042,
    138.93574958042));
#454 = CARTESIAN_POINT('',(96.912479621518,0.,138.93574958042));
#455 = CARTESIAN_POINT('',(96.912479621518,-138.9357495804,
    138.93574958042));
#456 = CARTESIAN_POINT('',(96.912479621518,-138.9357495804,0.));
#457 = CARTESIAN_POINT('',(96.912479621518,-138.9357495804,
    -138.9357495804));
#458 = CARTESIAN_POINT('',(96.912479621518,0.,-138.9357495804));
#459 = CARTESIAN_POINT('',(96.912479621518,138.93574958042,
    -138.9357495804));
#460 = CARTESIAN_POINT('',(96.912479621518,138.93574958042,0.));
#461 = CARTESIAN_POINT('',(103.27785022475,142.19181766132,0.));
#462 = CARTESIAN_POINT('',(103.27785022475,142.19181766132,
    142.19181766132));
#463 = CARTESIAN_POINT('',(103.27785022475,0.,142.19181766132));
#464 = CARTESIAN_POINT('',(103.27785022475,-142.1918176613,
    142.19181766132));
#465 = CARTESIAN_POINT('',(103.27785022475,-142.1918176613,0.));
#466 = CARTESIAN_POINT('',(103.27785022475,-142.1918176613,
    -142.1918176613));
#467 = CARTESIAN_POINT('',(103.27785022475,0.,-142.1918176613));
#468 = CARTESIAN_POINT('',(103.27785022475,142.19181766132,
    -142.1918176613));
#469 = CARTESIAN_POINT('',(103.27785022475,142.19181766132,0.));
#470 = CARTESIAN_POINT('',(109.76327218062,145.32712993805,0.));
#471 = CARTESIAN_POINT('',(109.76327218062,145.32712993805,
    145.32712993805));
#472 = CARTESIAN_POINT('',(109.76327218062,0.,145.32712993805));
#473 = CARTESIAN_POINT('',(109.76327218062,-145.327129938,
    145.32712993805));
#474 = CARTESIAN_POINT('',(109.76327218062,-145.327129938,0.));
#475 = CARTESIAN_POINT('',(109.76327218062,-145.327129938,-145.327129938
    ));
#476 = CARTESIAN_POINT('',(109.76327218062,0.,-145.327129938));
#477 = CARTESIAN_POINT('',(109.76327218062,145.32712993805,
    -145.327129938));
#478 = CARTESIAN_POINT('',(109.76327218062,145.32712993805,0.));
#479 = CARTESIAN_POINT('',(116.35953211001,148.3445431138,0.));
#480 = CARTESIAN_POINT('',(116.35953211001,148.3445431138,148.3445431138
    ));
#481 = CARTESIAN_POINT('',(116.35953211001,0.,148.3445431138));
#482 = CARTESIAN_POINT('',(116.35953211001,-148.3445431138,
    148.3445431138));
#483 = CARTESIAN_POINT('',(116.35953211001,-148.3445431138,0.));
#484 = CARTESIAN_POINT('',(116.35953211001,-148.3445431138,
    -148.3445431138));
#485 = CARTESIAN_POINT('',(116.35953211001,0.,-148.3445431138));
#486 = CARTESIAN_POINT('',(116.35953211001,148.3445431138,
    -148.3445431138));
#487 = CARTESIAN_POINT('',(116.35953211001,148.3445431138,0.));
#488 = CARTESIAN_POINT('',(123.05783843025,151.24730849699,0.));
#489 = CARTESIAN_POINT('',(123.05783843025,151.24730849699,
    151.24730849699));
#490 = CARTESIAN_POINT('',(123.05783843025,0.,151.24730849699));
#491 = CARTESIAN_POINT('',(123.05783843025,-151.2473084969,
    151.24730849699));
#492 = CARTESIAN_POINT('',(123.05783843025,-151.2473084969,0.));
#493 = CARTESIAN_POINT('',(123.05783843025,-151.2473084969,
    -151.2473084969));
#494 = CARTESIAN_POINT('',(123.05783843025,0.,-151.2473084969));
#495 = CARTESIAN_POINT('',(123.05783843025,151.24730849699,
    -151.2473084969));
#496 = CARTESIAN_POINT('',(123.05783843025,151.24730849699,0.));
#497 = CARTESIAN_POINT('',(129.84985989027,154.03900140615,0.));
#498 = CARTESIAN_POINT('',(129.84985989027,154.03900140615,
    154.03900140615));
#499 = CARTESIAN_POINT('',(129.84985989027,0.,154.03900140615));
#500 = CARTESIAN_POINT('',(129.84985989027,-154.0390014061,
    154.03900140615));
#501 = CARTESIAN_POINT('',(129.84985989027,-154.0390014061,0.));
#502 = CARTESIAN_POINT('',(129.84985989027,-154.0390014061,
    -154.0390014061));
#503 = CARTESIAN_POINT('',(129.84985989027,0.,-154.0390014061));
#504 = CARTESIAN_POINT('',(129.84985989027,154.03900140615,
    -154.0390014061));
#505 = CARTESIAN_POINT('',(129.84985989027,154.03900140615,0.));
#506 = CARTESIAN_POINT('',(136.72774651336,156.72345098258,0.));
#507 = CARTESIAN_POINT('',(136.72774651336,156.72345098258,
    156.72345098258));
#508 = CARTESIAN_POINT('',(136.72774651336,0.,156.72345098258));
#509 = CARTESIAN_POINT('',(136.72774651336,-156.7234509825,
    156.72345098258));
#510 = CARTESIAN_POINT('',(136.72774651336,-156.7234509825,0.));
#511 = CARTESIAN_POINT('',(136.72774651336,-156.7234509825,
    -156.7234509825));
#512 = CARTESIAN_POINT('',(136.72774651336,0.,-156.7234509825));
#513 = CARTESIAN_POINT('',(136.72774651336,156.72345098258,
    -156.7234509825));
#514 = CARTESIAN_POINT('',(136.72774651336,156.72345098258,0.));
#515 = CARTESIAN_POINT('',(143.68416032582,159.30468427289,0.));
#516 = CARTESIAN_POINT('',(143.68416032582,159.30468427289,
    159.30468427289));
#517 = CARTESIAN_POINT('',(143.68416032582,0.,159.30468427289));
#518 = CARTESIAN_POINT('',(143.68416032582,-159.3046842728,
    159.30468427289));
#519 = CARTESIAN_POINT('',(143.68416032582,-159.3046842728,0.));
#520 = CARTESIAN_POINT('',(143.68416032582,-159.3046842728,
    -159.3046842728));
#521 = CARTESIAN_POINT('',(143.68416032582,0.,-159.3046842728));
#522 = CARTESIAN_POINT('',(143.68416032582,159.30468427289,
    -159.3046842728));
#523 = CARTESIAN_POINT('',(143.68416032582,159.30468427289,0.));
#524 = CARTESIAN_POINT('',(150.71225564118,161.78685949778,0.));
#525 = CARTESIAN_POINT('',(150.71225564118,161.78685949778,
    161.78685949778));
#526 = CARTESIAN_POINT('',(150.71225564118,0.,161.78685949778));
#527 = CARTESIAN_POINT('',(150.71225564118,-161.7868594977,
    161.78685949778));
#528 = CARTESIAN_POINT('',(150.71225564118,-161.7868594977,0.));
#529 = CARTESIAN_POINT('',(150.71225564118,-161.7868594977,
    -161.7868594977));
#530 = CARTESIAN_POINT('',(150.71225564118,0.,-161.7868594977));
#531 = CARTESIAN_POINT('',(150.71225564118,161.78685949778,
    -161.7868594977));
#532 = CARTESIAN_POINT('',(150.71225564118,161.78685949778,0.));
#533 = CARTESIAN_POINT('',(157.80569663618,164.1742223115,0.));
#534 = CARTESIAN_POINT('',(157.80569663618,164.1742223115,164.1742223115
    ));
#535 = CARTESIAN_POINT('',(157.80569663618,0.,164.1742223115));
#536 = CARTESIAN_POINT('',(157.80569663618,-164.1742223115,
    164.1742223115));
#537 = CARTESIAN_POINT('',(157.80569663618,-164.1742223115,0.));
#538 = CARTESIAN_POINT('',(157.80569663618,-164.1742223115,
    -164.1742223115));
#539 = CARTESIAN_POINT('',(157.80569663618,0.,-164.1742223115));
#540 = CARTESIAN_POINT('',(157.80569663618,164.1742223115,
    -164.1742223115));
#541 = CARTESIAN_POINT('',(157.80569663618,164.1742223115,0.));
#542 = CARTESIAN_POINT('',(164.95863313701,166.47105588553,0.));
#543 = CARTESIAN_POINT('',(164.95863313701,166.47105588553,
    166.47105588553));
#544 = CARTESIAN_POINT('',(164.95863313701,0.,166.47105588553));
#545 = CARTESIAN_POINT('',(164.95863313701,-166.4710558855,
    166.47105588553));
#546 = CARTESIAN_POINT('',(164.95863313701,-166.4710558855,0.));
#547 = CARTESIAN_POINT('',(164.95863313701,-166.4710558855,
    -166.4710558855));
#548 = CARTESIAN_POINT('',(164.95863313701,0.,-166.4710558855));
#549 = CARTESIAN_POINT('',(164.95863313701,166.47105588553,
    -166.4710558855));
#550 = CARTESIAN_POINT('',(164.95863313701,166.47105588553,0.));
#551 = CARTESIAN_POINT('',(172.16567782326,168.6816395628,0.));
#552 = CARTESIAN_POINT('',(172.16567782326,168.6816395628,168.6816395628
    ));
#553 = CARTESIAN_POINT('',(172.16567782326,0.,168.6816395628));
#554 = CARTESIAN_POINT('',(172.16567782326,-168.6816395628,
    168.6816395628));
#555 = CARTESIAN_POINT('',(172.16567782326,-168.6816395628,0.));
#556 = CARTESIAN_POINT('',(172.16567782326,-168.6816395628,
    -168.6816395628));
#557 = CARTESIAN_POINT('',(172.16567782326,0.,-168.6816395628));
#558 = CARTESIAN_POINT('',(172.16567782326,168.6816395628,
    -168.6816395628));
#559 = CARTESIAN_POINT('',(172.16567782326,168.6816395628,0.));
#560 = CARTESIAN_POINT('',(179.4218967567,170.81021900424,0.));
#561 = CARTESIAN_POINT('',(179.4218967567,170.81021900424,
    170.81021900424));
#562 = CARTESIAN_POINT('',(179.4218967567,0.,170.81021900424));
#563 = CARTESIAN_POINT('',(179.4218967567,-170.8102190042,
    170.81021900424));
#564 = CARTESIAN_POINT('',(179.4218967567,-170.8102190042,0.));
#565 = CARTESIAN_POINT('',(179.4218967567,-170.8102190042,
    -170.8102190042));
#566 = CARTESIAN_POINT('',(179.4218967567,0.,-170.8102190042));
#567 = CARTESIAN_POINT('',(179.4218967567,170.81021900424,
    -170.8102190042));
#568 = CARTESIAN_POINT('',(179.4218967567,170.81021900424,0.));
#569 = CARTESIAN_POINT('',(186.72277114334,172.8609737743,0.));
#570 = CARTESIAN_POINT('',(186.72277114334,172.8609737743,172.8609737743
    ));
#571 = CARTESIAN_POINT('',(186.72277114334,0.,172.8609737743));
#572 = CARTESIAN_POINT('',(186.72277114334,-172.8609737743,
    172.8609737743));
#573 = CARTESIAN_POINT('',(186.72277114334,-172.8609737743,0.));
#574 = CARTESIAN_POINT('',(186.72277114334,-172.8609737743,
    -172.8609737743));
#575 = CARTESIAN_POINT('',(186.72277114334,0.,-172.8609737743));
#576 = CARTESIAN_POINT('',(186.72277114334,172.8609737743,
    -172.8609737743));
#577 = CARTESIAN_POINT('',(186.72277114334,172.8609737743,0.));
#578 = CARTESIAN_POINT('',(194.06418336979,174.83799754246,0.));
#579 = CARTESIAN_POINT('',(194.06418336979,174.83799754246,
    174.83799754246));
#580 = CARTESIAN_POINT('',(194.06418336979,0.,174.83799754246));
#581 = CARTESIAN_POINT('',(194.06418336979,-174.8379975424,
    174.83799754246));
#582 = CARTESIAN_POINT('',(194.06418336979,-174.8379975424,0.));
#583 = CARTESIAN_POINT('',(194.06418336979,-174.8379975424,
    -174.8379975424));
#584 = CARTESIAN_POINT('',(194.06418336979,0.,-174.8379975424));
#585 = CARTESIAN_POINT('',(194.06418336979,174.83799754246,
    -174.8379975424));
#586 = CARTESIAN_POINT('',(194.06418336979,174.83799754246,0.));
#587 = CARTESIAN_POINT('',(201.44238326527,176.74527736476,0.));
#588 = CARTESIAN_POINT('',(201.44238326527,176.74527736476,
    176.74527736476));
#589 = CARTESIAN_POINT('',(201.44238326527,0.,176.74527736476));
#590 = CARTESIAN_POINT('',(201.44238326527,-176.7452773647,
    176.74527736476));
#591 = CARTESIAN_POINT('',(201.44238326527,-176.7452773647,0.));
#592 = CARTESIAN_POINT('',(201.44238326527,-176.7452773647,
    -176.7452773647));
#593 = CARTESIAN_POINT('',(201.44238326527,0.,-176.7452773647));
#594 = CARTESIAN_POINT('',(201.44238326527,176.74527736476,
    -176.7452773647));
#595 = CARTESIAN_POINT('',(201.44238326527,176.74527736476,0.));
#596 = CARTESIAN_POINT('',(208.85395856326,178.58667841467,0.));
#597 = CARTESIAN_POINT('',(208.85395856326,178.58667841467,
    178.58667841467));
#598 = CARTESIAN_POINT('',(208.85395856326,0.,178.58667841467));
#599 = CARTESIAN_POINT('',(208.85395856326,-178.5866784146,
    178.58667841467));
#600 = CARTESIAN_POINT('',(208.85395856326,-178.5866784146,0.));
#601 = CARTESIAN_POINT('',(208.85395856326,-178.5866784146,
    -178.5866784146));
#602 = CARTESIAN_POINT('',(208.85395856326,0.,-178.5866784146));
#603 = CARTESIAN_POINT('',(208.85395856326,178.58667841467,
    -178.5866784146));
#604 = CARTESIAN_POINT('',(208.85395856326,178.58667841467,0.));
#605 = CARTESIAN_POINT('',(216.29581155374,180.36593370669,0.));
#606 = CARTESIAN_POINT('',(216.29581155374,180.36593370669,
    180.36593370669));
#607 = CARTESIAN_POINT('',(216.29581155374,0.,180.36593370669));
#608 = CARTESIAN_POINT('',(216.29581155374,-180.3659337066,
    180.36593370669));
#609 = CARTESIAN_POINT('',(216.29581155374,-180.3659337066,0.));
#610 = CARTESIAN_POINT('',(216.29581155374,-180.3659337066,
    -180.3659337066));
#611 = CARTESIAN_POINT('',(216.29581155374,0.,-180.3659337066));
#612 = CARTESIAN_POINT('',(216.29581155374,180.36593370669,
    -180.3659337066));
#613 = CARTESIAN_POINT('',(216.29581155374,180.36593370669,0.));
#614 = CARTESIAN_POINT('',(223.76513626776,182.0866365696,0.));
#615 = CARTESIAN_POINT('',(223.76513626776,182.0866365696,182.0866365696
    ));
#616 = CARTESIAN_POINT('',(223.76513626776,0.,182.0866365696));
#617 = CARTESIAN_POINT('',(223.76513626776,-182.0866365696,
    182.0866365696));
#618 = CARTESIAN_POINT('',(223.76513626776,-182.0866365696,0.));
#619 = CARTESIAN_POINT('',(223.76513626776,-182.0866365696,
    -182.0866365696));
#620 = CARTESIAN_POINT('',(223.76513626776,0.,-182.0866365696));
#621 = CARTESIAN_POINT('',(223.76513626776,182.0866365696,
    -182.0866365696));
#622 = CARTESIAN_POINT('',(223.76513626776,182.0866365696,0.));
#623 = CARTESIAN_POINT('',(231.25938740313,183.75223341574,0.));
#624 = CARTESIAN_POINT('',(231.25938740313,183.75223341574,
    183.75223341574));
#625 = CARTESIAN_POINT('',(231.25938740313,0.,183.75223341574));
#626 = CARTESIAN_POINT('',(231.25938740313,-183.7522334157,
    183.75223341574));
#627 = CARTESIAN_POINT('',(231.25938740313,-183.7522334157,0.));
#628 = CARTESIAN_POINT('',(231.25938740313,-183.7522334157,
    -183.7522334157));
#629 = CARTESIAN_POINT('',(231.25938740313,0.,-183.7522334157));
#630 = CARTESIAN_POINT('',(231.25938740313,183.75223341574,
    -183.7522334157));
#631 = CARTESIAN_POINT('',(231.25938740313,183.75223341574,0.));
#632 = CARTESIAN_POINT('',(238.77626277683,185.36602169479,0.));
#633 = CARTESIAN_POINT('',(238.77626277683,185.36602169479,
    185.36602169479));
#634 = CARTESIAN_POINT('',(238.77626277683,0.,185.36602169479));
#635 = CARTESIAN_POINT('',(238.77626277683,-185.3660216947,
    185.36602169479));
#636 = CARTESIAN_POINT('',(238.77626277683,-185.3660216947,0.));
#637 = CARTESIAN_POINT('',(238.77626277683,-185.3660216947,
    -185.3660216947));
#638 = CARTESIAN_POINT('',(238.77626277683,0.,-185.3660216947));
#639 = CARTESIAN_POINT('',(238.77626277683,185.36602169479,
    -185.3660216947));
#640 = CARTESIAN_POINT('',(238.77626277683,185.36602169479,0.));
#641 = CARTESIAN_POINT('',(246.31367688936,186.93114719789,0.));
#642 = CARTESIAN_POINT('',(246.31367688936,186.93114719789,
    186.93114719789));
#643 = CARTESIAN_POINT('',(246.31367688936,0.,186.93114719789));
#644 = CARTESIAN_POINT('',(246.31367688936,-186.9311471978,
    186.93114719789));
#645 = CARTESIAN_POINT('',(246.31367688936,-186.9311471978,0.));
#646 = CARTESIAN_POINT('',(246.31367688936,-186.9311471978,
    -186.9311471978));
#647 = CARTESIAN_POINT('',(246.31367688936,0.,-186.9311471978));
#648 = CARTESIAN_POINT('',(246.31367688936,186.93114719789,
    -186.9311471978));
#649 = CARTESIAN_POINT('',(246.31367688936,186.93114719789,0.));
#650 = CARTESIAN_POINT('',(253.8697484384,188.45060543531,0.));
#651 = CARTESIAN_POINT('',(253.8697484384,188.45060543531,
    188.45060543531));
#652 = CARTESIAN_POINT('',(253.8697484384,0.,188.45060543531));
#653 = CARTESIAN_POINT('',(253.8697484384,-188.4506054353,
    188.45060543531));
#654 = CARTESIAN_POINT('',(253.8697484384,-188.4506054353,0.));
#655 = CARTESIAN_POINT('',(253.8697484384,-188.4506054353,
    -188.4506054353));
#656 = CARTESIAN_POINT('',(253.8697484384,0.,-188.4506054353));
#657 = CARTESIAN_POINT('',(253.8697484384,188.45060543531,
    -188.4506054353));
#658 = CARTESIAN_POINT('',(253.8697484384,188.45060543531,0.));
#659 = CARTESIAN_POINT('',(261.44277334743,189.92724093505,0.));
#660 = CARTESIAN_POINT('',(261.44277334743,189.92724093505,
    189.92724093505));
#661 = CARTESIAN_POINT('',(261.44277334743,0.,189.92724093505));
#662 = CARTESIAN_POINT('',(261.44277334743,-189.927240935,
    189.92724093505));
#663 = CARTESIAN_POINT('',(261.44277334743,-189.927240935,0.));
#664 = CARTESIAN_POINT('',(261.44277334743,-189.927240935,-189.927240935
    ));
#665 = CARTESIAN_POINT('',(261.44277334743,0.,-189.927240935));
#666 = CARTESIAN_POINT('',(261.44277334743,189.92724093505,
    -189.927240935));
#667 = CARTESIAN_POINT('',(261.44277334743,189.92724093505,0.));
#668 = CARTESIAN_POINT('',(269.03120952863,191.36374967401,0.));
#669 = CARTESIAN_POINT('',(269.03120952863,191.36374967401,
    191.36374967401));
#670 = CARTESIAN_POINT('',(269.03120952863,0.,191.36374967401));
#671 = CARTESIAN_POINT('',(269.03120952863,-191.363749674,
    191.36374967401));
#672 = CARTESIAN_POINT('',(269.03120952863,-191.363749674,0.));
#673 = CARTESIAN_POINT('',(269.03120952863,-191.363749674,-191.363749674
    ));
#674 = CARTESIAN_POINT('',(269.03120952863,0.,-191.363749674));
#675 = CARTESIAN_POINT('',(269.03120952863,191.36374967401,
    -191.363749674));
#676 = CARTESIAN_POINT('',(269.03120952863,191.36374967401,0.));
#677 = CARTESIAN_POINT('',(276.63366606721,192.76268272078,0.));
#678 = CARTESIAN_POINT('',(276.63366606721,192.76268272078,
    192.76268272078));
#679 = CARTESIAN_POINT('',(276.63366606721,0.,192.76268272078));
#680 = CARTESIAN_POINT('',(276.63366606721,-192.7626827207,
    192.76268272078));
#681 = CARTESIAN_POINT('',(276.63366606721,-192.7626827207,0.));
#682 = CARTESIAN_POINT('',(276.63366606721,-192.7626827207,
    -192.7626827207));
#683 = CARTESIAN_POINT('',(276.63366606721,0.,-192.7626827207));
#684 = CARTESIAN_POINT('',(276.63366606721,192.76268272078,
    -192.7626827207));
#685 = CARTESIAN_POINT('',(276.63366606721,192.76268272078,0.));
#686 = CARTESIAN_POINT('',(284.24888535462,194.1264487886,0.));
#687 = CARTESIAN_POINT('',(284.24888535462,194.1264487886,194.1264487886
    ));
#688 = CARTESIAN_POINT('',(284.24888535462,0.,194.1264487886));
#689 = CARTESIAN_POINT('',(284.24888535462,-194.1264487886,
    194.1264487886));
#690 = CARTESIAN_POINT('',(284.24888535462,-194.1264487886,0.));
#691 = CARTESIAN_POINT('',(284.24888535462,-194.1264487886,
    -194.1264487886));
#692 = CARTESIAN_POINT('',(284.24888535462,0.,-194.1264487886));
#693 = CARTESIAN_POINT('',(284.24888535462,194.1264487886,
    -194.1264487886));
#694 = CARTESIAN_POINT('',(284.24888535462,194.1264487886,0.));
#695 = CARTESIAN_POINT('',(291.87573189774,195.45731829659,0.));
#696 = CARTESIAN_POINT('',(291.87573189774,195.45731829659,
    195.45731829659));
#697 = CARTESIAN_POINT('',(291.87573189774,0.,195.45731829659));
#698 = CARTESIAN_POINT('',(291.87573189774,-195.4573182965,
    195.45731829659));
#699 = CARTESIAN_POINT('',(291.87573189774,-195.4573182965,0.));
#700 = CARTESIAN_POINT('',(291.87573189774,-195.4573182965,
    -195.4573182965));
#701 = CARTESIAN_POINT('',(291.87573189774,0.,-195.4573182965));
#702 = CARTESIAN_POINT('',(291.87573189774,195.45731829659,
    -195.4573182965));
#703 = CARTESIAN_POINT('',(291.87573189774,195.45731829659,0.));
#704 = CARTESIAN_POINT('',(299.51317732559,196.75742685174,0.));
#705 = CARTESIAN_POINT('',(299.51317732559,196.75742685174,
    196.75742685174));
#706 = CARTESIAN_POINT('',(299.51317732559,0.,196.75742685174));
#707 = CARTESIAN_POINT('',(299.51317732559,-196.7574268517,
    196.75742685174));
#708 = CARTESIAN_POINT('',(299.51317732559,-196.7574268517,0.));
#709 = CARTESIAN_POINT('',(299.51317732559,-196.7574268517,
    -196.7574268517));
#710 = CARTESIAN_POINT('',(299.51317732559,0.,-196.7574268517));
#711 = CARTESIAN_POINT('',(299.51317732559,196.75742685174,
    -196.7574268517));
#712 = CARTESIAN_POINT('',(299.51317732559,196.75742685174,0.));
#713 = CARTESIAN_POINT('',(307.16029399524,198.02878022703,0.));
#714 = CARTESIAN_POINT('',(307.16029399524,198.02878022703,
    198.02878022703));
#715 = CARTESIAN_POINT('',(307.16029399524,0.,198.02878022703));
#716 = CARTESIAN_POINT('',(307.16029399524,-198.028780227,
    198.02878022703));
#717 = CARTESIAN_POINT('',(307.16029399524,-198.028780227,0.));
#718 = CARTESIAN_POINT('',(307.16029399524,-198.028780227,-198.028780227
    ));
#719 = CARTESIAN_POINT('',(307.16029399524,0.,-198.028780227));
#720 = CARTESIAN_POINT('',(307.16029399524,198.02878022703,
    -198.028780227));
#721 = CARTESIAN_POINT('',(307.16029399524,198.02878022703,0.));
#722 = CARTESIAN_POINT('',(314.81624326848,199.27325837317,0.));
#723 = CARTESIAN_POINT('',(314.81624326848,199.27325837317,
    199.27325837317));
#724 = CARTESIAN_POINT('',(314.81624326848,0.,199.27325837317));
#725 = CARTESIAN_POINT('',(314.81624326848,-199.2732583731,
    199.27325837317));
#726 = CARTESIAN_POINT('',(314.81624326848,-199.2732583731,0.));
#727 = CARTESIAN_POINT('',(314.81624326848,-199.2732583731,
    -199.2732583731));
#728 = CARTESIAN_POINT('',(314.81624326848,0.,-199.2732583731));
#729 = CARTESIAN_POINT('',(314.81624326848,199.27325837317,
    -199.2732583731));
#730 = CARTESIAN_POINT('',(314.81624326848,199.27325837317,0.));
#731 = CARTESIAN_POINT('',(322.48026895511,200.49262021563,0.));
#732 = CARTESIAN_POINT('',(322.48026895511,200.49262021563,
    200.49262021563));
#733 = CARTESIAN_POINT('',(322.48026895511,0.,200.49262021563));
#734 = CARTESIAN_POINT('',(322.48026895511,-200.4926202156,
    200.49262021563));
#735 = CARTESIAN_POINT('',(322.48026895511,-200.4926202156,0.));
#736 = CARTESIAN_POINT('',(322.48026895511,-200.4926202156,
    -200.4926202156));
#737 = CARTESIAN_POINT('',(322.48026895511,0.,-200.4926202156));
#738 = CARTESIAN_POINT('',(322.48026895511,200.49262021563,
    -200.4926202156));
#739 = CARTESIAN_POINT('',(322.48026895511,200.49262021563,0.));
#740 = CARTESIAN_POINT('',(330.15168599302,201.68850754831,0.));
#741 = CARTESIAN_POINT('',(330.15168599302,201.68850754831,
    201.68850754831));
#742 = CARTESIAN_POINT('',(330.15168599302,0.,201.68850754831));
#743 = CARTESIAN_POINT('',(330.15168599302,-201.6885075483,
    201.68850754831));
#744 = CARTESIAN_POINT('',(330.15168599302,-201.6885075483,0.));
#745 = CARTESIAN_POINT('',(330.15168599302,-201.6885075483,
    -201.6885075483));
#746 = CARTESIAN_POINT('',(330.15168599302,0.,-201.6885075483));
#747 = CARTESIAN_POINT('',(330.15168599302,201.68850754831,
    -201.6885075483));
#748 = CARTESIAN_POINT('',(330.15168599302,201.68850754831,0.));
#749 = CARTESIAN_POINT('',(337.82987795325,202.86245021465,0.));
#750 = CARTESIAN_POINT('',(337.82987795325,202.86245021465,
    202.86245021465));
#751 = CARTESIAN_POINT('',(337.82987795325,0.,202.86245021465));
#752 = CARTESIAN_POINT('',(337.82987795325,-202.8624502146,
    202.86245021465));
#753 = CARTESIAN_POINT('',(337.82987795325,-202.8624502146,0.));
#754 = CARTESIAN_POINT('',(337.82987795325,-202.8624502146,
    -202.8624502146));
#755 = CARTESIAN_POINT('',(337.82987795325,0.,-202.8624502146));
#756 = CARTESIAN_POINT('',(337.82987795325,202.86245021465,
    -202.8624502146));
#757 = CARTESIAN_POINT('',(337.82987795325,202.86245021465,0.));
#758 = CARTESIAN_POINT('',(345.51428548905,204.01586969126,0.));
#759 = CARTESIAN_POINT('',(345.51428548905,204.01586969126,
    204.01586969126));
#760 = CARTESIAN_POINT('',(345.51428548905,0.,204.01586969126));
#761 = CARTESIAN_POINT('',(345.51428548905,-204.0158696912,
    204.01586969126));
#762 = CARTESIAN_POINT('',(345.51428548905,-204.0158696912,0.));
#763 = CARTESIAN_POINT('',(345.51428548905,-204.0158696912,
    -204.0158696912));
#764 = CARTESIAN_POINT('',(345.51428548905,0.,-204.0158696912));
#765 = CARTESIAN_POINT('',(345.51428548905,204.01586969126,
    -204.0158696912));
#766 = CARTESIAN_POINT('',(345.51428548905,204.01586969126,0.));
#767 = CARTESIAN_POINT('',(353.20440662773,205.15008432306,0.));
#768 = CARTESIAN_POINT('',(353.20440662773,205.15008432306,
    205.15008432306));
#769 = CARTESIAN_POINT('',(353.20440662773,0.,205.15008432306));
#770 = CARTESIAN_POINT('',(353.20440662773,-205.150084323,
    205.15008432306));
#771 = CARTESIAN_POINT('',(353.20440662773,-205.150084323,0.));
#772 = CARTESIAN_POINT('',(353.20440662773,-205.150084323,-205.150084323
    ));
#773 = CARTESIAN_POINT('',(353.20440662773,0.,-205.150084323));
#774 = CARTESIAN_POINT('',(353.20440662773,205.15008432306,
    -205.150084323));
#775 = CARTESIAN_POINT('',(353.20440662773,205.15008432306,0.));
#776 = CARTESIAN_POINT('',(360.89978761409,206.26631294293,0.));
#777 = CARTESIAN_POINT('',(360.89978761409,206.26631294293,
    206.26631294293));
#778 = CARTESIAN_POINT('',(360.89978761409,0.,206.26631294293));
#779 = CARTESIAN_POINT('',(360.89978761409,-206.2663129429,
    206.26631294293));
#780 = CARTESIAN_POINT('',(360.89978761409,-206.2663129429,0.));
#781 = CARTESIAN_POINT('',(360.89978761409,-206.2663129429,
    -206.2663129429));
#782 = CARTESIAN_POINT('',(360.89978761409,0.,-206.2663129429));
#783 = CARTESIAN_POINT('',(360.89978761409,206.26631294293,
    -206.2663129429));
#784 = CARTESIAN_POINT('',(360.89978761409,206.26631294293,0.));
#785 = CARTESIAN_POINT('',(368.60002089857,207.36567937287,0.));
#786 = CARTESIAN_POINT('',(368.60002089857,207.36567937287,
    207.36567937287));
#787 = CARTESIAN_POINT('',(368.60002089857,0.,207.36567937287));
#788 = CARTESIAN_POINT('',(368.60002089857,-207.3656793728,
    207.36567937287));
#789 = CARTESIAN_POINT('',(368.60002089857,-207.3656793728,0.));
#790 = CARTESIAN_POINT('',(368.60002089857,-207.3656793728,
    -207.3656793728));
#791 = CARTESIAN_POINT('',(368.60002089857,0.,-207.3656793728));
#792 = CARTESIAN_POINT('',(368.60002089857,207.36567937287,
    -207.3656793728));
#793 = CARTESIAN_POINT('',(368.60002089857,207.36567937287,0.));
#794 = CARTESIAN_POINT('',(376.30473953089,208.44921622298,0.));
#795 = CARTESIAN_POINT('',(376.30473953089,208.44921622298,
    208.44921622298));
#796 = CARTESIAN_POINT('',(376.30473953089,0.,208.44921622298));
#797 = CARTESIAN_POINT('',(376.30473953089,-208.4492162229,
    208.44921622298));
#798 = CARTESIAN_POINT('',(376.30473953089,-208.4492162229,0.));
#799 = CARTESIAN_POINT('',(376.30473953089,-208.4492162229,
    -208.4492162229));
#800 = CARTESIAN_POINT('',(376.30473953089,0.,-208.4492162229));
#801 = CARTESIAN_POINT('',(376.30473953089,208.44921622298,
    -208.4492162229));
#802 = CARTESIAN_POINT('',(376.30473953089,208.44921622298,0.));
#803 = CARTESIAN_POINT('',(384.01361369379,209.51786882661,0.));
#804 = CARTESIAN_POINT('',(384.01361369379,209.51786882661,
    209.51786882661));
#805 = CARTESIAN_POINT('',(384.01361369379,0.,209.51786882661));
#806 = CARTESIAN_POINT('',(384.01361369379,-209.5178688266,
    209.51786882661));
#807 = CARTESIAN_POINT('',(384.01361369379,-209.5178688266,0.));
#808 = CARTESIAN_POINT('',(384.01361369379,-209.5178688266,
    -209.5178688266));
#809 = CARTESIAN_POINT('',(384.01361369379,0.,-209.5178688266));
#810 = CARTESIAN_POINT('',(384.01361369379,209.51786882661,
    -209.5178688266));
#811 = CARTESIAN_POINT('',(384.01361369379,209.51786882661,0.));
#812 = CARTESIAN_POINT('',(391.72634845634,210.57249916526,0.));
#813 = CARTESIAN_POINT('',(391.72634845634,210.57249916526,
    210.57249916526));
#814 = CARTESIAN_POINT('',(391.72634845634,0.,210.57249916526));
#815 = CARTESIAN_POINT('',(391.72634845634,-210.5724991652,
    210.57249916526));
#816 = CARTESIAN_POINT('',(391.72634845634,-210.5724991652,0.));
#817 = CARTESIAN_POINT('',(391.72634845634,-210.5724991652,
    -210.5724991652));
#818 = CARTESIAN_POINT('',(391.72634845634,0.,-210.5724991652));
#819 = CARTESIAN_POINT('',(391.72634845634,210.57249916526,
    -210.5724991652));
#820 = CARTESIAN_POINT('',(391.72634845634,210.57249916526,0.));
#821 = CARTESIAN_POINT('',(399.44268002149,211.613889415,0.));
#822 = CARTESIAN_POINT('',(399.44268002149,211.613889415,211.613889415)
  );
#823 = CARTESIAN_POINT('',(399.44268002149,0.,211.613889415));
#824 = CARTESIAN_POINT('',(399.44268002149,-211.613889415,211.613889415)
  );
#825 = CARTESIAN_POINT('',(399.44268002149,-211.613889415,0.));
#826 = CARTESIAN_POINT('',(399.44268002149,-211.613889415,-211.613889415
    ));
#827 = CARTESIAN_POINT('',(399.44268002149,0.,-211.613889415));
#828 = CARTESIAN_POINT('',(399.44268002149,211.613889415,-211.613889415)
  );
#829 = CARTESIAN_POINT('',(399.44268002149,211.613889415,0.));
#830 = CARTESIAN_POINT('',(407.16237313327,212.64274549714,0.));
#831 = CARTESIAN_POINT('',(407.16237313327,212.64274549714,
    212.64274549714));
#832 = CARTESIAN_POINT('',(407.16237313327,0.,212.64274549714));
#833 = CARTESIAN_POINT('',(407.16237313327,-212.6427454971,
    212.64274549714));
#834 = CARTESIAN_POINT('',(407.16237313327,-212.6427454971,0.));
#835 = CARTESIAN_POINT('',(407.16237313327,-212.6427454971,
    -212.6427454971));
#836 = CARTESIAN_POINT('',(407.16237313327,0.,-212.6427454971));
#837 = CARTESIAN_POINT('',(407.16237313327,212.64274549714,
    -212.6427454971));
#838 = CARTESIAN_POINT('',(407.16237313327,212.64274549714,0.));
#839 = CARTESIAN_POINT('',(414.88521863311,213.659700494,0.));
#840 = CARTESIAN_POINT('',(414.88521863311,213.659700494,213.659700494)
  );
#841 = CARTESIAN_POINT('',(414.88521863311,0.,213.659700494));
#842 = CARTESIAN_POINT('',(414.88521863311,-213.659700494,213.659700494)
  );
#843 = CARTESIAN_POINT('',(414.88521863311,-213.659700494,0.));
#844 = CARTESIAN_POINT('',(414.88521863311,-213.659700494,-213.659700494
    ));
#845 = CARTESIAN_POINT('',(414.88521863311,0.,-213.659700494));
#846 = CARTESIAN_POINT('',(414.88521863311,213.659700494,-213.659700494)
  );
#847 = CARTESIAN_POINT('',(414.88521863311,213.659700494,0.));
#848 = CARTESIAN_POINT('',(422.61103249832,214.66531811017,0.));
#849 = CARTESIAN_POINT('',(422.61103249832,214.66531811017,
    214.66531811017));
#850 = CARTESIAN_POINT('',(422.61103249832,0.,214.66531811017));
#851 = CARTESIAN_POINT('',(422.61103249832,-214.6653181101,
    214.66531811017));
#852 = CARTESIAN_POINT('',(422.61103249832,-214.6653181101,0.));
#853 = CARTESIAN_POINT('',(422.61103249832,-214.6653181101,
    -214.6653181101));
#854 = CARTESIAN_POINT('',(422.61103249832,0.,-214.6653181101));
#855 = CARTESIAN_POINT('',(422.61103249832,214.66531811017,
    -214.6653181101));
#856 = CARTESIAN_POINT('',(422.61103249832,214.66531811017,0.));
#857 = CARTESIAN_POINT('',(430.3396522108,215.66009564208,0.));
#858 = CARTESIAN_POINT('',(430.3396522108,215.66009564208,
    215.66009564208));
#859 = CARTESIAN_POINT('',(430.3396522108,0.,215.66009564208));
#860 = CARTESIAN_POINT('',(430.3396522108,-215.660095642,215.66009564208
    ));
#861 = CARTESIAN_POINT('',(430.3396522108,-215.660095642,0.));
#862 = CARTESIAN_POINT('',(430.3396522108,-215.660095642,-215.660095642)
  );
#863 = CARTESIAN_POINT('',(430.3396522108,0.,-215.660095642));
#864 = CARTESIAN_POINT('',(430.3396522108,215.66009564208,-215.660095642
    ));
#865 = CARTESIAN_POINT('',(430.3396522108,215.66009564208,0.));
#866 = CARTESIAN_POINT('',(438.07093622709,216.64446722682,0.));
#867 = CARTESIAN_POINT('',(438.07093622709,216.64446722682,
    216.64446722682));
#868 = CARTESIAN_POINT('',(438.07093622709,0.,216.64446722682));
#869 = CARTESIAN_POINT('',(438.07093622709,-216.6444672268,
    216.64446722682));
#870 = CARTESIAN_POINT('',(438.07093622709,-216.6444672268,0.));
#871 = CARTESIAN_POINT('',(438.07093622709,-216.6444672268,
    -216.6444672268));
#872 = CARTESIAN_POINT('',(438.07093622709,0.,-216.6444672268));
#873 = CARTESIAN_POINT('',(438.07093622709,216.64446722682,
    -216.6444672268));
#874 = CARTESIAN_POINT('',(438.07093622709,216.64446722682,0.));
#875 = CARTESIAN_POINT('',(445.80476096193,217.61880664299,0.));
#876 = CARTESIAN_POINT('',(445.80476096193,217.61880664299,
    217.61880664299));
#877 = CARTESIAN_POINT('',(445.80476096193,0.,217.61880664299));
#878 = CARTESIAN_POINT('',(445.80476096193,-217.6188066429,
    217.61880664299));
#879 = CARTESIAN_POINT('',(445.80476096193,-217.6188066429,0.));
#880 = CARTESIAN_POINT('',(445.80476096193,-217.6188066429,
    -217.6188066429));
#881 = CARTESIAN_POINT('',(445.80476096193,0.,-217.6188066429));
#882 = CARTESIAN_POINT('',(445.80476096193,217.61880664299,
    -217.6188066429));
#883 = CARTESIAN_POINT('',(445.80476096193,217.61880664299,0.));
#884 = CARTESIAN_POINT('',(453.54102108299,218.58343041597,0.));
#885 = CARTESIAN_POINT('',(453.54102108299,218.58343041597,
    218.58343041597));
#886 = CARTESIAN_POINT('',(453.54102108299,0.,218.58343041597));
#887 = CARTESIAN_POINT('',(453.54102108299,-218.5834304159,
    218.58343041597));
#888 = CARTESIAN_POINT('',(453.54102108299,-218.5834304159,0.));
#889 = CARTESIAN_POINT('',(453.54102108299,-218.5834304159,
    -218.5834304159));
#890 = CARTESIAN_POINT('',(453.54102108299,0.,-218.5834304159));
#891 = CARTESIAN_POINT('',(453.54102108299,218.58343041597,
    -218.5834304159));
#892 = CARTESIAN_POINT('',(453.54102108299,218.58343041597,0.));
#893 = CARTESIAN_POINT('',(461.27962661432,219.53860040999,0.));
#894 = CARTESIAN_POINT('',(461.27962661432,219.53860040999,
    219.53860040999));
#895 = CARTESIAN_POINT('',(461.27962661432,0.,219.53860040999));
#896 = CARTESIAN_POINT('',(461.27962661432,-219.5386004099,
    219.53860040999));
#897 = CARTESIAN_POINT('',(461.27962661432,-219.5386004099,0.));
#898 = CARTESIAN_POINT('',(461.27962661432,-219.5386004099,
    -219.5386004099));
#899 = CARTESIAN_POINT('',(461.27962661432,0.,-219.5386004099));
#900 = CARTESIAN_POINT('',(461.27962661432,219.53860040999,
    -219.5386004099));
#901 = CARTESIAN_POINT('',(461.27962661432,219.53860040999,0.));
#902 = CARTESIAN_POINT('',(469.02050263509,220.48452664322,0.));
#903 = CARTESIAN_POINT('',(469.02050263509,220.48452664322,
    220.48452664322));
#904 = CARTESIAN_POINT('',(469.02050263509,0.,220.48452664322));
#905 = CARTESIAN_POINT('',(469.02050263509,-220.4845266432,
    220.48452664322));
#906 = CARTESIAN_POINT('',(469.02050263509,-220.4845266432,0.));
#907 = CARTESIAN_POINT('',(469.02050263509,-220.4845266432,
    -220.4845266432));
#908 = CARTESIAN_POINT('',(469.02050263509,0.,-220.4845266432));
#909 = CARTESIAN_POINT('',(469.02050263509,220.48452664322,
    -220.4845266432));
#910 = CARTESIAN_POINT('',(469.02050263509,220.48452664322,0.));
#911 = CARTESIAN_POINT('',(476.76358734581,221.42136980349,0.));
#912 = CARTESIAN_POINT('',(476.76358734581,221.42136980349,
    221.42136980349));
#913 = CARTESIAN_POINT('',(476.76358734581,0.,221.42136980349));
#914 = CARTESIAN_POINT('',(476.76358734581,-221.4213698034,
    221.42136980349));
#915 = CARTESIAN_POINT('',(476.76358734581,-221.4213698034,0.));
#916 = CARTESIAN_POINT('',(476.76358734581,-221.4213698034,
    -221.4213698034));
#917 = CARTESIAN_POINT('',(476.76358734581,0.,-221.4213698034));
#918 = CARTESIAN_POINT('',(476.76358734581,221.42136980349,
    -221.4213698034));
#919 = CARTESIAN_POINT('',(476.76358734581,221.42136980349,0.));
#920 = CARTESIAN_POINT('',(484.50883184825,222.3492438847,0.));
#921 = CARTESIAN_POINT('',(484.50883184825,222.3492438847,222.3492438847
    ));
#922 = CARTESIAN_POINT('',(484.50883184825,0.,222.3492438847));
#923 = CARTESIAN_POINT('',(484.50883184825,-222.3492438847,
    222.3492438847));
#924 = CARTESIAN_POINT('',(484.50883184825,-222.3492438847,0.));
#925 = CARTESIAN_POINT('',(484.50883184825,-222.3492438847,
    -222.3492438847));
#926 = CARTESIAN_POINT('',(484.50883184825,0.,-222.3492438847));
#927 = CARTESIAN_POINT('',(484.50883184825,222.3492438847,
    -222.3492438847));
#928 = CARTESIAN_POINT('',(484.50883184825,222.3492438847,0.));
#929 = CARTESIAN_POINT('',(492.25619784744,223.26821848703,0.));
#930 = CARTESIAN_POINT('',(492.25619784744,223.26821848703,
    223.26821848703));
#931 = CARTESIAN_POINT('',(492.25619784744,0.,223.26821848703));
#932 = CARTESIAN_POINT('',(492.25619784744,-223.268218487,
    223.26821848703));
#933 = CARTESIAN_POINT('',(492.25619784744,-223.268218487,0.));
#934 = CARTESIAN_POINT('',(492.25619784744,-223.268218487,-223.268218487
    ));
#935 = CARTESIAN_POINT('',(492.25619784744,0.,-223.268218487));
#936 = CARTESIAN_POINT('',(492.25619784744,223.26821848703,
    -223.268218487));
#937 = CARTESIAN_POINT('',(492.25619784744,223.26821848703,0.));
#938 = CARTESIAN_POINT('',(500.00565839704,224.17832140569,0.));
#939 = CARTESIAN_POINT('',(500.00565839704,224.17832140569,
    224.17832140569));
#940 = CARTESIAN_POINT('',(500.00565839704,0.,224.17832140569));
#941 = CARTESIAN_POINT('',(500.00565839704,-224.1783214056,
    224.17832140569));
#942 = CARTESIAN_POINT('',(500.00565839704,-224.1783214056,0.));
#943 = CARTESIAN_POINT('',(500.00565839704,-224.1783214056,
    -224.1783214056));
#944 = CARTESIAN_POINT('',(500.00565839704,0.,-224.1783214056));
#945 = CARTESIAN_POINT('',(500.00565839704,224.17832140569,
    -224.1783214056));
#946 = CARTESIAN_POINT('',(500.00565839704,224.17832140569,0.));
#947 = CARTESIAN_POINT('',(507.75719486509,225.07954069702,0.));
#948 = CARTESIAN_POINT('',(507.75719486509,225.07954069702,
    225.07954069702));
#949 = CARTESIAN_POINT('',(507.75719486509,0.,225.07954069702));
#950 = CARTESIAN_POINT('',(507.75719486509,-225.079540697,
    225.07954069702));
#951 = CARTESIAN_POINT('',(507.75719486509,-225.079540697,0.));
#952 = CARTESIAN_POINT('',(507.75719486509,-225.079540697,-225.079540697
    ));
#953 = CARTESIAN_POINT('',(507.75719486509,0.,-225.079540697));
#954 = CARTESIAN_POINT('',(507.75719486509,225.07954069702,
    -225.079540697));
#955 = CARTESIAN_POINT('',(507.75719486509,225.07954069702,0.));
#956 = CARTESIAN_POINT('',(515.51079817079,225.97182718277,0.));
#957 = CARTESIAN_POINT('',(515.51079817079,225.97182718277,
    225.97182718277));
#958 = CARTESIAN_POINT('',(515.51079817079,0.,225.97182718277));
#959 = CARTESIAN_POINT('',(515.51079817079,-225.9718271827,
    225.97182718277));
#960 = CARTESIAN_POINT('',(515.51079817079,-225.9718271827,0.));
#961 = CARTESIAN_POINT('',(515.51079817079,-225.9718271827,
    -225.9718271827));
#962 = CARTESIAN_POINT('',(515.51079817079,0.,-225.9718271827));
#963 = CARTESIAN_POINT('',(515.51079817079,225.97182718277,
    -225.9718271827));
#964 = CARTESIAN_POINT('',(515.51079817079,225.97182718277,0.));
#965 = CARTESIAN_POINT('',(523.26646599863,226.85509642287,0.));
#966 = CARTESIAN_POINT('',(523.26646599863,226.85509642287,
    226.85509642287));
#967 = CARTESIAN_POINT('',(523.26646599863,0.,226.85509642287));
#968 = CARTESIAN_POINT('',(523.26646599863,-226.8550964228,
    226.85509642287));
#969 = CARTESIAN_POINT('',(523.26646599863,-226.8550964228,0.));
#970 = CARTESIAN_POINT('',(523.26646599863,-226.8550964228,
    -226.8550964228));
#971 = CARTESIAN_POINT('',(523.26646599863,0.,-226.8550964228));
#972 = CARTESIAN_POINT('',(523.26646599863,226.85509642287,
    -226.8550964228));
#973 = CARTESIAN_POINT('',(523.26646599863,226.85509642287,0.));
#974 = CARTESIAN_POINT('',(531.02420355586,227.72923104156,0.));
#975 = CARTESIAN_POINT('',(531.02420355586,227.72923104156,
    227.72923104156));
#976 = CARTESIAN_POINT('',(531.02420355586,0.,227.72923104156));
#977 = CARTESIAN_POINT('',(531.02420355586,-227.7292310415,
    227.72923104156));
#978 = CARTESIAN_POINT('',(531.02420355586,-227.7292310415,0.));
#979 = CARTESIAN_POINT('',(531.02420355586,-227.7292310415,
    -227.7292310415));
#980 = CARTESIAN_POINT('',(531.02420355586,0.,-227.7292310415));
#981 = CARTESIAN_POINT('',(531.02420355586,227.72923104156,
    -227.7292310415));
#982 = CARTESIAN_POINT('',(531.02420355586,227.72923104156,0.));
#983 = CARTESIAN_POINT('',(538.78402180594,228.59408271292,0.));
#984 = CARTESIAN_POINT('',(538.78402180594,228.59408271292,
    228.59408271292));
#985 = CARTESIAN_POINT('',(538.78402180594,0.,228.59408271292));
#986 = CARTESIAN_POINT('',(538.78402180594,-228.5940827129,
    228.59408271292));
#987 = CARTESIAN_POINT('',(538.78402180594,-228.5940827129,0.));
#988 = CARTESIAN_POINT('',(538.78402180594,-228.5940827129,
    -228.5940827129));
#989 = CARTESIAN_POINT('',(538.78402180594,0.,-228.5940827129));
#990 = CARTESIAN_POINT('',(538.78402180594,228.59408271292,
    -228.5940827129));
#991 = CARTESIAN_POINT('',(538.78402180594,228.59408271292,0.));
#992 = CARTESIAN_POINT('',(546.54593704152,229.44947425202,0.));
#993 = CARTESIAN_POINT('',(546.54593704152,229.44947425202,
    229.44947425202));
#994 = CARTESIAN_POINT('',(546.54593704152,0.,229.44947425202));
#995 = CARTESIAN_POINT('',(546.54593704152,-229.449474252,
    229.44947425202));
#996 = CARTESIAN_POINT('',(546.54593704152,-229.449474252,0.));
#997 = CARTESIAN_POINT('',(546.54593704152,-229.449474252,-229.449474252
    ));
#998 = CARTESIAN_POINT('',(546.54593704152,0.,-229.449474252));
#999 = CARTESIAN_POINT('',(546.54593704152,229.44947425202,
    -229.449474252));
#1000 = CARTESIAN_POINT('',(546.54593704152,229.44947425202,0.));
#1001 = CARTESIAN_POINT('',(554.30997016358,230.29520163067,0.));
#1002 = CARTESIAN_POINT('',(554.30997016358,230.29520163067,
    230.29520163067));
#1003 = CARTESIAN_POINT('',(554.30997016358,0.,230.29520163067));
#1004 = CARTESIAN_POINT('',(554.30997016358,-230.2952016306,
    230.29520163067));
#1005 = CARTESIAN_POINT('',(554.30997016358,-230.2952016306,0.));
#1006 = CARTESIAN_POINT('',(554.30997016358,-230.2952016306,
    -230.2952016306));
#1007 = CARTESIAN_POINT('',(554.30997016358,0.,-230.2952016306));
#1008 = CARTESIAN_POINT('',(554.30997016358,230.29520163067,
    -230.2952016306));
#1009 = CARTESIAN_POINT('',(554.30997016358,230.29520163067,0.));
#1010 = CARTESIAN_POINT('',(562.0761458506,231.13103594303,0.));
#1011 = CARTESIAN_POINT('',(562.0761458506,231.13103594303,
    231.13103594303));
#1012 = CARTESIAN_POINT('',(562.0761458506,0.,231.13103594303));
#1013 = CARTESIAN_POINT('',(562.0761458506,-231.131035943,
    231.13103594303));
#1014 = CARTESIAN_POINT('',(562.0761458506,-231.131035943,0.));
#1015 = CARTESIAN_POINT('',(562.0761458506,-231.131035943,-231.131035943
    ));
#1016 = CARTESIAN_POINT('',(562.0761458506,0.,-231.131035943));
#1017 = CARTESIAN_POINT('',(562.0761458506,231.13103594303,
    -231.131035943));
#1018 = CARTESIAN_POINT('',(562.0761458506,231.13103594303,0.));
#1019 = CARTESIAN_POINT('',(569.84449167586,231.95672533209,0.));
#1020 = CARTESIAN_POINT('',(569.84449167586,231.95672533209,
    231.95672533209));
#1021 = CARTESIAN_POINT('',(569.84449167586,0.,231.95672533209));
#1022 = CARTESIAN_POINT('',(569.84449167586,-231.956725332,
    231.95672533209));
#1023 = CARTESIAN_POINT('',(569.84449167586,-231.956725332,0.));
#1024 = CARTESIAN_POINT('',(569.84449167586,-231.956725332,
    -231.956725332));
#1025 = CARTESIAN_POINT('',(569.84449167586,0.,-231.956725332));
#1026 = CARTESIAN_POINT('',(569.84449167586,231.95672533209,
    -231.956725332));
#1027 = CARTESIAN_POINT('',(569.84449167586,231.95672533209,0.));
#1028 = CARTESIAN_POINT('',(577.61503817069,232.77199698814,0.));
#1029 = CARTESIAN_POINT('',(577.61503817069,232.77199698814,
    232.77199698814));
#1030 = CARTESIAN_POINT('',(577.61503817069,0.,232.77199698814));
#1031 = CARTESIAN_POINT('',(577.61503817069,-232.7719969881,
    232.77199698814));
#1032 = CARTESIAN_POINT('',(577.61503817069,-232.7719969881,0.));
#1033 = CARTESIAN_POINT('',(577.61503817069,-232.7719969881,
    -232.7719969881));
#1034 = CARTESIAN_POINT('',(577.61503817069,0.,-232.7719969881));
#1035 = CARTESIAN_POINT('',(577.61503817069,232.77199698814,
    -232.7719969881));
#1036 = CARTESIAN_POINT('',(577.61503817069,232.77199698814,0.));
#1037 = CARTESIAN_POINT('',(585.38781705867,233.57655892474,0.));
#1038 = CARTESIAN_POINT('',(585.38781705867,233.57655892474,
    233.57655892474));
#1039 = CARTESIAN_POINT('',(585.38781705867,0.,233.57655892474));
#1040 = CARTESIAN_POINT('',(585.38781705867,-233.5765589247,
    233.57655892474));
#1041 = CARTESIAN_POINT('',(585.38781705867,-233.5765589247,0.));
#1042 = CARTESIAN_POINT('',(585.38781705867,-233.5765589247,
    -233.5765589247));
#1043 = CARTESIAN_POINT('',(585.38781705867,0.,-233.5765589247));
#1044 = CARTESIAN_POINT('',(585.38781705867,233.57655892474,
    -233.5765589247));
#1045 = CARTESIAN_POINT('',(585.38781705867,233.57655892474,0.));
#1046 = CARTESIAN_POINT('',(593.1628615107,234.37010194756,0.));
#1047 = CARTESIAN_POINT('',(593.1628615107,234.37010194756,
    234.37010194756));
#1048 = CARTESIAN_POINT('',(593.1628615107,0.,234.37010194756));
#1049 = CARTESIAN_POINT('',(593.1628615107,-234.3701019475,
    234.37010194756));
#1050 = CARTESIAN_POINT('',(593.1628615107,-234.3701019475,0.));
#1051 = CARTESIAN_POINT('',(593.1628615107,-234.3701019475,
    -234.3701019475));
#1052 = CARTESIAN_POINT('',(593.1628615107,0.,-234.3701019475));
#1053 = CARTESIAN_POINT('',(593.1628615107,234.37010194756,
    -234.3701019475));
#1054 = CARTESIAN_POINT('',(593.1628615107,234.37010194756,0.));
#1055 = CARTESIAN_POINT('',(600.94020457779,235.15230141568,0.));
#1056 = CARTESIAN_POINT('',(600.94020457779,235.15230141568,
    235.15230141568));
#1057 = CARTESIAN_POINT('',(600.94020457779,0.,235.15230141568));
#1058 = CARTESIAN_POINT('',(600.94020457779,-235.1523014156,
    235.15230141568));
#1059 = CARTESIAN_POINT('',(600.94020457779,-235.1523014156,0.));
#1060 = CARTESIAN_POINT('',(600.94020457779,-235.1523014156,
    -235.1523014156));
#1061 = CARTESIAN_POINT('',(600.94020457779,0.,-235.1523014156));
#1062 = CARTESIAN_POINT('',(600.94020457779,235.15230141568,
    -235.1523014156));
#1063 = CARTESIAN_POINT('',(600.94020457779,235.15230141568,0.));
#1064 = CARTESIAN_POINT('',(608.7198796565,235.92281919319,0.));
#1065 = CARTESIAN_POINT('',(608.7198796565,235.92281919319,
    235.92281919319));
#1066 = CARTESIAN_POINT('',(608.7198796565,0.,235.92281919319));
#1067 = CARTESIAN_POINT('',(608.7198796565,-235.9228191931,
    235.92281919319));
#1068 = CARTESIAN_POINT('',(608.7198796565,-235.9228191931,0.));
#1069 = CARTESIAN_POINT('',(608.7198796565,-235.9228191931,
    -235.9228191931));
#1070 = CARTESIAN_POINT('',(608.7198796565,0.,-235.9228191931));
#1071 = CARTESIAN_POINT('',(608.7198796565,235.92281919319,
    -235.9228191931));
#1072 = CARTESIAN_POINT('',(608.7198796565,235.92281919319,0.));
#1073 = CARTESIAN_POINT('',(616.50191937149,236.68130542669,0.));
#1074 = CARTESIAN_POINT('',(616.50191937149,236.68130542669,
    236.68130542669));
#1075 = CARTESIAN_POINT('',(616.50191937149,0.,236.68130542669));
#1076 = CARTESIAN_POINT('',(616.50191937149,-236.6813054266,
    236.68130542669));
#1077 = CARTESIAN_POINT('',(616.50191937149,-236.6813054266,0.));
#1078 = CARTESIAN_POINT('',(616.50191937149,-236.6813054266,
    -236.6813054266));
#1079 = CARTESIAN_POINT('',(616.50191937149,0.,-236.6813054266));
#1080 = CARTESIAN_POINT('',(616.50191937149,236.68130542669,
    -236.6813054266));
#1081 = CARTESIAN_POINT('',(616.50191937149,236.68130542669,0.));
#1082 = CARTESIAN_POINT('',(624.28635490007,237.42740036005,0.));
#1083 = CARTESIAN_POINT('',(624.28635490007,237.42740036005,
    237.42740036005));
#1084 = CARTESIAN_POINT('',(624.28635490007,0.,237.42740036005));
#1085 = CARTESIAN_POINT('',(624.28635490007,-237.42740036,
    237.42740036005));
#1086 = CARTESIAN_POINT('',(624.28635490007,-237.42740036,0.));
#1087 = CARTESIAN_POINT('',(624.28635490007,-237.42740036,-237.42740036)
  );
#1088 = CARTESIAN_POINT('',(624.28635490007,0.,-237.42740036));
#1089 = CARTESIAN_POINT('',(624.28635490007,237.42740036005,
    -237.42740036));
#1090 = CARTESIAN_POINT('',(624.28635490007,237.42740036005,0.));
#1091 = CARTESIAN_POINT('',(632.0732153792,238.16073615094,0.));
#1092 = CARTESIAN_POINT('',(632.0732153792,238.16073615094,
    238.16073615094));
#1093 = CARTESIAN_POINT('',(632.0732153792,0.,238.16073615094));
#1094 = CARTESIAN_POINT('',(632.0732153792,-238.1607361509,
    238.16073615094));
#1095 = CARTESIAN_POINT('',(632.0732153792,-238.1607361509,0.));
#1096 = CARTESIAN_POINT('',(632.0732153792,-238.1607361509,
    -238.1607361509));
#1097 = CARTESIAN_POINT('',(632.0732153792,0.,-238.1607361509));
#1098 = CARTESIAN_POINT('',(632.0732153792,238.16073615094,
    -238.1607361509));
#1099 = CARTESIAN_POINT('',(632.0732153792,238.16073615094,0.));
#1100 = CARTESIAN_POINT('',(639.86252733343,238.88093868586,0.));
#1101 = CARTESIAN_POINT('',(639.86252733343,238.88093868586,
    238.88093868586));
#1102 = CARTESIAN_POINT('',(639.86252733343,0.,238.88093868586));
#1103 = CARTESIAN_POINT('',(639.86252733343,-238.8809386858,
    238.88093868586));
#1104 = CARTESIAN_POINT('',(639.86252733343,-238.8809386858,0.));
#1105 = CARTESIAN_POINT('',(639.86252733343,-238.8809386858,
    -238.8809386858));
#1106 = CARTESIAN_POINT('',(639.86252733343,0.,-238.8809386858));
#1107 = CARTESIAN_POINT('',(639.86252733343,238.88093868586,
    -238.8809386858));
#1108 = CARTESIAN_POINT('',(639.86252733343,238.88093868586,0.));
#1109 = CARTESIAN_POINT('',(647.65431412684,239.58762939607,0.));
#1110 = CARTESIAN_POINT('',(647.65431412684,239.58762939607,
    239.58762939607));
#1111 = CARTESIAN_POINT('',(647.65431412684,0.,239.58762939607));
#1112 = CARTESIAN_POINT('',(647.65431412684,-239.587629396,
    239.58762939607));
#1113 = CARTESIAN_POINT('',(647.65431412684,-239.587629396,0.));
#1114 = CARTESIAN_POINT('',(647.65431412684,-239.587629396,
    -239.587629396));
#1115 = CARTESIAN_POINT('',(647.65431412684,0.,-239.587629396));
#1116 = CARTESIAN_POINT('',(647.65431412684,239.58762939607,
    -239.587629396));
#1117 = CARTESIAN_POINT('',(647.65431412684,239.58762939607,0.));
#1118 = CARTESIAN_POINT('',(655.4485963024,240.28042715353,0.));
#1119 = CARTESIAN_POINT('',(655.4485963024,240.28042715353,
    240.28042715353));
#1120 = CARTESIAN_POINT('',(655.4485963024,0.,240.28042715353));
#1121 = CARTESIAN_POINT('',(655.4485963024,-240.2804271535,
    240.28042715353));
#1122 = CARTESIAN_POINT('',(655.4485963024,-240.2804271535,0.));
#1123 = CARTESIAN_POINT('',(655.4485963024,-240.2804271535,
    -240.2804271535));
#1124 = CARTESIAN_POINT('',(655.4485963024,0.,-240.2804271535));
#1125 = CARTESIAN_POINT('',(655.4485963024,240.28042715353,
    -240.2804271535));
#1126 = CARTESIAN_POINT('',(655.4485963024,240.28042715353,0.));
#1127 = CARTESIAN_POINT('',(663.24538969411,240.95894996574,0.));
#1128 = CARTESIAN_POINT('',(663.24538969411,240.95894996574,
    240.95894996574));
#1129 = CARTESIAN_POINT('',(663.24538969411,0.,240.95894996574));
#1130 = CARTESIAN_POINT('',(663.24538969411,-240.9589499657,
    240.95894996574));
#1131 = CARTESIAN_POINT('',(663.24538969411,-240.9589499657,0.));
#1132 = CARTESIAN_POINT('',(663.24538969411,-240.9589499657,
    -240.9589499657));
#1133 = CARTESIAN_POINT('',(663.24538969411,0.,-240.9589499657));
#1134 = CARTESIAN_POINT('',(663.24538969411,240.95894996574,
    -240.9589499657));
#1135 = CARTESIAN_POINT('',(663.24538969411,240.95894996574,0.));
#1136 = CARTESIAN_POINT('',(671.04470674863,241.62281696522,0.));
#1137 = CARTESIAN_POINT('',(671.04470674863,241.62281696522,
    241.62281696522));
#1138 = CARTESIAN_POINT('',(671.04470674863,0.,241.62281696522));
#1139 = CARTESIAN_POINT('',(671.04470674863,-241.6228169652,
    241.62281696522));
#1140 = CARTESIAN_POINT('',(671.04470674863,-241.6228169652,0.));
#1141 = CARTESIAN_POINT('',(671.04470674863,-241.6228169652,
    -241.6228169652));
#1142 = CARTESIAN_POINT('',(671.04470674863,0.,-241.6228169652));
#1143 = CARTESIAN_POINT('',(671.04470674863,241.62281696522,
    -241.6228169652));
#1144 = CARTESIAN_POINT('',(671.04470674863,241.62281696522,0.));
#1145 = CARTESIAN_POINT('',(678.84655393998,242.27165006101,0.));
#1146 = CARTESIAN_POINT('',(678.84655393998,242.27165006101,
    242.27165006101));
#1147 = CARTESIAN_POINT('',(678.84655393998,0.,242.27165006101));
#1148 = CARTESIAN_POINT('',(678.84655393998,-242.271650061,
    242.27165006101));
#1149 = CARTESIAN_POINT('',(678.84655393998,-242.271650061,0.));
#1150 = CARTESIAN_POINT('',(678.84655393998,-242.271650061,
    -242.271650061));
#1151 = CARTESIAN_POINT('',(678.84655393998,0.,-242.271650061));
#1152 = CARTESIAN_POINT('',(678.84655393998,242.27165006101,
    -242.271650061));
#1153 = CARTESIAN_POINT('',(678.84655393998,242.27165006101,0.));
#1154 = CARTESIAN_POINT('',(686.65093353863,242.90507597178,0.));
#1155 = CARTESIAN_POINT('',(686.65093353863,242.90507597178,
    242.90507597178));
#1156 = CARTESIAN_POINT('',(686.65093353863,0.,242.90507597178));
#1157 = CARTESIAN_POINT('',(686.65093353863,-242.9050759717,
    242.90507597178));
#1158 = CARTESIAN_POINT('',(686.65093353863,-242.9050759717,0.));
#1159 = CARTESIAN_POINT('',(686.65093353863,-242.9050759717,
    -242.9050759717));
#1160 = CARTESIAN_POINT('',(686.65093353863,0.,-242.9050759717));
#1161 = CARTESIAN_POINT('',(686.65093353863,242.90507597178,
    -242.9050759717));
#1162 = CARTESIAN_POINT('',(686.65093353863,242.90507597178,0.));
#1163 = CARTESIAN_POINT('',(694.45784152362,243.52272794422,0.));
#1164 = CARTESIAN_POINT('',(694.45784152362,243.52272794422,
    243.52272794422));
#1165 = CARTESIAN_POINT('',(694.45784152362,0.,243.52272794422));
#1166 = CARTESIAN_POINT('',(694.45784152362,-243.5227279442,
    243.52272794422));
#1167 = CARTESIAN_POINT('',(694.45784152362,-243.5227279442,0.));
#1168 = CARTESIAN_POINT('',(694.45784152362,-243.5227279442,
    -243.5227279442));
#1169 = CARTESIAN_POINT('',(694.45784152362,0.,-243.5227279442));
#1170 = CARTESIAN_POINT('',(694.45784152362,243.52272794422,
    -243.5227279442));
#1171 = CARTESIAN_POINT('',(694.45784152362,243.52272794422,0.));
#1172 = CARTESIAN_POINT('',(702.26726858598,244.12424773258,0.));
#1173 = CARTESIAN_POINT('',(702.26726858598,244.12424773258,
    244.12424773258));
#1174 = CARTESIAN_POINT('',(702.26726858598,0.,244.12424773258));
#1175 = CARTESIAN_POINT('',(702.26726858598,-244.1242477325,
    244.12424773258));
#1176 = CARTESIAN_POINT('',(702.26726858598,-244.1242477325,0.));
#1177 = CARTESIAN_POINT('',(702.26726858598,-244.1242477325,
    -244.1242477325));
#1178 = CARTESIAN_POINT('',(702.26726858598,0.,-244.1242477325));
#1179 = CARTESIAN_POINT('',(702.26726858598,244.12424773258,
    -244.1242477325));
#1180 = CARTESIAN_POINT('',(702.26726858598,244.12424773258,0.));
#1181 = CARTESIAN_POINT('',(710.07919968906,244.70928746884,0.));
#1182 = CARTESIAN_POINT('',(710.07919968906,244.70928746884,
    244.70928746884));
#1183 = CARTESIAN_POINT('',(710.07919968906,0.,244.70928746884));
#1184 = CARTESIAN_POINT('',(710.07919968906,-244.7092874688,
    244.70928746884));
#1185 = CARTESIAN_POINT('',(710.07919968906,-244.7092874688,0.));
#1186 = CARTESIAN_POINT('',(710.07919968906,-244.7092874688,
    -244.7092874688));
#1187 = CARTESIAN_POINT('',(710.07919968906,0.,-244.7092874688));
#1188 = CARTESIAN_POINT('',(710.07919968906,244.70928746884,
    -244.7092874688));
#1189 = CARTESIAN_POINT('',(710.07919968906,244.70928746884,0.));
#1190 = CARTESIAN_POINT('',(717.89361311423,245.27751150567,0.));
#1191 = CARTESIAN_POINT('',(717.89361311423,245.27751150567,
    245.27751150567));
#1192 = CARTESIAN_POINT('',(717.89361311423,0.,245.27751150567));
#1193 = CARTESIAN_POINT('',(717.89361311423,-245.2775115056,
    245.27751150567));
#1194 = CARTESIAN_POINT('',(717.89361311423,-245.2775115056,0.));
#1195 = CARTESIAN_POINT('',(717.89361311423,-245.2775115056,
    -245.2775115056));
#1196 = CARTESIAN_POINT('',(717.89361311423,0.,-245.2775115056));
#1197 = CARTESIAN_POINT('',(717.89361311423,245.27751150567,
    -245.2775115056));
#1198 = CARTESIAN_POINT('',(717.89361311423,245.27751150567,0.));
#1199 = CARTESIAN_POINT('',(725.71048140886,245.82859841421,0.));
#1200 = CARTESIAN_POINT('',(725.71048140886,245.82859841421,
    245.82859841421));
#1201 = CARTESIAN_POINT('',(725.71048140886,0.,245.82859841421));
#1202 = CARTESIAN_POINT('',(725.71048140886,-245.8285984142,
    245.82859841421));
#1203 = CARTESIAN_POINT('',(725.71048140886,-245.8285984142,0.));
#1204 = CARTESIAN_POINT('',(725.71048140886,-245.8285984142,
    -245.8285984142));
#1205 = CARTESIAN_POINT('',(725.71048140886,0.,-245.8285984142));
#1206 = CARTESIAN_POINT('',(725.71048140886,245.82859841421,
    -245.8285984142));
#1207 = CARTESIAN_POINT('',(725.71048140886,245.82859841421,0.));
#1208 = CARTESIAN_POINT('',(733.52977000962,246.36224281909,0.));
#1209 = CARTESIAN_POINT('',(733.52977000962,246.36224281909,
    246.36224281909));
#1210 = CARTESIAN_POINT('',(733.52977000962,0.,246.36224281909));
#1211 = CARTESIAN_POINT('',(733.52977000962,-246.362242819,
    246.36224281909));
#1212 = CARTESIAN_POINT('',(733.52977000962,-246.362242819,0.));
#1213 = CARTESIAN_POINT('',(733.52977000962,-246.362242819,
    -246.362242819));
#1214 = CARTESIAN_POINT('',(733.52977000962,0.,-246.362242819));
#1215 = CARTESIAN_POINT('',(733.52977000962,246.36224281909,
    -246.362242819));
#1216 = CARTESIAN_POINT('',(733.52977000962,246.36224281909,0.));
#1217 = CARTESIAN_POINT('',(741.35143842995,246.87815742623,0.));
#1218 = CARTESIAN_POINT('',(741.35143842995,246.87815742623,
    246.87815742623));
#1219 = CARTESIAN_POINT('',(741.35143842995,0.,246.87815742623));
#1220 = CARTESIAN_POINT('',(741.35143842995,-246.8781574262,
    246.87815742623));
#1221 = CARTESIAN_POINT('',(741.35143842995,-246.8781574262,0.));
#1222 = CARTESIAN_POINT('',(741.35143842995,-246.8781574262,
    -246.8781574262));
#1223 = CARTESIAN_POINT('',(741.35143842995,0.,-246.8781574262));
#1224 = CARTESIAN_POINT('',(741.35143842995,246.87815742623,
    -246.8781574262));
#1225 = CARTESIAN_POINT('',(741.35143842995,246.87815742623,0.));
#1226 = CARTESIAN_POINT('',(749.17543948012,247.376074922,0.));
#1227 = CARTESIAN_POINT('',(749.17543948012,247.376074922,247.376074922)
  );
#1228 = CARTESIAN_POINT('',(749.17543948012,0.,247.376074922));
#1229 = CARTESIAN_POINT('',(749.17543948012,-247.376074922,247.376074922
    ));
#1230 = CARTESIAN_POINT('',(749.17543948012,-247.376074922,0.));
#1231 = CARTESIAN_POINT('',(749.17543948012,-247.376074922,
    -247.376074922));
#1232 = CARTESIAN_POINT('',(749.17543948012,0.,-247.376074922));
#1233 = CARTESIAN_POINT('',(749.17543948012,247.376074922,-247.376074922
    ));
#1234 = CARTESIAN_POINT('',(749.17543948012,247.376074922,0.));
#1235 = CARTESIAN_POINT('',(757.0017197614,247.85574996359,0.));
#1236 = CARTESIAN_POINT('',(757.0017197614,247.85574996359,
    247.85574996359));
#1237 = CARTESIAN_POINT('',(757.0017197614,0.,247.85574996359));
#1238 = CARTESIAN_POINT('',(757.0017197614,-247.8557499635,
    247.85574996359));
#1239 = CARTESIAN_POINT('',(757.0017197614,-247.8557499635,0.));
#1240 = CARTESIAN_POINT('',(757.0017197614,-247.8557499635,
    -247.8557499635));
#1241 = CARTESIAN_POINT('',(757.0017197614,0.,-247.8557499635));
#1242 = CARTESIAN_POINT('',(757.0017197614,247.85574996359,
    -247.8557499635));
#1243 = CARTESIAN_POINT('',(757.0017197614,247.85574996359,0.));
#1244 = CARTESIAN_POINT('',(764.830219849,248.31696115526,0.));
#1245 = CARTESIAN_POINT('',(764.830219849,248.31696115526,
    248.31696115526));
#1246 = CARTESIAN_POINT('',(764.830219849,0.,248.31696115526));
#1247 = CARTESIAN_POINT('',(764.830219849,-248.3169611552,
    248.31696115526));
#1248 = CARTESIAN_POINT('',(764.830219849,-248.3169611552,0.));
#1249 = CARTESIAN_POINT('',(764.830219849,-248.3169611552,
    -248.3169611552));
#1250 = CARTESIAN_POINT('',(764.830219849,0.,-248.3169611552));
#1251 = CARTESIAN_POINT('',(764.830219849,248.31696115526,
    -248.3169611552));
#1252 = CARTESIAN_POINT('',(764.830219849,248.31696115526,0.));
#1253 = CARTESIAN_POINT('',(772.66087388758,248.75951299464,0.));
#1254 = CARTESIAN_POINT('',(772.66087388758,248.75951299464,
    248.75951299464));
#1255 = CARTESIAN_POINT('',(772.66087388758,0.,248.75951299464));
#1256 = CARTESIAN_POINT('',(772.66087388758,-248.7595129946,
    248.75951299464));
#1257 = CARTESIAN_POINT('',(772.66087388758,-248.7595129946,0.));
#1258 = CARTESIAN_POINT('',(772.66087388758,-248.7595129946,
    -248.7595129946));
#1259 = CARTESIAN_POINT('',(772.66087388758,0.,-248.7595129946));
#1260 = CARTESIAN_POINT('',(772.66087388758,248.75951299464,
    -248.7595129946));
#1261 = CARTESIAN_POINT('',(772.66087388758,248.75951299464,0.));
#1262 = CARTESIAN_POINT('',(780.49361069104,249.18323791099,0.));
#1263 = CARTESIAN_POINT('',(780.49361069104,249.18323791099,
    249.18323791099));
#1264 = CARTESIAN_POINT('',(780.49361069104,0.,249.18323791099));
#1265 = CARTESIAN_POINT('',(780.49361069104,-249.1832379109,
    249.18323791099));
#1266 = CARTESIAN_POINT('',(780.49361069104,-249.1832379109,0.));
#1267 = CARTESIAN_POINT('',(780.49361069104,-249.1832379109,
    -249.1832379109));
#1268 = CARTESIAN_POINT('',(780.49361069104,0.,-249.1832379109));
#1269 = CARTESIAN_POINT('',(780.49361069104,249.18323791099,
    -249.1832379109));
#1270 = CARTESIAN_POINT('',(780.49361069104,249.18323791099,0.));
#1271 = CARTESIAN_POINT('',(788.32835315481,249.58799820765,0.));
#1272 = CARTESIAN_POINT('',(788.32835315481,249.58799820765,
    249.58799820765));
#1273 = CARTESIAN_POINT('',(788.32835315481,0.,249.58799820765));
#1274 = CARTESIAN_POINT('',(788.32835315481,-249.5879982076,
    249.58799820765));
#1275 = CARTESIAN_POINT('',(788.32835315481,-249.5879982076,0.));
#1276 = CARTESIAN_POINT('',(788.32835315481,-249.5879982076,
    -249.5879982076));
#1277 = CARTESIAN_POINT('',(788.32835315481,0.,-249.5879982076));
#1278 = CARTESIAN_POINT('',(788.32835315481,249.58799820765,
    -249.5879982076));
#1279 = CARTESIAN_POINT('',(788.32835315481,249.58799820765,0.));
#1280 = CARTESIAN_POINT('',(796.16501955538,249.97368810829,0.));
#1281 = CARTESIAN_POINT('',(796.16501955538,249.97368810829,
    249.97368810829));
#1282 = CARTESIAN_POINT('',(796.16501955538,0.,249.97368810829));
#1283 = CARTESIAN_POINT('',(796.16501955538,-249.9736881082,
    249.97368810829));
#1284 = CARTESIAN_POINT('',(796.16501955538,-249.9736881082,0.));
#1285 = CARTESIAN_POINT('',(796.16501955538,-249.9736881082,
    -249.9736881082));
#1286 = CARTESIAN_POINT('',(796.16501955538,0.,-249.9736881082));
#1287 = CARTESIAN_POINT('',(796.16501955538,249.97368810829,
    -249.9736881082));
#1288 = CARTESIAN_POINT('',(796.16501955538,249.97368810829,0.));
#1289 = CARTESIAN_POINT('',(804.00352331132,250.34023571742,0.));
#1290 = CARTESIAN_POINT('',(804.00352331132,250.34023571742,
    250.34023571742));
#1291 = CARTESIAN_POINT('',(804.00352331132,0.,250.34023571742));
#1292 = CARTESIAN_POINT('',(804.00352331132,-250.3402357174,
    250.34023571742));
#1293 = CARTESIAN_POINT('',(804.00352331132,-250.3402357174,0.));
#1294 = CARTESIAN_POINT('',(804.00352331132,-250.3402357174,
    -250.3402357174));
#1295 = CARTESIAN_POINT('',(804.00352331132,0.,-250.3402357174));
#1296 = CARTESIAN_POINT('',(804.00352331132,250.34023571742,
    -250.3402357174));
#1297 = CARTESIAN_POINT('',(804.00352331132,250.34023571742,0.));
#1298 = CARTESIAN_POINT('',(811.84377363452,250.68760502381,0.));
#1299 = CARTESIAN_POINT('',(811.84377363452,250.68760502381,
    250.68760502381));
#1300 = CARTESIAN_POINT('',(811.84377363452,0.,250.68760502381));
#1301 = CARTESIAN_POINT('',(811.84377363452,-250.6876050238,
    250.68760502381));
#1302 = CARTESIAN_POINT('',(811.84377363452,-250.6876050238,0.));
#1303 = CARTESIAN_POINT('',(811.84377363452,-250.6876050238,
    -250.6876050238));
#1304 = CARTESIAN_POINT('',(811.84377363452,0.,-250.6876050238));
#1305 = CARTESIAN_POINT('',(811.84377363452,250.68760502381,
    -250.6876050238));
#1306 = CARTESIAN_POINT('',(811.84377363452,250.68760502381,0.));
#1307 = CARTESIAN_POINT('',(819.68567614031,251.01579789719,0.));
#1308 = CARTESIAN_POINT('',(819.68567614031,251.01579789719,
    251.01579789719));
#1309 = CARTESIAN_POINT('',(819.68567614031,0.,251.01579789719));
#1310 = CARTESIAN_POINT('',(819.68567614031,-251.0157978971,
    251.01579789719));
#1311 = CARTESIAN_POINT('',(819.68567614031,-251.0157978971,0.));
#1312 = CARTESIAN_POINT('',(819.68567614031,-251.0157978971,
    -251.0157978971));
#1313 = CARTESIAN_POINT('',(819.68567614031,0.,-251.0157978971));
#1314 = CARTESIAN_POINT('',(819.68567614031,251.01579789719,
    -251.0157978971));
#1315 = CARTESIAN_POINT('',(819.68567614031,251.01579789719,0.));
#1316 = CARTESIAN_POINT('',(827.5291332781,251.32485606625,0.));
#1317 = CARTESIAN_POINT('',(827.5291332781,251.32485606625,
    251.32485606625));
#1318 = CARTESIAN_POINT('',(827.5291332781,0.,251.32485606625));
#1319 = CARTESIAN_POINT('',(827.5291332781,-251.3248560662,
    251.32485606625));
#1320 = CARTESIAN_POINT('',(827.5291332781,-251.3248560662,0.));
#1321 = CARTESIAN_POINT('',(827.5291332781,-251.3248560662,
    -251.3248560662));
#1322 = CARTESIAN_POINT('',(827.5291332781,0.,-251.3248560662));
#1323 = CARTESIAN_POINT('',(827.5291332781,251.32485606625,
    -251.3248560662));
#1324 = CARTESIAN_POINT('',(827.5291332781,251.32485606625,0.));
#1325 = CARTESIAN_POINT('',(835.37404530977,251.61486310984,0.));
#1326 = CARTESIAN_POINT('',(835.37404530977,251.61486310984,
    251.61486310984));
#1327 = CARTESIAN_POINT('',(835.37404530977,0.,251.61486310984));
#1328 = CARTESIAN_POINT('',(835.37404530977,-251.6148631098,
    251.61486310984));
#1329 = CARTESIAN_POINT('',(835.37404530977,-251.6148631098,0.));
#1330 = CARTESIAN_POINT('',(835.37404530977,-251.6148631098,
    -251.6148631098));
#1331 = CARTESIAN_POINT('',(835.37404530977,0.,-251.6148631098));
#1332 = CARTESIAN_POINT('',(835.37404530977,251.61486310984,
    -251.6148631098));
#1333 = CARTESIAN_POINT('',(835.37404530977,251.61486310984,0.));
#1334 = CARTESIAN_POINT('',(843.2203104198,251.88594640489,0.));
#1335 = CARTESIAN_POINT('',(843.2203104198,251.88594640489,
    251.88594640489));
#1336 = CARTESIAN_POINT('',(843.2203104198,0.,251.88594640489));
#1337 = CARTESIAN_POINT('',(843.2203104198,-251.8859464048,
    251.88594640489));
#1338 = CARTESIAN_POINT('',(843.2203104198,-251.8859464048,0.));
#1339 = CARTESIAN_POINT('',(843.2203104198,-251.8859464048,
    -251.8859464048));
#1340 = CARTESIAN_POINT('',(843.2203104198,0.,-251.8859464048));
#1341 = CARTESIAN_POINT('',(843.2203104198,251.88594640489,
    -251.8859464048));
#1342 = CARTESIAN_POINT('',(843.2203104198,251.88594640489,0.));
#1343 = CARTESIAN_POINT('',(851.0678260016,252.13827910523,0.));
#1344 = CARTESIAN_POINT('',(851.0678260016,252.13827910523,
    252.13827910523));
#1345 = CARTESIAN_POINT('',(851.0678260016,0.,252.13827910523));
#1346 = CARTESIAN_POINT('',(851.0678260016,-252.1382791052,
    252.13827910523));
#1347 = CARTESIAN_POINT('',(851.0678260016,-252.1382791052,0.));
#1348 = CARTESIAN_POINT('',(851.0678260016,-252.1382791052,
    -252.1382791052));
#1349 = CARTESIAN_POINT('',(851.0678260016,0.,-252.1382791052));
#1350 = CARTESIAN_POINT('',(851.0678260016,252.13827910523,
    -252.1382791052));
#1351 = CARTESIAN_POINT('',(851.0678260016,252.13827910523,0.));
#1352 = CARTESIAN_POINT('',(858.91648912017,252.372082075,0.));
#1353 = CARTESIAN_POINT('',(858.91648912017,252.372082075,252.372082075)
  );
#1354 = CARTESIAN_POINT('',(858.91648912017,0.,252.372082075));
#1355 = CARTESIAN_POINT('',(858.91648912017,-252.372082075,252.372082075
    ));
#1356 = CARTESIAN_POINT('',(858.91648912017,-252.372082075,0.));
#1357 = CARTESIAN_POINT('',(858.91648912017,-252.372082075,
    -252.372082075));
#1358 = CARTESIAN_POINT('',(858.91648912017,0.,-252.372082075));
#1359 = CARTESIAN_POINT('',(858.91648912017,252.372082075,-252.372082075
    ));
#1360 = CARTESIAN_POINT('',(858.91648912017,252.372082075,0.));
#1361 = CARTESIAN_POINT('',(866.76619725367,252.5876258199,0.));
#1362 = CARTESIAN_POINT('',(866.76619725367,252.5876258199,
    252.5876258199));
#1363 = CARTESIAN_POINT('',(866.76619725367,0.,252.5876258199));
#1364 = CARTESIAN_POINT('',(866.76619725367,-252.5876258199,
    252.5876258199));
#1365 = CARTESIAN_POINT('',(866.76619725367,-252.5876258199,0.));
#1366 = CARTESIAN_POINT('',(866.76619725367,-252.5876258199,
    -252.5876258199));
#1367 = CARTESIAN_POINT('',(866.76619725367,0.,-252.5876258199));
#1368 = CARTESIAN_POINT('',(866.76619725367,252.5876258199,
    -252.5876258199));
#1369 = CARTESIAN_POINT('',(866.76619725367,252.5876258199,0.));
#1370 = CARTESIAN_POINT('',(874.6168489812,252.78523240318,0.));
#1371 = CARTESIAN_POINT('',(874.6168489812,252.78523240318,
    252.78523240318));
#1372 = CARTESIAN_POINT('',(874.6168489812,0.,252.78523240318));
#1373 = CARTESIAN_POINT('',(874.6168489812,-252.7852324031,
    252.78523240318));
#1374 = CARTESIAN_POINT('',(874.6168489812,-252.7852324031,0.));
#1375 = CARTESIAN_POINT('',(874.6168489812,-252.7852324031,
    -252.7852324031));
#1376 = CARTESIAN_POINT('',(874.6168489812,0.,-252.7852324031));
#1377 = CARTESIAN_POINT('',(874.6168489812,252.78523240318,
    -252.7852324031));
#1378 = CARTESIAN_POINT('',(874.6168489812,252.78523240318,0.));
#1379 = CARTESIAN_POINT('',(882.46834495591,252.96527735347,0.));
#1380 = CARTESIAN_POINT('',(882.46834495591,252.96527735347,
    252.96527735347));
#1381 = CARTESIAN_POINT('',(882.46834495591,0.,252.96527735347));
#1382 = CARTESIAN_POINT('',(882.46834495591,-252.9652773534,
    252.96527735347));
#1383 = CARTESIAN_POINT('',(882.46834495591,-252.9652773534,0.));
#1384 = CARTESIAN_POINT('',(882.46834495591,-252.9652773534,
    -252.9652773534));
#1385 = CARTESIAN_POINT('',(882.46834495591,0.,-252.9652773534));
#1386 = CARTESIAN_POINT('',(882.46834495591,252.96527735347,
    -252.9652773534));
#1387 = CARTESIAN_POINT('',(882.46834495591,252.96527735347,0.));
#1388 = CARTESIAN_POINT('',(890.32058867146,253.1281915519,0.));
#1389 = CARTESIAN_POINT('',(890.32058867146,253.1281915519,
    253.1281915519));
#1390 = CARTESIAN_POINT('',(890.32058867146,0.,253.1281915519));
#1391 = CARTESIAN_POINT('',(890.32058867146,-253.1281915519,
    253.1281915519));
#1392 = CARTESIAN_POINT('',(890.32058867146,-253.1281915519,0.));
#1393 = CARTESIAN_POINT('',(890.32058867146,-253.1281915519,
    -253.1281915519));
#1394 = CARTESIAN_POINT('',(890.32058867146,0.,-253.1281915519));
#1395 = CARTESIAN_POINT('',(890.32058867146,253.1281915519,
    -253.1281915519));
#1396 = CARTESIAN_POINT('',(890.32058867146,253.1281915519,0.));
#1397 = CARTESIAN_POINT('',(898.17348714027,253.27446310464,0.));
#1398 = CARTESIAN_POINT('',(898.17348714027,253.27446310464,
    253.27446310464));
#1399 = CARTESIAN_POINT('',(898.17348714027,0.,253.27446310464));
#1400 = CARTESIAN_POINT('',(898.17348714027,-253.2744631046,
    253.27446310464));
#1401 = CARTESIAN_POINT('',(898.17348714027,-253.2744631046,0.));
#1402 = CARTESIAN_POINT('',(898.17348714027,-253.2744631046,
    -253.2744631046));
#1403 = CARTESIAN_POINT('',(898.17348714027,0.,-253.2744631046));
#1404 = CARTESIAN_POINT('',(898.17348714027,253.27446310464,
    -253.2744631046));
#1405 = CARTESIAN_POINT('',(898.17348714027,253.27446310464,0.));
#1406 = CARTESIAN_POINT('',(906.0269516169,253.40463920473,0.));
#1407 = CARTESIAN_POINT('',(906.0269516169,253.40463920473,
    253.40463920473));
#1408 = CARTESIAN_POINT('',(906.0269516169,0.,253.40463920473));
#1409 = CARTESIAN_POINT('',(906.0269516169,-253.4046392047,
    253.40463920473));
#1410 = CARTESIAN_POINT('',(906.0269516169,-253.4046392047,0.));
#1411 = CARTESIAN_POINT('',(906.0269516169,-253.4046392047,
    -253.4046392047));
#1412 = CARTESIAN_POINT('',(906.0269516169,0.,-253.4046392047));
#1413 = CARTESIAN_POINT('',(906.0269516169,253.40463920473,
    -253.4046392047));
#1414 = CARTESIAN_POINT('',(906.0269516169,253.40463920473,0.));
#1415 = CARTESIAN_POINT('',(913.88089832949,253.51932798365,0.));
#1416 = CARTESIAN_POINT('',(913.88089832949,253.51932798365,
    253.51932798365));
#1417 = CARTESIAN_POINT('',(913.88089832949,0.,253.51932798365));
#1418 = CARTESIAN_POINT('',(913.88089832949,-253.5193279836,
    253.51932798365));
#1419 = CARTESIAN_POINT('',(913.88089832949,-253.5193279836,0.));
#1420 = CARTESIAN_POINT('',(913.88089832949,-253.5193279836,
    -253.5193279836));
#1421 = CARTESIAN_POINT('',(913.88089832949,0.,-253.5193279836));
#1422 = CARTESIAN_POINT('',(913.88089832949,253.51932798365,
    -253.5193279836));
#1423 = CARTESIAN_POINT('',(913.88089832949,253.51932798365,0.));
#1424 = CARTESIAN_POINT('',(921.73524912822,253.61920035317,0.));
#1425 = CARTESIAN_POINT('',(921.73524912822,253.61920035317,
    253.61920035317));
#1426 = CARTESIAN_POINT('',(921.73524912822,0.,253.61920035317));
#1427 = CARTESIAN_POINT('',(921.73524912822,-253.6192003531,
    253.61920035317));
#1428 = CARTESIAN_POINT('',(921.73524912822,-253.6192003531,0.));
#1429 = CARTESIAN_POINT('',(921.73524912822,-253.6192003531,
    -253.6192003531));
#1430 = CARTESIAN_POINT('',(921.73524912822,0.,-253.6192003531));
#1431 = CARTESIAN_POINT('',(921.73524912822,253.61920035317,
    -253.6192003531));
#1432 = CARTESIAN_POINT('',(921.73524912822,253.61920035317,0.));
#1433 = CARTESIAN_POINT('',(929.58993207638,253.70499184051,0.));
#1434 = CARTESIAN_POINT('',(929.58993207638,253.70499184051,
    253.70499184051));
#1435 = CARTESIAN_POINT('',(929.58993207638,0.,253.70499184051));
#1436 = CARTESIAN_POINT('',(929.58993207638,-253.7049918405,
    253.70499184051));
#1437 = CARTESIAN_POINT('',(929.58993207638,-253.7049918405,0.));
#1438 = CARTESIAN_POINT('',(929.58993207638,-253.7049918405,
    -253.7049918405));
#1439 = CARTESIAN_POINT('',(929.58993207638,0.,-253.7049918405));
#1440 = CARTESIAN_POINT('',(929.58993207638,253.70499184051,
    -253.7049918405));
#1441 = CARTESIAN_POINT('',(929.58993207638,253.70499184051,0.));
#1442 = CARTESIAN_POINT('',(937.4448819407,253.77750442001,0.));
#1443 = CARTESIAN_POINT('',(937.4448819407,253.77750442001,
    253.77750442001));
#1444 = CARTESIAN_POINT('',(937.4448819407,0.,253.77750442001));
#1445 = CARTESIAN_POINT('',(937.4448819407,-253.77750442,253.77750442001
    ));
#1446 = CARTESIAN_POINT('',(937.4448819407,-253.77750442,0.));
#1447 = CARTESIAN_POINT('',(937.4448819407,-253.77750442,-253.77750442)
  );
#1448 = CARTESIAN_POINT('',(937.4448819407,0.,-253.77750442));
#1449 = CARTESIAN_POINT('',(937.4448819407,253.77750442001,-253.77750442
    ));
#1450 = CARTESIAN_POINT('',(937.4448819407,253.77750442001,0.));
#1451 = CARTESIAN_POINT('',(945.30004057827,253.83760834445,0.));
#1452 = CARTESIAN_POINT('',(945.30004057827,253.83760834445,
    253.83760834445));
#1453 = CARTESIAN_POINT('',(945.30004057827,0.,253.83760834445));
#1454 = CARTESIAN_POINT('',(945.30004057827,-253.8376083444,
    253.83760834445));
#1455 = CARTESIAN_POINT('',(945.30004057827,-253.8376083444,0.));
#1456 = CARTESIAN_POINT('',(945.30004057827,-253.8376083444,
    -253.8376083444));
#1457 = CARTESIAN_POINT('',(945.30004057827,0.,-253.8376083444));
#1458 = CARTESIAN_POINT('',(945.30004057827,253.83760834445,
    -253.8376083444));
#1459 = CARTESIAN_POINT('',(945.30004057827,253.83760834445,0.));
#1460 = CARTESIAN_POINT('',(953.15535725798,253.88624398015,0.));
#1461 = CARTESIAN_POINT('',(953.15535725798,253.88624398015,
    253.88624398015));
#1462 = CARTESIAN_POINT('',(953.15535725798,0.,253.88624398015));
#1463 = CARTESIAN_POINT('',(953.15535725798,-253.8862439801,
    253.88624398015));
#1464 = CARTESIAN_POINT('',(953.15535725798,-253.8862439801,0.));
#1465 = CARTESIAN_POINT('',(953.15535725798,-253.8862439801,
    -253.8862439801));
#1466 = CARTESIAN_POINT('',(953.15535725798,0.,-253.8862439801));
#1467 = CARTESIAN_POINT('',(953.15535725798,253.88624398015,
    -253.8862439801));
#1468 = CARTESIAN_POINT('',(953.15535725798,253.88624398015,0.));
#1469 = CARTESIAN_POINT('',(961.01078879655,253.92442364868,0.));
#1470 = CARTESIAN_POINT('',(961.01078879655,253.92442364868,
    253.92442364868));
#1471 = CARTESIAN_POINT('',(961.01078879655,0.,253.92442364868));
#1472 = CARTESIAN_POINT('',(961.01078879655,-253.9244236486,
    253.92442364868));
#1473 = CARTESIAN_POINT('',(961.01078879655,-253.9244236486,0.));
#1474 = CARTESIAN_POINT('',(961.01078879655,-253.9244236486,
    -253.9244236486));
#1475 = CARTESIAN_POINT('',(961.01078879655,0.,-253.9244236486));
#1476 = CARTESIAN_POINT('',(961.01078879655,253.92442364868,
    -253.9244236486));
#1477 = CARTESIAN_POINT('',(961.01078879655,253.92442364868,0.));
#1478 = CARTESIAN_POINT('',(968.86629956761,253.95323347966,0.));
#1479 = CARTESIAN_POINT('',(968.86629956761,253.95323347966,
    253.95323347966));
#1480 = CARTESIAN_POINT('',(968.86629956761,0.,253.95323347966));
#1481 = CARTESIAN_POINT('',(968.86629956761,-253.9532334796,
    253.95323347966));
#1482 = CARTESIAN_POINT('',(968.86629956761,-253.9532334796,0.));
#1483 = CARTESIAN_POINT('',(968.86629956761,-253.9532334796,
    -253.9532334796));
#1484 = CARTESIAN_POINT('',(968.86629956761,0.,-253.9532334796));
#1485 = CARTESIAN_POINT('',(968.86629956761,253.95323347966,
    -253.9532334796));
#1486 = CARTESIAN_POINT('',(968.86629956761,253.95323347966,0.));
#1487 = CARTESIAN_POINT('',(976.7218613372,253.97383527799,0.));
#1488 = CARTESIAN_POINT('',(976.7218613372,253.97383527799,
    253.97383527799));
#1489 = CARTESIAN_POINT('',(976.7218613372,0.,253.97383527799));
#1490 = CARTESIAN_POINT('',(976.7218613372,-253.9738352779,
    253.97383527799));
#1491 = CARTESIAN_POINT('',(976.7218613372,-253.9738352779,0.));
#1492 = CARTESIAN_POINT('',(976.7218613372,-253.9738352779,
    -253.9738352779));
#1493 = CARTESIAN_POINT('',(976.7218613372,0.,-253.9738352779));
#1494 = CARTESIAN_POINT('',(976.7218613372,253.97383527799,
    -253.9738352779));
#1495 = CARTESIAN_POINT('',(976.7218613372,253.97383527799,0.));
#1496 = CARTESIAN_POINT('',(984.57745290595,253.98746840877,0.));
#1497 = CARTESIAN_POINT('',(984.57745290595,253.98746840877,
    253.98746840877));
#1498 = CARTESIAN_POINT('',(984.57745290595,0.,253.98746840877));
#1499 = CARTESIAN_POINT('',(984.57745290595,-253.9874684087,
    253.98746840877));
#1500 = CARTESIAN_POINT('',(984.57745290595,-253.9874684087,0.));
#1501 = CARTESIAN_POINT('',(984.57745290595,-253.9874684087,
    -253.9874684087));
#1502 = CARTESIAN_POINT('',(984.57745290595,0.,-253.9874684087));
#1503 = CARTESIAN_POINT('',(984.57745290595,253.98746840877,
    -253.9874684087));
#1504 = CARTESIAN_POINT('',(984.57745290595,253.98746840877,0.));
#1505 = CARTESIAN_POINT('',(992.4330595293,253.99545170302,0.));
#1506 = CARTESIAN_POINT('',(992.4330595293,253.99545170302,
    253.99545170302));
#1507 = CARTESIAN_POINT('',(992.4330595293,0.,253.99545170302));
#1508 = CARTESIAN_POINT('',(992.4330595293,-253.995451703,
    253.99545170302));
#1509 = CARTESIAN_POINT('',(992.4330595293,-253.995451703,0.));
#1510 = CARTESIAN_POINT('',(992.4330595293,-253.995451703,-253.995451703
    ));
#1511 = CARTESIAN_POINT('',(992.4330595293,0.,-253.995451703));
#1512 = CARTESIAN_POINT('',(992.4330595293,253.99545170302,
    -253.995451703));
#1513 = CARTESIAN_POINT('',(992.4330595293,253.99545170302,0.));
#1514 = CARTESIAN_POINT('',(1.000288672098E+03,253.99918538382,0.));
#1515 = CARTESIAN_POINT('',(1.000288672098E+03,253.99918538382,
    253.99918538382));
#1516 = CARTESIAN_POINT('',(1.000288672098E+03,0.,253.99918538382));
#1517 = CARTESIAN_POINT('',(1.000288672098E+03,-253.9991853838,
    253.99918538382));
#1518 = CARTESIAN_POINT('',(1.000288672098E+03,-253.9991853838,0.));
#1519 = CARTESIAN_POINT('',(1.000288672098E+03,-253.9991853838,
    -253.9991853838));
#1520 = CARTESIAN_POINT('',(1.000288672098E+03,0.,-253.9991853838));
#1521 = CARTESIAN_POINT('',(1.000288672098E+03,253.99918538382,
    -253.9991853838));
#1522 = CARTESIAN_POINT('',(1.000288672098E+03,253.99918538382,0.));
#1523 = CARTESIAN_POINT('',(1.008144286046E+03,254.00015302233,0.));
#1524 = CARTESIAN_POINT('',(1.008144286046E+03,254.00015302233,
    254.00015302233));
#1525 = CARTESIAN_POINT('',(1.008144286046E+03,0.,254.00015302233));
#1526 = CARTESIAN_POINT('',(1.008144286046E+03,-254.0001530223,
    254.00015302233));
#1527 = CARTESIAN_POINT('',(1.008144286046E+03,-254.0001530223,0.));
#1528 = CARTESIAN_POINT('',(1.008144286046E+03,-254.0001530223,
    -254.0001530223));
#1529 = CARTESIAN_POINT('',(1.008144286046E+03,0.,-254.0001530223));
#1530 = CARTESIAN_POINT('',(1.008144286046E+03,254.00015302233,
    -254.0001530223));
#1531 = CARTESIAN_POINT('',(1.008144286046E+03,254.00015302233,0.));
#1532 = CARTESIAN_POINT('',(1.013381362009E+03,254.,0.));
#1533 = CARTESIAN_POINT('',(1.013381362009E+03,254.,254.));
#1534 = CARTESIAN_POINT('',(1.013381362009E+03,0.,254.));
#1535 = CARTESIAN_POINT('',(1.013381362009E+03,-254.,254.));
#1536 = CARTESIAN_POINT('',(1.013381362009E+03,-254.,0.));
#1537 = CARTESIAN_POINT('',(1.013381362009E+03,-254.,-254.));
#1538 = CARTESIAN_POINT('',(1.013381362009E+03,0.,-254.));
#1539 = CARTESIAN_POINT('',(1.013381362009E+03,254.,-254.));
#1540 = CARTESIAN_POINT('',(1.013381362009E+03,254.,0.));
#1541 = CARTESIAN_POINT('',(1.0159999E+03,254.,0.));
#1542 = CARTESIAN_POINT('',(1.0159999E+03,254.,254.));
#1543 = CARTESIAN_POINT('',(1.0159999E+03,0.,254.));
#1544 = CARTESIAN_POINT('',(1.0159999E+03,-254.,254.));
#1545 = CARTESIAN_POINT('',(1.0159999E+03,-254.,0.));
#1546 = CARTESIAN_POINT('',(1.0159999E+03,-254.,-254.));
#1547 = CARTESIAN_POINT('',(1.0159999E+03,0.,-254.));
#1548 = CARTESIAN_POINT('',(1.0159999E+03,254.,-254.));
#1549 = CARTESIAN_POINT('',(1.0159999E+03,254.,0.));
#1550 = DEFINITIONAL_REPRESENTATION('',(#1551),#1555);
#1551 = LINE('',#1552,#1553);
#1552 = CARTESIAN_POINT('',(0.,0.));
#1553 = VECTOR('',#1554,1.);
#1554 = DIRECTION('',(1.,0.));
#1555 = ( GEOMETRIC_REPRESENTATION_CONTEXT(2) 
PARAMETRIC_REPRESENTATION_CONTEXT() REPRESENTATION_CONTEXT('2D SPACE',''
  ) );
#1556 = PCURVE('',#181,#1557);
#1557 = DEFINITIONAL_REPRESENTATION('',(#1558),#1562);
#1558 = LINE('',#1559,#1560);
#1559 = CARTESIAN_POINT('',(0.,1.));
#1560 = VECTOR('',#1561,1.);
#1561 = DIRECTION('',(1.,0.));
#1562 = ( GEOMETRIC_REPRESENTATION_CONTEXT(2) 
PARAMETRIC_REPRESENTATION_CONTEXT() REPRESENTATION_CONTEXT('2D SPACE',''
  ) );
#1563 = ORIENTED_EDGE('',*,*,#1564,.T.);
#1564 = EDGE_CURVE('',#24,#24,#1565,.T.);
#1565 = SURFACE_CURVE('',#1566,(#1576,#1583),.PCURVE_S1.);
#1566 = ( BOUNDED_CURVE() B_SPLINE_CURVE(2,(#1567,#1568,#1569,#1570,
    #1571,#1572,#1573,#1574,#1575),.UNSPECIFIED.,.T.,.F.) 
B_SPLINE_CURVE_WITH_KNOTS((3,2,2,2,3),(0.,0.25,0.5,0.75,1.),
.PIECEWISE_BEZIER_KNOTS.) CURVE() GEOMETRIC_REPRESENTATION_ITEM() 
RATIONAL_B_SPLINE_CURVE((1.,0.707106781187,1.,0.707106781187,1.,
0.707106781187,1.,0.707106781187,1.)) REPRESENTATION_ITEM('') );
#1567 = CARTESIAN_POINT('',(1.0159999E+03,254.,0.));
#1568 = CARTESIAN_POINT('',(1.0159999E+03,254.,254.));
#1569 = CARTESIAN_POINT('',(1.0159999E+03,0.,254.));
#1570 = CARTESIAN_POINT('',(1.0159999E+03,-254.,254.));
#1571 = CARTESIAN_POINT('',(1.0159999E+03,-254.,0.));
#1572 = CARTESIAN_POINT('',(1.0159999E+03,-254.,-254.));
#1573 = CARTESIAN_POINT('',(1.0159999E+03,0.,-254.));
#1574 = CARTESIAN_POINT('',(1.0159999E+03,254.,-254.));
#1575 = CARTESIAN_POINT('',(1.0159999E+03,254.,0.));
#1576 = PCURVE('',#181,#1577);
#1577 = DEFINITIONAL_REPRESENTATION('',(#1578),#1582);
#1578 = LINE('',#1579,#1580);
#1579 = CARTESIAN_POINT('',(1.170474091812E+03,0.));
#1580 = VECTOR('',#1581,1.);
#1581 = DIRECTION('',(0.,1.));
#1582 = ( GEOMETRIC_REPRESENTATION_CONTEXT(2) 
PARAMETRIC_REPRESENTATION_CONTEXT() REPRESENTATION_CONTEXT('2D SPACE',''
  ) );
#1583 = PCURVE('',#1584,#1630);
#1584 = ( BOUNDED_SURFACE() B_SPLINE_SURFACE(3,2,(
    (#1585,#1586,#1587,#1588,#1589,#1590,#1591,#1592,#1593)
    ,(#1594,#1595,#1596,#1597,#1598,#1599,#1600,#1601,#1602)
    ,(#1603,#1604,#1605,#1606,#1607,#1608,#1609,#1610,#1611)
    ,(#1612,#1613,#1614,#1615,#1616,#1617,#1618,#1619,#1620)
    ,(#1621,#1622,#1623,#1624,#1625,#1626,#1627,#1628,#1629
)),.UNSPECIFIED.,.F.,.T.,.F.) B_SPLINE_SURFACE_WITH_KNOTS((4,1,4),(3,2,2
    ,2,3),(0.,1.114425E+03,2.22885E+03),(0.,0.25,0.5,0.75,1.),
.UNSPECIFIED.) GEOMETRIC_REPRESENTATION_ITEM() RATIONAL_B_SPLINE_SURFACE
((
    (1.,0.707106781187,1.,0.707106781187,1.,0.707106781187,1.
      ,0.707106781187,1.)
    ,(1.,0.707106781187,1.,0.707106781187,1.,0.707106781187,1.
      ,0.707106781187,1.)
    ,(1.,0.707106781187,1.,0.707106781187,1.,0.707106781187,1.
      ,0.707106781187,1.)
    ,(1.,0.707106781187,1.,0.707106781187,1.,0.707106781187,1.
      ,0.707106781187,1.)
    ,(1.,0.707106781187,1.,0.707106781187,1.,0.707106781187,1.
,0.707106781187,1.))) REPRESENTATION_ITEM('') SURFACE() );
#1585 = CARTESIAN_POINT('',(1.0159999E+03,254.,0.));
#1586 = CARTESIAN_POINT('',(1.0159999E+03,254.,254.));
#1587 = CARTESIAN_POINT('',(1.0159999E+03,0.,254.));
#1588 = CARTESIAN_POINT('',(1.0159999E+03,-254.,254.));
#1589 = CARTESIAN_POINT('',(1.0159999E+03,-254.,0.));
#1590 = CARTESIAN_POINT('',(1.0159999E+03,-254.,-254.));
#1591 = CARTESIAN_POINT('',(1.0159999E+03,0.,-254.));
#1592 = CARTESIAN_POINT('',(1.0159999E+03,254.,-254.));
#1593 = CARTESIAN_POINT('',(1.0159999E+03,254.,0.));
#1594 = CARTESIAN_POINT('',(1.3874749E+03,254.,0.));
#1595 = CARTESIAN_POINT('',(1.3874749E+03,254.,254.));
#1596 = CARTESIAN_POINT('',(1.3874749E+03,0.,254.));
#1597 = CARTESIAN_POINT('',(1.3874749E+03,-254.,254.));
#1598 = CARTESIAN_POINT('',(1.3874749E+03,-254.,0.));
#1599 = CARTESIAN_POINT('',(1.3874749E+03,-254.,-254.));
#1600 = CARTESIAN_POINT('',(1.3874749E+03,0.,-254.));
#1601 = CARTESIAN_POINT('',(1.3874749E+03,254.,-254.));
#1602 = CARTESIAN_POINT('',(1.3874749E+03,254.,0.));
#1603 = CARTESIAN_POINT('',(2.1304249E+03,254.,0.));
#1604 = CARTESIAN_POINT('',(2.1304249E+03,254.,254.));
#1605 = CARTESIAN_POINT('',(2.1304249E+03,0.,254.));
#1606 = CARTESIAN_POINT('',(2.1304249E+03,-254.,254.));
#1607 = CARTESIAN_POINT('',(2.1304249E+03,-254.,0.));
#1608 = CARTESIAN_POINT('',(2.1304249E+03,-254.,-254.));
#1609 = CARTESIAN_POINT('',(2.1304249E+03,0.,-254.));
#1610 = CARTESIAN_POINT('',(2.1304249E+03,254.,-254.));
#1611 = CARTESIAN_POINT('',(2.1304249E+03,254.,0.));
#1612 = CARTESIAN_POINT('',(2.8733749E+03,254.,0.));
#1613 = CARTESIAN_POINT('',(2.8733749E+03,254.,254.));
#1614 = CARTESIAN_POINT('',(2.8733749E+03,0.,254.));
#1615 = CARTESIAN_POINT('',(2.8733749E+03,-254.,254.));
#1616 = CARTESIAN_POINT('',(2.8733749E+03,-254.,0.));
#1617 = CARTESIAN_POINT('',(2.8733749E+03,-254.,-254.));
#1618 = CARTESIAN_POINT('',(2.8733749E+03,0.,-254.));
#1619 = CARTESIAN_POINT('',(2.8733749E+03,254.,-254.));
#1620 = CARTESIAN_POINT('',(2.8733749E+03,254.,0.));
#1621 = CARTESIAN_POINT('',(3.2448499E+03,254.,0.));
#1622 = CARTESIAN_POINT('',(3.2448499E+03,254.,254.));
#1623 = CARTESIAN_POINT('',(3.2448499E+03,0.,254.));
#1624 = CARTESIAN_POINT('',(3.2448499E+03,-254.,254.));
#1625 = CARTESIAN_POINT('',(3.2448499E+03,-254.,0.));
#1626 = CARTESIAN_POINT('',(3.2448499E+03,-254.,-254.));
#1627 = CARTESIAN_POINT('',(3.2448499E+03,0.,-254.));
#1628 = CARTESIAN_POINT('',(3.2448499E+03,254.,-254.));
#1629 = CARTESIAN_POINT('',(3.2448499E+03,254.,0.));
#1630 = DEFINITIONAL_REPRESENTATION('',(#1631),#1635);
#1631 = LINE('',#1632,#1633);
#1632 = CARTESIAN_POINT('',(0.,0.));
#1633 = VECTOR('',#1634,1.);
#1634 = DIRECTION('',(0.,1.));
#1635 = ( GEOMETRIC_REPRESENTATION_CONTEXT(2) 
PARAMETRIC_REPRESENTATION_CONTEXT() REPRESENTATION_CONTEXT('2D SPACE',''
  ) );
#1636 = ORIENTED_EDGE('',*,*,#21,.F.);
#1637 = ADVANCED_FACE('',(#1638),#1584,.F.);
#1638 = FACE_BOUND('',#1639,.F.);
#1639 = EDGE_LOOP('',(#1640,#1641,#1666,#3062));
#1640 = ORIENTED_EDGE('',*,*,#1564,.F.);
#1641 = ORIENTED_EDGE('',*,*,#1642,.T.);
#1642 = EDGE_CURVE('',#24,#1643,#1645,.T.);
#1643 = VERTEX_POINT('',#1644);
#1644 = CARTESIAN_POINT('',(3.2448499E+03,254.,0.));
#1645 = SEAM_CURVE('',#1646,(#1652,#1659),.PCURVE_S1.);
#1646 = B_SPLINE_CURVE_WITH_KNOTS('',3,(#1647,#1648,#1649,#1650,#1651),
  .UNSPECIFIED.,.F.,.F.,(4,1,4),(0.,1.114425E+03,2.22885E+03),
  .UNSPECIFIED.);
#1647 = CARTESIAN_POINT('',(1.0159999E+03,254.,0.));
#1648 = CARTESIAN_POINT('',(1.3874749E+03,254.,0.));
#1649 = CARTESIAN_POINT('',(2.1304249E+03,254.,0.));
#1650 = CARTESIAN_POINT('',(2.8733749E+03,254.,0.));
#1651 = CARTESIAN_POINT('',(3.2448499E+03,254.,0.));
#1652 = PCURVE('',#1584,#1653);
#1653 = DEFINITIONAL_REPRESENTATION('',(#1654),#1658);
#1654 = LINE('',#1655,#1656);
#1655 = CARTESIAN_POINT('',(0.,0.));
#1656 = VECTOR('',#1657,1.);
#1657 = DIRECTION('',(1.,0.));
#1658 = ( GEOMETRIC_REPRESENTATION_CONTEXT(2) 
PARAMETRIC_REPRESENTATION_CONTEXT() REPRESENTATION_CONTEXT('2D SPACE',''
  ) );
#1659 = PCURVE('',#1584,#1660);
#1660 = DEFINITIONAL_REPRESENTATION('',(#1661),#1665);
#1661 = LINE('',#1662,#1663);
#1662 = CARTESIAN_POINT('',(0.,1.));
#1663 = VECTOR('',#1664,1.);
#1664 = DIRECTION('',(1.,0.));
#1665 = ( GEOMETRIC_REPRESENTATION_CONTEXT(2) 
PARAMETRIC_REPRESENTATION_CONTEXT() REPRESENTATION_CONTEXT('2D SPACE',''
  ) );
#1666 = ORIENTED_EDGE('',*,*,#1667,.T.);
#1667 = EDGE_CURVE('',#1643,#1643,#1668,.T.);
#1668 = SURFACE_CURVE('',#1669,(#1679,#1686),.PCURVE_S1.);
#1669 = ( BOUNDED_CURVE() B_SPLINE_CURVE(2,(#1670,#1671,#1672,#1673,
    #1674,#1675,#1676,#1677,#1678),.UNSPECIFIED.,.T.,.F.) 
B_SPLINE_CURVE_WITH_KNOTS((3,2,2,2,3),(0.,0.25,0.5,0.75,1.),
.PIECEWISE_BEZIER_KNOTS.) CURVE() GEOMETRIC_REPRESENTATION_ITEM() 
RATIONAL_B_SPLINE_CURVE((1.,0.707106781187,1.,0.707106781187,1.,
0.707106781187,1.,0.707106781187,1.)) REPRESENTATION_ITEM('') );
#1670 = CARTESIAN_POINT('',(3.2448499E+03,254.,0.));
#1671 = CARTESIAN_POINT('',(3.2448499E+03,254.,254.));
#1672 = CARTESIAN_POINT('',(3.2448499E+03,0.,254.));
#1673 = CARTESIAN_POINT('',(3.2448499E+03,-254.,254.));
#1674 = CARTESIAN_POINT('',(3.2448499E+03,-254.,0.));
#1675 = CARTESIAN_POINT('',(3.2448499E+03,-254.,-254.));
#1676 = CARTESIAN_POINT('',(3.2448499E+03,0.,-254.));
#1677 = CARTESIAN_POINT('',(3.2448499E+03,254.,-254.));
#1678 = CARTESIAN_POINT('',(3.2448499E+03,254.,0.));
#1679 = PCURVE('',#1584,#1680);
#1680 = DEFINITIONAL_REPRESENTATION('',(#1681),#1685);
#1681 = LINE('',#1682,#1683);
#1682 = CARTESIAN_POINT('',(2.22885E+03,0.));
#1683 = VECTOR('',#1684,1.);
#1684 = DIRECTION('',(0.,1.));
#1685 = ( GEOMETRIC_REPRESENTATION_CONTEXT(2) 
PARAMETRIC_REPRESENTATION_CONTEXT() REPRESENTATION_CONTEXT('2D SPACE',''
  ) );
#1686 = PCURVE('',#1687,#3056);
#1687 = ( BOUNDED_SURFACE() B_SPLINE_SURFACE(3,2,(
    (#1688,#1689,#1690,#1691,#1692,#1693,#1694,#1695,#1696)
    ,(#1697,#1698,#1699,#1700,#1701,#1702,#1703,#1704,#1705)
    ,(#1706,#1707,#1708,#1709,#1710,#1711,#1712,#1713,#1714)
    ,(#1715,#1716,#1717,#1718,#1719,#1720,#1721,#1722,#1723)
    ,(#1724,#1725,#1726,#1727,#1728,#1729,#1730,#1731,#1732)
    ,(#1733,#1734,#1735,#1736,#1737,#1738,#1739,#1740,#1741)
    ,(#1742,#1743,#1744,#1745,#1746,#1747,#1748,#1749,#1750)
    ,(#1751,#1752,#1753,#1754,#1755,#1756,#1757,#1758,#1759)
    ,(#1760,#1761,#1762,#1763,#1764,#1765,#1766,#1767,#1768)
    ,(#1769,#1770,#1771,#1772,#1773,#1774,#1775,#1776,#1777)
    ,(#1778,#1779,#1780,#1781,#1782,#1783,#1784,#1785,#1786)
    ,(#1787,#1788,#1789,#1790,#1791,#1792,#1793,#1794,#1795)
    ,(#1796,#1797,#1798,#1799,#1800,#1801,#1802,#1803,#1804)
    ,(#1805,#1806,#1807,#1808,#1809,#1810,#1811,#1812,#1813)
    ,(#1814,#1815,#1816,#1817,#1818,#1819,#1820,#1821,#1822)
    ,(#1823,#1824,#1825,#1826,#1827,#1828,#1829,#1830,#1831)
    ,(#1832,#1833,#1834,#1835,#1836,#1837,#1838,#1839,#1840)
    ,(#1841,#1842,#1843,#1844,#1845,#1846,#1847,#1848,#1849)
    ,(#1850,#1851,#1852,#1853,#1854,#1855,#1856,#1857,#1858)
    ,(#1859,#1860,#1861,#1862,#1863,#1864,#1865,#1866,#1867)
    ,(#1868,#1869,#1870,#1871,#1872,#1873,#1874,#1875,#1876)
    ,(#1877,#1878,#1879,#1880,#1881,#1882,#1883,#1884,#1885)
    ,(#1886,#1887,#1888,#1889,#1890,#1891,#1892,#1893,#1894)
    ,(#1895,#1896,#1897,#1898,#1899,#1900,#1901,#1902,#1903)
    ,(#1904,#1905,#1906,#1907,#1908,#1909,#1910,#1911,#1912)
    ,(#1913,#1914,#1915,#1916,#1917,#1918,#1919,#1920,#1921)
    ,(#1922,#1923,#1924,#1925,#1926,#1927,#1928,#1929,#1930)
    ,(#1931,#1932,#1933,#1934,#1935,#1936,#1937,#1938,#1939)
    ,(#1940,#1941,#1942,#1943,#1944,#1945,#1946,#1947,#1948)
    ,(#1949,#1950,#1951,#1952,#1953,#1954,#1955,#1956,#1957)
    ,(#1958,#1959,#1960,#1961,#1962,#1963,#1964,#1965,#1966)
    ,(#1967,#1968,#1969,#1970,#1971,#1972,#1973,#1974,#1975)
    ,(#1976,#1977,#1978,#1979,#1980,#1981,#1982,#1983,#1984)
    ,(#1985,#1986,#1987,#1988,#1989,#1990,#1991,#1992,#1993)
    ,(#1994,#1995,#1996,#1997,#1998,#1999,#2000,#2001,#2002)
    ,(#2003,#2004,#2005,#2006,#2007,#2008,#2009,#2010,#2011)
    ,(#2012,#2013,#2014,#2015,#2016,#2017,#2018,#2019,#2020)
    ,(#2021,#2022,#2023,#2024,#2025,#2026,#2027,#2028,#2029)
    ,(#2030,#2031,#2032,#2033,#2034,#2035,#2036,#2037,#2038)
    ,(#2039,#2040,#2041,#2042,#2043,#2044,#2045,#2046,#2047)
    ,(#2048,#2049,#2050,#2051,#2052,#2053,#2054,#2055,#2056)
    ,(#2057,#2058,#2059,#2060,#2061,#2062,#2063,#2064,#2065)
    ,(#2066,#2067,#2068,#2069,#2070,#2071,#2072,#2073,#2074)
    ,(#2075,#2076,#2077,#2078,#2079,#2080,#2081,#2082,#2083)
    ,(#2084,#2085,#2086,#2087,#2088,#2089,#2090,#2091,#2092)
    ,(#2093,#2094,#2095,#2096,#2097,#2098,#2099,#2100,#2101)
    ,(#2102,#2103,#2104,#2105,#2106,#2107,#2108,#2109,#2110)
    ,(#2111,#2112,#2113,#2114,#2115,#2116,#2117,#2118,#2119)
    ,(#2120,#2121,#2122,#2123,#2124,#2125,#2126,#2127,#2128)
    ,(#2129,#2130,#2131,#2132,#2133,#2134,#2135,#2136,#2137)
    ,(#2138,#2139,#2140,#2141,#2142,#2143,#2144,#2145,#2146)
    ,(#2147,#2148,#2149,#2150,#2151,#2152,#2153,#2154,#2155)
    ,(#2156,#2157,#2158,#2159,#2160,#2161,#2162,#2163,#2164)
    ,(#2165,#2166,#2167,#2168,#2169,#2170,#2171,#2172,#2173)
    ,(#2174,#2175,#2176,#2177,#2178,#2179,#2180,#2181,#2182)
    ,(#2183,#2184,#2185,#2186,#2187,#2188,#2189,#2190,#2191)
    ,(#2192,#2193,#2194,#2195,#2196,#2197,#2198,#2199,#2200)
    ,(#2201,#2202,#2203,#2204,#2205,#2206,#2207,#2208,#2209)
    ,(#2210,#2211,#2212,#2213,#2214,#2215,#2216,#2217,#2218)
    ,(#2219,#2220,#2221,#2222,#2223,#2224,#2225,#2226,#2227)
    ,(#2228,#2229,#2230,#2231,#2232,#2233,#2234,#2235,#2236)
    ,(#2237,#2238,#2239,#2240,#2241,#2242,#2243,#2244,#2245)
    ,(#2246,#2247,#2248,#2249,#2250,#2251,#2252,#2253,#2254)
    ,(#2255,#2256,#2257,#2258,#2259,#2260,#2261,#2262,#2263)
    ,(#2264,#2265,#2266,#2267,#2268,#2269,#2270,#2271,#2272)
    ,(#2273,#2274,#2275,#2276,#2277,#2278,#2279,#2280,#2281)
    ,(#2282,#2283,#2284,#2285,#2286,#2287,#2288,#2289,#2290)
    ,(#2291,#2292,#2293,#2294,#2295,#2296,#2297,#2298,#2299)
    ,(#2300,#2301,#2302,#2303,#2304,#2305,#2306,#2307,#2308)
    ,(#2309,#2310,#2311,#2312,#2313,#2314,#2315,#2316,#2317)
    ,(#2318,#2319,#2320,#2321,#2322,#2323,#2324,#2325,#2326)
    ,(#2327,#2328,#2329,#2330,#2331,#2332,#2333,#2334,#2335)
    ,(#2336,#2337,#2338,#2339,#2340,#2341,#2342,#2343,#2344)
    ,(#2345,#2346,#2347,#2348,#2349,#2350,#2351,#2352,#2353)
    ,(#2354,#2355,#2356,#2357,#2358,#2359,#2360,#2361,#2362)
    ,(#2363,#2364,#2365,#2366,#2367,#2368,#2369,#2370,#2371)
    ,(#2372,#2373,#2374,#2375,#2376,#2377,#2378,#2379,#2380)
    ,(#2381,#2382,#2383,#2384,#2385,#2386,#2387,#2388,#2389)
    ,(#2390,#2391,#2392,#2393,#2394,#2395,#2396,#2397,#2398)
    ,(#2399,#2400,#2401,#2402,#2403,#2404,#2405,#2406,#2407)
    ,(#2408,#2409,#2410,#2411,#2412,#2413,#2414,#2415,#2416)
    ,(#2417,#2418,#2419,#2420,#2421,#2422,#2423,#2424,#2425)
    ,(#2426,#2427,#2428,#2429,#2430,#2431,#2432,#2433,#2434)
    ,(#2435,#2436,#2437,#2438,#2439,#2440,#2441,#2442,#2443)
    ,(#2444,#2445,#2446,#2447,#2448,#2449,#2450,#2451,#2452)
    ,(#2453,#2454,#2455,#2456,#2457,#2458,#2459,#2460,#2461)
    ,(#2462,#2463,#2464,#2465,#2466,#2467,#2468,#2469,#2470)
    ,(#2471,#2472,#2473,#2474,#2475,#2476,#2477,#2478,#2479)
    ,(#2480,#2481,#2482,#2483,#2484,#2485,#2486,#2487,#2488)
    ,(#2489,#2490,#2491,#2492,#2493,#2494,#2495,#2496,#2497)
    ,(#2498,#2499,#2500,#2501,#2502,#2503,#2504,#2505,#2506)
    ,(#2507,#2508,#2509,#2510,#2511,#2512,#2513,#2514,#2515)
    ,(#2516,#2517,#2518,#2519,#2520,#2521,#2522,#2523,#2524)
    ,(#2525,#2526,#2527,#2528,#2529,#2530,#2531,#2532,#2533)
    ,(#2534,#2535,#2536,#2537,#2538,#2539,#2540,#2541,#2542)
    ,(#2543,#2544,#2545,#2546,#2547,#2548,#2549,#2550,#2551)
    ,(#2552,#2553,#2554,#2555,#2556,#2557,#2558,#2559,#2560)
    ,(#2561,#2562,#2563,#2564,#2565,#2566,#2567,#2568,#2569)
    ,(#2570,#2571,#2572,#2573,#2574,#2575,#2576,#2577,#2578)
    ,(#2579,#2580,#2581,#2582,#2583,#2584,#2585,#2586,#2587)
    ,(#2588,#2589,#2590,#2591,#2592,#2593,#2594,#2595,#2596)
    ,(#2597,#2598,#2599,#2600,#2601,#2602,#2603,#2604,#2605)
    ,(#2606,#2607,#2608,#2609,#2610,#2611,#2612,#2613,#2614)
    ,(#2615,#2616,#2617,#2618,#2619,#2620,#2621,#2622,#2623)
    ,(#2624,#2625,#2626,#2627,#2628,#2629,#2630,#2631,#2632)
    ,(#2633,#2634,#2635,#2636,#2637,#2638,#2639,#2640,#2641)
    ,(#2642,#2643,#2644,#2645,#2646,#2647,#2648,#2649,#2650)
    ,(#2651,#2652,#2653,#2654,#2655,#2656,#2657,#2658,#2659)
    ,(#2660,#2661,#2662,#2663,#2664,#2665,#2666,#2667,#2668)
    ,(#2669,#2670,#2671,#2672,#2673,#2674,#2675,#2676,#2677)
    ,(#2678,#2679,#2680,#2681,#2682,#2683,#2684,#2685,#2686)
    ,(#2687,#2688,#2689,#2690,#2691,#2692,#2693,#2694,#2695)
    ,(#2696,#2697,#2698,#2699,#2700,#2701,#2702,#2703,#2704)
    ,(#2705,#2706,#2707,#2708,#2709,#2710,#2711,#2712,#2713)
    ,(#2714,#2715,#2716,#2717,#2718,#2719,#2720,#2721,#2722)
    ,(#2723,#2724,#2725,#2726,#2727,#2728,#2729,#2730,#2731)
    ,(#2732,#2733,#2734,#2735,#2736,#2737,#2738,#2739,#2740)
    ,(#2741,#2742,#2743,#2744,#2745,#2746,#2747,#2748,#2749)
    ,(#2750,#2751,#2752,#2753,#2754,#2755,#2756,#2757,#2758)
    ,(#2759,#2760,#2761,#2762,#2763,#2764,#2765,#2766,#2767)
    ,(#2768,#2769,#2770,#2771,#2772,#2773,#2774,#2775,#2776)
    ,(#2777,#2778,#2779,#2780,#2781,#2782,#2783,#2784,#2785)
    ,(#2786,#2787,#2788,#2789,#2790,#2791,#2792,#2793,#2794)
    ,(#2795,#2796,#2797,#2798,#2799,#2800,#2801,#2802,#2803)
    ,(#2804,#2805,#2806,#2807,#2808,#2809,#2810,#2811,#2812)
    ,(#2813,#2814,#2815,#2816,#2817,#2818,#2819,#2820,#2821)
    ,(#2822,#2823,#2824,#2825,#2826,#2827,#2828,#2829,#2830)
    ,(#2831,#2832,#2833,#2834,#2835,#2836,#2837,#2838,#2839)
    ,(#2840,#2841,#2842,#2843,#2844,#2845,#2846,#2847,#2848)
    ,(#2849,#2850,#2851,#2852,#2853,#2854,#2855,#2856,#2857)
    ,(#2858,#2859,#2860,#2861,#2862,#2863,#2864,#2865,#2866)
    ,(#2867,#2868,#2869,#2870,#2871,#2872,#2873,#2874,#2875)
    ,(#2876,#2877,#2878,#2879,#2880,#2881,#2882,#2883,#2884)
    ,(#2885,#2886,#2887,#2888,#2889,#2890,#2891,#2892,#2893)
    ,(#2894,#2895,#2896,#2897,#2898,#2899,#2900,#2901,#2902)
    ,(#2903,#2904,#2905,#2906,#2907,#2908,#2909,#2910,#2911)
    ,(#2912,#2913,#2914,#2915,#2916,#2917,#2918,#2919,#2920)
    ,(#2921,#2922,#2923,#2924,#2925,#2926,#2927,#2928,#2929)
    ,(#2930,#2931,#2932,#2933,#2934,#2935,#2936,#2937,#2938)
    ,(#2939,#2940,#2941,#2942,#2943,#2944,#2945,#2946,#2947)
    ,(#2948,#2949,#2950,#2951,#2952,#2953,#2954,#2955,#2956)
    ,(#2957,#2958,#2959,#2960,#2961,#2962,#2963,#2964,#2965)
    ,(#2966,#2967,#2968,#2969,#2970,#2971,#2972,#2973,#2974)
    ,(#2975,#2976,#2977,#2978,#2979,#2980,#2981,#2982,#2983)
    ,(#2984,#2985,#2986,#2987,#2988,#2989,#2990,#2991,#2992)
    ,(#2993,#2994,#2995,#2996,#2997,#2998,#2999,#3000,#3001)
    ,(#3002,#3003,#3004,#3005,#3006,#3007,#3008,#3009,#3010)
    ,(#3011,#3012,#3013,#3014,#3015,#3016,#3017,#3018,#3019)
    ,(#3020,#3021,#3022,#3023,#3024,#3025,#3026,#3027,#3028)
    ,(#3029,#3030,#3031,#3032,#3033,#3034,#3035,#3036,#3037)
    ,(#3038,#3039,#3040,#3041,#3042,#3043,#3044,#3045,#3046)
    ,(#3047,#3048,#3049,#3050,#3051,#3052,#3053,#3054,#3055
)),.UNSPECIFIED.,.F.,.T.,.F.) B_SPLINE_SURFACE_WITH_KNOTS((4,1,1,1,1,1,1
    ,1,1,1,1,1,1,1,1,1,1,1,1,1,1,1,1,1,1,1,1,1,1,1,1,1,1,1,1,1,1,1,1,1,1
    ,1,1,1,1,1,1,1,1,1,1,1,1,1,1,1,1,1,1,1,1,1,1,1,1,1,1,1,1,1,1,1,1,1,1
    ,1,1,1,1,1,1,1,1,1,1,1,1,1,1,1,1,1,1,1,1,1,1,1,1,1,1,1,1,1,1,1,1,1,1
    ,1,1,1,1,1,1,1,1,1,1,1,1,1,1,1,1,1,1,1,1,1,1,1,1,1,1,1,1,1,1,1,1,1,1
    ,1,1,1,1,1,1,4),(3,2,2,2,3),(0.,7.223415859626,14.44683126761,
    21.670246031051,28.893659984177,36.117073006461,43.340484954156,
    50.56389578821,57.787305395873,65.01071377222,72.234120860112,
    79.457526673071,86.680931238739,93.90433450094,101.12773675903,
    108.35113788445,115.57453755893,122.79793651076,130.0213344812,
    137.24473154872,144.46812811211,151.69152282973,158.91491775319,
    166.1383136006,173.36170781169,180.58510013935,187.80849509942,
    195.03188771839,202.25528021573,209.47867336477,216.70206683246,
    223.92546338646,231.14885472926,238.37224883488,245.59564503747,
    252.8190391008,260.04243801256,267.26583286491,274.48923116941,
    281.71262440805,288.93602450868,296.15942039521,303.38281951583,
    310.60621929393,317.82962086462,325.05302498841,332.2764230902,
    339.49982672669,346.72323330693,353.94663814324,361.1700423023,
    368.39344429028,375.61684785734,382.84025761977,390.06366164238,
    397.28707370725,404.51047722003,411.73388562021,418.95729592826,
    426.18070640921,433.40411636799,440.62752594151,447.85093589337,
    455.07434741652,462.29776194843,469.52117296527,476.74458358396,
    483.96800059209,491.19140961286,498.41482590075,505.63823672931,
    512.86165443315,520.08506488272,527.30848109146,534.53189502624,
    541.75530892605,548.97872643306,556.20213955935,563.42555465933,
    570.64897238196,577.87238584785,585.09580165889,592.3192187193,
    599.54263319508,606.76604990355,613.98946560418,621.21288168736,
    628.43629802506,635.65971408499,642.88313035295,650.106546677,
    657.32996288344,664.55337912592,671.77679514545,679.0002115901,
    686.22362794428,693.4470441785,700.67046028753,707.89387614257,
    715.11729131042,722.34070768958,729.56412407633,736.78753812217,
    744.01095511528,751.2343704887,758.45778482894,765.68119944434,
    772.90461485358,780.12803021855,787.35144270192,794.57485839515,
    801.79827037095,809.02168249224,816.24509645093,823.46851064813,
    830.69191895491,837.91533317,845.1387440062,852.36215139963,
    859.58556395881,866.8089712639,874.03237948835,881.25578488635,
    888.4791914716,895.70259462658,902.92599672487,910.1493972326,
    917.37279694186,924.59619405994,931.81958508701,939.04297751655,
    946.26636805408,953.48975216189,960.71313501024,967.9365117507,
    975.15988302672,982.38325201742,989.60661325983,996.82996696148,
    1.004053313863E+03,1.011276652383E+03,1.018499980027E+03,
    1.025723296988E+03,1.032946600696E+03,1.04016989063E+03,
    1.047393164021E+03,1.054616419673E+03,1.061839654624E+03,
    1.069062863959E+03,1.076286035349E+03),(0.,0.25,0.5,0.75,1.),
.UNSPECIFIED.) GEOMETRIC_REPRESENTATION_ITEM() RATIONAL_B_SPLINE_SURFACE
((
    (1.,0.707106781187,1.,0.707106781187,1.,0.707106781187,1.
      ,0.707106781187,1.)
    ,(1.,0.707106781187,1.,0.707106781187,1.,0.707106781187,1.
      ,0.707106781187,1.)
    ,(1.,0.707106781187,1.,0.707106781187,1.,0.707106781187,1.
      ,0.707106781187,1.)
    ,(1.,0.707106781187,1.,0.707106781187,1.,0.707106781187,1.
      ,0.707106781187,1.)
    ,(1.,0.707106781187,1.,0.707106781187,1.,0.707106781187,1.
      ,0.707106781187,1.)
    ,(1.,0.707106781187,1.,0.707106781187,1.,0.707106781187,1.
      ,0.707106781187,1.)
    ,(1.,0.707106781187,1.,0.707106781187,1.,0.707106781187,1.
      ,0.707106781187,1.)
    ,(1.,0.707106781187,1.,0.707106781187,1.,0.707106781187,1.
      ,0.707106781187,1.)
    ,(1.,0.707106781187,1.,0.707106781187,1.,0.707106781187,1.
      ,0.707106781187,1.)
    ,(1.,0.707106781187,1.,0.707106781187,1.,0.707106781187,1.
      ,0.707106781187,1.)
    ,(1.,0.707106781187,1.,0.707106781187,1.,0.707106781187,1.
      ,0.707106781187,1.)
    ,(1.,0.707106781187,1.,0.707106781187,1.,0.707106781187,1.
      ,0.707106781187,1.)
    ,(1.,0.707106781187,1.,0.707106781187,1.,0.707106781187,1.
      ,0.707106781187,1.)
    ,(1.,0.707106781187,1.,0.707106781187,1.,0.707106781187,1.
      ,0.707106781187,1.)
    ,(1.,0.707106781187,1.,0.707106781187,1.,0.707106781187,1.
      ,0.707106781187,1.)
    ,(1.,0.707106781187,1.,0.707106781187,1.,0.707106781187,1.
      ,0.707106781187,1.)
    ,(1.,0.707106781187,1.,0.707106781187,1.,0.707106781187,1.
      ,0.707106781187,1.)
    ,(1.,0.707106781187,1.,0.707106781187,1.,0.707106781187,1.
      ,0.707106781187,1.)
    ,(1.,0.707106781187,1.,0.707106781187,1.,0.707106781187,1.
      ,0.707106781187,1.)
    ,(1.,0.707106781187,1.,0.707106781187,1.,0.707106781187,1.
      ,0.707106781187,1.)
    ,(1.,0.707106781187,1.,0.707106781187,1.,0.707106781187,1.
      ,0.707106781187,1.)
    ,(1.,0.707106781187,1.,0.707106781187,1.,0.707106781187,1.
      ,0.707106781187,1.)
    ,(1.,0.707106781187,1.,0.707106781187,1.,0.707106781187,1.
      ,0.707106781187,1.)
    ,(1.,0.707106781187,1.,0.707106781187,1.,0.707106781187,1.
      ,0.707106781187,1.)
    ,(1.,0.707106781187,1.,0.707106781187,1.,0.707106781187,1.
      ,0.707106781187,1.)
    ,(1.,0.707106781187,1.,0.707106781187,1.,0.707106781187,1.
      ,0.707106781187,1.)
    ,(1.,0.707106781187,1.,0.707106781187,1.,0.707106781187,1.
      ,0.707106781187,1.)
    ,(1.,0.707106781187,1.,0.707106781187,1.,0.707106781187,1.
      ,0.707106781187,1.)
    ,(1.,0.707106781187,1.,0.707106781187,1.,0.707106781187,1.
      ,0.707106781187,1.)
    ,(1.,0.707106781187,1.,0.707106781187,1.,0.707106781187,1.
      ,0.707106781187,1.)
    ,(1.,0.707106781187,1.,0.707106781187,1.,0.707106781187,1.
      ,0.707106781187,1.)
    ,(1.,0.707106781187,1.,0.707106781187,1.,0.707106781187,1.
      ,0.707106781187,1.)
    ,(1.,0.707106781187,1.,0.707106781187,1.,0.707106781187,1.
      ,0.707106781187,1.)
    ,(1.,0.707106781187,1.,0.707106781187,1.,0.707106781187,1.
      ,0.707106781187,1.)
    ,(1.,0.707106781187,1.,0.707106781187,1.,0.707106781187,1.
      ,0.707106781187,1.)
    ,(1.,0.707106781187,1.,0.707106781187,1.,0.707106781187,1.
      ,0.707106781187,1.)
    ,(1.,0.707106781187,1.,0.707106781187,1.,0.707106781187,1.
      ,0.707106781187,1.)
    ,(1.,0.707106781187,1.,0.707106781187,1.,0.707106781187,1.
      ,0.707106781187,1.)
    ,(1.,0.707106781187,1.,0.707106781187,1.,0.707106781187,1.
      ,0.707106781187,1.)
    ,(1.,0.707106781187,1.,0.707106781187,1.,0.707106781187,1.
      ,0.707106781187,1.)
    ,(1.,0.707106781187,1.,0.707106781187,1.,0.707106781187,1.
      ,0.707106781187,1.)
    ,(1.,0.707106781187,1.,0.707106781187,1.,0.707106781187,1.
      ,0.707106781187,1.)
    ,(1.,0.707106781187,1.,0.707106781187,1.,0.707106781187,1.
      ,0.707106781187,1.)
    ,(1.,0.707106781187,1.,0.707106781187,1.,0.707106781187,1.
      ,0.707106781187,1.)
    ,(1.,0.707106781187,1.,0.707106781187,1.,0.707106781187,1.
      ,0.707106781187,1.)
    ,(1.,0.707106781187,1.,0.707106781187,1.,0.707106781187,1.
      ,0.707106781187,1.)
    ,(1.,0.707106781187,1.,0.707106781187,1.,0.707106781187,1.
      ,0.707106781187,1.)
    ,(1.,0.707106781187,1.,0.707106781187,1.,0.707106781187,1.
      ,0.707106781187,1.)
    ,(1.,0.707106781187,1.,0.707106781187,1.,0.707106781187,1.
      ,0.707106781187,1.)
    ,(1.,0.707106781187,1.,0.707106781187,1.,0.707106781187,1.
      ,0.707106781187,1.)
    ,(1.,0.707106781187,1.,0.707106781187,1.,0.707106781187,1.
      ,0.707106781187,1.)
    ,(1.,0.707106781187,1.,0.707106781187,1.,0.707106781187,1.
      ,0.707106781187,1.)
    ,(1.,0.707106781187,1.,0.707106781187,1.,0.707106781187,1.
      ,0.707106781187,1.)
    ,(1.,0.707106781187,1.,0.707106781187,1.,0.707106781187,1.
      ,0.707106781187,1.)
    ,(1.,0.707106781187,1.,0.707106781187,1.,0.707106781187,1.
      ,0.707106781187,1.)
    ,(1.,0.707106781187,1.,0.707106781187,1.,0.707106781187,1.
      ,0.707106781187,1.)
    ,(1.,0.707106781187,1.,0.707106781187,1.,0.707106781187,1.
      ,0.707106781187,1.)
    ,(1.,0.707106781187,1.,0.707106781187,1.,0.707106781187,1.
      ,0.707106781187,1.)
    ,(1.,0.707106781187,1.,0.707106781187,1.,0.707106781187,1.
      ,0.707106781187,1.)
    ,(1.,0.707106781187,1.,0.707106781187,1.,0.707106781187,1.
      ,0.707106781187,1.)
    ,(1.,0.707106781187,1.,0.707106781187,1.,0.707106781187,1.
      ,0.707106781187,1.)
    ,(1.,0.707106781187,1.,0.707106781187,1.,0.707106781187,1.
      ,0.707106781187,1.)
    ,(1.,0.707106781187,1.,0.707106781187,1.,0.707106781187,1.
      ,0.707106781187,1.)
    ,(1.,0.707106781187,1.,0.707106781187,1.,0.707106781187,1.
      ,0.707106781187,1.)
    ,(1.,0.707106781187,1.,0.707106781187,1.,0.707106781187,1.
      ,0.707106781187,1.)
    ,(1.,0.707106781187,1.,0.707106781187,1.,0.707106781187,1.
      ,0.707106781187,1.)
    ,(1.,0.707106781187,1.,0.707106781187,1.,0.707106781187,1.
      ,0.707106781187,1.)
    ,(1.,0.707106781187,1.,0.707106781187,1.,0.707106781187,1.
      ,0.707106781187,1.)
    ,(1.,0.707106781187,1.,0.707106781187,1.,0.707106781187,1.
      ,0.707106781187,1.)
    ,(1.,0.707106781187,1.,0.707106781187,1.,0.707106781187,1.
      ,0.707106781187,1.)
    ,(1.,0.707106781187,1.,0.707106781187,1.,0.707106781187,1.
      ,0.707106781187,1.)
    ,(1.,0.707106781187,1.,0.707106781187,1.,0.707106781187,1.
      ,0.707106781187,1.)
    ,(1.,0.707106781187,1.,0.707106781187,1.,0.707106781187,1.
      ,0.707106781187,1.)
    ,(1.,0.707106781187,1.,0.707106781187,1.,0.707106781187,1.
      ,0.707106781187,1.)
    ,(1.,0.707106781187,1.,0.707106781187,1.,0.707106781187,1.
      ,0.707106781187,1.)
    ,(1.,0.707106781187,1.,0.707106781187,1.,0.707106781187,1.
      ,0.707106781187,1.)
    ,(1.,0.707106781187,1.,0.707106781187,1.,0.707106781187,1.
      ,0.707106781187,1.)
    ,(1.,0.707106781187,1.,0.707106781187,1.,0.707106781187,1.
      ,0.707106781187,1.)
    ,(1.,0.707106781187,1.,0.707106781187,1.,0.707106781187,1.
      ,0.707106781187,1.)
    ,(1.,0.707106781187,1.,0.707106781187,1.,0.707106781187,1.
      ,0.707106781187,1.)
    ,(1.,0.707106781187,1.,0.707106781187,1.,0.707106781187,1.
      ,0.707106781187,1.)
    ,(1.,0.707106781187,1.,0.707106781187,1.,0.707106781187,1.
      ,0.707106781187,1.)
    ,(1.,0.707106781187,1.,0.707106781187,1.,0.707106781187,1.
      ,0.707106781187,1.)
    ,(1.,0.707106781187,1.,0.707106781187,1.,0.707106781187,1.
      ,0.707106781187,1.)
    ,(1.,0.707106781187,1.,0.707106781187,1.,0.707106781187,1.
      ,0.707106781187,1.)
    ,(1.,0.707106781187,1.,0.707106781187,1.,0.707106781187,1.
      ,0.707106781187,1.)
    ,(1.,0.707106781187,1.,0.707106781187,1.,0.707106781187,1.
      ,0.707106781187,1.)
    ,(1.,0.707106781187,1.,0.707106781187,1.,0.707106781187,1.
      ,0.707106781187,1.)
    ,(1.,0.707106781187,1.,0.707106781187,1.,0.707106781187,1.
      ,0.707106781187,1.)
    ,(1.,0.707106781187,1.,0.707106781187,1.,0.707106781187,1.
      ,0.707106781187,1.)
    ,(1.,0.707106781187,1.,0.707106781187,1.,0.707106781187,1.
      ,0.707106781187,1.)
    ,(1.,0.707106781187,1.,0.707106781187,1.,0.707106781187,1.
      ,0.707106781187,1.)
    ,(1.,0.707106781187,1.,0.707106781187,1.,0.707106781187,1.
      ,0.707106781187,1.)
    ,(1.,0.707106781187,1.,0.707106781187,1.,0.707106781187,1.
      ,0.707106781187,1.)
    ,(1.,0.707106781187,1.,0.707106781187,1.,0.707106781187,1.
      ,0.707106781187,1.)
    ,(1.,0.707106781187,1.,0.707106781187,1.,0.707106781187,1.
      ,0.707106781187,1.)
    ,(1.,0.707106781187,1.,0.707106781187,1.,0.707106781187,1.
      ,0.707106781187,1.)
    ,(1.,0.707106781187,1.,0.707106781187,1.,0.707106781187,1.
      ,0.707106781187,1.)
    ,(1.,0.707106781187,1.,0.707106781187,1.,0.707106781187,1.
      ,0.707106781187,1.)
    ,(1.,0.707106781187,1.,0.707106781187,1.,0.707106781187,1.
      ,0.707106781187,1.)
    ,(1.,0.707106781187,1.,0.707106781187,1.,0.707106781187,1.
      ,0.707106781187,1.)
    ,(1.,0.707106781187,1.,0.707106781187,1.,0.707106781187,1.
      ,0.707106781187,1.)
    ,(1.,0.707106781187,1.,0.707106781187,1.,0.707106781187,1.
      ,0.707106781187,1.)
    ,(1.,0.707106781187,1.,0.707106781187,1.,0.707106781187,1.
      ,0.707106781187,1.)
    ,(1.,0.707106781187,1.,0.707106781187,1.,0.707106781187,1.
      ,0.707106781187,1.)
    ,(1.,0.707106781187,1.,0.707106781187,1.,0.707106781187,1.
      ,0.707106781187,1.)
    ,(1.,0.707106781187,1.,0.707106781187,1.,0.707106781187,1.
      ,0.707106781187,1.)
    ,(1.,0.707106781187,1.,0.707106781187,1.,0.707106781187,1.
      ,0.707106781187,1.)
    ,(1.,0.707106781187,1.,0.707106781187,1.,0.707106781187,1.
      ,0.707106781187,1.)
    ,(1.,0.707106781187,1.,0.707106781187,1.,0.707106781187,1.
      ,0.707106781187,1.)
    ,(1.,0.707106781187,1.,0.707106781187,1.,0.707106781187,1.
      ,0.707106781187,1.)
    ,(1.,0.707106781187,1.,0.707106781187,1.,0.707106781187,1.
      ,0.707106781187,1.)
    ,(1.,0.707106781187,1.,0.707106781187,1.,0.707106781187,1.
      ,0.707106781187,1.)
    ,(1.,0.707106781187,1.,0.707106781187,1.,0.707106781187,1.
      ,0.707106781187,1.)
    ,(1.,0.707106781187,1.,0.707106781187,1.,0.707106781187,1.
      ,0.707106781187,1.)
    ,(1.,0.707106781187,1.,0.707106781187,1.,0.707106781187,1.
      ,0.707106781187,1.)
    ,(1.,0.707106781187,1.,0.707106781187,1.,0.707106781187,1.
      ,0.707106781187,1.)
    ,(1.,0.707106781187,1.,0.707106781187,1.,0.707106781187,1.
      ,0.707106781187,1.)
    ,(1.,0.707106781187,1.,0.707106781187,1.,0.707106781187,1.
      ,0.707106781187,1.)
    ,(1.,0.707106781187,1.,0.707106781187,1.,0.707106781187,1.
      ,0.707106781187,1.)
    ,(1.,0.707106781187,1.,0.707106781187,1.,0.707106781187,1.
      ,0.707106781187,1.)
    ,(1.,0.707106781187,1.,0.707106781187,1.,0.707106781187,1.
      ,0.707106781187,1.)
    ,(1.,0.707106781187,1.,0.707106781187,1.,0.707106781187,1.
      ,0.707106781187,1.)
    ,(1.,0.707106781187,1.,0.707106781187,1.,0.707106781187,1.
      ,0.707106781187,1.)
    ,(1.,0.707106781187,1.,0.707106781187,1.,0.707106781187,1.
      ,0.707106781187,1.)
    ,(1.,0.707106781187,1.,0.707106781187,1.,0.707106781187,1.
      ,0.707106781187,1.)
    ,(1.,0.707106781187,1.,0.707106781187,1.,0.707106781187,1.
      ,0.707106781187,1.)
    ,(1.,0.707106781187,1.,0.707106781187,1.,0.707106781187,1.
      ,0.707106781187,1.)
    ,(1.,0.707106781187,1.,0.707106781187,1.,0.707106781187,1.
      ,0.707106781187,1.)
    ,(1.,0.707106781187,1.,0.707106781187,1.,0.707106781187,1.
      ,0.707106781187,1.)
    ,(1.,0.707106781187,1.,0.707106781187,1.,0.707106781187,1.
      ,0.707106781187,1.)
    ,(1.,0.707106781187,1.,0.707106781187,1.,0.707106781187,1.
      ,0.707106781187,1.)
    ,(1.,0.707106781187,1.,0.707106781187,1.,0.707106781187,1.
      ,0.707106781187,1.)
    ,(1.,0.707106781187,1.,0.707106781187,1.,0.707106781187,1.
      ,0.707106781187,1.)
    ,(1.,0.707106781187,1.,0.707106781187,1.,0.707106781187,1.
      ,0.707106781187,1.)
    ,(1.,0.707106781187,1.,0.707106781187,1.,0.707106781187,1.
      ,0.707106781187,1.)
    ,(1.,0.707106781187,1.,0.707106781187,1.,0.707106781187,1.
      ,0.707106781187,1.)
    ,(1.,0.707106781187,1.,0.707106781187,1.,0.707106781187,1.
      ,0.707106781187,1.)
    ,(1.,0.707106781187,1.,0.707106781187,1.,0.707106781187,1.
      ,0.707106781187,1.)
    ,(1.,0.707106781187,1.,0.707106781187,1.,0.707106781187,1.
      ,0.707106781187,1.)
    ,(1.,0.707106781187,1.,0.707106781187,1.,0.707106781187,1.
      ,0.707106781187,1.)
    ,(1.,0.707106781187,1.,0.707106781187,1.,0.707106781187,1.
      ,0.707106781187,1.)
    ,(1.,0.707106781187,1.,0.707106781187,1.,0.707106781187,1.
      ,0.707106781187,1.)
    ,(1.,0.707106781187,1.,0.707106781187,1.,0.707106781187,1.
      ,0.707106781187,1.)
    ,(1.,0.707106781187,1.,0.707106781187,1.,0.707106781187,1.
      ,0.707106781187,1.)
    ,(1.,0.707106781187,1.,0.707106781187,1.,0.707106781187,1.
      ,0.707106781187,1.)
    ,(1.,0.707106781187,1.,0.707106781187,1.,0.707106781187,1.
      ,0.707106781187,1.)
    ,(1.,0.707106781187,1.,0.707106781187,1.,0.707106781187,1.
      ,0.707106781187,1.)
    ,(1.,0.707106781187,1.,0.707106781187,1.,0.707106781187,1.
      ,0.707106781187,1.)
    ,(1.,0.707106781187,1.,0.707106781187,1.,0.707106781187,1.
      ,0.707106781187,1.)
    ,(1.,0.707106781187,1.,0.707106781187,1.,0.707106781187,1.
      ,0.707106781187,1.)
    ,(1.,0.707106781187,1.,0.707106781187,1.,0.707106781187,1.
,0.707106781187,1.))) REPRESENTATION_ITEM('') SURFACE() );
#1688 = CARTESIAN_POINT('',(3.2448499E+03,254.,0.));
#1689 = CARTESIAN_POINT('',(3.2448499E+03,254.,254.));
#1690 = CARTESIAN_POINT('',(3.2448499E+03,0.,254.));
#1691 = CARTESIAN_POINT('',(3.2448499E+03,-254.,254.));
#1692 = CARTESIAN_POINT('',(3.2448499E+03,-254.,0.));
#1693 = CARTESIAN_POINT('',(3.2448499E+03,-254.,-254.));
#1694 = CARTESIAN_POINT('',(3.2448499E+03,0.,-254.));
#1695 = CARTESIAN_POINT('',(3.2448499E+03,254.,-254.));
#1696 = CARTESIAN_POINT('',(3.2448499E+03,254.,0.));
#1697 = CARTESIAN_POINT('',(3.247257705287E+03,254.,0.));
#1698 = CARTESIAN_POINT('',(3.247257705287E+03,254.,254.));
#1699 = CARTESIAN_POINT('',(3.247257705287E+03,0.,254.));
#1700 = CARTESIAN_POINT('',(3.247257705287E+03,-254.,254.));
#1701 = CARTESIAN_POINT('',(3.247257705287E+03,-254.,0.));
#1702 = CARTESIAN_POINT('',(3.247257705287E+03,-254.,-254.));
#1703 = CARTESIAN_POINT('',(3.247257705287E+03,0.,-254.));
#1704 = CARTESIAN_POINT('',(3.247257705287E+03,254.,-254.));
#1705 = CARTESIAN_POINT('',(3.247257705287E+03,254.,0.));
#1706 = CARTESIAN_POINT('',(3.252073316178E+03,253.99900356564,0.));
#1707 = CARTESIAN_POINT('',(3.252073316178E+03,253.99900356564,
    253.99900356564));
#1708 = CARTESIAN_POINT('',(3.252073316178E+03,0.,253.99900356564));
#1709 = CARTESIAN_POINT('',(3.252073316178E+03,-253.9990035656,
    253.99900356564));
#1710 = CARTESIAN_POINT('',(3.252073316178E+03,-253.9990035656,0.));
#1711 = CARTESIAN_POINT('',(3.252073316178E+03,-253.9990035656,
    -253.9990035656));
#1712 = CARTESIAN_POINT('',(3.252073316178E+03,0.,-253.9990035656));
#1713 = CARTESIAN_POINT('',(3.252073316178E+03,253.99900356564,
    -253.9990035656));
#1714 = CARTESIAN_POINT('',(3.252073316178E+03,253.99900356564,0.));
#1715 = CARTESIAN_POINT('',(3.259296725974E+03,253.99128435849,0.));
#1716 = CARTESIAN_POINT('',(3.259296725974E+03,253.99128435849,
    253.99128435849));
#1717 = CARTESIAN_POINT('',(3.259296725974E+03,0.,253.99128435849));
#1718 = CARTESIAN_POINT('',(3.259296725974E+03,-253.9912843584,
    253.99128435849));
#1719 = CARTESIAN_POINT('',(3.259296725974E+03,-253.9912843584,0.));
#1720 = CARTESIAN_POINT('',(3.259296725974E+03,-253.9912843584,
    -253.9912843584));
#1721 = CARTESIAN_POINT('',(3.259296725974E+03,0.,-253.9912843584));
#1722 = CARTESIAN_POINT('',(3.259296725974E+03,253.99128435849,
    -253.9912843584));
#1723 = CARTESIAN_POINT('',(3.259296725974E+03,253.99128435849,0.));
#1724 = CARTESIAN_POINT('',(3.266520105864E+03,253.97425571112,0.));
#1725 = CARTESIAN_POINT('',(3.266520105864E+03,253.97425571112,
    253.97425571112));
#1726 = CARTESIAN_POINT('',(3.266520105864E+03,0.,253.97425571112));
#1727 = CARTESIAN_POINT('',(3.266520105864E+03,-253.9742557111,
    253.97425571112));
#1728 = CARTESIAN_POINT('',(3.266520105864E+03,-253.9742557111,0.));
#1729 = CARTESIAN_POINT('',(3.266520105864E+03,-253.9742557111,
    -253.9742557111));
#1730 = CARTESIAN_POINT('',(3.266520105864E+03,0.,-253.9742557111));
#1731 = CARTESIAN_POINT('',(3.266520105864E+03,253.97425571112,
    -253.9742557111));
#1732 = CARTESIAN_POINT('',(3.266520105864E+03,253.97425571112,0.));
#1733 = CARTESIAN_POINT('',(3.273743409685E+03,253.94498029464,0.));
#1734 = CARTESIAN_POINT('',(3.273743409685E+03,253.94498029464,
    253.94498029464));
#1735 = CARTESIAN_POINT('',(3.273743409685E+03,0.,253.94498029464));
#1736 = CARTESIAN_POINT('',(3.273743409685E+03,-253.9449802946,
    253.94498029464));
#1737 = CARTESIAN_POINT('',(3.273743409685E+03,-253.9449802946,0.));
#1738 = CARTESIAN_POINT('',(3.273743409685E+03,-253.9449802946,
    -253.9449802946));
#1739 = CARTESIAN_POINT('',(3.273743409685E+03,0.,-253.9449802946));
#1740 = CARTESIAN_POINT('',(3.273743409685E+03,253.94498029464,
    -253.9449802946));
#1741 = CARTESIAN_POINT('',(3.273743409685E+03,253.94498029464,0.));
#1742 = CARTESIAN_POINT('',(3.280966563133E+03,253.90066583234,0.));
#1743 = CARTESIAN_POINT('',(3.280966563133E+03,253.90066583234,
    253.90066583234));
#1744 = CARTESIAN_POINT('',(3.280966563133E+03,0.,253.90066583234));
#1745 = CARTESIAN_POINT('',(3.280966563133E+03,-253.9006658323,
    253.90066583234));
#1746 = CARTESIAN_POINT('',(3.280966563133E+03,-253.9006658323,0.));
#1747 = CARTESIAN_POINT('',(3.280966563133E+03,-253.9006658323,
    -253.9006658323));
#1748 = CARTESIAN_POINT('',(3.280966563133E+03,0.,-253.9006658323));
#1749 = CARTESIAN_POINT('',(3.280966563133E+03,253.90066583234,
    -253.9006658323));
#1750 = CARTESIAN_POINT('',(3.280966563133E+03,253.90066583234,0.));
#1751 = CARTESIAN_POINT('',(3.288189459391E+03,253.83866274157,0.));
#1752 = CARTESIAN_POINT('',(3.288189459391E+03,253.83866274157,
    253.83866274157));
#1753 = CARTESIAN_POINT('',(3.288189459391E+03,0.,253.83866274157));
#1754 = CARTESIAN_POINT('',(3.288189459391E+03,-253.8386627415,
    253.83866274157));
#1755 = CARTESIAN_POINT('',(3.288189459391E+03,-253.8386627415,0.));
#1756 = CARTESIAN_POINT('',(3.288189459391E+03,-253.8386627415,
    -253.8386627415));
#1757 = CARTESIAN_POINT('',(3.288189459391E+03,0.,-253.8386627415));
#1758 = CARTESIAN_POINT('',(3.288189459391E+03,253.83866274157,
    -253.8386627415));
#1759 = CARTESIAN_POINT('',(3.288189459391E+03,253.83866274157,0.));
#1760 = CARTESIAN_POINT('',(3.295411955811E+03,253.75646197284,0.));
#1761 = CARTESIAN_POINT('',(3.295411955811E+03,253.75646197284,
    253.75646197284));
#1762 = CARTESIAN_POINT('',(3.295411955811E+03,0.,253.75646197284));
#1763 = CARTESIAN_POINT('',(3.295411955811E+03,-253.7564619728,
    253.75646197284));
#1764 = CARTESIAN_POINT('',(3.295411955811E+03,-253.7564619728,0.));
#1765 = CARTESIAN_POINT('',(3.295411955811E+03,-253.7564619728,
    -253.7564619728));
#1766 = CARTESIAN_POINT('',(3.295411955811E+03,0.,-253.7564619728));
#1767 = CARTESIAN_POINT('',(3.295411955811E+03,253.75646197284,
    -253.7564619728));
#1768 = CARTESIAN_POINT('',(3.295411955811E+03,253.75646197284,0.));
#1769 = CARTESIAN_POINT('',(3.302633871593E+03,253.65169302222,0.));
#1770 = CARTESIAN_POINT('',(3.302633871593E+03,253.65169302222,
    253.65169302222));
#1771 = CARTESIAN_POINT('',(3.302633871593E+03,0.,253.65169302222));
#1772 = CARTESIAN_POINT('',(3.302633871593E+03,-253.6516930222,
    253.65169302222));
#1773 = CARTESIAN_POINT('',(3.302633871593E+03,-253.6516930222,0.));
#1774 = CARTESIAN_POINT('',(3.302633871593E+03,-253.6516930222,
    -253.6516930222));
#1775 = CARTESIAN_POINT('',(3.302633871593E+03,0.,-253.6516930222));
#1776 = CARTESIAN_POINT('',(3.302633871593E+03,253.65169302222,
    -253.6516930222));
#1777 = CARTESIAN_POINT('',(3.302633871593E+03,253.65169302222,0.));
#1778 = CARTESIAN_POINT('',(3.309854986268E+03,253.52212210204,0.));
#1779 = CARTESIAN_POINT('',(3.309854986268E+03,253.52212210204,
    253.52212210204));
#1780 = CARTESIAN_POINT('',(3.309854986268E+03,0.,253.52212210204));
#1781 = CARTESIAN_POINT('',(3.309854986268E+03,-253.522122102,
    253.52212210204));
#1782 = CARTESIAN_POINT('',(3.309854986268E+03,-253.522122102,0.));
#1783 = CARTESIAN_POINT('',(3.309854986268E+03,-253.522122102,
    -253.522122102));
#1784 = CARTESIAN_POINT('',(3.309854986268E+03,0.,-253.522122102));
#1785 = CARTESIAN_POINT('',(3.309854986268E+03,253.52212210204,
    -253.522122102));
#1786 = CARTESIAN_POINT('',(3.309854986268E+03,253.52212210204,0.));
#1787 = CARTESIAN_POINT('',(3.317075039069E+03,253.36565043828,0.));
#1788 = CARTESIAN_POINT('',(3.317075039069E+03,253.36565043828,
    253.36565043828));
#1789 = CARTESIAN_POINT('',(3.317075039069E+03,0.,253.36565043828));
#1790 = CARTESIAN_POINT('',(3.317075039069E+03,-253.3656504382,
    253.36565043828));
#1791 = CARTESIAN_POINT('',(3.317075039069E+03,-253.3656504382,0.));
#1792 = CARTESIAN_POINT('',(3.317075039069E+03,-253.3656504382,
    -253.3656504382));
#1793 = CARTESIAN_POINT('',(3.317075039069E+03,0.,-253.3656504382));
#1794 = CARTESIAN_POINT('',(3.317075039069E+03,253.36565043828,
    -253.3656504382));
#1795 = CARTESIAN_POINT('',(3.317075039069E+03,253.36565043828,0.));
#1796 = CARTESIAN_POINT('',(3.324293728985E+03,253.18031266396,0.));
#1797 = CARTESIAN_POINT('',(3.324293728985E+03,253.18031266396,
    253.18031266396));
#1798 = CARTESIAN_POINT('',(3.324293728985E+03,0.,253.18031266396));
#1799 = CARTESIAN_POINT('',(3.324293728985E+03,-253.1803126639,
    253.18031266396));
#1800 = CARTESIAN_POINT('',(3.324293728985E+03,-253.1803126639,0.));
#1801 = CARTESIAN_POINT('',(3.324293728985E+03,-253.1803126639,
    -253.1803126639));
#1802 = CARTESIAN_POINT('',(3.324293728985E+03,0.,-253.1803126639));
#1803 = CARTESIAN_POINT('',(3.324293728985E+03,253.18031266396,
    -253.1803126639));
#1804 = CARTESIAN_POINT('',(3.324293728985E+03,253.18031266396,0.));
#1805 = CARTESIAN_POINT('',(3.3315107155E+03,252.9642752694,0.));
#1806 = CARTESIAN_POINT('',(3.3315107155E+03,252.9642752694,
    252.9642752694));
#1807 = CARTESIAN_POINT('',(3.3315107155E+03,0.,252.9642752694));
#1808 = CARTESIAN_POINT('',(3.3315107155E+03,-252.9642752694,
    252.9642752694));
#1809 = CARTESIAN_POINT('',(3.3315107155E+03,-252.9642752694,0.));
#1810 = CARTESIAN_POINT('',(3.3315107155E+03,-252.9642752694,
    -252.9642752694));
#1811 = CARTESIAN_POINT('',(3.3315107155E+03,0.,-252.9642752694));
#1812 = CARTESIAN_POINT('',(3.3315107155E+03,252.9642752694,
    -252.9642752694));
#1813 = CARTESIAN_POINT('',(3.3315107155E+03,252.9642752694,0.));
#1814 = CARTESIAN_POINT('',(3.338725620062E+03,252.71583506692,0.));
#1815 = CARTESIAN_POINT('',(3.338725620062E+03,252.71583506692,
    252.71583506692));
#1816 = CARTESIAN_POINT('',(3.338725620062E+03,0.,252.71583506692));
#1817 = CARTESIAN_POINT('',(3.338725620062E+03,-252.7158350669,
    252.71583506692));
#1818 = CARTESIAN_POINT('',(3.338725620062E+03,-252.7158350669,0.));
#1819 = CARTESIAN_POINT('',(3.338725620062E+03,-252.7158350669,
    -252.7158350669));
#1820 = CARTESIAN_POINT('',(3.338725620062E+03,0.,-252.7158350669));
#1821 = CARTESIAN_POINT('',(3.338725620062E+03,252.71583506692,
    -252.7158350669));
#1822 = CARTESIAN_POINT('',(3.338725620062E+03,252.71583506692,0.));
#1823 = CARTESIAN_POINT('',(3.345938027865E+03,252.4334176394,0.));
#1824 = CARTESIAN_POINT('',(3.345938027865E+03,252.4334176394,
    252.4334176394));
#1825 = CARTESIAN_POINT('',(3.345938027865E+03,0.,252.4334176394));
#1826 = CARTESIAN_POINT('',(3.345938027865E+03,-252.4334176394,
    252.4334176394));
#1827 = CARTESIAN_POINT('',(3.345938027865E+03,-252.4334176394,0.));
#1828 = CARTESIAN_POINT('',(3.345938027865E+03,-252.4334176394,
    -252.4334176394));
#1829 = CARTESIAN_POINT('',(3.345938027865E+03,0.,-252.4334176394));
#1830 = CARTESIAN_POINT('',(3.345938027865E+03,252.4334176394,
    -252.4334176394));
#1831 = CARTESIAN_POINT('',(3.345938027865E+03,252.4334176394,0.));
#1832 = CARTESIAN_POINT('',(3.35314749023E+03,252.11557572613,0.));
#1833 = CARTESIAN_POINT('',(3.35314749023E+03,252.11557572613,
    252.11557572613));
#1834 = CARTESIAN_POINT('',(3.35314749023E+03,0.,252.11557572613));
#1835 = CARTESIAN_POINT('',(3.35314749023E+03,-252.1155757261,
    252.11557572613));
#1836 = CARTESIAN_POINT('',(3.35314749023E+03,-252.1155757261,0.));
#1837 = CARTESIAN_POINT('',(3.35314749023E+03,-252.1155757261,
    -252.1155757261));
#1838 = CARTESIAN_POINT('',(3.35314749023E+03,0.,-252.1155757261));
#1839 = CARTESIAN_POINT('',(3.35314749023E+03,252.11557572613,
    -252.1155757261));
#1840 = CARTESIAN_POINT('',(3.35314749023E+03,252.11557572613,0.));
#1841 = CARTESIAN_POINT('',(3.36035352769E+03,251.76098749886,0.));
#1842 = CARTESIAN_POINT('',(3.36035352769E+03,251.76098749886,
    251.76098749886));
#1843 = CARTESIAN_POINT('',(3.36035352769E+03,0.,251.76098749886));
#1844 = CARTESIAN_POINT('',(3.36035352769E+03,-251.7609874988,
    251.76098749886));
#1845 = CARTESIAN_POINT('',(3.36035352769E+03,-251.7609874988,0.));
#1846 = CARTESIAN_POINT('',(3.36035352769E+03,-251.7609874988,
    -251.7609874988));
#1847 = CARTESIAN_POINT('',(3.36035352769E+03,0.,-251.7609874988));
#1848 = CARTESIAN_POINT('',(3.36035352769E+03,251.76098749886,
    -251.7609874988));
#1849 = CARTESIAN_POINT('',(3.36035352769E+03,251.76098749886,0.));
#1850 = CARTESIAN_POINT('',(3.367555633023E+03,251.36845471746,0.));
#1851 = CARTESIAN_POINT('',(3.367555633023E+03,251.36845471746,
    251.36845471746));
#1852 = CARTESIAN_POINT('',(3.367555633023E+03,0.,251.36845471746));
#1853 = CARTESIAN_POINT('',(3.367555633023E+03,-251.3684547174,
    251.36845471746));
#1854 = CARTESIAN_POINT('',(3.367555633023E+03,-251.3684547174,0.));
#1855 = CARTESIAN_POINT('',(3.367555633023E+03,-251.3684547174,
    -251.3684547174));
#1856 = CARTESIAN_POINT('',(3.367555633023E+03,0.,-251.3684547174));
#1857 = CARTESIAN_POINT('',(3.367555633023E+03,251.36845471746,
    -251.3684547174));
#1858 = CARTESIAN_POINT('',(3.367555633023E+03,251.36845471746,0.));
#1859 = CARTESIAN_POINT('',(3.37475327496E+03,250.93690070674,0.));
#1860 = CARTESIAN_POINT('',(3.37475327496E+03,250.93690070674,
    250.93690070674));
#1861 = CARTESIAN_POINT('',(3.37475327496E+03,0.,250.93690070674));
#1862 = CARTESIAN_POINT('',(3.37475327496E+03,-250.9369007067,
    250.93690070674));
#1863 = CARTESIAN_POINT('',(3.37475327496E+03,-250.9369007067,0.));
#1864 = CARTESIAN_POINT('',(3.37475327496E+03,-250.9369007067,
    -250.9369007067));
#1865 = CARTESIAN_POINT('',(3.37475327496E+03,0.,-250.9369007067));
#1866 = CARTESIAN_POINT('',(3.37475327496E+03,250.93690070674,
    -250.9369007067));
#1867 = CARTESIAN_POINT('',(3.37475327496E+03,250.93690070674,0.));
#1868 = CARTESIAN_POINT('',(3.381945901711E+03,250.46536816849,0.));
#1869 = CARTESIAN_POINT('',(3.381945901711E+03,250.46536816849,
    250.46536816849));
#1870 = CARTESIAN_POINT('',(3.381945901711E+03,0.,250.46536816849));
#1871 = CARTESIAN_POINT('',(3.381945901711E+03,-250.4653681684,
    250.46536816849));
#1872 = CARTESIAN_POINT('',(3.381945901711E+03,-250.4653681684,0.));
#1873 = CARTESIAN_POINT('',(3.381945901711E+03,-250.4653681684,
    -250.4653681684));
#1874 = CARTESIAN_POINT('',(3.381945901711E+03,0.,-250.4653681684));
#1875 = CARTESIAN_POINT('',(3.381945901711E+03,250.46536816849,
    -250.4653681684));
#1876 = CARTESIAN_POINT('',(3.381945901711E+03,250.46536816849,0.));
#1877 = CARTESIAN_POINT('',(3.389132944681E+03,249.95301678746,0.));
#1878 = CARTESIAN_POINT('',(3.389132944681E+03,249.95301678746,
    249.95301678746));
#1879 = CARTESIAN_POINT('',(3.389132944681E+03,0.,249.95301678746));
#1880 = CARTESIAN_POINT('',(3.389132944681E+03,-249.9530167874,
    249.95301678746));
#1881 = CARTESIAN_POINT('',(3.389132944681E+03,-249.9530167874,0.));
#1882 = CARTESIAN_POINT('',(3.389132944681E+03,-249.9530167874,
    -249.9530167874));
#1883 = CARTESIAN_POINT('',(3.389132944681E+03,0.,-249.9530167874));
#1884 = CARTESIAN_POINT('',(3.389132944681E+03,249.95301678746,
    -249.9530167874));
#1885 = CARTESIAN_POINT('',(3.389132944681E+03,249.95301678746,0.));
#1886 = CARTESIAN_POINT('',(3.396313823568E+03,249.39912052848,0.));
#1887 = CARTESIAN_POINT('',(3.396313823568E+03,249.39912052848,
    249.39912052848));
#1888 = CARTESIAN_POINT('',(3.396313823568E+03,0.,249.39912052848));
#1889 = CARTESIAN_POINT('',(3.396313823568E+03,-249.3991205284,
    249.39912052848));
#1890 = CARTESIAN_POINT('',(3.396313823568E+03,-249.3991205284,0.));
#1891 = CARTESIAN_POINT('',(3.396313823568E+03,-249.3991205284,
    -249.3991205284));
#1892 = CARTESIAN_POINT('',(3.396313823568E+03,0.,-249.3991205284));
#1893 = CARTESIAN_POINT('',(3.396313823568E+03,249.39912052848,
    -249.3991205284));
#1894 = CARTESIAN_POINT('',(3.396313823568E+03,249.39912052848,0.));
#1895 = CARTESIAN_POINT('',(3.403487949963E+03,248.80306479145,0.));
#1896 = CARTESIAN_POINT('',(3.403487949963E+03,248.80306479145,
    248.80306479145));
#1897 = CARTESIAN_POINT('',(3.403487949963E+03,0.,248.80306479145));
#1898 = CARTESIAN_POINT('',(3.403487949963E+03,-248.8030647914,
    248.80306479145));
#1899 = CARTESIAN_POINT('',(3.403487949963E+03,-248.8030647914,0.));
#1900 = CARTESIAN_POINT('',(3.403487949963E+03,-248.8030647914,
    -248.8030647914));
#1901 = CARTESIAN_POINT('',(3.403487949963E+03,0.,-248.8030647914));
#1902 = CARTESIAN_POINT('',(3.403487949963E+03,248.80306479145,
    -248.8030647914));
#1903 = CARTESIAN_POINT('',(3.403487949963E+03,248.80306479145,0.));
#1904 = CARTESIAN_POINT('',(3.410654731004E+03,248.1643433398,0.));
#1905 = CARTESIAN_POINT('',(3.410654731004E+03,248.1643433398,
    248.1643433398));
#1906 = CARTESIAN_POINT('',(3.410654731004E+03,0.,248.1643433398));
#1907 = CARTESIAN_POINT('',(3.410654731004E+03,-248.1643433398,
    248.1643433398));
#1908 = CARTESIAN_POINT('',(3.410654731004E+03,-248.1643433398,0.));
#1909 = CARTESIAN_POINT('',(3.410654731004E+03,-248.1643433398,
    -248.1643433398));
#1910 = CARTESIAN_POINT('',(3.410654731004E+03,0.,-248.1643433398));
#1911 = CARTESIAN_POINT('',(3.410654731004E+03,248.1643433398,
    -248.1643433398));
#1912 = CARTESIAN_POINT('',(3.410654731004E+03,248.1643433398,0.));
#1913 = CARTESIAN_POINT('',(3.417813573142E+03,247.48255501525,0.));
#1914 = CARTESIAN_POINT('',(3.417813573142E+03,247.48255501525,
    247.48255501525));
#1915 = CARTESIAN_POINT('',(3.417813573142E+03,0.,247.48255501525));
#1916 = CARTESIAN_POINT('',(3.417813573142E+03,-247.4825550152,
    247.48255501525));
#1917 = CARTESIAN_POINT('',(3.417813573142E+03,-247.4825550152,0.));
#1918 = CARTESIAN_POINT('',(3.417813573142E+03,-247.4825550152,
    -247.4825550152));
#1919 = CARTESIAN_POINT('',(3.417813573142E+03,0.,-247.4825550152));
#1920 = CARTESIAN_POINT('',(3.417813573142E+03,247.48255501525,
    -247.4825550152));
#1921 = CARTESIAN_POINT('',(3.417813573142E+03,247.48255501525,0.));
#1922 = CARTESIAN_POINT('',(3.42496388819E+03,246.75739998612,0.));
#1923 = CARTESIAN_POINT('',(3.42496388819E+03,246.75739998612,
    246.75739998612));
#1924 = CARTESIAN_POINT('',(3.42496388819E+03,0.,246.75739998612));
#1925 = CARTESIAN_POINT('',(3.42496388819E+03,-246.7573999861,
    246.75739998612));
#1926 = CARTESIAN_POINT('',(3.42496388819E+03,-246.7573999861,0.));
#1927 = CARTESIAN_POINT('',(3.42496388819E+03,-246.7573999861,
    -246.7573999861));
#1928 = CARTESIAN_POINT('',(3.42496388819E+03,0.,-246.7573999861));
#1929 = CARTESIAN_POINT('',(3.42496388819E+03,246.75739998612,
    -246.7573999861));
#1930 = CARTESIAN_POINT('',(3.42496388819E+03,246.75739998612,0.));
#1931 = CARTESIAN_POINT('',(3.432105095162E+03,245.98867613275,0.));
#1932 = CARTESIAN_POINT('',(3.432105095162E+03,245.98867613275,
    245.98867613275));
#1933 = CARTESIAN_POINT('',(3.432105095162E+03,0.,245.98867613275));
#1934 = CARTESIAN_POINT('',(3.432105095162E+03,-245.9886761327,
    245.98867613275));
#1935 = CARTESIAN_POINT('',(3.432105095162E+03,-245.9886761327,0.));
#1936 = CARTESIAN_POINT('',(3.432105095162E+03,-245.9886761327,
    -245.9886761327));
#1937 = CARTESIAN_POINT('',(3.432105095162E+03,0.,-245.9886761327));
#1938 = CARTESIAN_POINT('',(3.432105095162E+03,245.98867613275,
    -245.9886761327));
#1939 = CARTESIAN_POINT('',(3.432105095162E+03,245.98867613275,0.));
#1940 = CARTESIAN_POINT('',(3.439236625599E+03,245.17627491789,0.));
#1941 = CARTESIAN_POINT('',(3.439236625599E+03,245.17627491789,
    245.17627491789));
#1942 = CARTESIAN_POINT('',(3.439236625599E+03,0.,245.17627491789));
#1943 = CARTESIAN_POINT('',(3.439236625599E+03,-245.1762749178,
    245.17627491789));
#1944 = CARTESIAN_POINT('',(3.439236625599E+03,-245.1762749178,0.));
#1945 = CARTESIAN_POINT('',(3.439236625599E+03,-245.1762749178,
    -245.1762749178));
#1946 = CARTESIAN_POINT('',(3.439236625599E+03,0.,-245.1762749178));
#1947 = CARTESIAN_POINT('',(3.439236625599E+03,245.17627491789,
    -245.1762749178));
#1948 = CARTESIAN_POINT('',(3.439236625599E+03,245.17627491789,0.));
#1949 = CARTESIAN_POINT('',(3.44635792504E+03,244.32017746336,0.));
#1950 = CARTESIAN_POINT('',(3.44635792504E+03,244.32017746336,
    244.32017746336));
#1951 = CARTESIAN_POINT('',(3.44635792504E+03,0.,244.32017746336));
#1952 = CARTESIAN_POINT('',(3.44635792504E+03,-244.3201774633,
    244.32017746336));
#1953 = CARTESIAN_POINT('',(3.44635792504E+03,-244.3201774633,0.));
#1954 = CARTESIAN_POINT('',(3.44635792504E+03,-244.3201774633,
    -244.3201774633));
#1955 = CARTESIAN_POINT('',(3.44635792504E+03,0.,-244.3201774633));
#1956 = CARTESIAN_POINT('',(3.44635792504E+03,244.32017746336,
    -244.3201774633));
#1957 = CARTESIAN_POINT('',(3.44635792504E+03,244.32017746336,0.));
#1958 = CARTESIAN_POINT('',(3.453468459034E+03,243.42044990747,0.));
#1959 = CARTESIAN_POINT('',(3.453468459034E+03,243.42044990747,
    243.42044990747));
#1960 = CARTESIAN_POINT('',(3.453468459034E+03,0.,243.42044990747));
#1961 = CARTESIAN_POINT('',(3.453468459034E+03,-243.4204499074,
    243.42044990747));
#1962 = CARTESIAN_POINT('',(3.453468459034E+03,-243.4204499074,0.));
#1963 = CARTESIAN_POINT('',(3.453468459034E+03,-243.4204499074,
    -243.4204499074));
#1964 = CARTESIAN_POINT('',(3.453468459034E+03,0.,-243.4204499074));
#1965 = CARTESIAN_POINT('',(3.453468459034E+03,243.42044990747,
    -243.4204499074));
#1966 = CARTESIAN_POINT('',(3.453468459034E+03,243.42044990747,0.));
#1967 = CARTESIAN_POINT('',(3.460567714798E+03,242.47723912179,0.));
#1968 = CARTESIAN_POINT('',(3.460567714798E+03,242.47723912179,
    242.47723912179));
#1969 = CARTESIAN_POINT('',(3.460567714798E+03,0.,242.47723912179));
#1970 = CARTESIAN_POINT('',(3.460567714798E+03,-242.4772391217,
    242.47723912179));
#1971 = CARTESIAN_POINT('',(3.460567714798E+03,-242.4772391217,0.));
#1972 = CARTESIAN_POINT('',(3.460567714798E+03,-242.4772391217,
    -242.4772391217));
#1973 = CARTESIAN_POINT('',(3.460567714798E+03,0.,-242.4772391217));
#1974 = CARTESIAN_POINT('',(3.460567714798E+03,242.47723912179,
    -242.4772391217));
#1975 = CARTESIAN_POINT('',(3.460567714798E+03,242.47723912179,0.));
#1976 = CARTESIAN_POINT('',(3.467655200775E+03,241.49076861087,0.));
#1977 = CARTESIAN_POINT('',(3.467655200775E+03,241.49076861087,
    241.49076861087));
#1978 = CARTESIAN_POINT('',(3.467655200775E+03,0.,241.49076861087));
#1979 = CARTESIAN_POINT('',(3.467655200775E+03,-241.4907686108,
    241.49076861087));
#1980 = CARTESIAN_POINT('',(3.467655200775E+03,-241.4907686108,0.));
#1981 = CARTESIAN_POINT('',(3.467655200775E+03,-241.4907686108,
    -241.4907686108));
#1982 = CARTESIAN_POINT('',(3.467655200775E+03,0.,-241.4907686108));
#1983 = CARTESIAN_POINT('',(3.467655200775E+03,241.49076861087,
    -241.4907686108));
#1984 = CARTESIAN_POINT('',(3.467655200775E+03,241.49076861087,0.));
#1985 = CARTESIAN_POINT('',(3.474730454758E+03,240.46133318863,0.));
#1986 = CARTESIAN_POINT('',(3.474730454758E+03,240.46133318863,
    240.46133318863));
#1987 = CARTESIAN_POINT('',(3.474730454758E+03,0.,240.46133318863));
#1988 = CARTESIAN_POINT('',(3.474730454758E+03,-240.4613331886,
    240.46133318863));
#1989 = CARTESIAN_POINT('',(3.474730454758E+03,-240.4613331886,0.));
#1990 = CARTESIAN_POINT('',(3.474730454758E+03,-240.4613331886,
    -240.4613331886));
#1991 = CARTESIAN_POINT('',(3.474730454758E+03,0.,-240.4613331886));
#1992 = CARTESIAN_POINT('',(3.474730454758E+03,240.46133318863,
    -240.4613331886));
#1993 = CARTESIAN_POINT('',(3.474730454758E+03,240.46133318863,0.));
#1994 = CARTESIAN_POINT('',(3.481793042141E+03,239.38929484633,0.));
#1995 = CARTESIAN_POINT('',(3.481793042141E+03,239.38929484633,
    239.38929484633));
#1996 = CARTESIAN_POINT('',(3.481793042141E+03,0.,239.38929484633));
#1997 = CARTESIAN_POINT('',(3.481793042141E+03,-239.3892948463,
    239.38929484633));
#1998 = CARTESIAN_POINT('',(3.481793042141E+03,-239.3892948463,0.));
#1999 = CARTESIAN_POINT('',(3.481793042141E+03,-239.3892948463,
    -239.3892948463));
#2000 = CARTESIAN_POINT('',(3.481793042141E+03,0.,-239.3892948463));
#2001 = CARTESIAN_POINT('',(3.481793042141E+03,239.38929484633,
    -239.3892948463));
#2002 = CARTESIAN_POINT('',(3.481793042141E+03,239.38929484633,0.));
#2003 = CARTESIAN_POINT('',(3.488842560165E+03,238.2750777346,0.));
#2004 = CARTESIAN_POINT('',(3.488842560165E+03,238.2750777346,
    238.2750777346));
#2005 = CARTESIAN_POINT('',(3.488842560165E+03,0.,238.2750777346));
#2006 = CARTESIAN_POINT('',(3.488842560165E+03,-238.2750777346,
    238.2750777346));
#2007 = CARTESIAN_POINT('',(3.488842560165E+03,-238.2750777346,0.));
#2008 = CARTESIAN_POINT('',(3.488842560165E+03,-238.2750777346,
    -238.2750777346));
#2009 = CARTESIAN_POINT('',(3.488842560165E+03,0.,-238.2750777346));
#2010 = CARTESIAN_POINT('',(3.488842560165E+03,238.2750777346,
    -238.2750777346));
#2011 = CARTESIAN_POINT('',(3.488842560165E+03,238.2750777346,0.));
#2012 = CARTESIAN_POINT('',(3.495878637763E+03,237.11916382185,0.));
#2013 = CARTESIAN_POINT('',(3.495878637763E+03,237.11916382185,
    237.11916382185));
#2014 = CARTESIAN_POINT('',(3.495878637763E+03,0.,237.11916382185));
#2015 = CARTESIAN_POINT('',(3.495878637763E+03,-237.1191638218,
    237.11916382185));
#2016 = CARTESIAN_POINT('',(3.495878637763E+03,-237.1191638218,0.));
#2017 = CARTESIAN_POINT('',(3.495878637763E+03,-237.1191638218,
    -237.1191638218));
#2018 = CARTESIAN_POINT('',(3.495878637763E+03,0.,-237.1191638218));
#2019 = CARTESIAN_POINT('',(3.495878637763E+03,237.11916382185,
    -237.1191638218));
#2020 = CARTESIAN_POINT('',(3.495878637763E+03,237.11916382185,0.));
#2021 = CARTESIAN_POINT('',(3.502900934395E+03,235.92208871452,0.));
#2022 = CARTESIAN_POINT('',(3.502900934395E+03,235.92208871452,
    235.92208871452));
#2023 = CARTESIAN_POINT('',(3.502900934395E+03,0.,235.92208871452));
#2024 = CARTESIAN_POINT('',(3.502900934395E+03,-235.9220887145,
    235.92208871452));
#2025 = CARTESIAN_POINT('',(3.502900934395E+03,-235.9220887145,0.));
#2026 = CARTESIAN_POINT('',(3.502900934395E+03,-235.9220887145,
    -235.9220887145));
#2027 = CARTESIAN_POINT('',(3.502900934395E+03,0.,-235.9220887145));
#2028 = CARTESIAN_POINT('',(3.502900934395E+03,235.92208871452,
    -235.9220887145));
#2029 = CARTESIAN_POINT('',(3.502900934395E+03,235.92208871452,0.));
#2030 = CARTESIAN_POINT('',(3.509909147428E+03,234.68443610109,0.));
#2031 = CARTESIAN_POINT('',(3.509909147428E+03,234.68443610109,
    234.68443610109));
#2032 = CARTESIAN_POINT('',(3.509909147428E+03,0.,234.68443610109));
#2033 = CARTESIAN_POINT('',(3.509909147428E+03,-234.684436101,
    234.68443610109));
#2034 = CARTESIAN_POINT('',(3.509909147428E+03,-234.684436101,0.));
#2035 = CARTESIAN_POINT('',(3.509909147428E+03,-234.684436101,
    -234.684436101));
#2036 = CARTESIAN_POINT('',(3.509909147428E+03,0.,-234.684436101));
#2037 = CARTESIAN_POINT('',(3.509909147428E+03,234.68443610109,
    -234.684436101));
#2038 = CARTESIAN_POINT('',(3.509909147428E+03,234.68443610109,0.));
#2039 = CARTESIAN_POINT('',(3.516903003921E+03,233.40683487735,0.));
#2040 = CARTESIAN_POINT('',(3.516903003921E+03,233.40683487735,
    233.40683487735));
#2041 = CARTESIAN_POINT('',(3.516903003921E+03,0.,233.40683487735));
#2042 = CARTESIAN_POINT('',(3.516903003921E+03,-233.4068348773,
    233.40683487735));
#2043 = CARTESIAN_POINT('',(3.516903003921E+03,-233.4068348773,0.));
#2044 = CARTESIAN_POINT('',(3.516903003921E+03,-233.4068348773,
    -233.4068348773));
#2045 = CARTESIAN_POINT('',(3.516903003921E+03,0.,-233.4068348773));
#2046 = CARTESIAN_POINT('',(3.516903003921E+03,233.40683487735,
    -233.4068348773));
#2047 = CARTESIAN_POINT('',(3.516903003921E+03,233.40683487735,0.));
#2048 = CARTESIAN_POINT('',(3.523882272715E+03,232.08995277984,0.));
#2049 = CARTESIAN_POINT('',(3.523882272715E+03,232.08995277984,
    232.08995277984));
#2050 = CARTESIAN_POINT('',(3.523882272715E+03,0.,232.08995277984));
#2051 = CARTESIAN_POINT('',(3.523882272715E+03,-232.0899527798,
    232.08995277984));
#2052 = CARTESIAN_POINT('',(3.523882272715E+03,-232.0899527798,0.));
#2053 = CARTESIAN_POINT('',(3.523882272715E+03,-232.0899527798,
    -232.0899527798));
#2054 = CARTESIAN_POINT('',(3.523882272715E+03,0.,-232.0899527798));
#2055 = CARTESIAN_POINT('',(3.523882272715E+03,232.08995277984,
    -232.0899527798));
#2056 = CARTESIAN_POINT('',(3.523882272715E+03,232.08995277984,0.));
#2057 = CARTESIAN_POINT('',(3.530846751798E+03,230.73449455667,0.));
#2058 = CARTESIAN_POINT('',(3.530846751798E+03,230.73449455667,
    230.73449455667));
#2059 = CARTESIAN_POINT('',(3.530846751798E+03,0.,230.73449455667));
#2060 = CARTESIAN_POINT('',(3.530846751798E+03,-230.7344945566,
    230.73449455667));
#2061 = CARTESIAN_POINT('',(3.530846751798E+03,-230.7344945566,0.));
#2062 = CARTESIAN_POINT('',(3.530846751798E+03,-230.7344945566,
    -230.7344945566));
#2063 = CARTESIAN_POINT('',(3.530846751798E+03,0.,-230.7344945566));
#2064 = CARTESIAN_POINT('',(3.530846751798E+03,230.73449455667,
    -230.7344945566));
#2065 = CARTESIAN_POINT('',(3.530846751798E+03,230.73449455667,0.));
#2066 = CARTESIAN_POINT('',(3.537796279304E+03,229.34119590965,0.));
#2067 = CARTESIAN_POINT('',(3.537796279304E+03,229.34119590965,
    229.34119590965));
#2068 = CARTESIAN_POINT('',(3.537796279304E+03,0.,229.34119590965));
#2069 = CARTESIAN_POINT('',(3.537796279304E+03,-229.3411959096,
    229.34119590965));
#2070 = CARTESIAN_POINT('',(3.537796279304E+03,-229.3411959096,0.));
#2071 = CARTESIAN_POINT('',(3.537796279304E+03,-229.3411959096,
    -229.3411959096));
#2072 = CARTESIAN_POINT('',(3.537796279304E+03,0.,-229.3411959096));
#2073 = CARTESIAN_POINT('',(3.537796279304E+03,229.34119590965,
    -229.3411959096));
#2074 = CARTESIAN_POINT('',(3.537796279304E+03,229.34119590965,0.));
#2075 = CARTESIAN_POINT('',(3.544730723377E+03,227.91082159703,0.));
#2076 = CARTESIAN_POINT('',(3.544730723377E+03,227.91082159703,
    227.91082159703));
#2077 = CARTESIAN_POINT('',(3.544730723377E+03,0.,227.91082159703));
#2078 = CARTESIAN_POINT('',(3.544730723377E+03,-227.910821597,
    227.91082159703));
#2079 = CARTESIAN_POINT('',(3.544730723377E+03,-227.910821597,0.));
#2080 = CARTESIAN_POINT('',(3.544730723377E+03,-227.910821597,
    -227.910821597));
#2081 = CARTESIAN_POINT('',(3.544730723377E+03,0.,-227.910821597));
#2082 = CARTESIAN_POINT('',(3.544730723377E+03,227.91082159703,
    -227.910821597));
#2083 = CARTESIAN_POINT('',(3.544730723377E+03,227.91082159703,0.));
#2084 = CARTESIAN_POINT('',(3.5516499902E+03,226.44416007465,0.));
#2085 = CARTESIAN_POINT('',(3.5516499902E+03,226.44416007465,
    226.44416007465));
#2086 = CARTESIAN_POINT('',(3.5516499902E+03,0.,226.44416007465));
#2087 = CARTESIAN_POINT('',(3.5516499902E+03,-226.4441600746,
    226.44416007465));
#2088 = CARTESIAN_POINT('',(3.5516499902E+03,-226.4441600746,0.));
#2089 = CARTESIAN_POINT('',(3.5516499902E+03,-226.4441600746,
    -226.4441600746));
#2090 = CARTESIAN_POINT('',(3.5516499902E+03,0.,-226.4441600746));
#2091 = CARTESIAN_POINT('',(3.5516499902E+03,226.44416007465,
    -226.4441600746));
#2092 = CARTESIAN_POINT('',(3.5516499902E+03,226.44416007465,0.));
#2093 = CARTESIAN_POINT('',(3.558554017243E+03,224.9420212998,0.));
#2094 = CARTESIAN_POINT('',(3.558554017243E+03,224.9420212998,
    224.9420212998));
#2095 = CARTESIAN_POINT('',(3.558554017243E+03,0.,224.9420212998));
#2096 = CARTESIAN_POINT('',(3.558554017243E+03,-224.9420212998,
    224.9420212998));
#2097 = CARTESIAN_POINT('',(3.558554017243E+03,-224.9420212998,0.));
#2098 = CARTESIAN_POINT('',(3.558554017243E+03,-224.9420212998,
    -224.9420212998));
#2099 = CARTESIAN_POINT('',(3.558554017243E+03,0.,-224.9420212998));
#2100 = CARTESIAN_POINT('',(3.558554017243E+03,224.9420212998,
    -224.9420212998));
#2101 = CARTESIAN_POINT('',(3.558554017243E+03,224.9420212998,0.));
#2102 = CARTESIAN_POINT('',(3.565442772647E+03,223.40523347114,0.));
#2103 = CARTESIAN_POINT('',(3.565442772647E+03,223.40523347114,
    223.40523347114));
#2104 = CARTESIAN_POINT('',(3.565442772647E+03,0.,223.40523347114));
#2105 = CARTESIAN_POINT('',(3.565442772647E+03,-223.4052334711,
    223.40523347114));
#2106 = CARTESIAN_POINT('',(3.565442772647E+03,-223.4052334711,0.));
#2107 = CARTESIAN_POINT('',(3.565442772647E+03,-223.4052334711,
    -223.4052334711));
#2108 = CARTESIAN_POINT('',(3.565442772647E+03,0.,-223.4052334711));
#2109 = CARTESIAN_POINT('',(3.565442772647E+03,223.40523347114,
    -223.4052334711));
#2110 = CARTESIAN_POINT('',(3.565442772647E+03,223.40523347114,0.));
#2111 = CARTESIAN_POINT('',(3.57231625948E+03,221.83463884901,0.));
#2112 = CARTESIAN_POINT('',(3.57231625948E+03,221.83463884901,
    221.83463884901));
#2113 = CARTESIAN_POINT('',(3.57231625948E+03,0.,221.83463884901));
#2114 = CARTESIAN_POINT('',(3.57231625948E+03,-221.834638849,
    221.83463884901));
#2115 = CARTESIAN_POINT('',(3.57231625948E+03,-221.834638849,0.));
#2116 = CARTESIAN_POINT('',(3.57231625948E+03,-221.834638849,
    -221.834638849));
#2117 = CARTESIAN_POINT('',(3.57231625948E+03,0.,-221.834638849));
#2118 = CARTESIAN_POINT('',(3.57231625948E+03,221.83463884901,
    -221.834638849));
#2119 = CARTESIAN_POINT('',(3.57231625948E+03,221.83463884901,0.));
#2120 = CARTESIAN_POINT('',(3.579174510255E+03,220.23109183111,0.));
#2121 = CARTESIAN_POINT('',(3.579174510255E+03,220.23109183111,
    220.23109183111));
#2122 = CARTESIAN_POINT('',(3.579174510255E+03,0.,220.23109183111));
#2123 = CARTESIAN_POINT('',(3.579174510255E+03,-220.2310918311,
    220.23109183111));
#2124 = CARTESIAN_POINT('',(3.579174510255E+03,-220.2310918311,0.));
#2125 = CARTESIAN_POINT('',(3.579174510255E+03,-220.2310918311,
    -220.2310918311));
#2126 = CARTESIAN_POINT('',(3.579174510255E+03,0.,-220.2310918311));
#2127 = CARTESIAN_POINT('',(3.579174510255E+03,220.23109183111,
    -220.2310918311));
#2128 = CARTESIAN_POINT('',(3.579174510255E+03,220.23109183111,0.));
#2129 = CARTESIAN_POINT('',(3.586017588043E+03,218.5954557624,0.));
#2130 = CARTESIAN_POINT('',(3.586017588043E+03,218.5954557624,
    218.5954557624));
#2131 = CARTESIAN_POINT('',(3.586017588043E+03,0.,218.5954557624));
#2132 = CARTESIAN_POINT('',(3.586017588043E+03,-218.5954557624,
    218.5954557624));
#2133 = CARTESIAN_POINT('',(3.586017588043E+03,-218.5954557624,0.));
#2134 = CARTESIAN_POINT('',(3.586017588043E+03,-218.5954557624,
    -218.5954557624));
#2135 = CARTESIAN_POINT('',(3.586017588043E+03,0.,-218.5954557624));
#2136 = CARTESIAN_POINT('',(3.586017588043E+03,218.5954557624,
    -218.5954557624));
#2137 = CARTESIAN_POINT('',(3.586017588043E+03,218.5954557624,0.));
#2138 = CARTESIAN_POINT('',(3.592845580708E+03,216.92860159819,0.));
#2139 = CARTESIAN_POINT('',(3.592845580708E+03,216.92860159819,
    216.92860159819));
#2140 = CARTESIAN_POINT('',(3.592845580708E+03,0.,216.92860159819));
#2141 = CARTESIAN_POINT('',(3.592845580708E+03,-216.9286015981,
    216.92860159819));
#2142 = CARTESIAN_POINT('',(3.592845580708E+03,-216.9286015981,0.));
#2143 = CARTESIAN_POINT('',(3.592845580708E+03,-216.9286015981,
    -216.9286015981));
#2144 = CARTESIAN_POINT('',(3.592845580708E+03,0.,-216.9286015981));
#2145 = CARTESIAN_POINT('',(3.592845580708E+03,216.92860159819,
    -216.9286015981));
#2146 = CARTESIAN_POINT('',(3.592845580708E+03,216.92860159819,0.));
#2147 = CARTESIAN_POINT('',(3.599658603276E+03,215.23140478269,0.));
#2148 = CARTESIAN_POINT('',(3.599658603276E+03,215.23140478269,
    215.23140478269));
#2149 = CARTESIAN_POINT('',(3.599658603276E+03,0.,215.23140478269));
#2150 = CARTESIAN_POINT('',(3.599658603276E+03,-215.2314047826,
    215.23140478269));
#2151 = CARTESIAN_POINT('',(3.599658603276E+03,-215.2314047826,0.));
#2152 = CARTESIAN_POINT('',(3.599658603276E+03,-215.2314047826,
    -215.2314047826));
#2153 = CARTESIAN_POINT('',(3.599658603276E+03,0.,-215.2314047826));
#2154 = CARTESIAN_POINT('',(3.599658603276E+03,215.23140478269,
    -215.2314047826));
#2155 = CARTESIAN_POINT('',(3.599658603276E+03,215.23140478269,0.));
#2156 = CARTESIAN_POINT('',(3.606456798895E+03,213.50474257357,0.));
#2157 = CARTESIAN_POINT('',(3.606456798895E+03,213.50474257357,
    213.50474257357));
#2158 = CARTESIAN_POINT('',(3.606456798895E+03,0.,213.50474257357));
#2159 = CARTESIAN_POINT('',(3.606456798895E+03,-213.5047425735,
    213.50474257357));
#2160 = CARTESIAN_POINT('',(3.606456798895E+03,-213.5047425735,0.));
#2161 = CARTESIAN_POINT('',(3.606456798895E+03,-213.5047425735,
    -213.5047425735));
#2162 = CARTESIAN_POINT('',(3.606456798895E+03,0.,-213.5047425735));
#2163 = CARTESIAN_POINT('',(3.606456798895E+03,213.50474257357,
    -213.5047425735));
#2164 = CARTESIAN_POINT('',(3.606456798895E+03,213.50474257357,0.));
#2165 = CARTESIAN_POINT('',(3.613240335917E+03,211.74949249268,0.));
#2166 = CARTESIAN_POINT('',(3.613240335917E+03,211.74949249268,
    211.74949249268));
#2167 = CARTESIAN_POINT('',(3.613240335917E+03,0.,211.74949249268));
#2168 = CARTESIAN_POINT('',(3.613240335917E+03,-211.7494924926,
    211.74949249268));
#2169 = CARTESIAN_POINT('',(3.613240335917E+03,-211.7494924926,0.));
#2170 = CARTESIAN_POINT('',(3.613240335917E+03,-211.7494924926,
    -211.7494924926));
#2171 = CARTESIAN_POINT('',(3.613240335917E+03,0.,-211.7494924926));
#2172 = CARTESIAN_POINT('',(3.613240335917E+03,211.74949249268,
    -211.7494924926));
#2173 = CARTESIAN_POINT('',(3.613240335917E+03,211.74949249268,0.));
#2174 = CARTESIAN_POINT('',(3.620009402143E+03,209.9665317309,0.));
#2175 = CARTESIAN_POINT('',(3.620009402143E+03,209.9665317309,
    209.9665317309));
#2176 = CARTESIAN_POINT('',(3.620009402143E+03,0.,209.9665317309));
#2177 = CARTESIAN_POINT('',(3.620009402143E+03,-209.9665317309,
    209.9665317309));
#2178 = CARTESIAN_POINT('',(3.620009402143E+03,-209.9665317309,0.));
#2179 = CARTESIAN_POINT('',(3.620009402143E+03,-209.9665317309,
    -209.9665317309));
#2180 = CARTESIAN_POINT('',(3.620009402143E+03,0.,-209.9665317309));
#2181 = CARTESIAN_POINT('',(3.620009402143E+03,209.9665317309,
    -209.9665317309));
#2182 = CARTESIAN_POINT('',(3.620009402143E+03,209.9665317309,0.));
#2183 = CARTESIAN_POINT('',(3.626764209875E+03,208.1567339733,0.));
#2184 = CARTESIAN_POINT('',(3.626764209875E+03,208.1567339733,
    208.1567339733));
#2185 = CARTESIAN_POINT('',(3.626764209875E+03,0.,208.1567339733));
#2186 = CARTESIAN_POINT('',(3.626764209875E+03,-208.1567339733,
    208.1567339733));
#2187 = CARTESIAN_POINT('',(3.626764209875E+03,-208.1567339733,0.));
#2188 = CARTESIAN_POINT('',(3.626764209875E+03,-208.1567339733,
    -208.1567339733));
#2189 = CARTESIAN_POINT('',(3.626764209875E+03,0.,-208.1567339733));
#2190 = CARTESIAN_POINT('',(3.626764209875E+03,208.1567339733,
    -208.1567339733));
#2191 = CARTESIAN_POINT('',(3.626764209875E+03,208.1567339733,0.));
#2192 = CARTESIAN_POINT('',(3.633504984798E+03,206.3209705887,0.));
#2193 = CARTESIAN_POINT('',(3.633504984798E+03,206.3209705887,
    206.3209705887));
#2194 = CARTESIAN_POINT('',(3.633504984798E+03,0.,206.3209705887));
#2195 = CARTESIAN_POINT('',(3.633504984798E+03,-206.3209705887,
    206.3209705887));
#2196 = CARTESIAN_POINT('',(3.633504984798E+03,-206.3209705887,0.));
#2197 = CARTESIAN_POINT('',(3.633504984798E+03,-206.3209705887,
    -206.3209705887));
#2198 = CARTESIAN_POINT('',(3.633504984798E+03,0.,-206.3209705887));
#2199 = CARTESIAN_POINT('',(3.633504984798E+03,206.3209705887,
    -206.3209705887));
#2200 = CARTESIAN_POINT('',(3.633504984798E+03,206.3209705887,0.));
#2201 = CARTESIAN_POINT('',(3.640231979157E+03,204.4601055031,0.));
#2202 = CARTESIAN_POINT('',(3.640231979157E+03,204.4601055031,
    204.4601055031));
#2203 = CARTESIAN_POINT('',(3.640231979157E+03,0.,204.4601055031));
#2204 = CARTESIAN_POINT('',(3.640231979157E+03,-204.4601055031,
    204.4601055031));
#2205 = CARTESIAN_POINT('',(3.640231979157E+03,-204.4601055031,0.));
#2206 = CARTESIAN_POINT('',(3.640231979157E+03,-204.4601055031,
    -204.4601055031));
#2207 = CARTESIAN_POINT('',(3.640231979157E+03,0.,-204.4601055031));
#2208 = CARTESIAN_POINT('',(3.640231979157E+03,204.4601055031,
    -204.4601055031));
#2209 = CARTESIAN_POINT('',(3.640231979157E+03,204.4601055031,0.));
#2210 = CARTESIAN_POINT('',(3.646945457321E+03,202.57499765444,0.));
#2211 = CARTESIAN_POINT('',(3.646945457321E+03,202.57499765444,
    202.57499765444));
#2212 = CARTESIAN_POINT('',(3.646945457321E+03,0.,202.57499765444));
#2213 = CARTESIAN_POINT('',(3.646945457321E+03,-202.5749976544,
    202.57499765444));
#2214 = CARTESIAN_POINT('',(3.646945457321E+03,-202.5749976544,0.));
#2215 = CARTESIAN_POINT('',(3.646945457321E+03,-202.5749976544,
    -202.5749976544));
#2216 = CARTESIAN_POINT('',(3.646945457321E+03,0.,-202.5749976544));
#2217 = CARTESIAN_POINT('',(3.646945457321E+03,202.57499765444,
    -202.5749976544));
#2218 = CARTESIAN_POINT('',(3.646945457321E+03,202.57499765444,0.));
#2219 = CARTESIAN_POINT('',(3.653645704309E+03,200.66649730622,0.));
#2220 = CARTESIAN_POINT('',(3.653645704309E+03,200.66649730622,
    200.66649730622));
#2221 = CARTESIAN_POINT('',(3.653645704309E+03,0.,200.66649730622));
#2222 = CARTESIAN_POINT('',(3.653645704309E+03,-200.6664973062,
    200.66649730622));
#2223 = CARTESIAN_POINT('',(3.653645704309E+03,-200.6664973062,0.));
#2224 = CARTESIAN_POINT('',(3.653645704309E+03,-200.6664973062,
    -200.6664973062));
#2225 = CARTESIAN_POINT('',(3.653645704309E+03,0.,-200.6664973062));
#2226 = CARTESIAN_POINT('',(3.653645704309E+03,200.66649730622,
    -200.6664973062));
#2227 = CARTESIAN_POINT('',(3.653645704309E+03,200.66649730622,0.));
#2228 = CARTESIAN_POINT('',(3.660333015567E+03,198.73544776543,0.));
#2229 = CARTESIAN_POINT('',(3.660333015567E+03,198.73544776543,
    198.73544776543));
#2230 = CARTESIAN_POINT('',(3.660333015567E+03,0.,198.73544776543));
#2231 = CARTESIAN_POINT('',(3.660333015567E+03,-198.7354477654,
    198.73544776543));
#2232 = CARTESIAN_POINT('',(3.660333015567E+03,-198.7354477654,0.));
#2233 = CARTESIAN_POINT('',(3.660333015567E+03,-198.7354477654,
    -198.7354477654));
#2234 = CARTESIAN_POINT('',(3.660333015567E+03,0.,-198.7354477654));
#2235 = CARTESIAN_POINT('',(3.660333015567E+03,198.73544776543,
    -198.7354477654));
#2236 = CARTESIAN_POINT('',(3.660333015567E+03,198.73544776543,0.));
#2237 = CARTESIAN_POINT('',(3.667007701118E+03,196.78268317445,0.));
#2238 = CARTESIAN_POINT('',(3.667007701118E+03,196.78268317445,
    196.78268317445));
#2239 = CARTESIAN_POINT('',(3.667007701118E+03,0.,196.78268317445));
#2240 = CARTESIAN_POINT('',(3.667007701118E+03,-196.7826831744,
    196.78268317445));
#2241 = CARTESIAN_POINT('',(3.667007701118E+03,-196.7826831744,0.));
#2242 = CARTESIAN_POINT('',(3.667007701118E+03,-196.7826831744,
    -196.7826831744));
#2243 = CARTESIAN_POINT('',(3.667007701118E+03,0.,-196.7826831744));
#2244 = CARTESIAN_POINT('',(3.667007701118E+03,196.78268317445,
    -196.7826831744));
#2245 = CARTESIAN_POINT('',(3.667007701118E+03,196.78268317445,0.));
#2246 = CARTESIAN_POINT('',(3.673670084204E+03,194.80902795491,0.));
#2247 = CARTESIAN_POINT('',(3.673670084204E+03,194.80902795491,
    194.80902795491));
#2248 = CARTESIAN_POINT('',(3.673670084204E+03,0.,194.80902795491));
#2249 = CARTESIAN_POINT('',(3.673670084204E+03,-194.8090279549,
    194.80902795491));
#2250 = CARTESIAN_POINT('',(3.673670084204E+03,-194.8090279549,0.));
#2251 = CARTESIAN_POINT('',(3.673670084204E+03,-194.8090279549,
    -194.8090279549));
#2252 = CARTESIAN_POINT('',(3.673670084204E+03,0.,-194.8090279549));
#2253 = CARTESIAN_POINT('',(3.673670084204E+03,194.80902795491,
    -194.8090279549));
#2254 = CARTESIAN_POINT('',(3.673670084204E+03,194.80902795491,0.));
#2255 = CARTESIAN_POINT('',(3.680320499984E+03,192.81529636014,0.));
#2256 = CARTESIAN_POINT('',(3.680320499984E+03,192.81529636014,
    192.81529636014));
#2257 = CARTESIAN_POINT('',(3.680320499984E+03,0.,192.81529636014));
#2258 = CARTESIAN_POINT('',(3.680320499984E+03,-192.8152963601,
    192.81529636014));
#2259 = CARTESIAN_POINT('',(3.680320499984E+03,-192.8152963601,0.));
#2260 = CARTESIAN_POINT('',(3.680320499984E+03,-192.8152963601,
    -192.8152963601));
#2261 = CARTESIAN_POINT('',(3.680320499984E+03,0.,-192.8152963601));
#2262 = CARTESIAN_POINT('',(3.680320499984E+03,192.81529636014,
    -192.8152963601));
#2263 = CARTESIAN_POINT('',(3.680320499984E+03,192.81529636014,0.));
#2264 = CARTESIAN_POINT('',(3.686959294299E+03,190.8022921269,0.));
#2265 = CARTESIAN_POINT('',(3.686959294299E+03,190.8022921269,
    190.8022921269));
#2266 = CARTESIAN_POINT('',(3.686959294299E+03,0.,190.8022921269));
#2267 = CARTESIAN_POINT('',(3.686959294299E+03,-190.8022921269,
    190.8022921269));
#2268 = CARTESIAN_POINT('',(3.686959294299E+03,-190.8022921269,0.));
#2269 = CARTESIAN_POINT('',(3.686959294299E+03,-190.8022921269,
    -190.8022921269));
#2270 = CARTESIAN_POINT('',(3.686959294299E+03,0.,-190.8022921269));
#2271 = CARTESIAN_POINT('',(3.686959294299E+03,190.8022921269,
    -190.8022921269));
#2272 = CARTESIAN_POINT('',(3.686959294299E+03,190.8022921269,0.));
#2273 = CARTESIAN_POINT('',(3.693586820038E+03,188.77080897073,0.));
#2274 = CARTESIAN_POINT('',(3.693586820038E+03,188.77080897073,
    188.77080897073));
#2275 = CARTESIAN_POINT('',(3.693586820038E+03,0.,188.77080897073));
#2276 = CARTESIAN_POINT('',(3.693586820038E+03,-188.7708089707,
    188.77080897073));
#2277 = CARTESIAN_POINT('',(3.693586820038E+03,-188.7708089707,0.));
#2278 = CARTESIAN_POINT('',(3.693586820038E+03,-188.7708089707,
    -188.7708089707));
#2279 = CARTESIAN_POINT('',(3.693586820038E+03,0.,-188.7708089707));
#2280 = CARTESIAN_POINT('',(3.693586820038E+03,188.77080897073,
    -188.7708089707));
#2281 = CARTESIAN_POINT('',(3.693586820038E+03,188.77080897073,0.));
#2282 = CARTESIAN_POINT('',(3.700203439034E+03,186.72162952733,0.));
#2283 = CARTESIAN_POINT('',(3.700203439034E+03,186.72162952733,
    186.72162952733));
#2284 = CARTESIAN_POINT('',(3.700203439034E+03,0.,186.72162952733));
#2285 = CARTESIAN_POINT('',(3.700203439034E+03,-186.7216295273,
    186.72162952733));
#2286 = CARTESIAN_POINT('',(3.700203439034E+03,-186.7216295273,0.));
#2287 = CARTESIAN_POINT('',(3.700203439034E+03,-186.7216295273,
    -186.7216295273));
#2288 = CARTESIAN_POINT('',(3.700203439034E+03,0.,-186.7216295273));
#2289 = CARTESIAN_POINT('',(3.700203439034E+03,186.72162952733,
    -186.7216295273));
#2290 = CARTESIAN_POINT('',(3.700203439034E+03,186.72162952733,0.));
#2291 = CARTESIAN_POINT('',(3.706809522202E+03,184.65552487011,0.));
#2292 = CARTESIAN_POINT('',(3.706809522202E+03,184.65552487011,
    184.65552487011));
#2293 = CARTESIAN_POINT('',(3.706809522202E+03,0.,184.65552487011));
#2294 = CARTESIAN_POINT('',(3.706809522202E+03,-184.6555248701,
    184.65552487011));
#2295 = CARTESIAN_POINT('',(3.706809522202E+03,-184.6555248701,0.));
#2296 = CARTESIAN_POINT('',(3.706809522202E+03,-184.6555248701,
    -184.6555248701));
#2297 = CARTESIAN_POINT('',(3.706809522202E+03,0.,-184.6555248701));
#2298 = CARTESIAN_POINT('',(3.706809522202E+03,184.65552487011,
    -184.6555248701));
#2299 = CARTESIAN_POINT('',(3.706809522202E+03,184.65552487011,0.));
#2300 = CARTESIAN_POINT('',(3.713405444674E+03,182.57325567318,0.));
#2301 = CARTESIAN_POINT('',(3.713405444674E+03,182.57325567318,
    182.57325567318));
#2302 = CARTESIAN_POINT('',(3.713405444674E+03,0.,182.57325567318));
#2303 = CARTESIAN_POINT('',(3.713405444674E+03,-182.5732556731,
    182.57325567318));
#2304 = CARTESIAN_POINT('',(3.713405444674E+03,-182.5732556731,0.));
#2305 = CARTESIAN_POINT('',(3.713405444674E+03,-182.5732556731,
    -182.5732556731));
#2306 = CARTESIAN_POINT('',(3.713405444674E+03,0.,-182.5732556731));
#2307 = CARTESIAN_POINT('',(3.713405444674E+03,182.57325567318,
    -182.5732556731));
#2308 = CARTESIAN_POINT('',(3.713405444674E+03,182.57325567318,0.));
#2309 = CARTESIAN_POINT('',(3.719991591123E+03,180.47557031146,0.));
#2310 = CARTESIAN_POINT('',(3.719991591123E+03,180.47557031146,
    180.47557031146));
#2311 = CARTESIAN_POINT('',(3.719991591123E+03,0.,180.47557031146));
#2312 = CARTESIAN_POINT('',(3.719991591123E+03,-180.4755703114,
    180.47557031146));
#2313 = CARTESIAN_POINT('',(3.719991591123E+03,-180.4755703114,0.));
#2314 = CARTESIAN_POINT('',(3.719991591123E+03,-180.4755703114,
    -180.4755703114));
#2315 = CARTESIAN_POINT('',(3.719991591123E+03,0.,-180.4755703114));
#2316 = CARTESIAN_POINT('',(3.719991591123E+03,180.47557031146,
    -180.4755703114));
#2317 = CARTESIAN_POINT('',(3.719991591123E+03,180.47557031146,0.));
#2318 = CARTESIAN_POINT('',(3.726568345397E+03,178.36320795286,0.));
#2319 = CARTESIAN_POINT('',(3.726568345397E+03,178.36320795286,
    178.36320795286));
#2320 = CARTESIAN_POINT('',(3.726568345397E+03,0.,178.36320795286));
#2321 = CARTESIAN_POINT('',(3.726568345397E+03,-178.3632079528,
    178.36320795286));
#2322 = CARTESIAN_POINT('',(3.726568345397E+03,-178.3632079528,0.));
#2323 = CARTESIAN_POINT('',(3.726568345397E+03,-178.3632079528,
    -178.3632079528));
#2324 = CARTESIAN_POINT('',(3.726568345397E+03,0.,-178.3632079528));
#2325 = CARTESIAN_POINT('',(3.726568345397E+03,178.36320795286,
    -178.3632079528));
#2326 = CARTESIAN_POINT('',(3.726568345397E+03,178.36320795286,0.));
#2327 = CARTESIAN_POINT('',(3.733136103903E+03,176.23689418253,0.));
#2328 = CARTESIAN_POINT('',(3.733136103903E+03,176.23689418253,
    176.23689418253));
#2329 = CARTESIAN_POINT('',(3.733136103903E+03,0.,176.23689418253));
#2330 = CARTESIAN_POINT('',(3.733136103903E+03,-176.2368941825,
    176.23689418253));
#2331 = CARTESIAN_POINT('',(3.733136103903E+03,-176.2368941825,0.));
#2332 = CARTESIAN_POINT('',(3.733136103903E+03,-176.2368941825,
    -176.2368941825));
#2333 = CARTESIAN_POINT('',(3.733136103903E+03,0.,-176.2368941825));
#2334 = CARTESIAN_POINT('',(3.733136103903E+03,176.23689418253,
    -176.2368941825));
#2335 = CARTESIAN_POINT('',(3.733136103903E+03,176.23689418253,0.));
#2336 = CARTESIAN_POINT('',(3.73969525796E+03,174.09734663533,0.));
#2337 = CARTESIAN_POINT('',(3.73969525796E+03,174.09734663533,
    174.09734663533));
#2338 = CARTESIAN_POINT('',(3.73969525796E+03,0.,174.09734663533));
#2339 = CARTESIAN_POINT('',(3.73969525796E+03,-174.0973466353,
    174.09734663533));
#2340 = CARTESIAN_POINT('',(3.73969525796E+03,-174.0973466353,0.));
#2341 = CARTESIAN_POINT('',(3.73969525796E+03,-174.0973466353,
    -174.0973466353));
#2342 = CARTESIAN_POINT('',(3.73969525796E+03,0.,-174.0973466353));
#2343 = CARTESIAN_POINT('',(3.73969525796E+03,174.09734663533,
    -174.0973466353));
#2344 = CARTESIAN_POINT('',(3.73969525796E+03,174.09734663533,0.));
#2345 = CARTESIAN_POINT('',(3.74624620995E+03,171.94526980286,0.));
#2346 = CARTESIAN_POINT('',(3.74624620995E+03,171.94526980286,
    171.94526980286));
#2347 = CARTESIAN_POINT('',(3.74624620995E+03,0.,171.94526980286));
#2348 = CARTESIAN_POINT('',(3.74624620995E+03,-171.9452698028,
    171.94526980286));
#2349 = CARTESIAN_POINT('',(3.74624620995E+03,-171.9452698028,0.));
#2350 = CARTESIAN_POINT('',(3.74624620995E+03,-171.9452698028,
    -171.9452698028));
#2351 = CARTESIAN_POINT('',(3.74624620995E+03,0.,-171.9452698028));
#2352 = CARTESIAN_POINT('',(3.74624620995E+03,171.94526980286,
    -171.9452698028));
#2353 = CARTESIAN_POINT('',(3.74624620995E+03,171.94526980286,0.));
#2354 = CARTESIAN_POINT('',(3.752789358847E+03,169.7813598294,0.));
#2355 = CARTESIAN_POINT('',(3.752789358847E+03,169.7813598294,
    169.7813598294));
#2356 = CARTESIAN_POINT('',(3.752789358847E+03,0.,169.7813598294));
#2357 = CARTESIAN_POINT('',(3.752789358847E+03,-169.7813598294,
    169.7813598294));
#2358 = CARTESIAN_POINT('',(3.752789358847E+03,-169.7813598294,0.));
#2359 = CARTESIAN_POINT('',(3.752789358847E+03,-169.7813598294,
    -169.7813598294));
#2360 = CARTESIAN_POINT('',(3.752789358847E+03,0.,-169.7813598294));
#2361 = CARTESIAN_POINT('',(3.752789358847E+03,169.7813598294,
    -169.7813598294));
#2362 = CARTESIAN_POINT('',(3.752789358847E+03,169.7813598294,0.));
#2363 = CARTESIAN_POINT('',(3.759325110856E+03,167.60630116006,0.));
#2364 = CARTESIAN_POINT('',(3.759325110856E+03,167.60630116006,
    167.60630116006));
#2365 = CARTESIAN_POINT('',(3.759325110856E+03,0.,167.60630116006));
#2366 = CARTESIAN_POINT('',(3.759325110856E+03,-167.60630116,
    167.60630116006));
#2367 = CARTESIAN_POINT('',(3.759325110856E+03,-167.60630116,0.));
#2368 = CARTESIAN_POINT('',(3.759325110856E+03,-167.60630116,
    -167.60630116));
#2369 = CARTESIAN_POINT('',(3.759325110856E+03,0.,-167.60630116));
#2370 = CARTESIAN_POINT('',(3.759325110856E+03,167.60630116006,
    -167.60630116));
#2371 = CARTESIAN_POINT('',(3.759325110856E+03,167.60630116006,0.));
#2372 = CARTESIAN_POINT('',(3.765853871227E+03,165.42076944542,0.));
#2373 = CARTESIAN_POINT('',(3.765853871227E+03,165.42076944542,
    165.42076944542));
#2374 = CARTESIAN_POINT('',(3.765853871227E+03,0.,165.42076944542));
#2375 = CARTESIAN_POINT('',(3.765853871227E+03,-165.4207694454,
    165.42076944542));
#2376 = CARTESIAN_POINT('',(3.765853871227E+03,-165.4207694454,0.));
#2377 = CARTESIAN_POINT('',(3.765853871227E+03,-165.4207694454,
    -165.4207694454));
#2378 = CARTESIAN_POINT('',(3.765853871227E+03,0.,-165.4207694454));
#2379 = CARTESIAN_POINT('',(3.765853871227E+03,165.42076944542,
    -165.4207694454));
#2380 = CARTESIAN_POINT('',(3.765853871227E+03,165.42076944542,0.));
#2381 = CARTESIAN_POINT('',(3.772376046734E+03,163.22543096895,0.));
#2382 = CARTESIAN_POINT('',(3.772376046734E+03,163.22543096895,
    163.22543096895));
#2383 = CARTESIAN_POINT('',(3.772376046734E+03,0.,163.22543096895));
#2384 = CARTESIAN_POINT('',(3.772376046734E+03,-163.2254309689,
    163.22543096895));
#2385 = CARTESIAN_POINT('',(3.772376046734E+03,-163.2254309689,0.));
#2386 = CARTESIAN_POINT('',(3.772376046734E+03,-163.2254309689,
    -163.2254309689));
#2387 = CARTESIAN_POINT('',(3.772376046734E+03,0.,-163.2254309689));
#2388 = CARTESIAN_POINT('',(3.772376046734E+03,163.22543096895,
    -163.2254309689));
#2389 = CARTESIAN_POINT('',(3.772376046734E+03,163.22543096895,0.));
#2390 = CARTESIAN_POINT('',(3.778892046581E+03,161.02094264685,0.));
#2391 = CARTESIAN_POINT('',(3.778892046581E+03,161.02094264685,
    161.02094264685));
#2392 = CARTESIAN_POINT('',(3.778892046581E+03,0.,161.02094264685));
#2393 = CARTESIAN_POINT('',(3.778892046581E+03,-161.0209426468,
    161.02094264685));
#2394 = CARTESIAN_POINT('',(3.778892046581E+03,-161.0209426468,0.));
#2395 = CARTESIAN_POINT('',(3.778892046581E+03,-161.0209426468,
    -161.0209426468));
#2396 = CARTESIAN_POINT('',(3.778892046581E+03,0.,-161.0209426468));
#2397 = CARTESIAN_POINT('',(3.778892046581E+03,161.02094264685,
    -161.0209426468));
#2398 = CARTESIAN_POINT('',(3.778892046581E+03,161.02094264685,0.));
#2399 = CARTESIAN_POINT('',(3.785402279985E+03,158.80795318505,0.));
#2400 = CARTESIAN_POINT('',(3.785402279985E+03,158.80795318505,
    158.80795318505));
#2401 = CARTESIAN_POINT('',(3.785402279985E+03,0.,158.80795318505));
#2402 = CARTESIAN_POINT('',(3.785402279985E+03,-158.807953185,
    158.80795318505));
#2403 = CARTESIAN_POINT('',(3.785402279985E+03,-158.807953185,0.));
#2404 = CARTESIAN_POINT('',(3.785402279985E+03,-158.807953185,
    -158.807953185));
#2405 = CARTESIAN_POINT('',(3.785402279985E+03,0.,-158.807953185));
#2406 = CARTESIAN_POINT('',(3.785402279985E+03,158.80795318505,
    -158.807953185));
#2407 = CARTESIAN_POINT('',(3.785402279985E+03,158.80795318505,0.));
#2408 = CARTESIAN_POINT('',(3.791907157176E+03,156.58710313247,0.));
#2409 = CARTESIAN_POINT('',(3.791907157176E+03,156.58710313247,
    156.58710313247));
#2410 = CARTESIAN_POINT('',(3.791907157176E+03,0.,156.58710313247));
#2411 = CARTESIAN_POINT('',(3.791907157176E+03,-156.5871031324,
    156.58710313247));
#2412 = CARTESIAN_POINT('',(3.791907157176E+03,-156.5871031324,0.));
#2413 = CARTESIAN_POINT('',(3.791907157176E+03,-156.5871031324,
    -156.5871031324));
#2414 = CARTESIAN_POINT('',(3.791907157176E+03,0.,-156.5871031324));
#2415 = CARTESIAN_POINT('',(3.791907157176E+03,156.58710313247,
    -156.5871031324));
#2416 = CARTESIAN_POINT('',(3.791907157176E+03,156.58710313247,0.));
#2417 = CARTESIAN_POINT('',(3.798407088957E+03,154.35902548076,0.));
#2418 = CARTESIAN_POINT('',(3.798407088957E+03,154.35902548076,
    154.35902548076));
#2419 = CARTESIAN_POINT('',(3.798407088957E+03,0.,154.35902548076));
#2420 = CARTESIAN_POINT('',(3.798407088957E+03,-154.3590254807,
    154.35902548076));
#2421 = CARTESIAN_POINT('',(3.798407088957E+03,-154.3590254807,0.));
#2422 = CARTESIAN_POINT('',(3.798407088957E+03,-154.3590254807,
    -154.3590254807));
#2423 = CARTESIAN_POINT('',(3.798407088957E+03,0.,-154.3590254807));
#2424 = CARTESIAN_POINT('',(3.798407088957E+03,154.35902548076,
    -154.3590254807));
#2425 = CARTESIAN_POINT('',(3.798407088957E+03,154.35902548076,0.));
#2426 = CARTESIAN_POINT('',(3.80490248595E+03,152.12434640179,0.));
#2427 = CARTESIAN_POINT('',(3.80490248595E+03,152.12434640179,
    152.12434640179));
#2428 = CARTESIAN_POINT('',(3.80490248595E+03,0.,152.12434640179));
#2429 = CARTESIAN_POINT('',(3.80490248595E+03,-152.1243464017,
    152.12434640179));
#2430 = CARTESIAN_POINT('',(3.80490248595E+03,-152.1243464017,0.));
#2431 = CARTESIAN_POINT('',(3.80490248595E+03,-152.1243464017,
    -152.1243464017));
#2432 = CARTESIAN_POINT('',(3.80490248595E+03,0.,-152.1243464017));
#2433 = CARTESIAN_POINT('',(3.80490248595E+03,152.12434640179,
    -152.1243464017));
#2434 = CARTESIAN_POINT('',(3.80490248595E+03,152.12434640179,0.));
#2435 = CARTESIAN_POINT('',(3.811393759934E+03,149.88368531992,0.));
#2436 = CARTESIAN_POINT('',(3.811393759934E+03,149.88368531992,
    149.88368531992));
#2437 = CARTESIAN_POINT('',(3.811393759934E+03,0.,149.88368531992));
#2438 = CARTESIAN_POINT('',(3.811393759934E+03,-149.8836853199,
    149.88368531992));
#2439 = CARTESIAN_POINT('',(3.811393759934E+03,-149.8836853199,0.));
#2440 = CARTESIAN_POINT('',(3.811393759934E+03,-149.8836853199,
    -149.8836853199));
#2441 = CARTESIAN_POINT('',(3.811393759934E+03,0.,-149.8836853199));
#2442 = CARTESIAN_POINT('',(3.811393759934E+03,149.88368531992,
    -149.8836853199));
#2443 = CARTESIAN_POINT('',(3.811393759934E+03,149.88368531992,0.));
#2444 = CARTESIAN_POINT('',(3.817881322321E+03,147.63765601252,0.));
#2445 = CARTESIAN_POINT('',(3.817881322321E+03,147.63765601252,
    147.63765601252));
#2446 = CARTESIAN_POINT('',(3.817881322321E+03,0.,147.63765601252));
#2447 = CARTESIAN_POINT('',(3.817881322321E+03,-147.6376560125,
    147.63765601252));
#2448 = CARTESIAN_POINT('',(3.817881322321E+03,-147.6376560125,0.));
#2449 = CARTESIAN_POINT('',(3.817881322321E+03,-147.6376560125,
    -147.6376560125));
#2450 = CARTESIAN_POINT('',(3.817881322321E+03,0.,-147.6376560125));
#2451 = CARTESIAN_POINT('',(3.817881322321E+03,147.63765601252,
    -147.6376560125));
#2452 = CARTESIAN_POINT('',(3.817881322321E+03,147.63765601252,0.));
#2453 = CARTESIAN_POINT('',(3.824365584025E+03,145.38686727625,0.));
#2454 = CARTESIAN_POINT('',(3.824365584025E+03,145.38686727625,
    145.38686727625));
#2455 = CARTESIAN_POINT('',(3.824365584025E+03,0.,145.38686727625));
#2456 = CARTESIAN_POINT('',(3.824365584025E+03,-145.3868672762,
    145.38686727625));
#2457 = CARTESIAN_POINT('',(3.824365584025E+03,-145.3868672762,0.));
#2458 = CARTESIAN_POINT('',(3.824365584025E+03,-145.3868672762,
    -145.3868672762));
#2459 = CARTESIAN_POINT('',(3.824365584025E+03,0.,-145.3868672762));
#2460 = CARTESIAN_POINT('',(3.824365584025E+03,145.38686727625,
    -145.3868672762));
#2461 = CARTESIAN_POINT('',(3.824365584025E+03,145.38686727625,0.));
#2462 = CARTESIAN_POINT('',(3.830846957674E+03,143.13192282428,0.));
#2463 = CARTESIAN_POINT('',(3.830846957674E+03,143.13192282428,
    143.13192282428));
#2464 = CARTESIAN_POINT('',(3.830846957674E+03,0.,143.13192282428));
#2465 = CARTESIAN_POINT('',(3.830846957674E+03,-143.1319228242,
    143.13192282428));
#2466 = CARTESIAN_POINT('',(3.830846957674E+03,-143.1319228242,0.));
#2467 = CARTESIAN_POINT('',(3.830846957674E+03,-143.1319228242,
    -143.1319228242));
#2468 = CARTESIAN_POINT('',(3.830846957674E+03,0.,-143.1319228242));
#2469 = CARTESIAN_POINT('',(3.830846957674E+03,143.13192282428,
    -143.1319228242));
#2470 = CARTESIAN_POINT('',(3.830846957674E+03,143.13192282428,0.));
#2471 = CARTESIAN_POINT('',(3.837325854607E+03,140.87342303808,0.));
#2472 = CARTESIAN_POINT('',(3.837325854607E+03,140.87342303808,
    140.87342303808));
#2473 = CARTESIAN_POINT('',(3.837325854607E+03,0.,140.87342303808));
#2474 = CARTESIAN_POINT('',(3.837325854607E+03,-140.873423038,
    140.87342303808));
#2475 = CARTESIAN_POINT('',(3.837325854607E+03,-140.873423038,0.));
#2476 = CARTESIAN_POINT('',(3.837325854607E+03,-140.873423038,
    -140.873423038));
#2477 = CARTESIAN_POINT('',(3.837325854607E+03,0.,-140.873423038));
#2478 = CARTESIAN_POINT('',(3.837325854607E+03,140.87342303808,
    -140.873423038));
#2479 = CARTESIAN_POINT('',(3.837325854607E+03,140.87342303808,0.));
#2480 = CARTESIAN_POINT('',(3.843802687245E+03,138.61196490021,0.));
#2481 = CARTESIAN_POINT('',(3.843802687245E+03,138.61196490021,
    138.61196490021));
#2482 = CARTESIAN_POINT('',(3.843802687245E+03,0.,138.61196490021));
#2483 = CARTESIAN_POINT('',(3.843802687245E+03,-138.6119649002,
    138.61196490021));
#2484 = CARTESIAN_POINT('',(3.843802687245E+03,-138.6119649002,0.));
#2485 = CARTESIAN_POINT('',(3.843802687245E+03,-138.6119649002,
    -138.6119649002));
#2486 = CARTESIAN_POINT('',(3.843802687245E+03,0.,-138.6119649002));
#2487 = CARTESIAN_POINT('',(3.843802687245E+03,138.61196490021,
    -138.6119649002));
#2488 = CARTESIAN_POINT('',(3.843802687245E+03,138.61196490021,0.));
#2489 = CARTESIAN_POINT('',(3.850277868126E+03,136.3481431352,0.));
#2490 = CARTESIAN_POINT('',(3.850277868126E+03,136.3481431352,
    136.3481431352));
#2491 = CARTESIAN_POINT('',(3.850277868126E+03,0.,136.3481431352));
#2492 = CARTESIAN_POINT('',(3.850277868126E+03,-136.3481431352,
    136.3481431352));
#2493 = CARTESIAN_POINT('',(3.850277868126E+03,-136.3481431352,0.));
#2494 = CARTESIAN_POINT('',(3.850277868126E+03,-136.3481431352,
    -136.3481431352));
#2495 = CARTESIAN_POINT('',(3.850277868126E+03,0.,-136.3481431352));
#2496 = CARTESIAN_POINT('',(3.850277868126E+03,136.3481431352,
    -136.3481431352));
#2497 = CARTESIAN_POINT('',(3.850277868126E+03,136.3481431352,0.));
#2498 = CARTESIAN_POINT('',(3.856751810312E+03,134.08255091951,0.));
#2499 = CARTESIAN_POINT('',(3.856751810312E+03,134.08255091951,
    134.08255091951));
#2500 = CARTESIAN_POINT('',(3.856751810312E+03,0.,134.08255091951));
#2501 = CARTESIAN_POINT('',(3.856751810312E+03,-134.0825509195,
    134.08255091951));
#2502 = CARTESIAN_POINT('',(3.856751810312E+03,-134.0825509195,0.));
#2503 = CARTESIAN_POINT('',(3.856751810312E+03,-134.0825509195,
    -134.0825509195));
#2504 = CARTESIAN_POINT('',(3.856751810312E+03,0.,-134.0825509195));
#2505 = CARTESIAN_POINT('',(3.856751810312E+03,134.08255091951,
    -134.0825509195));
#2506 = CARTESIAN_POINT('',(3.856751810312E+03,134.08255091951,0.));
#2507 = CARTESIAN_POINT('',(3.863224927686E+03,131.81578068259,0.));
#2508 = CARTESIAN_POINT('',(3.863224927686E+03,131.81578068259,
    131.81578068259));
#2509 = CARTESIAN_POINT('',(3.863224927686E+03,0.,131.81578068259));
#2510 = CARTESIAN_POINT('',(3.863224927686E+03,-131.8157806825,
    131.81578068259));
#2511 = CARTESIAN_POINT('',(3.863224927686E+03,-131.8157806825,0.));
#2512 = CARTESIAN_POINT('',(3.863224927686E+03,-131.8157806825,
    -131.8157806825));
#2513 = CARTESIAN_POINT('',(3.863224927686E+03,0.,-131.8157806825));
#2514 = CARTESIAN_POINT('',(3.863224927686E+03,131.81578068259,
    -131.8157806825));
#2515 = CARTESIAN_POINT('',(3.863224927686E+03,131.81578068259,0.));
#2516 = CARTESIAN_POINT('',(3.869697634958E+03,129.54842506175,0.));
#2517 = CARTESIAN_POINT('',(3.869697634958E+03,129.54842506175,
    129.54842506175));
#2518 = CARTESIAN_POINT('',(3.869697634958E+03,0.,129.54842506175));
#2519 = CARTESIAN_POINT('',(3.869697634958E+03,-129.5484250617,
    129.54842506175));
#2520 = CARTESIAN_POINT('',(3.869697634958E+03,-129.5484250617,0.));
#2521 = CARTESIAN_POINT('',(3.869697634958E+03,-129.5484250617,
    -129.5484250617));
#2522 = CARTESIAN_POINT('',(3.869697634958E+03,0.,-129.5484250617));
#2523 = CARTESIAN_POINT('',(3.869697634958E+03,129.54842506175,
    -129.5484250617));
#2524 = CARTESIAN_POINT('',(3.869697634958E+03,129.54842506175,0.));
#2525 = CARTESIAN_POINT('',(3.876170347977E+03,127.28107780534,0.));
#2526 = CARTESIAN_POINT('',(3.876170347977E+03,127.28107780534,
    127.28107780534));
#2527 = CARTESIAN_POINT('',(3.876170347977E+03,0.,127.28107780534));
#2528 = CARTESIAN_POINT('',(3.876170347977E+03,-127.2810778053,
    127.28107780534));
#2529 = CARTESIAN_POINT('',(3.876170347977E+03,-127.2810778053,0.));
#2530 = CARTESIAN_POINT('',(3.876170347977E+03,-127.2810778053,
    -127.2810778053));
#2531 = CARTESIAN_POINT('',(3.876170347977E+03,0.,-127.2810778053));
#2532 = CARTESIAN_POINT('',(3.876170347977E+03,127.28107780534,
    -127.2810778053));
#2533 = CARTESIAN_POINT('',(3.876170347977E+03,127.28107780534,0.));
#2534 = CARTESIAN_POINT('',(3.882643484286E+03,125.01433464948,0.));
#2535 = CARTESIAN_POINT('',(3.882643484286E+03,125.01433464948,
    125.01433464948));
#2536 = CARTESIAN_POINT('',(3.882643484286E+03,0.,125.01433464948));
#2537 = CARTESIAN_POINT('',(3.882643484286E+03,-125.0143346494,
    125.01433464948));
#2538 = CARTESIAN_POINT('',(3.882643484286E+03,-125.0143346494,0.));
#2539 = CARTESIAN_POINT('',(3.882643484286E+03,-125.0143346494,
    -125.0143346494));
#2540 = CARTESIAN_POINT('',(3.882643484286E+03,0.,-125.0143346494));
#2541 = CARTESIAN_POINT('',(3.882643484286E+03,125.01433464948,
    -125.0143346494));
#2542 = CARTESIAN_POINT('',(3.882643484286E+03,125.01433464948,0.));
#2543 = CARTESIAN_POINT('',(3.889117462979E+03,122.74879449816,0.));
#2544 = CARTESIAN_POINT('',(3.889117462979E+03,122.74879449816,
    122.74879449816));
#2545 = CARTESIAN_POINT('',(3.889117462979E+03,0.,122.74879449816));
#2546 = CARTESIAN_POINT('',(3.889117462979E+03,-122.7487944981,
    122.74879449816));
#2547 = CARTESIAN_POINT('',(3.889117462979E+03,-122.7487944981,0.));
#2548 = CARTESIAN_POINT('',(3.889117462979E+03,-122.7487944981,
    -122.7487944981));
#2549 = CARTESIAN_POINT('',(3.889117462979E+03,0.,-122.7487944981));
#2550 = CARTESIAN_POINT('',(3.889117462979E+03,122.74879449816,
    -122.7487944981));
#2551 = CARTESIAN_POINT('',(3.889117462979E+03,122.74879449816,0.));
#2552 = CARTESIAN_POINT('',(3.895592705311E+03,120.48506040737,0.));
#2553 = CARTESIAN_POINT('',(3.895592705311E+03,120.48506040737,
    120.48506040737));
#2554 = CARTESIAN_POINT('',(3.895592705311E+03,0.,120.48506040737));
#2555 = CARTESIAN_POINT('',(3.895592705311E+03,-120.4850604073,
    120.48506040737));
#2556 = CARTESIAN_POINT('',(3.895592705311E+03,-120.4850604073,0.));
#2557 = CARTESIAN_POINT('',(3.895592705311E+03,-120.4850604073,
    -120.4850604073));
#2558 = CARTESIAN_POINT('',(3.895592705311E+03,0.,-120.4850604073));
#2559 = CARTESIAN_POINT('',(3.895592705311E+03,120.48506040737,
    -120.4850604073));
#2560 = CARTESIAN_POINT('',(3.895592705311E+03,120.48506040737,0.));
#2561 = CARTESIAN_POINT('',(3.902069634795E+03,118.22374081301,0.));
#2562 = CARTESIAN_POINT('',(3.902069634795E+03,118.22374081301,
    118.22374081301));
#2563 = CARTESIAN_POINT('',(3.902069634795E+03,0.,118.22374081301));
#2564 = CARTESIAN_POINT('',(3.902069634795E+03,-118.223740813,
    118.22374081301));
#2565 = CARTESIAN_POINT('',(3.902069634795E+03,-118.223740813,0.));
#2566 = CARTESIAN_POINT('',(3.902069634795E+03,-118.223740813,
    -118.223740813));
#2567 = CARTESIAN_POINT('',(3.902069634795E+03,0.,-118.223740813));
#2568 = CARTESIAN_POINT('',(3.902069634795E+03,118.22374081301,
    -118.223740813));
#2569 = CARTESIAN_POINT('',(3.902069634795E+03,118.22374081301,0.));
#2570 = CARTESIAN_POINT('',(3.908548677908E+03,115.96545062019,0.));
#2571 = CARTESIAN_POINT('',(3.908548677908E+03,115.96545062019,
    115.96545062019));
#2572 = CARTESIAN_POINT('',(3.908548677908E+03,0.,115.96545062019));
#2573 = CARTESIAN_POINT('',(3.908548677908E+03,-115.9654506201,
    115.96545062019));
#2574 = CARTESIAN_POINT('',(3.908548677908E+03,-115.9654506201,0.));
#2575 = CARTESIAN_POINT('',(3.908548677908E+03,-115.9654506201,
    -115.9654506201));
#2576 = CARTESIAN_POINT('',(3.908548677908E+03,0.,-115.9654506201));
#2577 = CARTESIAN_POINT('',(3.908548677908E+03,115.96545062019,
    -115.9654506201));
#2578 = CARTESIAN_POINT('',(3.908548677908E+03,115.96545062019,0.));
#2579 = CARTESIAN_POINT('',(3.915030264276E+03,113.71081255046,0.));
#2580 = CARTESIAN_POINT('',(3.915030264276E+03,113.71081255046,
    113.71081255046));
#2581 = CARTESIAN_POINT('',(3.915030264276E+03,0.,113.71081255046));
#2582 = CARTESIAN_POINT('',(3.915030264276E+03,-113.7108125504,
    113.71081255046));
#2583 = CARTESIAN_POINT('',(3.915030264276E+03,-113.7108125504,0.));
#2584 = CARTESIAN_POINT('',(3.915030264276E+03,-113.7108125504,
    -113.7108125504));
#2585 = CARTESIAN_POINT('',(3.915030264276E+03,0.,-113.7108125504));
#2586 = CARTESIAN_POINT('',(3.915030264276E+03,113.71081255046,
    -113.7108125504));
#2587 = CARTESIAN_POINT('',(3.915030264276E+03,113.71081255046,0.));
#2588 = CARTESIAN_POINT('',(3.921514827812E+03,111.46045823867,0.));
#2589 = CARTESIAN_POINT('',(3.921514827812E+03,111.46045823867,
    111.46045823867));
#2590 = CARTESIAN_POINT('',(3.921514827812E+03,0.,111.46045823867));
#2591 = CARTESIAN_POINT('',(3.921514827812E+03,-111.4604582386,
    111.46045823867));
#2592 = CARTESIAN_POINT('',(3.921514827812E+03,-111.4604582386,0.));
#2593 = CARTESIAN_POINT('',(3.921514827812E+03,-111.4604582386,
    -111.4604582386));
#2594 = CARTESIAN_POINT('',(3.921514827812E+03,0.,-111.4604582386));
#2595 = CARTESIAN_POINT('',(3.921514827812E+03,111.46045823867,
    -111.4604582386));
#2596 = CARTESIAN_POINT('',(3.921514827812E+03,111.46045823867,0.));
#2597 = CARTESIAN_POINT('',(3.928002806295E+03,109.21502995843,0.));
#2598 = CARTESIAN_POINT('',(3.928002806295E+03,109.21502995843,
    109.21502995843));
#2599 = CARTESIAN_POINT('',(3.928002806295E+03,0.,109.21502995843));
#2600 = CARTESIAN_POINT('',(3.928002806295E+03,-109.2150299584,
    109.21502995843));
#2601 = CARTESIAN_POINT('',(3.928002806295E+03,-109.2150299584,0.));
#2602 = CARTESIAN_POINT('',(3.928002806295E+03,-109.2150299584,
    -109.2150299584));
#2603 = CARTESIAN_POINT('',(3.928002806295E+03,0.,-109.2150299584));
#2604 = CARTESIAN_POINT('',(3.928002806295E+03,109.21502995843,
    -109.2150299584));
#2605 = CARTESIAN_POINT('',(3.928002806295E+03,109.21502995843,0.));
#2606 = CARTESIAN_POINT('',(3.934494641619E+03,106.97518220675,0.));
#2607 = CARTESIAN_POINT('',(3.934494641619E+03,106.97518220675,
    106.97518220675));
#2608 = CARTESIAN_POINT('',(3.934494641619E+03,0.,106.97518220675));
#2609 = CARTESIAN_POINT('',(3.934494641619E+03,-106.9751822067,
    106.97518220675));
#2610 = CARTESIAN_POINT('',(3.934494641619E+03,-106.9751822067,0.));
#2611 = CARTESIAN_POINT('',(3.934494641619E+03,-106.9751822067,
    -106.9751822067));
#2612 = CARTESIAN_POINT('',(3.934494641619E+03,0.,-106.9751822067));
#2613 = CARTESIAN_POINT('',(3.934494641619E+03,106.97518220675,
    -106.9751822067));
#2614 = CARTESIAN_POINT('',(3.934494641619E+03,106.97518220675,0.));
#2615 = CARTESIAN_POINT('',(3.940990781897E+03,104.74158274241,0.));
#2616 = CARTESIAN_POINT('',(3.940990781897E+03,104.74158274241,
    104.74158274241));
#2617 = CARTESIAN_POINT('',(3.940990781897E+03,0.,104.74158274241));
#2618 = CARTESIAN_POINT('',(3.940990781897E+03,-104.7415827424,
    104.74158274241));
#2619 = CARTESIAN_POINT('',(3.940990781897E+03,-104.7415827424,0.));
#2620 = CARTESIAN_POINT('',(3.940990781897E+03,-104.7415827424,
    -104.7415827424));
#2621 = CARTESIAN_POINT('',(3.940990781897E+03,0.,-104.7415827424));
#2622 = CARTESIAN_POINT('',(3.940990781897E+03,104.74158274241,
    -104.7415827424));
#2623 = CARTESIAN_POINT('',(3.940990781897E+03,104.74158274241,0.));
#2624 = CARTESIAN_POINT('',(3.947491679981E+03,102.51491497339,0.));
#2625 = CARTESIAN_POINT('',(3.947491679981E+03,102.51491497339,
    102.51491497339));
#2626 = CARTESIAN_POINT('',(3.947491679981E+03,0.,102.51491497339));
#2627 = CARTESIAN_POINT('',(3.947491679981E+03,-102.5149149733,
    102.51491497339));
#2628 = CARTESIAN_POINT('',(3.947491679981E+03,-102.5149149733,0.));
#2629 = CARTESIAN_POINT('',(3.947491679981E+03,-102.5149149733,
    -102.5149149733));
#2630 = CARTESIAN_POINT('',(3.947491679981E+03,0.,-102.5149149733));
#2631 = CARTESIAN_POINT('',(3.947491679981E+03,102.51491497339,
    -102.5149149733));
#2632 = CARTESIAN_POINT('',(3.947491679981E+03,102.51491497339,0.));
#2633 = CARTESIAN_POINT('',(3.953997795907E+03,100.29587910034,0.));
#2634 = CARTESIAN_POINT('',(3.953997795907E+03,100.29587910034,
    100.29587910034));
#2635 = CARTESIAN_POINT('',(3.953997795907E+03,0.,100.29587910034));
#2636 = CARTESIAN_POINT('',(3.953997795907E+03,-100.2958791003,
    100.29587910034));
#2637 = CARTESIAN_POINT('',(3.953997795907E+03,-100.2958791003,0.));
#2638 = CARTESIAN_POINT('',(3.953997795907E+03,-100.2958791003,
    -100.2958791003));
#2639 = CARTESIAN_POINT('',(3.953997795907E+03,0.,-100.2958791003));
#2640 = CARTESIAN_POINT('',(3.953997795907E+03,100.29587910034,
    -100.2958791003));
#2641 = CARTESIAN_POINT('',(3.953997795907E+03,100.29587910034,0.));
#2642 = CARTESIAN_POINT('',(3.960509595393E+03,98.085194730956,0.));
#2643 = CARTESIAN_POINT('',(3.960509595393E+03,98.085194730956,
    98.085194730956));
#2644 = CARTESIAN_POINT('',(3.960509595393E+03,0.,98.085194730956));
#2645 = CARTESIAN_POINT('',(3.960509595393E+03,-98.08519473095,
    98.085194730956));
#2646 = CARTESIAN_POINT('',(3.960509595393E+03,-98.08519473095,0.));
#2647 = CARTESIAN_POINT('',(3.960509595393E+03,-98.08519473095,
    -98.08519473095));
#2648 = CARTESIAN_POINT('',(3.960509595393E+03,0.,-98.08519473095));
#2649 = CARTESIAN_POINT('',(3.960509595393E+03,98.085194730956,
    -98.08519473095));
#2650 = CARTESIAN_POINT('',(3.960509595393E+03,98.085194730956,0.));
#2651 = CARTESIAN_POINT('',(3.967027553151E+03,95.883601987593,0.));
#2652 = CARTESIAN_POINT('',(3.967027553151E+03,95.883601987593,
    95.883601987593));
#2653 = CARTESIAN_POINT('',(3.967027553151E+03,0.,95.883601987593));
#2654 = CARTESIAN_POINT('',(3.967027553151E+03,-95.88360198759,
    95.883601987593));
#2655 = CARTESIAN_POINT('',(3.967027553151E+03,-95.88360198759,0.));
#2656 = CARTESIAN_POINT('',(3.967027553151E+03,-95.88360198759,
    -95.88360198759));
#2657 = CARTESIAN_POINT('',(3.967027553151E+03,0.,-95.88360198759));
#2658 = CARTESIAN_POINT('',(3.967027553151E+03,95.883601987593,
    -95.88360198759));
#2659 = CARTESIAN_POINT('',(3.967027553151E+03,95.883601987593,0.));
#2660 = CARTESIAN_POINT('',(3.97355215153E+03,93.691864341246,0.));
#2661 = CARTESIAN_POINT('',(3.97355215153E+03,93.691864341246,
    93.691864341246));
#2662 = CARTESIAN_POINT('',(3.97355215153E+03,0.,93.691864341246));
#2663 = CARTESIAN_POINT('',(3.97355215153E+03,-93.69186434124,
    93.691864341246));
#2664 = CARTESIAN_POINT('',(3.97355215153E+03,-93.69186434124,0.));
#2665 = CARTESIAN_POINT('',(3.97355215153E+03,-93.69186434124,
    -93.69186434124));
#2666 = CARTESIAN_POINT('',(3.97355215153E+03,0.,-93.69186434124));
#2667 = CARTESIAN_POINT('',(3.97355215153E+03,93.691864341246,
    -93.69186434124));
#2668 = CARTESIAN_POINT('',(3.97355215153E+03,93.691864341246,0.));
#2669 = CARTESIAN_POINT('',(3.980083880296E+03,91.51077119414,0.));
#2670 = CARTESIAN_POINT('',(3.980083880296E+03,91.51077119414,
    91.51077119414));
#2671 = CARTESIAN_POINT('',(3.980083880296E+03,0.,91.51077119414));
#2672 = CARTESIAN_POINT('',(3.980083880296E+03,-91.51077119414,
    91.51077119414));
#2673 = CARTESIAN_POINT('',(3.980083880296E+03,-91.51077119414,0.));
#2674 = CARTESIAN_POINT('',(3.980083880296E+03,-91.51077119414,
    -91.51077119414));
#2675 = CARTESIAN_POINT('',(3.980083880296E+03,0.,-91.51077119414));
#2676 = CARTESIAN_POINT('',(3.980083880296E+03,91.51077119414,
    -91.51077119414));
#2677 = CARTESIAN_POINT('',(3.980083880296E+03,91.51077119414,0.));
#2678 = CARTESIAN_POINT('',(3.986623240159E+03,89.341139365684,0.));
#2679 = CARTESIAN_POINT('',(3.986623240159E+03,89.341139365684,
    89.341139365684));
#2680 = CARTESIAN_POINT('',(3.986623240159E+03,0.,89.341139365684));
#2681 = CARTESIAN_POINT('',(3.986623240159E+03,-89.34113936568,
    89.341139365684));
#2682 = CARTESIAN_POINT('',(3.986623240159E+03,-89.34113936568,0.));
#2683 = CARTESIAN_POINT('',(3.986623240159E+03,-89.34113936568,
    -89.34113936568));
#2684 = CARTESIAN_POINT('',(3.986623240159E+03,0.,-89.34113936568));
#2685 = CARTESIAN_POINT('',(3.986623240159E+03,89.341139365684,
    -89.34113936568));
#2686 = CARTESIAN_POINT('',(3.986623240159E+03,89.341139365684,0.));
#2687 = CARTESIAN_POINT('',(3.993170739854E+03,87.183816912051,0.));
#2688 = CARTESIAN_POINT('',(3.993170739854E+03,87.183816912051,
    87.183816912051));
#2689 = CARTESIAN_POINT('',(3.993170739854E+03,0.,87.183816912051));
#2690 = CARTESIAN_POINT('',(3.993170739854E+03,-87.18381691205,
    87.183816912051));
#2691 = CARTESIAN_POINT('',(3.993170739854E+03,-87.18381691205,0.));
#2692 = CARTESIAN_POINT('',(3.993170739854E+03,-87.18381691205,
    -87.18381691205));
#2693 = CARTESIAN_POINT('',(3.993170739854E+03,0.,-87.18381691205));
#2694 = CARTESIAN_POINT('',(3.993170739854E+03,87.183816912051,
    -87.18381691205));
#2695 = CARTESIAN_POINT('',(3.993170739854E+03,87.183816912051,0.));
#2696 = CARTESIAN_POINT('',(3.999726900588E+03,85.039684671844,0.));
#2697 = CARTESIAN_POINT('',(3.999726900588E+03,85.039684671844,
    85.039684671844));
#2698 = CARTESIAN_POINT('',(3.999726900588E+03,0.,85.039684671844));
#2699 = CARTESIAN_POINT('',(3.999726900588E+03,-85.03968467184,
    85.039684671844));
#2700 = CARTESIAN_POINT('',(3.999726900588E+03,-85.03968467184,0.));
#2701 = CARTESIAN_POINT('',(3.999726900588E+03,-85.03968467184,
    -85.03968467184));
#2702 = CARTESIAN_POINT('',(3.999726900588E+03,0.,-85.03968467184));
#2703 = CARTESIAN_POINT('',(3.999726900588E+03,85.039684671844,
    -85.03968467184));
#2704 = CARTESIAN_POINT('',(3.999726900588E+03,85.039684671844,0.));
#2705 = CARTESIAN_POINT('',(4.006292253241E+03,82.909660400099,0.));
#2706 = CARTESIAN_POINT('',(4.006292253241E+03,82.909660400099,
    82.909660400099));
#2707 = CARTESIAN_POINT('',(4.006292253241E+03,0.,82.909660400099));
#2708 = CARTESIAN_POINT('',(4.006292253241E+03,-82.90966040009,
    82.909660400099));
#2709 = CARTESIAN_POINT('',(4.006292253241E+03,-82.90966040009,0.));
#2710 = CARTESIAN_POINT('',(4.006292253241E+03,-82.90966040009,
    -82.90966040009));
#2711 = CARTESIAN_POINT('',(4.006292253241E+03,0.,-82.90966040009));
#2712 = CARTESIAN_POINT('',(4.006292253241E+03,82.909660400099,
    -82.90966040009));
#2713 = CARTESIAN_POINT('',(4.006292253241E+03,82.909660400099,0.));
#2714 = CARTESIAN_POINT('',(4.012867341848E+03,80.794701065005,0.));
#2715 = CARTESIAN_POINT('',(4.012867341848E+03,80.794701065005,
    80.794701065005));
#2716 = CARTESIAN_POINT('',(4.012867341848E+03,0.,80.794701065005));
#2717 = CARTESIAN_POINT('',(4.012867341848E+03,-80.794701065,
    80.794701065005));
#2718 = CARTESIAN_POINT('',(4.012867341848E+03,-80.794701065,0.));
#2719 = CARTESIAN_POINT('',(4.012867341848E+03,-80.794701065,
    -80.794701065));
#2720 = CARTESIAN_POINT('',(4.012867341848E+03,0.,-80.794701065));
#2721 = CARTESIAN_POINT('',(4.012867341848E+03,80.794701065005,
    -80.794701065));
#2722 = CARTESIAN_POINT('',(4.012867341848E+03,80.794701065005,0.));
#2723 = CARTESIAN_POINT('',(4.019452719432E+03,78.695807829064,0.));
#2724 = CARTESIAN_POINT('',(4.019452719432E+03,78.695807829064,
    78.695807829064));
#2725 = CARTESIAN_POINT('',(4.019452719432E+03,0.,78.695807829064));
#2726 = CARTESIAN_POINT('',(4.019452719432E+03,-78.69580782906,
    78.695807829064));
#2727 = CARTESIAN_POINT('',(4.019452719432E+03,-78.69580782906,0.));
#2728 = CARTESIAN_POINT('',(4.019452719432E+03,-78.69580782906,
    -78.69580782906));
#2729 = CARTESIAN_POINT('',(4.019452719432E+03,0.,-78.69580782906));
#2730 = CARTESIAN_POINT('',(4.019452719432E+03,78.695807829064,
    -78.69580782906));
#2731 = CARTESIAN_POINT('',(4.019452719432E+03,78.695807829064,0.));
#2732 = CARTESIAN_POINT('',(4.026048954526E+03,76.614027823209,0.));
#2733 = CARTESIAN_POINT('',(4.026048954526E+03,76.614027823209,
    76.614027823209));
#2734 = CARTESIAN_POINT('',(4.026048954526E+03,0.,76.614027823209));
#2735 = CARTESIAN_POINT('',(4.026048954526E+03,-76.6140278232,
    76.614027823209));
#2736 = CARTESIAN_POINT('',(4.026048954526E+03,-76.6140278232,0.));
#2737 = CARTESIAN_POINT('',(4.026048954526E+03,-76.6140278232,
    -76.6140278232));
#2738 = CARTESIAN_POINT('',(4.026048954526E+03,0.,-76.6140278232));
#2739 = CARTESIAN_POINT('',(4.026048954526E+03,76.614027823209,
    -76.6140278232));
#2740 = CARTESIAN_POINT('',(4.026048954526E+03,76.614027823209,0.));
#2741 = CARTESIAN_POINT('',(4.032656626126E+03,74.550459912622,0.));
#2742 = CARTESIAN_POINT('',(4.032656626126E+03,74.550459912622,
    74.550459912622));
#2743 = CARTESIAN_POINT('',(4.032656626126E+03,0.,74.550459912622));
#2744 = CARTESIAN_POINT('',(4.032656626126E+03,-74.55045991262,
    74.550459912622));
#2745 = CARTESIAN_POINT('',(4.032656626126E+03,-74.55045991262,0.));
#2746 = CARTESIAN_POINT('',(4.032656626126E+03,-74.55045991262,
    -74.55045991262));
#2747 = CARTESIAN_POINT('',(4.032656626126E+03,0.,-74.55045991262));
#2748 = CARTESIAN_POINT('',(4.032656626126E+03,74.550459912622,
    -74.55045991262));
#2749 = CARTESIAN_POINT('',(4.032656626126E+03,74.550459912622,0.));
#2750 = CARTESIAN_POINT('',(4.039276328129E+03,72.506257700902,0.));
#2751 = CARTESIAN_POINT('',(4.039276328129E+03,72.506257700902,
    72.506257700902));
#2752 = CARTESIAN_POINT('',(4.039276328129E+03,0.,72.506257700902));
#2753 = CARTESIAN_POINT('',(4.039276328129E+03,-72.5062577009,
    72.506257700902));
#2754 = CARTESIAN_POINT('',(4.039276328129E+03,-72.5062577009,0.));
#2755 = CARTESIAN_POINT('',(4.039276328129E+03,-72.5062577009,
    -72.5062577009));
#2756 = CARTESIAN_POINT('',(4.039276328129E+03,0.,-72.5062577009));
#2757 = CARTESIAN_POINT('',(4.039276328129E+03,72.506257700902,
    -72.5062577009));
#2758 = CARTESIAN_POINT('',(4.039276328129E+03,72.506257700902,0.));
#2759 = CARTESIAN_POINT('',(4.045908666638E+03,70.482635056947,0.));
#2760 = CARTESIAN_POINT('',(4.045908666638E+03,70.482635056947,
    70.482635056947));
#2761 = CARTESIAN_POINT('',(4.045908666638E+03,0.,70.482635056947));
#2762 = CARTESIAN_POINT('',(4.045908666638E+03,-70.48263505694,
    70.482635056947));
#2763 = CARTESIAN_POINT('',(4.045908666638E+03,-70.48263505694,0.));
#2764 = CARTESIAN_POINT('',(4.045908666638E+03,-70.48263505694,
    -70.48263505694));
#2765 = CARTESIAN_POINT('',(4.045908666638E+03,0.,-70.48263505694));
#2766 = CARTESIAN_POINT('',(4.045908666638E+03,70.482635056947,
    -70.48263505694));
#2767 = CARTESIAN_POINT('',(4.045908666638E+03,70.482635056947,0.));
#2768 = CARTESIAN_POINT('',(4.052554260596E+03,68.48087095298,0.));
#2769 = CARTESIAN_POINT('',(4.052554260596E+03,68.48087095298,
    68.48087095298));
#2770 = CARTESIAN_POINT('',(4.052554260596E+03,0.,68.48087095298));
#2771 = CARTESIAN_POINT('',(4.052554260596E+03,-68.48087095298,
    68.48087095298));
#2772 = CARTESIAN_POINT('',(4.052554260596E+03,-68.48087095298,0.));
#2773 = CARTESIAN_POINT('',(4.052554260596E+03,-68.48087095298,
    -68.48087095298));
#2774 = CARTESIAN_POINT('',(4.052554260596E+03,0.,-68.48087095298));
#2775 = CARTESIAN_POINT('',(4.052554260596E+03,68.48087095298,
    -68.48087095298));
#2776 = CARTESIAN_POINT('',(4.052554260596E+03,68.48087095298,0.));
#2777 = CARTESIAN_POINT('',(4.059213743839E+03,66.50231417603,0.));
#2778 = CARTESIAN_POINT('',(4.059213743839E+03,66.50231417603,
    66.50231417603));
#2779 = CARTESIAN_POINT('',(4.059213743839E+03,0.,66.50231417603));
#2780 = CARTESIAN_POINT('',(4.059213743839E+03,-66.50231417603,
    66.50231417603));
#2781 = CARTESIAN_POINT('',(4.059213743839E+03,-66.50231417603,0.));
#2782 = CARTESIAN_POINT('',(4.059213743839E+03,-66.50231417603,
    -66.50231417603));
#2783 = CARTESIAN_POINT('',(4.059213743839E+03,0.,-66.50231417603));
#2784 = CARTESIAN_POINT('',(4.059213743839E+03,66.50231417603,
    -66.50231417603));
#2785 = CARTESIAN_POINT('',(4.059213743839E+03,66.50231417603,0.));
#2786 = CARTESIAN_POINT('',(4.065887758979E+03,64.548390845451,0.));
#2787 = CARTESIAN_POINT('',(4.065887758979E+03,64.548390845451,
    64.548390845451));
#2788 = CARTESIAN_POINT('',(4.065887758979E+03,0.,64.548390845451));
#2789 = CARTESIAN_POINT('',(4.065887758979E+03,-64.54839084545,
    64.548390845451));
#2790 = CARTESIAN_POINT('',(4.065887758979E+03,-64.54839084545,0.));
#2791 = CARTESIAN_POINT('',(4.065887758979E+03,-64.54839084545,
    -64.54839084545));
#2792 = CARTESIAN_POINT('',(4.065887758979E+03,0.,-64.54839084545));
#2793 = CARTESIAN_POINT('',(4.065887758979E+03,64.548390845451,
    -64.54839084545));
#2794 = CARTESIAN_POINT('',(4.065887758979E+03,64.548390845451,0.));
#2795 = CARTESIAN_POINT('',(4.072576964964E+03,62.620608255315,0.));
#2796 = CARTESIAN_POINT('',(4.072576964964E+03,62.620608255315,
    62.620608255315));
#2797 = CARTESIAN_POINT('',(4.072576964964E+03,0.,62.620608255315));
#2798 = CARTESIAN_POINT('',(4.072576964964E+03,-62.62060825531,
    62.620608255315));
#2799 = CARTESIAN_POINT('',(4.072576964964E+03,-62.62060825531,0.));
#2800 = CARTESIAN_POINT('',(4.072576964964E+03,-62.62060825531,
    -62.62060825531));
#2801 = CARTESIAN_POINT('',(4.072576964964E+03,0.,-62.62060825531));
#2802 = CARTESIAN_POINT('',(4.072576964964E+03,62.620608255315,
    -62.62060825531));
#2803 = CARTESIAN_POINT('',(4.072576964964E+03,62.620608255315,0.));
#2804 = CARTESIAN_POINT('',(4.07928202832E+03,60.720563909427,0.));
#2805 = CARTESIAN_POINT('',(4.07928202832E+03,60.720563909427,
    60.720563909427));
#2806 = CARTESIAN_POINT('',(4.07928202832E+03,0.,60.720563909427));
#2807 = CARTESIAN_POINT('',(4.07928202832E+03,-60.72056390942,
    60.720563909427));
#2808 = CARTESIAN_POINT('',(4.07928202832E+03,-60.72056390942,0.));
#2809 = CARTESIAN_POINT('',(4.07928202832E+03,-60.72056390942,
    -60.72056390942));
#2810 = CARTESIAN_POINT('',(4.07928202832E+03,0.,-60.72056390942));
#2811 = CARTESIAN_POINT('',(4.07928202832E+03,60.720563909427,
    -60.72056390942));
#2812 = CARTESIAN_POINT('',(4.07928202832E+03,60.720563909427,0.));
#2813 = CARTESIAN_POINT('',(4.086003626977E+03,58.849951284171,0.));
#2814 = CARTESIAN_POINT('',(4.086003626977E+03,58.849951284171,
    58.849951284171));
#2815 = CARTESIAN_POINT('',(4.086003626977E+03,0.,58.849951284171));
#2816 = CARTESIAN_POINT('',(4.086003626977E+03,-58.84995128417,
    58.849951284171));
#2817 = CARTESIAN_POINT('',(4.086003626977E+03,-58.84995128417,0.));
#2818 = CARTESIAN_POINT('',(4.086003626977E+03,-58.84995128417,
    -58.84995128417));
#2819 = CARTESIAN_POINT('',(4.086003626977E+03,0.,-58.84995128417));
#2820 = CARTESIAN_POINT('',(4.086003626977E+03,58.849951284171,
    -58.84995128417));
#2821 = CARTESIAN_POINT('',(4.086003626977E+03,58.849951284171,0.));
#2822 = CARTESIAN_POINT('',(4.092742445133E+03,57.010568599944,0.));
#2823 = CARTESIAN_POINT('',(4.092742445133E+03,57.010568599944,
    57.010568599944));
#2824 = CARTESIAN_POINT('',(4.092742445133E+03,0.,57.010568599944));
#2825 = CARTESIAN_POINT('',(4.092742445133E+03,-57.01056859994,
    57.010568599944));
#2826 = CARTESIAN_POINT('',(4.092742445133E+03,-57.01056859994,0.));
#2827 = CARTESIAN_POINT('',(4.092742445133E+03,-57.01056859994,
    -57.01056859994));
#2828 = CARTESIAN_POINT('',(4.092742445133E+03,0.,-57.01056859994));
#2829 = CARTESIAN_POINT('',(4.092742445133E+03,57.010568599944,
    -57.01056859994));
#2830 = CARTESIAN_POINT('',(4.092742445133E+03,57.010568599944,0.));
#2831 = CARTESIAN_POINT('',(4.09949917396E+03,55.204326406813,0.));
#2832 = CARTESIAN_POINT('',(4.09949917396E+03,55.204326406813,
    55.204326406813));
#2833 = CARTESIAN_POINT('',(4.09949917396E+03,0.,55.204326406813));
#2834 = CARTESIAN_POINT('',(4.09949917396E+03,-55.20432640681,
    55.204326406813));
#2835 = CARTESIAN_POINT('',(4.09949917396E+03,-55.20432640681,0.));
#2836 = CARTESIAN_POINT('',(4.09949917396E+03,-55.20432640681,
    -55.20432640681));
#2837 = CARTESIAN_POINT('',(4.09949917396E+03,0.,-55.20432640681));
#2838 = CARTESIAN_POINT('',(4.09949917396E+03,55.204326406813,
    -55.20432640681));
#2839 = CARTESIAN_POINT('',(4.09949917396E+03,55.204326406813,0.));
#2840 = CARTESIAN_POINT('',(4.106274505587E+03,53.433257462849,0.));
#2841 = CARTESIAN_POINT('',(4.106274505587E+03,53.433257462849,
    53.433257462849));
#2842 = CARTESIAN_POINT('',(4.106274505587E+03,0.,53.433257462849));
#2843 = CARTESIAN_POINT('',(4.106274505587E+03,-53.43325746284,
    53.433257462849));
#2844 = CARTESIAN_POINT('',(4.106274505587E+03,-53.43325746284,0.));
#2845 = CARTESIAN_POINT('',(4.106274505587E+03,-53.43325746284,
    -53.43325746284));
#2846 = CARTESIAN_POINT('',(4.106274505587E+03,0.,-53.43325746284));
#2847 = CARTESIAN_POINT('',(4.106274505587E+03,53.433257462849,
    -53.43325746284));
#2848 = CARTESIAN_POINT('',(4.106274505587E+03,53.433257462849,0.));
#2849 = CARTESIAN_POINT('',(4.113069129654E+03,51.699526339543,0.));
#2850 = CARTESIAN_POINT('',(4.113069129654E+03,51.699526339543,
    51.699526339543));
#2851 = CARTESIAN_POINT('',(4.113069129654E+03,0.,51.699526339543));
#2852 = CARTESIAN_POINT('',(4.113069129654E+03,-51.69952633954,
    51.699526339543));
#2853 = CARTESIAN_POINT('',(4.113069129654E+03,-51.69952633954,0.));
#2854 = CARTESIAN_POINT('',(4.113069129654E+03,-51.69952633954,
    -51.69952633954));
#2855 = CARTESIAN_POINT('',(4.113069129654E+03,0.,-51.69952633954));
#2856 = CARTESIAN_POINT('',(4.113069129654E+03,51.699526339543,
    -51.69952633954));
#2857 = CARTESIAN_POINT('',(4.113069129654E+03,51.699526339543,0.));
#2858 = CARTESIAN_POINT('',(4.119883731609E+03,50.005439058689,0.));
#2859 = CARTESIAN_POINT('',(4.119883731609E+03,50.005439058689,
    50.005439058689));
#2860 = CARTESIAN_POINT('',(4.119883731609E+03,0.,50.005439058689));
#2861 = CARTESIAN_POINT('',(4.119883731609E+03,-50.00543905868,
    50.005439058689));
#2862 = CARTESIAN_POINT('',(4.119883731609E+03,-50.00543905868,0.));
#2863 = CARTESIAN_POINT('',(4.119883731609E+03,-50.00543905868,
    -50.00543905868));
#2864 = CARTESIAN_POINT('',(4.119883731609E+03,0.,-50.00543905868));
#2865 = CARTESIAN_POINT('',(4.119883731609E+03,50.005439058689,
    -50.00543905868));
#2866 = CARTESIAN_POINT('',(4.119883731609E+03,50.005439058689,0.));
#2867 = CARTESIAN_POINT('',(4.126718984359E+03,48.353454938854,0.));
#2868 = CARTESIAN_POINT('',(4.126718984359E+03,48.353454938854,
    48.353454938854));
#2869 = CARTESIAN_POINT('',(4.126718984359E+03,0.,48.353454938854));
#2870 = CARTESIAN_POINT('',(4.126718984359E+03,-48.35345493885,
    48.353454938854));
#2871 = CARTESIAN_POINT('',(4.126718984359E+03,-48.35345493885,0.));
#2872 = CARTESIAN_POINT('',(4.126718984359E+03,-48.35345493885,
    -48.35345493885));
#2873 = CARTESIAN_POINT('',(4.126718984359E+03,0.,-48.35345493885));
#2874 = CARTESIAN_POINT('',(4.126718984359E+03,48.353454938854,
    -48.35345493885));
#2875 = CARTESIAN_POINT('',(4.126718984359E+03,48.353454938854,0.));
#2876 = CARTESIAN_POINT('',(4.133575541348E+03,46.746198441284,0.));
#2877 = CARTESIAN_POINT('',(4.133575541348E+03,46.746198441284,
    46.746198441284));
#2878 = CARTESIAN_POINT('',(4.133575541348E+03,0.,46.746198441284));
#2879 = CARTESIAN_POINT('',(4.133575541348E+03,-46.74619844128,
    46.746198441284));
#2880 = CARTESIAN_POINT('',(4.133575541348E+03,-46.74619844128,0.));
#2881 = CARTESIAN_POINT('',(4.133575541348E+03,-46.74619844128,
    -46.74619844128));
#2882 = CARTESIAN_POINT('',(4.133575541348E+03,0.,-46.74619844128));
#2883 = CARTESIAN_POINT('',(4.133575541348E+03,46.746198441284,
    -46.74619844128));
#2884 = CARTESIAN_POINT('',(4.133575541348E+03,46.746198441284,0.));
#2885 = CARTESIAN_POINT('',(4.140454027569E+03,45.18647184226,0.));
#2886 = CARTESIAN_POINT('',(4.140454027569E+03,45.18647184226,
    45.18647184226));
#2887 = CARTESIAN_POINT('',(4.140454027569E+03,0.,45.18647184226));
#2888 = CARTESIAN_POINT('',(4.140454027569E+03,-45.18647184226,
    45.18647184226));
#2889 = CARTESIAN_POINT('',(4.140454027569E+03,-45.18647184226,0.));
#2890 = CARTESIAN_POINT('',(4.140454027569E+03,-45.18647184226,
    -45.18647184226));
#2891 = CARTESIAN_POINT('',(4.140454027569E+03,0.,-45.18647184226));
#2892 = CARTESIAN_POINT('',(4.140454027569E+03,45.18647184226,
    -45.18647184226));
#2893 = CARTESIAN_POINT('',(4.140454027569E+03,45.18647184226,0.));
#2894 = CARTESIAN_POINT('',(4.147355029519E+03,43.677268535286,0.));
#2895 = CARTESIAN_POINT('',(4.147355029519E+03,43.677268535286,
    43.677268535286));
#2896 = CARTESIAN_POINT('',(4.147355029519E+03,0.,43.677268535286));
#2897 = CARTESIAN_POINT('',(4.147355029519E+03,-43.67726853528,
    43.677268535286));
#2898 = CARTESIAN_POINT('',(4.147355029519E+03,-43.67726853528,0.));
#2899 = CARTESIAN_POINT('',(4.147355029519E+03,-43.67726853528,
    -43.67726853528));
#2900 = CARTESIAN_POINT('',(4.147355029519E+03,0.,-43.67726853528));
#2901 = CARTESIAN_POINT('',(4.147355029519E+03,43.677268535286,
    -43.67726853528));
#2902 = CARTESIAN_POINT('',(4.147355029519E+03,43.677268535286,0.));
#2903 = CARTESIAN_POINT('',(4.154279085022E+03,42.221786611439,0.));
#2904 = CARTESIAN_POINT('',(4.154279085022E+03,42.221786611439,
    42.221786611439));
#2905 = CARTESIAN_POINT('',(4.154279085022E+03,0.,42.221786611439));
#2906 = CARTESIAN_POINT('',(4.154279085022E+03,-42.22178661143,
    42.221786611439));
#2907 = CARTESIAN_POINT('',(4.154279085022E+03,-42.22178661143,0.));
#2908 = CARTESIAN_POINT('',(4.154279085022E+03,-42.22178661143,
    -42.22178661143));
#2909 = CARTESIAN_POINT('',(4.154279085022E+03,0.,-42.22178661143));
#2910 = CARTESIAN_POINT('',(4.154279085022E+03,42.221786611439,
    -42.22178661143));
#2911 = CARTESIAN_POINT('',(4.154279085022E+03,42.221786611439,0.));
#2912 = CARTESIAN_POINT('',(4.161226666262E+03,40.823444035971,0.));
#2913 = CARTESIAN_POINT('',(4.161226666262E+03,40.823444035971,
    40.823444035971));
#2914 = CARTESIAN_POINT('',(4.161226666262E+03,0.,40.823444035971));
#2915 = CARTESIAN_POINT('',(4.161226666262E+03,-40.82344403597,
    40.823444035971));
#2916 = CARTESIAN_POINT('',(4.161226666262E+03,-40.82344403597,0.));
#2917 = CARTESIAN_POINT('',(4.161226666262E+03,-40.82344403597,
    -40.82344403597));
#2918 = CARTESIAN_POINT('',(4.161226666262E+03,0.,-40.82344403597));
#2919 = CARTESIAN_POINT('',(4.161226666262E+03,40.823444035971,
    -40.82344403597));
#2920 = CARTESIAN_POINT('',(4.161226666262E+03,40.823444035971,0.));
#2921 = CARTESIAN_POINT('',(4.168198162836E+03,39.485893797012,0.));
#2922 = CARTESIAN_POINT('',(4.168198162836E+03,39.485893797012,
    39.485893797012));
#2923 = CARTESIAN_POINT('',(4.168198162836E+03,0.,39.485893797012));
#2924 = CARTESIAN_POINT('',(4.168198162836E+03,-39.48589379701,
    39.485893797012));
#2925 = CARTESIAN_POINT('',(4.168198162836E+03,-39.48589379701,0.));
#2926 = CARTESIAN_POINT('',(4.168198162836E+03,-39.48589379701,
    -39.48589379701));
#2927 = CARTESIAN_POINT('',(4.168198162836E+03,0.,-39.48589379701));
#2928 = CARTESIAN_POINT('',(4.168198162836E+03,39.485893797012,
    -39.48589379701));
#2929 = CARTESIAN_POINT('',(4.168198162836E+03,39.485893797012,0.));
#2930 = CARTESIAN_POINT('',(4.175193861268E+03,38.213039499767,0.));
#2931 = CARTESIAN_POINT('',(4.175193861268E+03,38.213039499767,
    38.213039499767));
#2932 = CARTESIAN_POINT('',(4.175193861268E+03,0.,38.213039499767));
#2933 = CARTESIAN_POINT('',(4.175193861268E+03,-38.21303949976,
    38.213039499767));
#2934 = CARTESIAN_POINT('',(4.175193861268E+03,-38.21303949976,0.));
#2935 = CARTESIAN_POINT('',(4.175193861268E+03,-38.21303949976,
    -38.21303949976));
#2936 = CARTESIAN_POINT('',(4.175193861268E+03,0.,-38.21303949976));
#2937 = CARTESIAN_POINT('',(4.175193861268E+03,38.213039499767,
    -38.21303949976));
#2938 = CARTESIAN_POINT('',(4.175193861268E+03,38.213039499767,0.));
#2939 = CARTESIAN_POINT('',(4.182213920255E+03,37.009051331157,0.));
#2940 = CARTESIAN_POINT('',(4.182213920255E+03,37.009051331157,
    37.009051331157));
#2941 = CARTESIAN_POINT('',(4.182213920255E+03,0.,37.009051331157));
#2942 = CARTESIAN_POINT('',(4.182213920255E+03,-37.00905133115,
    37.009051331157));
#2943 = CARTESIAN_POINT('',(4.182213920255E+03,-37.00905133115,0.));
#2944 = CARTESIAN_POINT('',(4.182213920255E+03,-37.00905133115,
    -37.00905133115));
#2945 = CARTESIAN_POINT('',(4.182213920255E+03,0.,-37.00905133115));
#2946 = CARTESIAN_POINT('',(4.182213920255E+03,37.009051331157,
    -37.00905133115));
#2947 = CARTESIAN_POINT('',(4.182213920255E+03,37.009051331157,0.));
#2948 = CARTESIAN_POINT('',(4.189258344571E+03,35.878381636026,0.));
#2949 = CARTESIAN_POINT('',(4.189258344571E+03,35.878381636026,
    35.878381636026));
#2950 = CARTESIAN_POINT('',(4.189258344571E+03,0.,35.878381636026));
#2951 = CARTESIAN_POINT('',(4.189258344571E+03,-35.87838163602,
    35.878381636026));
#2952 = CARTESIAN_POINT('',(4.189258344571E+03,-35.87838163602,0.));
#2953 = CARTESIAN_POINT('',(4.189258344571E+03,-35.87838163602,
    -35.87838163602));
#2954 = CARTESIAN_POINT('',(4.189258344571E+03,0.,-35.87838163602));
#2955 = CARTESIAN_POINT('',(4.189258344571E+03,35.878381636026,
    -35.87838163602));
#2956 = CARTESIAN_POINT('',(4.189258344571E+03,35.878381636026,0.));
#2957 = CARTESIAN_POINT('',(4.196326950229E+03,34.825781030365,0.));
#2958 = CARTESIAN_POINT('',(4.196326950229E+03,34.825781030365,
    34.825781030365));
#2959 = CARTESIAN_POINT('',(4.196326950229E+03,0.,34.825781030365));
#2960 = CARTESIAN_POINT('',(4.196326950229E+03,-34.82578103036,
    34.825781030365));
#2961 = CARTESIAN_POINT('',(4.196326950229E+03,-34.82578103036,0.));
#2962 = CARTESIAN_POINT('',(4.196326950229E+03,-34.82578103036,
    -34.82578103036));
#2963 = CARTESIAN_POINT('',(4.196326950229E+03,0.,-34.82578103036));
#2964 = CARTESIAN_POINT('',(4.196326950229E+03,34.825781030365,
    -34.82578103036));
#2965 = CARTESIAN_POINT('',(4.196326950229E+03,34.825781030365,0.));
#2966 = CARTESIAN_POINT('',(4.203419327422E+03,33.856313564484,0.));
#2967 = CARTESIAN_POINT('',(4.203419327422E+03,33.856313564484,
    33.856313564484));
#2968 = CARTESIAN_POINT('',(4.203419327422E+03,0.,33.856313564484));
#2969 = CARTESIAN_POINT('',(4.203419327422E+03,-33.85631356448,
    33.856313564484));
#2970 = CARTESIAN_POINT('',(4.203419327422E+03,-33.85631356448,0.));
#2971 = CARTESIAN_POINT('',(4.203419327422E+03,-33.85631356448,
    -33.85631356448));
#2972 = CARTESIAN_POINT('',(4.203419327422E+03,0.,-33.85631356448));
#2973 = CARTESIAN_POINT('',(4.203419327422E+03,33.856313564484,
    -33.85631356448));
#2974 = CARTESIAN_POINT('',(4.203419327422E+03,33.856313564484,0.));
#2975 = CARTESIAN_POINT('',(4.210534796989E+03,32.975371865532,0.));
#2976 = CARTESIAN_POINT('',(4.210534796989E+03,32.975371865532,
    32.975371865532));
#2977 = CARTESIAN_POINT('',(4.210534796989E+03,0.,32.975371865532));
#2978 = CARTESIAN_POINT('',(4.210534796989E+03,-32.97537186553,
    32.975371865532));
#2979 = CARTESIAN_POINT('',(4.210534796989E+03,-32.97537186553,0.));
#2980 = CARTESIAN_POINT('',(4.210534796989E+03,-32.97537186553,
    -32.97537186553));
#2981 = CARTESIAN_POINT('',(4.210534796989E+03,0.,-32.97537186553));
#2982 = CARTESIAN_POINT('',(4.210534796989E+03,32.975371865532,
    -32.97537186553));
#2983 = CARTESIAN_POINT('',(4.210534796989E+03,32.975371865532,0.));
#2984 = CARTESIAN_POINT('',(4.217672362199E+03,32.188691178278,0.));
#2985 = CARTESIAN_POINT('',(4.217672362199E+03,32.188691178278,
    32.188691178278));
#2986 = CARTESIAN_POINT('',(4.217672362199E+03,0.,32.188691178278));
#2987 = CARTESIAN_POINT('',(4.217672362199E+03,-32.18869117827,
    32.188691178278));
#2988 = CARTESIAN_POINT('',(4.217672362199E+03,-32.18869117827,0.));
#2989 = CARTESIAN_POINT('',(4.217672362199E+03,-32.18869117827,
    -32.18869117827));
#2990 = CARTESIAN_POINT('',(4.217672362199E+03,0.,-32.18869117827));
#2991 = CARTESIAN_POINT('',(4.217672362199E+03,32.188691178278,
    -32.18869117827));
#2992 = CARTESIAN_POINT('',(4.217672362199E+03,32.188691178278,0.));
#2993 = CARTESIAN_POINT('',(4.224830650456E+03,31.502368009369,0.));
#2994 = CARTESIAN_POINT('',(4.224830650456E+03,31.502368009369,
    31.502368009369));
#2995 = CARTESIAN_POINT('',(4.224830650456E+03,0.,31.502368009369));
#2996 = CARTESIAN_POINT('',(4.224830650456E+03,-31.50236800936,
    31.502368009369));
#2997 = CARTESIAN_POINT('',(4.224830650456E+03,-31.50236800936,0.));
#2998 = CARTESIAN_POINT('',(4.224830650456E+03,-31.50236800936,
    -31.50236800936));
#2999 = CARTESIAN_POINT('',(4.224830650456E+03,0.,-31.50236800936));
#3000 = CARTESIAN_POINT('',(4.224830650456E+03,31.502368009369,
    -31.50236800936));
#3001 = CARTESIAN_POINT('',(4.224830650456E+03,31.502368009369,0.));
#3002 = CARTESIAN_POINT('',(4.232007854623E+03,30.92287080938,0.));
#3003 = CARTESIAN_POINT('',(4.232007854623E+03,30.92287080938,
    30.92287080938));
#3004 = CARTESIAN_POINT('',(4.232007854623E+03,0.,30.92287080938));
#3005 = CARTESIAN_POINT('',(4.232007854623E+03,-30.92287080938,
    30.92287080938));
#3006 = CARTESIAN_POINT('',(4.232007854623E+03,-30.92287080938,0.));
#3007 = CARTESIAN_POINT('',(4.232007854623E+03,-30.92287080938,
    -30.92287080938));
#3008 = CARTESIAN_POINT('',(4.232007854623E+03,0.,-30.92287080938));
#3009 = CARTESIAN_POINT('',(4.232007854623E+03,30.92287080938,
    -30.92287080938));
#3010 = CARTESIAN_POINT('',(4.232007854623E+03,30.92287080938,0.));
#3011 = CARTESIAN_POINT('',(4.239201650559E+03,30.457108222478,0.));
#3012 = CARTESIAN_POINT('',(4.239201650559E+03,30.457108222478,
    30.457108222478));
#3013 = CARTESIAN_POINT('',(4.239201650559E+03,0.,30.457108222478));
#3014 = CARTESIAN_POINT('',(4.239201650559E+03,-30.45710822247,
    30.457108222478));
#3015 = CARTESIAN_POINT('',(4.239201650559E+03,-30.45710822247,0.));
#3016 = CARTESIAN_POINT('',(4.239201650559E+03,-30.45710822247,
    -30.45710822247));
#3017 = CARTESIAN_POINT('',(4.239201650559E+03,0.,-30.45710822247));
#3018 = CARTESIAN_POINT('',(4.239201650559E+03,30.457108222478,
    -30.45710822247));
#3019 = CARTESIAN_POINT('',(4.239201650559E+03,30.457108222478,0.));
#3020 = CARTESIAN_POINT('',(4.246409156684E+03,30.112365791039,0.));
#3021 = CARTESIAN_POINT('',(4.246409156684E+03,30.112365791039,
    30.112365791039));
#3022 = CARTESIAN_POINT('',(4.246409156684E+03,0.,30.112365791039));
#3023 = CARTESIAN_POINT('',(4.246409156684E+03,-30.11236579103,
    30.112365791039));
#3024 = CARTESIAN_POINT('',(4.246409156684E+03,-30.11236579103,0.));
#3025 = CARTESIAN_POINT('',(4.246409156684E+03,-30.11236579103,
    -30.11236579103));
#3026 = CARTESIAN_POINT('',(4.246409156684E+03,0.,-30.11236579103));
#3027 = CARTESIAN_POINT('',(4.246409156684E+03,30.112365791039,
    -30.11236579103));
#3028 = CARTESIAN_POINT('',(4.246409156684E+03,30.112365791039,0.));
#3029 = CARTESIAN_POINT('',(4.253626690617E+03,29.896968193871,0.));
#3030 = CARTESIAN_POINT('',(4.253626690617E+03,29.896968193871,
    29.896968193871));
#3031 = CARTESIAN_POINT('',(4.253626690617E+03,0.,29.896968193871));
#3032 = CARTESIAN_POINT('',(4.253626690617E+03,-29.89696819387,
    29.896968193871));
#3033 = CARTESIAN_POINT('',(4.253626690617E+03,-29.89696819387,0.));
#3034 = CARTESIAN_POINT('',(4.253626690617E+03,-29.89696819387,
    -29.89696819387));
#3035 = CARTESIAN_POINT('',(4.253626690617E+03,0.,-29.89696819387));
#3036 = CARTESIAN_POINT('',(4.253626690617E+03,29.896968193871,
    -29.89696819387));
#3037 = CARTESIAN_POINT('',(4.253626690617E+03,29.896968193871,0.));
#3038 = CARTESIAN_POINT('',(4.258442376203E+03,29.845000023626,0.));
#3039 = CARTESIAN_POINT('',(4.258442376203E+03,29.845000023626,
    29.845000023626));
#3040 = CARTESIAN_POINT('',(4.258442376203E+03,0.,29.845000023626));
#3041 = CARTESIAN_POINT('',(4.258442376203E+03,-29.84500002362,
    29.845000023626));
#3042 = CARTESIAN_POINT('',(4.258442376203E+03,-29.84500002362,0.));
#3043 = CARTESIAN_POINT('',(4.258442376203E+03,-29.84500002362,
    -29.84500002362));
#3044 = CARTESIAN_POINT('',(4.258442376203E+03,0.,-29.84500002362));
#3045 = CARTESIAN_POINT('',(4.258442376203E+03,29.845000023626,
    -29.84500002362));
#3046 = CARTESIAN_POINT('',(4.258442376203E+03,29.845000023626,0.));
#3047 = CARTESIAN_POINT('',(4.2608501E+03,29.845000000614,0.));
#3048 = CARTESIAN_POINT('',(4.2608501E+03,29.845000000614,
    29.845000000614));
#3049 = CARTESIAN_POINT('',(4.2608501E+03,0.,29.845000000614));
#3050 = CARTESIAN_POINT('',(4.2608501E+03,-29.84500000061,
    29.845000000614));
#3051 = CARTESIAN_POINT('',(4.2608501E+03,-29.84500000061,0.));
#3052 = CARTESIAN_POINT('',(4.2608501E+03,-29.84500000061,
    -29.84500000061));
#3053 = CARTESIAN_POINT('',(4.2608501E+03,0.,-29.84500000061));
#3054 = CARTESIAN_POINT('',(4.2608501E+03,29.845000000614,
    -29.84500000061));
#3055 = CARTESIAN_POINT('',(4.2608501E+03,29.845000000614,0.));
#3056 = DEFINITIONAL_REPRESENTATION('',(#3057),#3061);
#3057 = LINE('',#3058,#3059);
#3058 = CARTESIAN_POINT('',(0.,0.));
#3059 = VECTOR('',#3060,1.);
#3060 = DIRECTION('',(0.,1.));
#3061 = ( GEOMETRIC_REPRESENTATION_CONTEXT(2) 
PARAMETRIC_REPRESENTATION_CONTEXT() REPRESENTATION_CONTEXT('2D SPACE',''
  ) );
#3062 = ORIENTED_EDGE('',*,*,#1642,.F.);
#3063 = ADVANCED_FACE('',(#3064),#1687,.F.);
#3064 = FACE_BOUND('',#3065,.F.);
#3065 = EDGE_LOOP('',(#3066,#3067,#3239,#4635));
#3066 = ORIENTED_EDGE('',*,*,#1667,.F.);
#3067 = ORIENTED_EDGE('',*,*,#3068,.T.);
#3068 = EDGE_CURVE('',#1643,#3069,#3071,.T.);
#3069 = VERTEX_POINT('',#3070);
#3070 = CARTESIAN_POINT('',(4.2608501E+03,29.845000000614,0.));
#3071 = SEAM_CURVE('',#3072,(#3225,#3232),.PCURVE_S1.);
#3072 = B_SPLINE_CURVE_WITH_KNOTS('',3,(#3073,#3074,#3075,#3076,#3077,
    #3078,#3079,#3080,#3081,#3082,#3083,#3084,#3085,#3086,#3087,#3088,
    #3089,#3090,#3091,#3092,#3093,#3094,#3095,#3096,#3097,#3098,#3099,
    #3100,#3101,#3102,#3103,#3104,#3105,#3106,#3107,#3108,#3109,#3110,
    #3111,#3112,#3113,#3114,#3115,#3116,#3117,#3118,#3119,#3120,#3121,
    #3122,#3123,#3124,#3125,#3126,#3127,#3128,#3129,#3130,#3131,#3132,
    #3133,#3134,#3135,#3136,#3137,#3138,#3139,#3140,#3141,#3142,#3143,
    #3144,#3145,#3146,#3147,#3148,#3149,#3150,#3151,#3152,#3153,#3154,
    #3155,#3156,#3157,#3158,#3159,#3160,#3161,#3162,#3163,#3164,#3165,
    #3166,#3167,#3168,#3169,#3170,#3171,#3172,#3173,#3174,#3175,#3176,
    #3177,#3178,#3179,#3180,#3181,#3182,#3183,#3184,#3185,#3186,#3187,
    #3188,#3189,#3190,#3191,#3192,#3193,#3194,#3195,#3196,#3197,#3198,
    #3199,#3200,#3201,#3202,#3203,#3204,#3205,#3206,#3207,#3208,#3209,
    #3210,#3211,#3212,#3213,#3214,#3215,#3216,#3217,#3218,#3219,#3220,
    #3221,#3222,#3223,#3224),.UNSPECIFIED.,.F.,.F.,(4,1,1,1,1,1,1,1,1,1,
    1,1,1,1,1,1,1,1,1,1,1,1,1,1,1,1,1,1,1,1,1,1,1,1,1,1,1,1,1,1,1,1,1,1,
    1,1,1,1,1,1,1,1,1,1,1,1,1,1,1,1,1,1,1,1,1,1,1,1,1,1,1,1,1,1,1,1,1,1,
    1,1,1,1,1,1,1,1,1,1,1,1,1,1,1,1,1,1,1,1,1,1,1,1,1,1,1,1,1,1,1,1,1,1,
    1,1,1,1,1,1,1,1,1,1,1,1,1,1,1,1,1,1,1,1,1,1,1,1,1,1,1,1,1,1,1,1,1,1,
    1,1,1,4),(0.,7.223415859626,14.44683126761,21.670246031051,
    28.893659984177,36.117073006461,43.340484954156,50.56389578821,
    57.787305395873,65.01071377222,72.234120860112,79.457526673071,
    86.680931238739,93.90433450094,101.12773675903,108.35113788445,
    115.57453755893,122.79793651076,130.0213344812,137.24473154872,
    144.46812811211,151.69152282973,158.91491775319,166.1383136006,
    173.36170781169,180.58510013935,187.80849509942,195.03188771839,
    202.25528021573,209.47867336477,216.70206683246,223.92546338646,
    231.14885472926,238.37224883488,245.59564503747,252.8190391008,
    260.04243801256,267.26583286491,274.48923116941,281.71262440805,
    288.93602450868,296.15942039521,303.38281951583,310.60621929393,
    317.82962086462,325.05302498841,332.2764230902,339.49982672669,
    346.72323330693,353.94663814324,361.1700423023,368.39344429028,
    375.61684785734,382.84025761977,390.06366164238,397.28707370725,
    404.51047722003,411.73388562021,418.95729592826,426.18070640921,
    433.40411636799,440.62752594151,447.85093589337,455.07434741652,
    462.29776194843,469.52117296527,476.74458358396,483.96800059209,
    491.19140961286,498.41482590075,505.63823672931,512.86165443315,
    520.08506488272,527.30848109146,534.53189502624,541.75530892605,
    548.97872643306,556.20213955935,563.42555465933,570.64897238196,
    577.87238584785,585.09580165889,592.3192187193,599.54263319508,
    606.76604990355,613.98946560418,621.21288168736,628.43629802506,
    635.65971408499,642.88313035295,650.106546677,657.32996288344,
    664.55337912592,671.77679514545,679.0002115901,686.22362794428,
    693.4470441785,700.67046028753,707.89387614257,715.11729131042,
    722.34070768958,729.56412407633,736.78753812217,744.01095511528,
    751.2343704887,758.45778482894,765.68119944434,772.90461485358,
    780.12803021855,787.35144270192,794.57485839515,801.79827037095,
    809.02168249224,816.24509645093,823.46851064813,830.69191895491,
    837.91533317,845.1387440062,852.36215139963,859.58556395881,
    866.8089712639,874.03237948835,881.25578488635,888.4791914716,
    895.70259462658,902.92599672487,910.1493972326,917.37279694186,
    924.59619405994,931.81958508701,939.04297751655,946.26636805408,
    953.48975216189,960.71313501024,967.9365117507,975.15988302672,
    982.38325201742,989.60661325983,996.82996696148,1.004053313863E+03,
    1.011276652383E+03,1.018499980027E+03,1.025723296988E+03,
    1.032946600696E+03,1.04016989063E+03,1.047393164021E+03,
    1.054616419673E+03,1.061839654624E+03,1.069062863959E+03,
    1.076286035349E+03),.UNSPECIFIED.);
#3073 = CARTESIAN_POINT('',(3.2448499E+03,254.,0.));
#3074 = CARTESIAN_POINT('',(3.247257705287E+03,254.,0.));
#3075 = CARTESIAN_POINT('',(3.252073316178E+03,253.99900356564,0.));
#3076 = CARTESIAN_POINT('',(3.259296725974E+03,253.99128435849,0.));
#3077 = CARTESIAN_POINT('',(3.266520105864E+03,253.97425571112,0.));
#3078 = CARTESIAN_POINT('',(3.273743409685E+03,253.94498029464,0.));
#3079 = CARTESIAN_POINT('',(3.280966563133E+03,253.90066583234,0.));
#3080 = CARTESIAN_POINT('',(3.288189459391E+03,253.83866274157,0.));
#3081 = CARTESIAN_POINT('',(3.295411955811E+03,253.75646197284,0.));
#3082 = CARTESIAN_POINT('',(3.302633871593E+03,253.65169302222,0.));
#3083 = CARTESIAN_POINT('',(3.309854986268E+03,253.52212210204,0.));
#3084 = CARTESIAN_POINT('',(3.317075039069E+03,253.36565043828,0.));
#3085 = CARTESIAN_POINT('',(3.324293728985E+03,253.18031266396,0.));
#3086 = CARTESIAN_POINT('',(3.3315107155E+03,252.9642752694,0.));
#3087 = CARTESIAN_POINT('',(3.338725620062E+03,252.71583506692,0.));
#3088 = CARTESIAN_POINT('',(3.345938027865E+03,252.4334176394,0.));
#3089 = CARTESIAN_POINT('',(3.35314749023E+03,252.11557572613,0.));
#3090 = CARTESIAN_POINT('',(3.36035352769E+03,251.76098749886,0.));
#3091 = CARTESIAN_POINT('',(3.367555633023E+03,251.36845471746,0.));
#3092 = CARTESIAN_POINT('',(3.37475327496E+03,250.93690070674,0.));
#3093 = CARTESIAN_POINT('',(3.381945901711E+03,250.46536816849,0.));
#3094 = CARTESIAN_POINT('',(3.389132944681E+03,249.95301678746,0.));
#3095 = CARTESIAN_POINT('',(3.396313823568E+03,249.39912052848,0.));
#3096 = CARTESIAN_POINT('',(3.403487949963E+03,248.80306479145,0.));
#3097 = CARTESIAN_POINT('',(3.410654731004E+03,248.1643433398,0.));
#3098 = CARTESIAN_POINT('',(3.417813573142E+03,247.48255501525,0.));
#3099 = CARTESIAN_POINT('',(3.42496388819E+03,246.75739998612,0.));
#3100 = CARTESIAN_POINT('',(3.432105095162E+03,245.98867613275,0.));
#3101 = CARTESIAN_POINT('',(3.439236625599E+03,245.17627491789,0.));
#3102 = CARTESIAN_POINT('',(3.44635792504E+03,244.32017746336,0.));
#3103 = CARTESIAN_POINT('',(3.453468459034E+03,243.42044990747,0.));
#3104 = CARTESIAN_POINT('',(3.460567714798E+03,242.47723912179,0.));
#3105 = CARTESIAN_POINT('',(3.467655200775E+03,241.49076861087,0.));
#3106 = CARTESIAN_POINT('',(3.474730454758E+03,240.46133318863,0.));
#3107 = CARTESIAN_POINT('',(3.481793042141E+03,239.38929484633,0.));
#3108 = CARTESIAN_POINT('',(3.488842560165E+03,238.2750777346,0.));
#3109 = CARTESIAN_POINT('',(3.495878637763E+03,237.11916382185,0.));
#3110 = CARTESIAN_POINT('',(3.502900934395E+03,235.92208871452,0.));
#3111 = CARTESIAN_POINT('',(3.509909147428E+03,234.68443610109,0.));
#3112 = CARTESIAN_POINT('',(3.516903003921E+03,233.40683487735,0.));
#3113 = CARTESIAN_POINT('',(3.523882272715E+03,232.08995277984,0.));
#3114 = CARTESIAN_POINT('',(3.530846751798E+03,230.73449455667,0.));
#3115 = CARTESIAN_POINT('',(3.537796279304E+03,229.34119590965,0.));
#3116 = CARTESIAN_POINT('',(3.544730723377E+03,227.91082159703,0.));
#3117 = CARTESIAN_POINT('',(3.5516499902E+03,226.44416007465,0.));
#3118 = CARTESIAN_POINT('',(3.558554017243E+03,224.9420212998,0.));
#3119 = CARTESIAN_POINT('',(3.565442772647E+03,223.40523347114,0.));
#3120 = CARTESIAN_POINT('',(3.57231625948E+03,221.83463884901,0.));
#3121 = CARTESIAN_POINT('',(3.579174510255E+03,220.23109183111,0.));
#3122 = CARTESIAN_POINT('',(3.586017588043E+03,218.5954557624,0.));
#3123 = CARTESIAN_POINT('',(3.592845580708E+03,216.92860159819,0.));
#3124 = CARTESIAN_POINT('',(3.599658603276E+03,215.23140478269,0.));
#3125 = CARTESIAN_POINT('',(3.606456798895E+03,213.50474257357,0.));
#3126 = CARTESIAN_POINT('',(3.613240335917E+03,211.74949249268,0.));
#3127 = CARTESIAN_POINT('',(3.620009402143E+03,209.9665317309,0.));
#3128 = CARTESIAN_POINT('',(3.626764209875E+03,208.1567339733,0.));
#3129 = CARTESIAN_POINT('',(3.633504984798E+03,206.3209705887,0.));
#3130 = CARTESIAN_POINT('',(3.640231979157E+03,204.4601055031,0.));
#3131 = CARTESIAN_POINT('',(3.646945457321E+03,202.57499765444,0.));
#3132 = CARTESIAN_POINT('',(3.653645704309E+03,200.66649730622,0.));
#3133 = CARTESIAN_POINT('',(3.660333015567E+03,198.73544776543,0.));
#3134 = CARTESIAN_POINT('',(3.667007701118E+03,196.78268317445,0.));
#3135 = CARTESIAN_POINT('',(3.673670084204E+03,194.80902795491,0.));
#3136 = CARTESIAN_POINT('',(3.680320499984E+03,192.81529636014,0.));
#3137 = CARTESIAN_POINT('',(3.686959294299E+03,190.8022921269,0.));
#3138 = CARTESIAN_POINT('',(3.693586820038E+03,188.77080897073,0.));
#3139 = CARTESIAN_POINT('',(3.700203439034E+03,186.72162952733,0.));
#3140 = CARTESIAN_POINT('',(3.706809522202E+03,184.65552487011,0.));
#3141 = CARTESIAN_POINT('',(3.713405444674E+03,182.57325567318,0.));
#3142 = CARTESIAN_POINT('',(3.719991591123E+03,180.47557031146,0.));
#3143 = CARTESIAN_POINT('',(3.726568345397E+03,178.36320795286,0.));
#3144 = CARTESIAN_POINT('',(3.733136103903E+03,176.23689418253,0.));
#3145 = CARTESIAN_POINT('',(3.73969525796E+03,174.09734663533,0.));
#3146 = CARTESIAN_POINT('',(3.74624620995E+03,171.94526980286,0.));
#3147 = CARTESIAN_POINT('',(3.752789358847E+03,169.7813598294,0.));
#3148 = CARTESIAN_POINT('',(3.759325110856E+03,167.60630116006,0.));
#3149 = CARTESIAN_POINT('',(3.765853871227E+03,165.42076944542,0.));
#3150 = CARTESIAN_POINT('',(3.772376046734E+03,163.22543096895,0.));
#3151 = CARTESIAN_POINT('',(3.778892046581E+03,161.02094264685,0.));
#3152 = CARTESIAN_POINT('',(3.785402279985E+03,158.80795318505,0.));
#3153 = CARTESIAN_POINT('',(3.791907157176E+03,156.58710313247,0.));
#3154 = CARTESIAN_POINT('',(3.798407088957E+03,154.35902548076,0.));
#3155 = CARTESIAN_POINT('',(3.80490248595E+03,152.12434640179,0.));
#3156 = CARTESIAN_POINT('',(3.811393759934E+03,149.88368531992,0.));
#3157 = CARTESIAN_POINT('',(3.817881322321E+03,147.63765601252,0.));
#3158 = CARTESIAN_POINT('',(3.824365584025E+03,145.38686727625,0.));
#3159 = CARTESIAN_POINT('',(3.830846957674E+03,143.13192282428,0.));
#3160 = CARTESIAN_POINT('',(3.837325854607E+03,140.87342303808,0.));
#3161 = CARTESIAN_POINT('',(3.843802687245E+03,138.61196490021,0.));
#3162 = CARTESIAN_POINT('',(3.850277868126E+03,136.3481431352,0.));
#3163 = CARTESIAN_POINT('',(3.856751810312E+03,134.08255091951,0.));
#3164 = CARTESIAN_POINT('',(3.863224927686E+03,131.81578068259,0.));
#3165 = CARTESIAN_POINT('',(3.869697634958E+03,129.54842506175,0.));
#3166 = CARTESIAN_POINT('',(3.876170347977E+03,127.28107780534,0.));
#3167 = CARTESIAN_POINT('',(3.882643484286E+03,125.01433464948,0.));
#3168 = CARTESIAN_POINT('',(3.889117462979E+03,122.74879449816,0.));
#3169 = CARTESIAN_POINT('',(3.895592705311E+03,120.48506040737,0.));
#3170 = CARTESIAN_POINT('',(3.902069634795E+03,118.22374081301,0.));
#3171 = CARTESIAN_POINT('',(3.908548677908E+03,115.96545062019,0.));
#3172 = CARTESIAN_POINT('',(3.915030264276E+03,113.71081255046,0.));
#3173 = CARTESIAN_POINT('',(3.921514827812E+03,111.46045823867,0.));
#3174 = CARTESIAN_POINT('',(3.928002806295E+03,109.21502995843,0.));
#3175 = CARTESIAN_POINT('',(3.934494641619E+03,106.97518220675,0.));
#3176 = CARTESIAN_POINT('',(3.940990781897E+03,104.74158274241,0.));
#3177 = CARTESIAN_POINT('',(3.947491679981E+03,102.51491497339,0.));
#3178 = CARTESIAN_POINT('',(3.953997795907E+03,100.29587910034,0.));
#3179 = CARTESIAN_POINT('',(3.960509595393E+03,98.085194730956,0.));
#3180 = CARTESIAN_POINT('',(3.967027553151E+03,95.883601987593,0.));
#3181 = CARTESIAN_POINT('',(3.97355215153E+03,93.691864341246,0.));
#3182 = CARTESIAN_POINT('',(3.980083880296E+03,91.51077119414,0.));
#3183 = CARTESIAN_POINT('',(3.986623240159E+03,89.341139365684,0.));
#3184 = CARTESIAN_POINT('',(3.993170739854E+03,87.183816912051,0.));
#3185 = CARTESIAN_POINT('',(3.999726900588E+03,85.039684671844,0.));
#3186 = CARTESIAN_POINT('',(4.006292253241E+03,82.909660400099,0.));
#3187 = CARTESIAN_POINT('',(4.012867341848E+03,80.794701065005,0.));
#3188 = CARTESIAN_POINT('',(4.019452719432E+03,78.695807829064,0.));
#3189 = CARTESIAN_POINT('',(4.026048954526E+03,76.614027823209,0.));
#3190 = CARTESIAN_POINT('',(4.032656626126E+03,74.550459912622,0.));
#3191 = CARTESIAN_POINT('',(4.039276328129E+03,72.506257700902,0.));
#3192 = CARTESIAN_POINT('',(4.045908666638E+03,70.482635056947,0.));
#3193 = CARTESIAN_POINT('',(4.052554260596E+03,68.48087095298,0.));
#3194 = CARTESIAN_POINT('',(4.059213743839E+03,66.50231417603,0.));
#3195 = CARTESIAN_POINT('',(4.065887758979E+03,64.548390845451,0.));
#3196 = CARTESIAN_POINT('',(4.072576964964E+03,62.620608255315,0.));
#3197 = CARTESIAN_POINT('',(4.07928202832E+03,60.720563909427,0.));
#3198 = CARTESIAN_POINT('',(4.086003626977E+03,58.849951284171,0.));
#3199 = CARTESIAN_POINT('',(4.092742445133E+03,57.010568599944,0.));
#3200 = CARTESIAN_POINT('',(4.09949917396E+03,55.204326406813,0.));
#3201 = CARTESIAN_POINT('',(4.106274505587E+03,53.433257462849,0.));
#3202 = CARTESIAN_POINT('',(4.113069129654E+03,51.699526339543,0.));
#3203 = CARTESIAN_POINT('',(4.119883731609E+03,50.005439058689,0.));
#3204 = CARTESIAN_POINT('',(4.126718984359E+03,48.353454938854,0.));
#3205 = CARTESIAN_POINT('',(4.133575541348E+03,46.746198441284,0.));
#3206 = CARTESIAN_POINT('',(4.140454027569E+03,45.18647184226,0.));
#3207 = CARTESIAN_POINT('',(4.147355029519E+03,43.677268535286,0.));
#3208 = CARTESIAN_POINT('',(4.154279085022E+03,42.221786611439,0.));
#3209 = CARTESIAN_POINT('',(4.161226666262E+03,40.823444035971,0.));
#3210 = CARTESIAN_POINT('',(4.168198162836E+03,39.485893797012,0.));
#3211 = CARTESIAN_POINT('',(4.175193861268E+03,38.213039499767,0.));
#3212 = CARTESIAN_POINT('',(4.182213920255E+03,37.009051331157,0.));
#3213 = CARTESIAN_POINT('',(4.189258344571E+03,35.878381636026,0.));
#3214 = CARTESIAN_POINT('',(4.196326950229E+03,34.825781030365,0.));
#3215 = CARTESIAN_POINT('',(4.203419327422E+03,33.856313564484,0.));
#3216 = CARTESIAN_POINT('',(4.210534796989E+03,32.975371865532,0.));
#3217 = CARTESIAN_POINT('',(4.217672362199E+03,32.188691178278,0.));
#3218 = CARTESIAN_POINT('',(4.224830650456E+03,31.502368009369,0.));
#3219 = CARTESIAN_POINT('',(4.232007854623E+03,30.92287080938,0.));
#3220 = CARTESIAN_POINT('',(4.239201650559E+03,30.457108222478,0.));
#3221 = CARTESIAN_POINT('',(4.246409156684E+03,30.112365791039,0.));
#3222 = CARTESIAN_POINT('',(4.253626690617E+03,29.896968193871,0.));
#3223 = CARTESIAN_POINT('',(4.258442376203E+03,29.845000023626,0.));
#3224 = CARTESIAN_POINT('',(4.2608501E+03,29.845000000614,0.));
#3225 = PCURVE('',#1687,#3226);
#3226 = DEFINITIONAL_REPRESENTATION('',(#3227),#3231);
#3227 = LINE('',#3228,#3229);
#3228 = CARTESIAN_POINT('',(0.,0.));
#3229 = VECTOR('',#3230,1.);
#3230 = DIRECTION('',(1.,0.));
#3231 = ( GEOMETRIC_REPRESENTATION_CONTEXT(2) 
PARAMETRIC_REPRESENTATION_CONTEXT() REPRESENTATION_CONTEXT('2D SPACE',''
  ) );
#3232 = PCURVE('',#1687,#3233);
#3233 = DEFINITIONAL_REPRESENTATION('',(#3234),#3238);
#3234 = LINE('',#3235,#3236);
#3235 = CARTESIAN_POINT('',(0.,1.));
#3236 = VECTOR('',#3237,1.);
#3237 = DIRECTION('',(1.,0.));
#3238 = ( GEOMETRIC_REPRESENTATION_CONTEXT(2) 
PARAMETRIC_REPRESENTATION_CONTEXT() REPRESENTATION_CONTEXT('2D SPACE',''
  ) );
#3239 = ORIENTED_EDGE('',*,*,#3240,.T.);
#3240 = EDGE_CURVE('',#3069,#3069,#3241,.T.);
#3241 = SURFACE_CURVE('',#3242,(#3252,#3259),.PCURVE_S1.);
#3242 = ( BOUNDED_CURVE() B_SPLINE_CURVE(2,(#3243,#3244,#3245,#3246,
    #3247,#3248,#3249,#3250,#3251),.UNSPECIFIED.,.T.,.F.) 
B_SPLINE_CURVE_WITH_KNOTS((3,2,2,2,3),(0.,0.25,0.5,0.75,1.),
.PIECEWISE_BEZIER_KNOTS.) CURVE() GEOMETRIC_REPRESENTATION_ITEM() 
RATIONAL_B_SPLINE_CURVE((1.,0.707106781187,1.,0.707106781187,1.,
0.707106781187,1.,0.707106781187,1.)) REPRESENTATION_ITEM('') );
#3243 = CARTESIAN_POINT('',(4.2608501E+03,29.845000000614,0.));
#3244 = CARTESIAN_POINT('',(4.2608501E+03,29.845000000614,
    29.845000000614));
#3245 = CARTESIAN_POINT('',(4.2608501E+03,0.,29.845000000614));
#3246 = CARTESIAN_POINT('',(4.2608501E+03,-29.84500000061,
    29.845000000614));
#3247 = CARTESIAN_POINT('',(4.2608501E+03,-29.84500000061,0.));
#3248 = CARTESIAN_POINT('',(4.2608501E+03,-29.84500000061,
    -29.84500000061));
#3249 = CARTESIAN_POINT('',(4.2608501E+03,0.,-29.84500000061));
#3250 = CARTESIAN_POINT('',(4.2608501E+03,29.845000000614,
    -29.84500000061));
#3251 = CARTESIAN_POINT('',(4.2608501E+03,29.845000000614,0.));
#3252 = PCURVE('',#1687,#3253);
#3253 = DEFINITIONAL_REPRESENTATION('',(#3254),#3258);
#3254 = LINE('',#3255,#3256);
#3255 = CARTESIAN_POINT('',(1.076286035349E+03,0.));
#3256 = VECTOR('',#3257,1.);
#3257 = DIRECTION('',(0.,1.));
#3258 = ( GEOMETRIC_REPRESENTATION_CONTEXT(2) 
PARAMETRIC_REPRESENTATION_CONTEXT() REPRESENTATION_CONTEXT('2D SPACE',''
  ) );
#3259 = PCURVE('',#3260,#4629);
#3260 = ( BOUNDED_SURFACE() B_SPLINE_SURFACE(3,2,(
    (#3261,#3262,#3263,#3264,#3265,#3266,#3267,#3268,#3269)
    ,(#3270,#3271,#3272,#3273,#3274,#3275,#3276,#3277,#3278)
    ,(#3279,#3280,#3281,#3282,#3283,#3284,#3285,#3286,#3287)
    ,(#3288,#3289,#3290,#3291,#3292,#3293,#3294,#3295,#3296)
    ,(#3297,#3298,#3299,#3300,#3301,#3302,#3303,#3304,#3305)
    ,(#3306,#3307,#3308,#3309,#3310,#3311,#3312,#3313,#3314)
    ,(#3315,#3316,#3317,#3318,#3319,#3320,#3321,#3322,#3323)
    ,(#3324,#3325,#3326,#3327,#3328,#3329,#3330,#3331,#3332)
    ,(#3333,#3334,#3335,#3336,#3337,#3338,#3339,#3340,#3341)
    ,(#3342,#3343,#3344,#3345,#3346,#3347,#3348,#3349,#3350)
    ,(#3351,#3352,#3353,#3354,#3355,#3356,#3357,#3358,#3359)
    ,(#3360,#3361,#3362,#3363,#3364,#3365,#3366,#3367,#3368)
    ,(#3369,#3370,#3371,#3372,#3373,#3374,#3375,#3376,#3377)
    ,(#3378,#3379,#3380,#3381,#3382,#3383,#3384,#3385,#3386)
    ,(#3387,#3388,#3389,#3390,#3391,#3392,#3393,#3394,#3395)
    ,(#3396,#3397,#3398,#3399,#3400,#3401,#3402,#3403,#3404)
    ,(#3405,#3406,#3407,#3408,#3409,#3410,#3411,#3412,#3413)
    ,(#3414,#3415,#3416,#3417,#3418,#3419,#3420,#3421,#3422)
    ,(#3423,#3424,#3425,#3426,#3427,#3428,#3429,#3430,#3431)
    ,(#3432,#3433,#3434,#3435,#3436,#3437,#3438,#3439,#3440)
    ,(#3441,#3442,#3443,#3444,#3445,#3446,#3447,#3448,#3449)
    ,(#3450,#3451,#3452,#3453,#3454,#3455,#3456,#3457,#3458)
    ,(#3459,#3460,#3461,#3462,#3463,#3464,#3465,#3466,#3467)
    ,(#3468,#3469,#3470,#3471,#3472,#3473,#3474,#3475,#3476)
    ,(#3477,#3478,#3479,#3480,#3481,#3482,#3483,#3484,#3485)
    ,(#3486,#3487,#3488,#3489,#3490,#3491,#3492,#3493,#3494)
    ,(#3495,#3496,#3497,#3498,#3499,#3500,#3501,#3502,#3503)
    ,(#3504,#3505,#3506,#3507,#3508,#3509,#3510,#3511,#3512)
    ,(#3513,#3514,#3515,#3516,#3517,#3518,#3519,#3520,#3521)
    ,(#3522,#3523,#3524,#3525,#3526,#3527,#3528,#3529,#3530)
    ,(#3531,#3532,#3533,#3534,#3535,#3536,#3537,#3538,#3539)
    ,(#3540,#3541,#3542,#3543,#3544,#3545,#3546,#3547,#3548)
    ,(#3549,#3550,#3551,#3552,#3553,#3554,#3555,#3556,#3557)
    ,(#3558,#3559,#3560,#3561,#3562,#3563,#3564,#3565,#3566)
    ,(#3567,#3568,#3569,#3570,#3571,#3572,#3573,#3574,#3575)
    ,(#3576,#3577,#3578,#3579,#3580,#3581,#3582,#3583,#3584)
    ,(#3585,#3586,#3587,#3588,#3589,#3590,#3591,#3592,#3593)
    ,(#3594,#3595,#3596,#3597,#3598,#3599,#3600,#3601,#3602)
    ,(#3603,#3604,#3605,#3606,#3607,#3608,#3609,#3610,#3611)
    ,(#3612,#3613,#3614,#3615,#3616,#3617,#3618,#3619,#3620)
    ,(#3621,#3622,#3623,#3624,#3625,#3626,#3627,#3628,#3629)
    ,(#3630,#3631,#3632,#3633,#3634,#3635,#3636,#3637,#3638)
    ,(#3639,#3640,#3641,#3642,#3643,#3644,#3645,#3646,#3647)
    ,(#3648,#3649,#3650,#3651,#3652,#3653,#3654,#3655,#3656)
    ,(#3657,#3658,#3659,#3660,#3661,#3662,#3663,#3664,#3665)
    ,(#3666,#3667,#3668,#3669,#3670,#3671,#3672,#3673,#3674)
    ,(#3675,#3676,#3677,#3678,#3679,#3680,#3681,#3682,#3683)
    ,(#3684,#3685,#3686,#3687,#3688,#3689,#3690,#3691,#3692)
    ,(#3693,#3694,#3695,#3696,#3697,#3698,#3699,#3700,#3701)
    ,(#3702,#3703,#3704,#3705,#3706,#3707,#3708,#3709,#3710)
    ,(#3711,#3712,#3713,#3714,#3715,#3716,#3717,#3718,#3719)
    ,(#3720,#3721,#3722,#3723,#3724,#3725,#3726,#3727,#3728)
    ,(#3729,#3730,#3731,#3732,#3733,#3734,#3735,#3736,#3737)
    ,(#3738,#3739,#3740,#3741,#3742,#3743,#3744,#3745,#3746)
    ,(#3747,#3748,#3749,#3750,#3751,#3752,#3753,#3754,#3755)
    ,(#3756,#3757,#3758,#3759,#3760,#3761,#3762,#3763,#3764)
    ,(#3765,#3766,#3767,#3768,#3769,#3770,#3771,#3772,#3773)
    ,(#3774,#3775,#3776,#3777,#3778,#3779,#3780,#3781,#3782)
    ,(#3783,#3784,#3785,#3786,#3787,#3788,#3789,#3790,#3791)
    ,(#3792,#3793,#3794,#3795,#3796,#3797,#3798,#3799,#3800)
    ,(#3801,#3802,#3803,#3804,#3805,#3806,#3807,#3808,#3809)
    ,(#3810,#3811,#3812,#3813,#3814,#3815,#3816,#3817,#3818)
    ,(#3819,#3820,#3821,#3822,#3823,#3824,#3825,#3826,#3827)
    ,(#3828,#3829,#3830,#3831,#3832,#3833,#3834,#3835,#3836)
    ,(#3837,#3838,#3839,#3840,#3841,#3842,#3843,#3844,#3845)
    ,(#3846,#3847,#3848,#3849,#3850,#3851,#3852,#3853,#3854)
    ,(#3855,#3856,#3857,#3858,#3859,#3860,#3861,#3862,#3863)
    ,(#3864,#3865,#3866,#3867,#3868,#3869,#3870,#3871,#3872)
    ,(#3873,#3874,#3875,#3876,#3877,#3878,#3879,#3880,#3881)
    ,(#3882,#3883,#3884,#3885,#3886,#3887,#3888,#3889,#3890)
    ,(#3891,#3892,#3893,#3894,#3895,#3896,#3897,#3898,#3899)
    ,(#3900,#3901,#3902,#3903,#3904,#3905,#3906,#3907,#3908)
    ,(#3909,#3910,#3911,#3912,#3913,#3914,#3915,#3916,#3917)
    ,(#3918,#3919,#3920,#3921,#3922,#3923,#3924,#3925,#3926)
    ,(#3927,#3928,#3929,#3930,#3931,#3932,#3933,#3934,#3935)
    ,(#3936,#3937,#3938,#3939,#3940,#3941,#3942,#3943,#3944)
    ,(#3945,#3946,#3947,#3948,#3949,#3950,#3951,#3952,#3953)
    ,(#3954,#3955,#3956,#3957,#3958,#3959,#3960,#3961,#3962)
    ,(#3963,#3964,#3965,#3966,#3967,#3968,#3969,#3970,#3971)
    ,(#3972,#3973,#3974,#3975,#3976,#3977,#3978,#3979,#3980)
    ,(#3981,#3982,#3983,#3984,#3985,#3986,#3987,#3988,#3989)
    ,(#3990,#3991,#3992,#3993,#3994,#3995,#3996,#3997,#3998)
    ,(#3999,#4000,#4001,#4002,#4003,#4004,#4005,#4006,#4007)
    ,(#4008,#4009,#4010,#4011,#4012,#4013,#4014,#4015,#4016)
    ,(#4017,#4018,#4019,#4020,#4021,#4022,#4023,#4024,#4025)
    ,(#4026,#4027,#4028,#4029,#4030,#4031,#4032,#4033,#4034)
    ,(#4035,#4036,#4037,#4038,#4039,#4040,#4041,#4042,#4043)
    ,(#4044,#4045,#4046,#4047,#4048,#4049,#4050,#4051,#4052)
    ,(#4053,#4054,#4055,#4056,#4057,#4058,#4059,#4060,#4061)
    ,(#4062,#4063,#4064,#4065,#4066,#4067,#4068,#4069,#4070)
    ,(#4071,#4072,#4073,#4074,#4075,#4076,#4077,#4078,#4079)
    ,(#4080,#4081,#4082,#4083,#4084,#4085,#4086,#4087,#4088)
    ,(#4089,#4090,#4091,#4092,#4093,#4094,#4095,#4096,#4097)
    ,(#4098,#4099,#4100,#4101,#4102,#4103,#4104,#4105,#4106)
    ,(#4107,#4108,#4109,#4110,#4111,#4112,#4113,#4114,#4115)
    ,(#4116,#4117,#4118,#4119,#4120,#4121,#4122,#4123,#4124)
    ,(#4125,#4126,#4127,#4128,#4129,#4130,#4131,#4132,#4133)
    ,(#4134,#4135,#4136,#4137,#4138,#4139,#4140,#4141,#4142)
    ,(#4143,#4144,#4145,#4146,#4147,#4148,#4149,#4150,#4151)
    ,(#4152,#4153,#4154,#4155,#4156,#4157,#4158,#4159,#4160)
    ,(#4161,#4162,#4163,#4164,#4165,#4166,#4167,#4168,#4169)
    ,(#4170,#4171,#4172,#4173,#4174,#4175,#4176,#4177,#4178)
    ,(#4179,#4180,#4181,#4182,#4183,#4184,#4185,#4186,#4187)
    ,(#4188,#4189,#4190,#4191,#4192,#4193,#4194,#4195,#4196)
    ,(#4197,#4198,#4199,#4200,#4201,#4202,#4203,#4204,#4205)
    ,(#4206,#4207,#4208,#4209,#4210,#4211,#4212,#4213,#4214)
    ,(#4215,#4216,#4217,#4218,#4219,#4220,#4221,#4222,#4223)
    ,(#4224,#4225,#4226,#4227,#4228,#4229,#4230,#4231,#4232)
    ,(#4233,#4234,#4235,#4236,#4237,#4238,#4239,#4240,#4241)
    ,(#4242,#4243,#4244,#4245,#4246,#4247,#4248,#4249,#4250)
    ,(#4251,#4252,#4253,#4254,#4255,#4256,#4257,#4258,#4259)
    ,(#4260,#4261,#4262,#4263,#4264,#4265,#4266,#4267,#4268)
    ,(#4269,#4270,#4271,#4272,#4273,#4274,#4275,#4276,#4277)
    ,(#4278,#4279,#4280,#4281,#4282,#4283,#4284,#4285,#4286)
    ,(#4287,#4288,#4289,#4290,#4291,#4292,#4293,#4294,#4295)
    ,(#4296,#4297,#4298,#4299,#4300,#4301,#4302,#4303,#4304)
    ,(#4305,#4306,#4307,#4308,#4309,#4310,#4311,#4312,#4313)
    ,(#4314,#4315,#4316,#4317,#4318,#4319,#4320,#4321,#4322)
    ,(#4323,#4324,#4325,#4326,#4327,#4328,#4329,#4330,#4331)
    ,(#4332,#4333,#4334,#4335,#4336,#4337,#4338,#4339,#4340)
    ,(#4341,#4342,#4343,#4344,#4345,#4346,#4347,#4348,#4349)
    ,(#4350,#4351,#4352,#4353,#4354,#4355,#4356,#4357,#4358)
    ,(#4359,#4360,#4361,#4362,#4363,#4364,#4365,#4366,#4367)
    ,(#4368,#4369,#4370,#4371,#4372,#4373,#4374,#4375,#4376)
    ,(#4377,#4378,#4379,#4380,#4381,#4382,#4383,#4384,#4385)
    ,(#4386,#4387,#4388,#4389,#4390,#4391,#4392,#4393,#4394)
    ,(#4395,#4396,#4397,#4398,#4399,#4400,#4401,#4402,#4403)
    ,(#4404,#4405,#4406,#4407,#4408,#4409,#4410,#4411,#4412)
    ,(#4413,#4414,#4415,#4416,#4417,#4418,#4419,#4420,#4421)
    ,(#4422,#4423,#4424,#4425,#4426,#4427,#4428,#4429,#4430)
    ,(#4431,#4432,#4433,#4434,#4435,#4436,#4437,#4438,#4439)
    ,(#4440,#4441,#4442,#4443,#4444,#4445,#4446,#4447,#4448)
    ,(#4449,#4450,#4451,#4452,#4453,#4454,#4455,#4456,#4457)
    ,(#4458,#4459,#4460,#4461,#4462,#4463,#4464,#4465,#4466)
    ,(#4467,#4468,#4469,#4470,#4471,#4472,#4473,#4474,#4475)
    ,(#4476,#4477,#4478,#4479,#4480,#4481,#4482,#4483,#4484)
    ,(#4485,#4486,#4487,#4488,#4489,#4490,#4491,#4492,#4493)
    ,(#4494,#4495,#4496,#4497,#4498,#4499,#4500,#4501,#4502)
    ,(#4503,#4504,#4505,#4506,#4507,#4508,#4509,#4510,#4511)
    ,(#4512,#4513,#4514,#4515,#4516,#4517,#4518,#4519,#4520)
    ,(#4521,#4522,#4523,#4524,#4525,#4526,#4527,#4528,#4529)
    ,(#4530,#4531,#4532,#4533,#4534,#4535,#4536,#4537,#4538)
    ,(#4539,#4540,#4541,#4542,#4543,#4544,#4545,#4546,#4547)
    ,(#4548,#4549,#4550,#4551,#4552,#4553,#4554,#4555,#4556)
    ,(#4557,#4558,#4559,#4560,#4561,#4562,#4563,#4564,#4565)
    ,(#4566,#4567,#4568,#4569,#4570,#4571,#4572,#4573,#4574)
    ,(#4575,#4576,#4577,#4578,#4579,#4580,#4581,#4582,#4583)
    ,(#4584,#4585,#4586,#4587,#4588,#4589,#4590,#4591,#4592)
    ,(#4593,#4594,#4595,#4596,#4597,#4598,#4599,#4600,#4601)
    ,(#4602,#4603,#4604,#4605,#4606,#4607,#4608,#4609,#4610)
    ,(#4611,#4612,#4613,#4614,#4615,#4616,#4617,#4618,#4619)
    ,(#4620,#4621,#4622,#4623,#4624,#4625,#4626,#4627,#4628
)),.UNSPECIFIED.,.F.,.T.,.F.) B_SPLINE_SURFACE_WITH_KNOTS((4,1,1,1,1,1,1
    ,1,1,1,1,1,1,1,1,1,1,1,1,1,1,1,1,1,1,1,1,1,1,1,1,1,1,1,1,1,1,1,1,1,1
    ,1,1,1,1,1,1,1,1,1,1,1,1,1,1,1,1,1,1,1,1,1,1,1,1,1,1,1,1,1,1,1,1,1,1
    ,1,1,1,1,1,1,1,1,1,1,1,1,1,1,1,1,1,1,1,1,1,1,1,1,1,1,1,1,1,1,1,1,1,1
    ,1,1,1,1,1,1,1,1,1,1,1,1,1,1,1,1,1,1,1,1,1,1,1,1,1,1,1,1,1,1,1,1,1,1
    ,1,1,1,1,1,1,4),(3,2,2,2,3),(0.,1.004134140054,2.008178596771,
    3.01204370265,4.01563982188,5.01887736618,6.021666810669,
    7.023918709736,8.025543712937,9.026452580904,10.026556201293,
    11.025765604742,12.023991980877,13.021146694349,14.017141300912,
    15.011887563536,16.005297468591,16.997283242053,17.987757365798,
    18.976632593929,19.963821969197,20.949238839469,21.932796874282,
    22.914410081485,23.893992823952,24.871459836392,25.846726242273,
    26.819707570818,27.79031977414,28.758479244468,29.72410283152,
    30.687107859985,31.647412147148,32.604934020666,33.559592336482,
    34.511306496911,35.459996468892,36.405582802405,37.347986649097,
    38.287129781078,39.222934609949,40.155324206022,41.084222317788,
    42.009553391611,42.931242591681,43.84921582022,44.763399737982,
    45.673721785025,46.580110201799,47.482494050552,48.380803237064,
    49.274968532747,50.164921597094,51.050595000536,51.931922247685,
    52.808837801014,53.681277104973,54.549176610579,55.412473800487,
    56.271107214578,57.125016476072,57.974142318211,58.818426611529,
    59.657812391719,60.492243888161,61.32166655311,62.146027091589,
    62.965273492008,63.779355057561,64.588222438408,65.391827664712,
    66.190124180526,66.983066878604,67.770612136163,68.552717851618,
    69.32934348237,70.100450083646,70.866000348473,71.625958648804,
    72.380291077856,73.128965493698,73.871951564146,74.609220813001,
    75.340746667692,76.066504508351,76.786471718401,77.500627736667,
    78.208954111083,78.911434554041,79.608054999399,80.298803661224,
    80.983671094299,81.662650256406,82.335736572452,83.002928000445,
    83.664225099343,84.319631098791,84.969151970753,85.612796503036,
    86.250576374683,86.882506233216,87.508603773691,88.128889819494,
    88.743388404803,89.352126858644,89.955135890388,90.552449676564,
    91.144105948817,91.730146082798,92.310615187759,92.885562196572,
    93.455039955866,94.019105315927,94.577819219953,95.131246792218,
    95.679457424654,96.222524861281,96.760527279877,97.293547370244,
    97.821672408309,98.344994325305,98.863609771173,99.377620171306,
    99.88713177567,100.39225569931,100.89310795324,101.38980946456,
    101.88248608479,102.37126858533,102.85629263882,103.33769878547,
    103.81563238323,104.29024354079,104.76168703255,105.23012219479,
    105.69571280216,106.15862692419,106.61903676127,107.07711845995,
    107.53305190766,107.98702050698,108.43921093004,108.88981285374,
    109.33901867682,109.78702321999,110.23402341058,110.68021795352,
    111.1258069905,111.57099174947,112.01597418671),(0.,0.25,0.5,0.75,1.
),.UNSPECIFIED.) GEOMETRIC_REPRESENTATION_ITEM() 
RATIONAL_B_SPLINE_SURFACE((
    (1.,0.707106781187,1.,0.707106781187,1.,0.707106781187,1.
      ,0.707106781187,1.)
    ,(1.,0.707106781187,1.,0.707106781187,1.,0.707106781187,1.
      ,0.707106781187,1.)
    ,(1.,0.707106781187,1.,0.707106781187,1.,0.707106781187,1.
      ,0.707106781187,1.)
    ,(1.,0.707106781187,1.,0.707106781187,1.,0.707106781187,1.
      ,0.707106781187,1.)
    ,(1.,0.707106781187,1.,0.707106781187,1.,0.707106781187,1.
      ,0.707106781187,1.)
    ,(1.,0.707106781187,1.,0.707106781187,1.,0.707106781187,1.
      ,0.707106781187,1.)
    ,(1.,0.707106781187,1.,0.707106781187,1.,0.707106781187,1.
      ,0.707106781187,1.)
    ,(1.,0.707106781187,1.,0.707106781187,1.,0.707106781187,1.
      ,0.707106781187,1.)
    ,(1.,0.707106781187,1.,0.707106781187,1.,0.707106781187,1.
      ,0.707106781187,1.)
    ,(1.,0.707106781187,1.,0.707106781187,1.,0.707106781187,1.
      ,0.707106781187,1.)
    ,(1.,0.707106781187,1.,0.707106781187,1.,0.707106781187,1.
      ,0.707106781187,1.)
    ,(1.,0.707106781187,1.,0.707106781187,1.,0.707106781187,1.
      ,0.707106781187,1.)
    ,(1.,0.707106781187,1.,0.707106781187,1.,0.707106781187,1.
      ,0.707106781187,1.)
    ,(1.,0.707106781187,1.,0.707106781187,1.,0.707106781187,1.
      ,0.707106781187,1.)
    ,(1.,0.707106781187,1.,0.707106781187,1.,0.707106781187,1.
      ,0.707106781187,1.)
    ,(1.,0.707106781187,1.,0.707106781187,1.,0.707106781187,1.
      ,0.707106781187,1.)
    ,(1.,0.707106781187,1.,0.707106781187,1.,0.707106781187,1.
      ,0.707106781187,1.)
    ,(1.,0.707106781187,1.,0.707106781187,1.,0.707106781187,1.
      ,0.707106781187,1.)
    ,(1.,0.707106781187,1.,0.707106781187,1.,0.707106781187,1.
      ,0.707106781187,1.)
    ,(1.,0.707106781187,1.,0.707106781187,1.,0.707106781187,1.
      ,0.707106781187,1.)
    ,(1.,0.707106781187,1.,0.707106781187,1.,0.707106781187,1.
      ,0.707106781187,1.)
    ,(1.,0.707106781187,1.,0.707106781187,1.,0.707106781187,1.
      ,0.707106781187,1.)
    ,(1.,0.707106781187,1.,0.707106781187,1.,0.707106781187,1.
      ,0.707106781187,1.)
    ,(1.,0.707106781187,1.,0.707106781187,1.,0.707106781187,1.
      ,0.707106781187,1.)
    ,(1.,0.707106781187,1.,0.707106781187,1.,0.707106781187,1.
      ,0.707106781187,1.)
    ,(1.,0.707106781187,1.,0.707106781187,1.,0.707106781187,1.
      ,0.707106781187,1.)
    ,(1.,0.707106781187,1.,0.707106781187,1.,0.707106781187,1.
      ,0.707106781187,1.)
    ,(1.,0.707106781187,1.,0.707106781187,1.,0.707106781187,1.
      ,0.707106781187,1.)
    ,(1.,0.707106781187,1.,0.707106781187,1.,0.707106781187,1.
      ,0.707106781187,1.)
    ,(1.,0.707106781187,1.,0.707106781187,1.,0.707106781187,1.
      ,0.707106781187,1.)
    ,(1.,0.707106781187,1.,0.707106781187,1.,0.707106781187,1.
      ,0.707106781187,1.)
    ,(1.,0.707106781187,1.,0.707106781187,1.,0.707106781187,1.
      ,0.707106781187,1.)
    ,(1.,0.707106781187,1.,0.707106781187,1.,0.707106781187,1.
      ,0.707106781187,1.)
    ,(1.,0.707106781187,1.,0.707106781187,1.,0.707106781187,1.
      ,0.707106781187,1.)
    ,(1.,0.707106781187,1.,0.707106781187,1.,0.707106781187,1.
      ,0.707106781187,1.)
    ,(1.,0.707106781187,1.,0.707106781187,1.,0.707106781187,1.
      ,0.707106781187,1.)
    ,(1.,0.707106781187,1.,0.707106781187,1.,0.707106781187,1.
      ,0.707106781187,1.)
    ,(1.,0.707106781187,1.,0.707106781187,1.,0.707106781187,1.
      ,0.707106781187,1.)
    ,(1.,0.707106781187,1.,0.707106781187,1.,0.707106781187,1.
      ,0.707106781187,1.)
    ,(1.,0.707106781187,1.,0.707106781187,1.,0.707106781187,1.
      ,0.707106781187,1.)
    ,(1.,0.707106781187,1.,0.707106781187,1.,0.707106781187,1.
      ,0.707106781187,1.)
    ,(1.,0.707106781187,1.,0.707106781187,1.,0.707106781187,1.
      ,0.707106781187,1.)
    ,(1.,0.707106781187,1.,0.707106781187,1.,0.707106781187,1.
      ,0.707106781187,1.)
    ,(1.,0.707106781187,1.,0.707106781187,1.,0.707106781187,1.
      ,0.707106781187,1.)
    ,(1.,0.707106781187,1.,0.707106781187,1.,0.707106781187,1.
      ,0.707106781187,1.)
    ,(1.,0.707106781187,1.,0.707106781187,1.,0.707106781187,1.
      ,0.707106781187,1.)
    ,(1.,0.707106781187,1.,0.707106781187,1.,0.707106781187,1.
      ,0.707106781187,1.)
    ,(1.,0.707106781187,1.,0.707106781187,1.,0.707106781187,1.
      ,0.707106781187,1.)
    ,(1.,0.707106781187,1.,0.707106781187,1.,0.707106781187,1.
      ,0.707106781187,1.)
    ,(1.,0.707106781187,1.,0.707106781187,1.,0.707106781187,1.
      ,0.707106781187,1.)
    ,(1.,0.707106781187,1.,0.707106781187,1.,0.707106781187,1.
      ,0.707106781187,1.)
    ,(1.,0.707106781187,1.,0.707106781187,1.,0.707106781187,1.
      ,0.707106781187,1.)
    ,(1.,0.707106781187,1.,0.707106781187,1.,0.707106781187,1.
      ,0.707106781187,1.)
    ,(1.,0.707106781187,1.,0.707106781187,1.,0.707106781187,1.
      ,0.707106781187,1.)
    ,(1.,0.707106781187,1.,0.707106781187,1.,0.707106781187,1.
      ,0.707106781187,1.)
    ,(1.,0.707106781187,1.,0.707106781187,1.,0.707106781187,1.
      ,0.707106781187,1.)
    ,(1.,0.707106781187,1.,0.707106781187,1.,0.707106781187,1.
      ,0.707106781187,1.)
    ,(1.,0.707106781187,1.,0.707106781187,1.,0.707106781187,1.
      ,0.707106781187,1.)
    ,(1.,0.707106781187,1.,0.707106781187,1.,0.707106781187,1.
      ,0.707106781187,1.)
    ,(1.,0.707106781187,1.,0.707106781187,1.,0.707106781187,1.
      ,0.707106781187,1.)
    ,(1.,0.707106781187,1.,0.707106781187,1.,0.707106781187,1.
      ,0.707106781187,1.)
    ,(1.,0.707106781187,1.,0.707106781187,1.,0.707106781187,1.
      ,0.707106781187,1.)
    ,(1.,0.707106781187,1.,0.707106781187,1.,0.707106781187,1.
      ,0.707106781187,1.)
    ,(1.,0.707106781187,1.,0.707106781187,1.,0.707106781187,1.
      ,0.707106781187,1.)
    ,(1.,0.707106781187,1.,0.707106781187,1.,0.707106781187,1.
      ,0.707106781187,1.)
    ,(1.,0.707106781187,1.,0.707106781187,1.,0.707106781187,1.
      ,0.707106781187,1.)
    ,(1.,0.707106781187,1.,0.707106781187,1.,0.707106781187,1.
      ,0.707106781187,1.)
    ,(1.,0.707106781187,1.,0.707106781187,1.,0.707106781187,1.
      ,0.707106781187,1.)
    ,(1.,0.707106781187,1.,0.707106781187,1.,0.707106781187,1.
      ,0.707106781187,1.)
    ,(1.,0.707106781187,1.,0.707106781187,1.,0.707106781187,1.
      ,0.707106781187,1.)
    ,(1.,0.707106781187,1.,0.707106781187,1.,0.707106781187,1.
      ,0.707106781187,1.)
    ,(1.,0.707106781187,1.,0.707106781187,1.,0.707106781187,1.
      ,0.707106781187,1.)
    ,(1.,0.707106781187,1.,0.707106781187,1.,0.707106781187,1.
      ,0.707106781187,1.)
    ,(1.,0.707106781187,1.,0.707106781187,1.,0.707106781187,1.
      ,0.707106781187,1.)
    ,(1.,0.707106781187,1.,0.707106781187,1.,0.707106781187,1.
      ,0.707106781187,1.)
    ,(1.,0.707106781187,1.,0.707106781187,1.,0.707106781187,1.
      ,0.707106781187,1.)
    ,(1.,0.707106781187,1.,0.707106781187,1.,0.707106781187,1.
      ,0.707106781187,1.)
    ,(1.,0.707106781187,1.,0.707106781187,1.,0.707106781187,1.
      ,0.707106781187,1.)
    ,(1.,0.707106781187,1.,0.707106781187,1.,0.707106781187,1.
      ,0.707106781187,1.)
    ,(1.,0.707106781187,1.,0.707106781187,1.,0.707106781187,1.
      ,0.707106781187,1.)
    ,(1.,0.707106781187,1.,0.707106781187,1.,0.707106781187,1.
      ,0.707106781187,1.)
    ,(1.,0.707106781187,1.,0.707106781187,1.,0.707106781187,1.
      ,0.707106781187,1.)
    ,(1.,0.707106781187,1.,0.707106781187,1.,0.707106781187,1.
      ,0.707106781187,1.)
    ,(1.,0.707106781187,1.,0.707106781187,1.,0.707106781187,1.
      ,0.707106781187,1.)
    ,(1.,0.707106781187,1.,0.707106781187,1.,0.707106781187,1.
      ,0.707106781187,1.)
    ,(1.,0.707106781187,1.,0.707106781187,1.,0.707106781187,1.
      ,0.707106781187,1.)
    ,(1.,0.707106781187,1.,0.707106781187,1.,0.707106781187,1.
      ,0.707106781187,1.)
    ,(1.,0.707106781187,1.,0.707106781187,1.,0.707106781187,1.
      ,0.707106781187,1.)
    ,(1.,0.707106781187,1.,0.707106781187,1.,0.707106781187,1.
      ,0.707106781187,1.)
    ,(1.,0.707106781187,1.,0.707106781187,1.,0.707106781187,1.
      ,0.707106781187,1.)
    ,(1.,0.707106781187,1.,0.707106781187,1.,0.707106781187,1.
      ,0.707106781187,1.)
    ,(1.,0.707106781187,1.,0.707106781187,1.,0.707106781187,1.
      ,0.707106781187,1.)
    ,(1.,0.707106781187,1.,0.707106781187,1.,0.707106781187,1.
      ,0.707106781187,1.)
    ,(1.,0.707106781187,1.,0.707106781187,1.,0.707106781187,1.
      ,0.707106781187,1.)
    ,(1.,0.707106781187,1.,0.707106781187,1.,0.707106781187,1.
      ,0.707106781187,1.)
    ,(1.,0.707106781187,1.,0.707106781187,1.,0.707106781187,1.
      ,0.707106781187,1.)
    ,(1.,0.707106781187,1.,0.707106781187,1.,0.707106781187,1.
      ,0.707106781187,1.)
    ,(1.,0.707106781187,1.,0.707106781187,1.,0.707106781187,1.
      ,0.707106781187,1.)
    ,(1.,0.707106781187,1.,0.707106781187,1.,0.707106781187,1.
      ,0.707106781187,1.)
    ,(1.,0.707106781187,1.,0.707106781187,1.,0.707106781187,1.
      ,0.707106781187,1.)
    ,(1.,0.707106781187,1.,0.707106781187,1.,0.707106781187,1.
      ,0.707106781187,1.)
    ,(1.,0.707106781187,1.,0.707106781187,1.,0.707106781187,1.
      ,0.707106781187,1.)
    ,(1.,0.707106781187,1.,0.707106781187,1.,0.707106781187,1.
      ,0.707106781187,1.)
    ,(1.,0.707106781187,1.,0.707106781187,1.,0.707106781187,1.
      ,0.707106781187,1.)
    ,(1.,0.707106781187,1.,0.707106781187,1.,0.707106781187,1.
      ,0.707106781187,1.)
    ,(1.,0.707106781187,1.,0.707106781187,1.,0.707106781187,1.
      ,0.707106781187,1.)
    ,(1.,0.707106781187,1.,0.707106781187,1.,0.707106781187,1.
      ,0.707106781187,1.)
    ,(1.,0.707106781187,1.,0.707106781187,1.,0.707106781187,1.
      ,0.707106781187,1.)
    ,(1.,0.707106781187,1.,0.707106781187,1.,0.707106781187,1.
      ,0.707106781187,1.)
    ,(1.,0.707106781187,1.,0.707106781187,1.,0.707106781187,1.
      ,0.707106781187,1.)
    ,(1.,0.707106781187,1.,0.707106781187,1.,0.707106781187,1.
      ,0.707106781187,1.)
    ,(1.,0.707106781187,1.,0.707106781187,1.,0.707106781187,1.
      ,0.707106781187,1.)
    ,(1.,0.707106781187,1.,0.707106781187,1.,0.707106781187,1.
      ,0.707106781187,1.)
    ,(1.,0.707106781187,1.,0.707106781187,1.,0.707106781187,1.
      ,0.707106781187,1.)
    ,(1.,0.707106781187,1.,0.707106781187,1.,0.707106781187,1.
      ,0.707106781187,1.)
    ,(1.,0.707106781187,1.,0.707106781187,1.,0.707106781187,1.
      ,0.707106781187,1.)
    ,(1.,0.707106781187,1.,0.707106781187,1.,0.707106781187,1.
      ,0.707106781187,1.)
    ,(1.,0.707106781187,1.,0.707106781187,1.,0.707106781187,1.
      ,0.707106781187,1.)
    ,(1.,0.707106781187,1.,0.707106781187,1.,0.707106781187,1.
      ,0.707106781187,1.)
    ,(1.,0.707106781187,1.,0.707106781187,1.,0.707106781187,1.
      ,0.707106781187,1.)
    ,(1.,0.707106781187,1.,0.707106781187,1.,0.707106781187,1.
      ,0.707106781187,1.)
    ,(1.,0.707106781187,1.,0.707106781187,1.,0.707106781187,1.
      ,0.707106781187,1.)
    ,(1.,0.707106781187,1.,0.707106781187,1.,0.707106781187,1.
      ,0.707106781187,1.)
    ,(1.,0.707106781187,1.,0.707106781187,1.,0.707106781187,1.
      ,0.707106781187,1.)
    ,(1.,0.707106781187,1.,0.707106781187,1.,0.707106781187,1.
      ,0.707106781187,1.)
    ,(1.,0.707106781187,1.,0.707106781187,1.,0.707106781187,1.
      ,0.707106781187,1.)
    ,(1.,0.707106781187,1.,0.707106781187,1.,0.707106781187,1.
      ,0.707106781187,1.)
    ,(1.,0.707106781187,1.,0.707106781187,1.,0.707106781187,1.
      ,0.707106781187,1.)
    ,(1.,0.707106781187,1.,0.707106781187,1.,0.707106781187,1.
      ,0.707106781187,1.)
    ,(1.,0.707106781187,1.,0.707106781187,1.,0.707106781187,1.
      ,0.707106781187,1.)
    ,(1.,0.707106781187,1.,0.707106781187,1.,0.707106781187,1.
      ,0.707106781187,1.)
    ,(1.,0.707106781187,1.,0.707106781187,1.,0.707106781187,1.
      ,0.707106781187,1.)
    ,(1.,0.707106781187,1.,0.707106781187,1.,0.707106781187,1.
      ,0.707106781187,1.)
    ,(1.,0.707106781187,1.,0.707106781187,1.,0.707106781187,1.
      ,0.707106781187,1.)
    ,(1.,0.707106781187,1.,0.707106781187,1.,0.707106781187,1.
      ,0.707106781187,1.)
    ,(1.,0.707106781187,1.,0.707106781187,1.,0.707106781187,1.
      ,0.707106781187,1.)
    ,(1.,0.707106781187,1.,0.707106781187,1.,0.707106781187,1.
      ,0.707106781187,1.)
    ,(1.,0.707106781187,1.,0.707106781187,1.,0.707106781187,1.
      ,0.707106781187,1.)
    ,(1.,0.707106781187,1.,0.707106781187,1.,0.707106781187,1.
      ,0.707106781187,1.)
    ,(1.,0.707106781187,1.,0.707106781187,1.,0.707106781187,1.
      ,0.707106781187,1.)
    ,(1.,0.707106781187,1.,0.707106781187,1.,0.707106781187,1.
      ,0.707106781187,1.)
    ,(1.,0.707106781187,1.,0.707106781187,1.,0.707106781187,1.
      ,0.707106781187,1.)
    ,(1.,0.707106781187,1.,0.707106781187,1.,0.707106781187,1.
      ,0.707106781187,1.)
    ,(1.,0.707106781187,1.,0.707106781187,1.,0.707106781187,1.
      ,0.707106781187,1.)
    ,(1.,0.707106781187,1.,0.707106781187,1.,0.707106781187,1.
      ,0.707106781187,1.)
    ,(1.,0.707106781187,1.,0.707106781187,1.,0.707106781187,1.
      ,0.707106781187,1.)
    ,(1.,0.707106781187,1.,0.707106781187,1.,0.707106781187,1.
      ,0.707106781187,1.)
    ,(1.,0.707106781187,1.,0.707106781187,1.,0.707106781187,1.
      ,0.707106781187,1.)
    ,(1.,0.707106781187,1.,0.707106781187,1.,0.707106781187,1.
      ,0.707106781187,1.)
    ,(1.,0.707106781187,1.,0.707106781187,1.,0.707106781187,1.
      ,0.707106781187,1.)
    ,(1.,0.707106781187,1.,0.707106781187,1.,0.707106781187,1.
      ,0.707106781187,1.)
    ,(1.,0.707106781187,1.,0.707106781187,1.,0.707106781187,1.
,0.707106781187,1.))) REPRESENTATION_ITEM('') SURFACE() );
#3261 = CARTESIAN_POINT('',(4.2608501E+03,29.845000000614,0.));
#3262 = CARTESIAN_POINT('',(4.2608501E+03,29.845000000614,
    29.845000000614));
#3263 = CARTESIAN_POINT('',(4.2608501E+03,0.,29.845000000614));
#3264 = CARTESIAN_POINT('',(4.2608501E+03,-29.84500000061,
    29.845000000614));
#3265 = CARTESIAN_POINT('',(4.2608501E+03,-29.84500000061,0.));
#3266 = CARTESIAN_POINT('',(4.2608501E+03,-29.84500000061,
    -29.84500000061));
#3267 = CARTESIAN_POINT('',(4.2608501E+03,0.,-29.84500000061));
#3268 = CARTESIAN_POINT('',(4.2608501E+03,29.845000000614,
    -29.84500000061));
#3269 = CARTESIAN_POINT('',(4.2608501E+03,29.845000000614,0.));
#3270 = CARTESIAN_POINT('',(4.26118481138E+03,29.845000000614,0.));
#3271 = CARTESIAN_POINT('',(4.26118481138E+03,29.845000000614,
    29.845000000614));
#3272 = CARTESIAN_POINT('',(4.26118481138E+03,0.,29.845000000614));
#3273 = CARTESIAN_POINT('',(4.26118481138E+03,-29.84500000061,
    29.845000000614));
#3274 = CARTESIAN_POINT('',(4.26118481138E+03,-29.84500000061,0.));
#3275 = CARTESIAN_POINT('',(4.26118481138E+03,-29.84500000061,
    -29.84500000061));
#3276 = CARTESIAN_POINT('',(4.26118481138E+03,0.,-29.84500000061));
#3277 = CARTESIAN_POINT('',(4.26118481138E+03,29.845000000614,
    -29.84500000061));
#3278 = CARTESIAN_POINT('',(4.26118481138E+03,29.845000000614,0.));
#3279 = CARTESIAN_POINT('',(4.2618542053E+03,29.843894455897,0.));
#3280 = CARTESIAN_POINT('',(4.2618542053E+03,29.843894455897,
    29.843894455897));
#3281 = CARTESIAN_POINT('',(4.2618542053E+03,0.,29.843894455897));
#3282 = CARTESIAN_POINT('',(4.2618542053E+03,-29.84389445589,
    29.843894455897));
#3283 = CARTESIAN_POINT('',(4.2618542053E+03,-29.84389445589,0.));
#3284 = CARTESIAN_POINT('',(4.2618542053E+03,-29.84389445589,
    -29.84389445589));
#3285 = CARTESIAN_POINT('',(4.2618542053E+03,0.,-29.84389445589));
#3286 = CARTESIAN_POINT('',(4.2618542053E+03,29.843894455897,
    -29.84389445589));
#3287 = CARTESIAN_POINT('',(4.2618542053E+03,29.843894455897,0.));
#3288 = CARTESIAN_POINT('',(4.262858198691E+03,29.838919614926,0.));
#3289 = CARTESIAN_POINT('',(4.262858198691E+03,29.838919614926,
    29.838919614926));
#3290 = CARTESIAN_POINT('',(4.262858198691E+03,0.,29.838919614926));
#3291 = CARTESIAN_POINT('',(4.262858198691E+03,-29.83891961492,
    29.838919614926));
#3292 = CARTESIAN_POINT('',(4.262858198691E+03,-29.83891961492,0.));
#3293 = CARTESIAN_POINT('',(4.262858198691E+03,-29.83891961492,
    -29.83891961492));
#3294 = CARTESIAN_POINT('',(4.262858198691E+03,0.,-29.83891961492));
#3295 = CARTESIAN_POINT('',(4.262858198691E+03,29.838919614926,
    -29.83891961492));
#3296 = CARTESIAN_POINT('',(4.262858198691E+03,29.838919614926,0.));
#3297 = CARTESIAN_POINT('',(4.263861969145E+03,29.830628827673,0.));
#3298 = CARTESIAN_POINT('',(4.263861969145E+03,29.830628827673,
    29.830628827673));
#3299 = CARTESIAN_POINT('',(4.263861969145E+03,0.,29.830628827673));
#3300 = CARTESIAN_POINT('',(4.263861969145E+03,-29.83062882767,
    29.830628827673));
#3301 = CARTESIAN_POINT('',(4.263861969145E+03,-29.83062882767,0.));
#3302 = CARTESIAN_POINT('',(4.263861969145E+03,-29.83062882767,
    -29.83062882767));
#3303 = CARTESIAN_POINT('',(4.263861969145E+03,0.,-29.83062882767));
#3304 = CARTESIAN_POINT('',(4.263861969145E+03,29.830628827673,
    -29.83062882767));
#3305 = CARTESIAN_POINT('',(4.263861969145E+03,29.830628827673,0.));
#3306 = CARTESIAN_POINT('',(4.264865404821E+03,29.819023015613,0.));
#3307 = CARTESIAN_POINT('',(4.264865404821E+03,29.819023015613,
    29.819023015613));
#3308 = CARTESIAN_POINT('',(4.264865404821E+03,0.,29.819023015613));
#3309 = CARTESIAN_POINT('',(4.264865404821E+03,-29.81902301561,
    29.819023015613));
#3310 = CARTESIAN_POINT('',(4.264865404821E+03,-29.81902301561,0.));
#3311 = CARTESIAN_POINT('',(4.264865404821E+03,-29.81902301561,
    -29.81902301561));
#3312 = CARTESIAN_POINT('',(4.264865404821E+03,0.,-29.81902301561));
#3313 = CARTESIAN_POINT('',(4.264865404821E+03,29.819023015613,
    -29.81902301561));
#3314 = CARTESIAN_POINT('',(4.264865404821E+03,29.819023015613,0.));
#3315 = CARTESIAN_POINT('',(4.265868394284E+03,29.804103468668,0.));
#3316 = CARTESIAN_POINT('',(4.265868394284E+03,29.804103468668,
    29.804103468668));
#3317 = CARTESIAN_POINT('',(4.265868394284E+03,0.,29.804103468668));
#3318 = CARTESIAN_POINT('',(4.265868394284E+03,-29.80410346866,
    29.804103468668));
#3319 = CARTESIAN_POINT('',(4.265868394284E+03,-29.80410346866,0.));
#3320 = CARTESIAN_POINT('',(4.265868394284E+03,-29.80410346866,
    -29.80410346866));
#3321 = CARTESIAN_POINT('',(4.265868394284E+03,0.,-29.80410346866));
#3322 = CARTESIAN_POINT('',(4.265868394284E+03,29.804103468668,
    -29.80410346866));
#3323 = CARTESIAN_POINT('',(4.265868394284E+03,29.804103468668,0.));
#3324 = CARTESIAN_POINT('',(4.266870826049E+03,29.785871845065,0.));
#3325 = CARTESIAN_POINT('',(4.266870826049E+03,29.785871845065,
    29.785871845065));
#3326 = CARTESIAN_POINT('',(4.266870826049E+03,0.,29.785871845065));
#3327 = CARTESIAN_POINT('',(4.266870826049E+03,-29.78587184506,
    29.785871845065));
#3328 = CARTESIAN_POINT('',(4.266870826049E+03,-29.78587184506,0.));
#3329 = CARTESIAN_POINT('',(4.266870826049E+03,-29.78587184506,
    -29.78587184506));
#3330 = CARTESIAN_POINT('',(4.266870826049E+03,0.,-29.78587184506));
#3331 = CARTESIAN_POINT('',(4.266870826049E+03,29.785871845065,
    -29.78587184506));
#3332 = CARTESIAN_POINT('',(4.266870826049E+03,29.785871845065,0.));
#3333 = CARTESIAN_POINT('',(4.267872588717E+03,29.764330171147,0.));
#3334 = CARTESIAN_POINT('',(4.267872588717E+03,29.764330171147,
    29.764330171147));
#3335 = CARTESIAN_POINT('',(4.267872588717E+03,0.,29.764330171147));
#3336 = CARTESIAN_POINT('',(4.267872588717E+03,-29.76433017114,
    29.764330171147));
#3337 = CARTESIAN_POINT('',(4.267872588717E+03,-29.76433017114,0.));
#3338 = CARTESIAN_POINT('',(4.267872588717E+03,-29.76433017114,
    -29.76433017114));
#3339 = CARTESIAN_POINT('',(4.267872588717E+03,0.,-29.76433017114));
#3340 = CARTESIAN_POINT('',(4.267872588717E+03,29.764330171147,
    -29.76433017114));
#3341 = CARTESIAN_POINT('',(4.267872588717E+03,29.764330171147,0.));
#3342 = CARTESIAN_POINT('',(4.26887357096E+03,29.739480841152,0.));
#3343 = CARTESIAN_POINT('',(4.26887357096E+03,29.739480841152,
    29.739480841152));
#3344 = CARTESIAN_POINT('',(4.26887357096E+03,0.,29.739480841152));
#3345 = CARTESIAN_POINT('',(4.26887357096E+03,-29.73948084115,
    29.739480841152));
#3346 = CARTESIAN_POINT('',(4.26887357096E+03,-29.73948084115,0.));
#3347 = CARTESIAN_POINT('',(4.26887357096E+03,-29.73948084115,
    -29.73948084115));
#3348 = CARTESIAN_POINT('',(4.26887357096E+03,0.,-29.73948084115));
#3349 = CARTESIAN_POINT('',(4.26887357096E+03,29.739480841152,
    -29.73948084115));
#3350 = CARTESIAN_POINT('',(4.26887357096E+03,29.739480841152,0.));
#3351 = CARTESIAN_POINT('',(4.269873661536E+03,29.711326616942,0.));
#3352 = CARTESIAN_POINT('',(4.269873661536E+03,29.711326616942,
    29.711326616942));
#3353 = CARTESIAN_POINT('',(4.269873661536E+03,0.,29.711326616942));
#3354 = CARTESIAN_POINT('',(4.269873661536E+03,-29.71132661694,
    29.711326616942));
#3355 = CARTESIAN_POINT('',(4.269873661536E+03,-29.71132661694,0.));
#3356 = CARTESIAN_POINT('',(4.269873661536E+03,-29.71132661694,
    -29.71132661694));
#3357 = CARTESIAN_POINT('',(4.269873661536E+03,0.,-29.71132661694));
#3358 = CARTESIAN_POINT('',(4.269873661536E+03,29.711326616942,
    -29.71132661694));
#3359 = CARTESIAN_POINT('',(4.269873661536E+03,29.711326616942,0.));
#3360 = CARTESIAN_POINT('',(4.270872749304E+03,29.679870627703,0.));
#3361 = CARTESIAN_POINT('',(4.270872749304E+03,29.679870627703,
    29.679870627703));
#3362 = CARTESIAN_POINT('',(4.270872749304E+03,0.,29.679870627703));
#3363 = CARTESIAN_POINT('',(4.270872749304E+03,-29.6798706277,
    29.679870627703));
#3364 = CARTESIAN_POINT('',(4.270872749304E+03,-29.6798706277,0.));
#3365 = CARTESIAN_POINT('',(4.270872749304E+03,-29.6798706277,
    -29.6798706277));
#3366 = CARTESIAN_POINT('',(4.270872749304E+03,0.,-29.6798706277));
#3367 = CARTESIAN_POINT('',(4.270872749304E+03,29.679870627703,
    -29.6798706277));
#3368 = CARTESIAN_POINT('',(4.270872749304E+03,29.679870627703,0.));
#3369 = CARTESIAN_POINT('',(4.271870723233E+03,29.645116369587,0.));
#3370 = CARTESIAN_POINT('',(4.271870723233E+03,29.645116369587,
    29.645116369587));
#3371 = CARTESIAN_POINT('',(4.271870723233E+03,0.,29.645116369587));
#3372 = CARTESIAN_POINT('',(4.271870723233E+03,-29.64511636958,
    29.645116369587));
#3373 = CARTESIAN_POINT('',(4.271870723233E+03,-29.64511636958,0.));
#3374 = CARTESIAN_POINT('',(4.271870723233E+03,-29.64511636958,
    -29.64511636958));
#3375 = CARTESIAN_POINT('',(4.271870723233E+03,0.,-29.64511636958));
#3376 = CARTESIAN_POINT('',(4.271870723233E+03,29.645116369587,
    -29.64511636958));
#3377 = CARTESIAN_POINT('',(4.271870723233E+03,29.645116369587,0.));
#3378 = CARTESIAN_POINT('',(4.272867472415E+03,29.607067705332,0.));
#3379 = CARTESIAN_POINT('',(4.272867472415E+03,29.607067705332,
    29.607067705332));
#3380 = CARTESIAN_POINT('',(4.272867472415E+03,0.,29.607067705332));
#3381 = CARTESIAN_POINT('',(4.272867472415E+03,-29.60706770533,
    29.607067705332));
#3382 = CARTESIAN_POINT('',(4.272867472415E+03,-29.60706770533,0.));
#3383 = CARTESIAN_POINT('',(4.272867472415E+03,-29.60706770533,
    -29.60706770533));
#3384 = CARTESIAN_POINT('',(4.272867472415E+03,0.,-29.60706770533));
#3385 = CARTESIAN_POINT('',(4.272867472415E+03,29.607067705332,
    -29.60706770533));
#3386 = CARTESIAN_POINT('',(4.272867472415E+03,29.607067705332,0.));
#3387 = CARTESIAN_POINT('',(4.273862886081E+03,29.565728863825,0.));
#3388 = CARTESIAN_POINT('',(4.273862886081E+03,29.565728863825,
    29.565728863825));
#3389 = CARTESIAN_POINT('',(4.273862886081E+03,0.,29.565728863825));
#3390 = CARTESIAN_POINT('',(4.273862886081E+03,-29.56572886382,
    29.565728863825));
#3391 = CARTESIAN_POINT('',(4.273862886081E+03,-29.56572886382,0.));
#3392 = CARTESIAN_POINT('',(4.273862886081E+03,-29.56572886382,
    -29.56572886382));
#3393 = CARTESIAN_POINT('',(4.273862886081E+03,0.,-29.56572886382));
#3394 = CARTESIAN_POINT('',(4.273862886081E+03,29.565728863825,
    -29.56572886382));
#3395 = CARTESIAN_POINT('',(4.273862886081E+03,29.565728863825,0.));
#3396 = CARTESIAN_POINT('',(4.274856853607E+03,29.521104439636,0.));
#3397 = CARTESIAN_POINT('',(4.274856853607E+03,29.521104439636,
    29.521104439636));
#3398 = CARTESIAN_POINT('',(4.274856853607E+03,0.,29.521104439636));
#3399 = CARTESIAN_POINT('',(4.274856853607E+03,-29.52110443963,
    29.521104439636));
#3400 = CARTESIAN_POINT('',(4.274856853607E+03,-29.52110443963,0.));
#3401 = CARTESIAN_POINT('',(4.274856853607E+03,-29.52110443963,
    -29.52110443963));
#3402 = CARTESIAN_POINT('',(4.274856853607E+03,0.,-29.52110443963));
#3403 = CARTESIAN_POINT('',(4.274856853607E+03,29.521104439636,
    -29.52110443963));
#3404 = CARTESIAN_POINT('',(4.274856853607E+03,29.521104439636,0.));
#3405 = CARTESIAN_POINT('',(4.275849264534E+03,29.473199392505,0.));
#3406 = CARTESIAN_POINT('',(4.275849264534E+03,29.473199392505,
    29.473199392505));
#3407 = CARTESIAN_POINT('',(4.275849264534E+03,0.,29.473199392505));
#3408 = CARTESIAN_POINT('',(4.275849264534E+03,-29.4731993925,
    29.473199392505));
#3409 = CARTESIAN_POINT('',(4.275849264534E+03,-29.4731993925,0.));
#3410 = CARTESIAN_POINT('',(4.275849264534E+03,-29.4731993925,
    -29.4731993925));
#3411 = CARTESIAN_POINT('',(4.275849264534E+03,0.,-29.4731993925));
#3412 = CARTESIAN_POINT('',(4.275849264534E+03,29.473199392505,
    -29.4731993925));
#3413 = CARTESIAN_POINT('',(4.275849264534E+03,29.473199392505,0.));
#3414 = CARTESIAN_POINT('',(4.276840008571E+03,29.422019046791,0.));
#3415 = CARTESIAN_POINT('',(4.276840008571E+03,29.422019046791,
    29.422019046791));
#3416 = CARTESIAN_POINT('',(4.276840008571E+03,0.,29.422019046791));
#3417 = CARTESIAN_POINT('',(4.276840008571E+03,-29.42201904679,
    29.422019046791));
#3418 = CARTESIAN_POINT('',(4.276840008571E+03,-29.42201904679,0.));
#3419 = CARTESIAN_POINT('',(4.276840008571E+03,-29.42201904679,
    -29.42201904679));
#3420 = CARTESIAN_POINT('',(4.276840008571E+03,0.,-29.42201904679));
#3421 = CARTESIAN_POINT('',(4.276840008571E+03,29.422019046791,
    -29.42201904679));
#3422 = CARTESIAN_POINT('',(4.276840008571E+03,29.422019046791,0.));
#3423 = CARTESIAN_POINT('',(4.277828975616E+03,29.367569090875,0.));
#3424 = CARTESIAN_POINT('',(4.277828975616E+03,29.367569090875,
    29.367569090875));
#3425 = CARTESIAN_POINT('',(4.277828975616E+03,0.,29.367569090875));
#3426 = CARTESIAN_POINT('',(4.277828975616E+03,-29.36756909087,
    29.367569090875));
#3427 = CARTESIAN_POINT('',(4.277828975616E+03,-29.36756909087,0.));
#3428 = CARTESIAN_POINT('',(4.277828975616E+03,-29.36756909087,
    -29.36756909087));
#3429 = CARTESIAN_POINT('',(4.277828975616E+03,0.,-29.36756909087));
#3430 = CARTESIAN_POINT('',(4.277828975616E+03,29.367569090875,
    -29.36756909087));
#3431 = CARTESIAN_POINT('',(4.277828975616E+03,29.367569090875,0.));
#3432 = CARTESIAN_POINT('',(4.278816055765E+03,29.309855576534,0.));
#3433 = CARTESIAN_POINT('',(4.278816055765E+03,29.309855576534,
    29.309855576534));
#3434 = CARTESIAN_POINT('',(4.278816055765E+03,0.,29.309855576534));
#3435 = CARTESIAN_POINT('',(4.278816055765E+03,-29.30985557653,
    29.309855576534));
#3436 = CARTESIAN_POINT('',(4.278816055765E+03,-29.30985557653,0.));
#3437 = CARTESIAN_POINT('',(4.278816055765E+03,-29.30985557653,
    -29.30985557653));
#3438 = CARTESIAN_POINT('',(4.278816055765E+03,0.,-29.30985557653));
#3439 = CARTESIAN_POINT('',(4.278816055765E+03,29.309855576534,
    -29.30985557653));
#3440 = CARTESIAN_POINT('',(4.278816055765E+03,29.309855576534,0.));
#3441 = CARTESIAN_POINT('',(4.27980113932E+03,29.248884918262,0.));
#3442 = CARTESIAN_POINT('',(4.27980113932E+03,29.248884918262,
    29.248884918262));
#3443 = CARTESIAN_POINT('',(4.27980113932E+03,0.,29.248884918262));
#3444 = CARTESIAN_POINT('',(4.27980113932E+03,-29.24888491826,
    29.248884918262));
#3445 = CARTESIAN_POINT('',(4.27980113932E+03,-29.24888491826,0.));
#3446 = CARTESIAN_POINT('',(4.27980113932E+03,-29.24888491826,
    -29.24888491826));
#3447 = CARTESIAN_POINT('',(4.27980113932E+03,0.,-29.24888491826));
#3448 = CARTESIAN_POINT('',(4.27980113932E+03,29.248884918262,
    -29.24888491826));
#3449 = CARTESIAN_POINT('',(4.27980113932E+03,29.248884918262,0.));
#3450 = CARTESIAN_POINT('',(4.280784116808E+03,29.184663892556,0.));
#3451 = CARTESIAN_POINT('',(4.280784116808E+03,29.184663892556,
    29.184663892556));
#3452 = CARTESIAN_POINT('',(4.280784116808E+03,0.,29.184663892556));
#3453 = CARTESIAN_POINT('',(4.280784116808E+03,-29.18466389255,
    29.184663892556));
#3454 = CARTESIAN_POINT('',(4.280784116808E+03,-29.18466389255,0.));
#3455 = CARTESIAN_POINT('',(4.280784116808E+03,-29.18466389255,
    -29.18466389255));
#3456 = CARTESIAN_POINT('',(4.280784116808E+03,0.,-29.18466389255));
#3457 = CARTESIAN_POINT('',(4.280784116808E+03,29.184663892556,
    -29.18466389255));
#3458 = CARTESIAN_POINT('',(4.280784116808E+03,29.184663892556,0.));
#3459 = CARTESIAN_POINT('',(4.281764878991E+03,29.117199637167,0.));
#3460 = CARTESIAN_POINT('',(4.281764878991E+03,29.117199637167,
    29.117199637167));
#3461 = CARTESIAN_POINT('',(4.281764878991E+03,0.,29.117199637167));
#3462 = CARTESIAN_POINT('',(4.281764878991E+03,-29.11719963716,
    29.117199637167));
#3463 = CARTESIAN_POINT('',(4.281764878991E+03,-29.11719963716,0.));
#3464 = CARTESIAN_POINT('',(4.281764878991E+03,-29.11719963716,
    -29.11719963716));
#3465 = CARTESIAN_POINT('',(4.281764878991E+03,0.,-29.11719963716));
#3466 = CARTESIAN_POINT('',(4.281764878991E+03,29.117199637167,
    -29.11719963716));
#3467 = CARTESIAN_POINT('',(4.281764878991E+03,29.117199637167,0.));
#3468 = CARTESIAN_POINT('',(4.282743316874E+03,29.046499650298,0.));
#3469 = CARTESIAN_POINT('',(4.282743316874E+03,29.046499650298,
    29.046499650298));
#3470 = CARTESIAN_POINT('',(4.282743316874E+03,0.,29.046499650298));
#3471 = CARTESIAN_POINT('',(4.282743316874E+03,-29.04649965029,
    29.046499650298));
#3472 = CARTESIAN_POINT('',(4.282743316874E+03,-29.04649965029,0.));
#3473 = CARTESIAN_POINT('',(4.282743316874E+03,-29.04649965029,
    -29.04649965029));
#3474 = CARTESIAN_POINT('',(4.282743316874E+03,0.,-29.04649965029));
#3475 = CARTESIAN_POINT('',(4.282743316874E+03,29.046499650298,
    -29.04649965029));
#3476 = CARTESIAN_POINT('',(4.282743316874E+03,29.046499650298,0.));
#3477 = CARTESIAN_POINT('',(4.283719321722E+03,28.972571789775,0.));
#3478 = CARTESIAN_POINT('',(4.283719321722E+03,28.972571789775,
    28.972571789775));
#3479 = CARTESIAN_POINT('',(4.283719321722E+03,0.,28.972571789775));
#3480 = CARTESIAN_POINT('',(4.283719321722E+03,-28.97257178977,
    28.972571789775));
#3481 = CARTESIAN_POINT('',(4.283719321722E+03,-28.97257178977,0.));
#3482 = CARTESIAN_POINT('',(4.283719321722E+03,-28.97257178977,
    -28.97257178977));
#3483 = CARTESIAN_POINT('',(4.283719321722E+03,0.,-28.97257178977));
#3484 = CARTESIAN_POINT('',(4.283719321722E+03,28.972571789775,
    -28.97257178977));
#3485 = CARTESIAN_POINT('',(4.283719321722E+03,28.972571789775,0.));
#3486 = CARTESIAN_POINT('',(4.284692785073E+03,28.895424272167,0.));
#3487 = CARTESIAN_POINT('',(4.284692785073E+03,28.895424272167,
    28.895424272167));
#3488 = CARTESIAN_POINT('',(4.284692785073E+03,0.,28.895424272167));
#3489 = CARTESIAN_POINT('',(4.284692785073E+03,-28.89542427216,
    28.895424272167));
#3490 = CARTESIAN_POINT('',(4.284692785073E+03,-28.89542427216,0.));
#3491 = CARTESIAN_POINT('',(4.284692785073E+03,-28.89542427216,
    -28.89542427216));
#3492 = CARTESIAN_POINT('',(4.284692785073E+03,0.,-28.89542427216));
#3493 = CARTESIAN_POINT('',(4.284692785073E+03,28.895424272167,
    -28.89542427216));
#3494 = CARTESIAN_POINT('',(4.284692785073E+03,28.895424272167,0.));
#3495 = CARTESIAN_POINT('',(4.285663598743E+03,28.815065671878,0.));
#3496 = CARTESIAN_POINT('',(4.285663598743E+03,28.815065671878,
    28.815065671878));
#3497 = CARTESIAN_POINT('',(4.285663598743E+03,0.,28.815065671878));
#3498 = CARTESIAN_POINT('',(4.285663598743E+03,-28.81506567187,
    28.815065671878));
#3499 = CARTESIAN_POINT('',(4.285663598743E+03,-28.81506567187,0.));
#3500 = CARTESIAN_POINT('',(4.285663598743E+03,-28.81506567187,
    -28.81506567187));
#3501 = CARTESIAN_POINT('',(4.285663598743E+03,0.,-28.81506567187));
#3502 = CARTESIAN_POINT('',(4.285663598743E+03,28.815065671878,
    -28.81506567187));
#3503 = CARTESIAN_POINT('',(4.285663598743E+03,28.815065671878,0.));
#3504 = CARTESIAN_POINT('',(4.286631654846E+03,28.731504920185,0.));
#3505 = CARTESIAN_POINT('',(4.286631654846E+03,28.731504920185,
    28.731504920185));
#3506 = CARTESIAN_POINT('',(4.286631654846E+03,0.,28.731504920185));
#3507 = CARTESIAN_POINT('',(4.286631654846E+03,-28.73150492018,
    28.731504920185));
#3508 = CARTESIAN_POINT('',(4.286631654846E+03,-28.73150492018,0.));
#3509 = CARTESIAN_POINT('',(4.286631654846E+03,-28.73150492018,
    -28.73150492018));
#3510 = CARTESIAN_POINT('',(4.286631654846E+03,0.,-28.73150492018));
#3511 = CARTESIAN_POINT('',(4.286631654846E+03,28.731504920185,
    -28.73150492018));
#3512 = CARTESIAN_POINT('',(4.286631654846E+03,28.731504920185,0.));
#3513 = CARTESIAN_POINT('',(4.287596845801E+03,28.644751304249,0.));
#3514 = CARTESIAN_POINT('',(4.287596845801E+03,28.644751304249,
    28.644751304249));
#3515 = CARTESIAN_POINT('',(4.287596845801E+03,0.,28.644751304249));
#3516 = CARTESIAN_POINT('',(4.287596845801E+03,-28.64475130424,
    28.644751304249));
#3517 = CARTESIAN_POINT('',(4.287596845801E+03,-28.64475130424,0.));
#3518 = CARTESIAN_POINT('',(4.287596845801E+03,-28.64475130424,
    -28.64475130424));
#3519 = CARTESIAN_POINT('',(4.287596845801E+03,0.,-28.64475130424));
#3520 = CARTESIAN_POINT('',(4.287596845801E+03,28.644751304249,
    -28.64475130424));
#3521 = CARTESIAN_POINT('',(4.287596845801E+03,28.644751304249,0.));
#3522 = CARTESIAN_POINT('',(4.288559064346E+03,28.554814466077,0.));
#3523 = CARTESIAN_POINT('',(4.288559064346E+03,28.554814466077,
    28.554814466077));
#3524 = CARTESIAN_POINT('',(4.288559064346E+03,0.,28.554814466077));
#3525 = CARTESIAN_POINT('',(4.288559064346E+03,-28.55481446607,
    28.554814466077));
#3526 = CARTESIAN_POINT('',(4.288559064346E+03,-28.55481446607,0.));
#3527 = CARTESIAN_POINT('',(4.288559064346E+03,-28.55481446607,
    -28.55481446607));
#3528 = CARTESIAN_POINT('',(4.288559064346E+03,0.,-28.55481446607));
#3529 = CARTESIAN_POINT('',(4.288559064346E+03,28.554814466077,
    -28.55481446607));
#3530 = CARTESIAN_POINT('',(4.288559064346E+03,28.554814466077,0.));
#3531 = CARTESIAN_POINT('',(4.28951820355E+03,28.461704401449,0.));
#3532 = CARTESIAN_POINT('',(4.28951820355E+03,28.461704401449,
    28.461704401449));
#3533 = CARTESIAN_POINT('',(4.28951820355E+03,0.,28.461704401449));
#3534 = CARTESIAN_POINT('',(4.28951820355E+03,-28.46170440144,
    28.461704401449));
#3535 = CARTESIAN_POINT('',(4.28951820355E+03,-28.46170440144,0.));
#3536 = CARTESIAN_POINT('',(4.28951820355E+03,-28.46170440144,
    -28.46170440144));
#3537 = CARTESIAN_POINT('',(4.28951820355E+03,0.,-28.46170440144));
#3538 = CARTESIAN_POINT('',(4.28951820355E+03,28.461704401449,
    -28.46170440144));
#3539 = CARTESIAN_POINT('',(4.28951820355E+03,28.461704401449,0.));
#3540 = CARTESIAN_POINT('',(4.290474156824E+03,28.365431458808,0.));
#3541 = CARTESIAN_POINT('',(4.290474156824E+03,28.365431458808,
    28.365431458808));
#3542 = CARTESIAN_POINT('',(4.290474156824E+03,0.,28.365431458808));
#3543 = CARTESIAN_POINT('',(4.290474156824E+03,-28.3654314588,
    28.365431458808));
#3544 = CARTESIAN_POINT('',(4.290474156824E+03,-28.3654314588,0.));
#3545 = CARTESIAN_POINT('',(4.290474156824E+03,-28.3654314588,
    -28.3654314588));
#3546 = CARTESIAN_POINT('',(4.290474156824E+03,0.,-28.3654314588));
#3547 = CARTESIAN_POINT('',(4.290474156824E+03,28.365431458808,
    -28.3654314588));
#3548 = CARTESIAN_POINT('',(4.290474156824E+03,28.365431458808,0.));
#3549 = CARTESIAN_POINT('',(4.291426817933E+03,28.266006338101,0.));
#3550 = CARTESIAN_POINT('',(4.291426817933E+03,28.266006338101,
    28.266006338101));
#3551 = CARTESIAN_POINT('',(4.291426817933E+03,0.,28.266006338101));
#3552 = CARTESIAN_POINT('',(4.291426817933E+03,-28.2660063381,
    28.266006338101));
#3553 = CARTESIAN_POINT('',(4.291426817933E+03,-28.2660063381,0.));
#3554 = CARTESIAN_POINT('',(4.291426817933E+03,-28.2660063381,
    -28.2660063381));
#3555 = CARTESIAN_POINT('',(4.291426817933E+03,0.,-28.2660063381));
#3556 = CARTESIAN_POINT('',(4.291426817933E+03,28.266006338101,
    -28.2660063381));
#3557 = CARTESIAN_POINT('',(4.291426817933E+03,28.266006338101,0.));
#3558 = CARTESIAN_POINT('',(4.292376081008E+03,28.163440089594,0.));
#3559 = CARTESIAN_POINT('',(4.292376081008E+03,28.163440089594,
    28.163440089594));
#3560 = CARTESIAN_POINT('',(4.292376081008E+03,0.,28.163440089594));
#3561 = CARTESIAN_POINT('',(4.292376081008E+03,-28.16344008959,
    28.163440089594));
#3562 = CARTESIAN_POINT('',(4.292376081008E+03,-28.16344008959,0.));
#3563 = CARTESIAN_POINT('',(4.292376081008E+03,-28.16344008959,
    -28.16344008959));
#3564 = CARTESIAN_POINT('',(4.292376081008E+03,0.,-28.16344008959));
#3565 = CARTESIAN_POINT('',(4.292376081008E+03,28.163440089594,
    -28.16344008959));
#3566 = CARTESIAN_POINT('',(4.292376081008E+03,28.163440089594,0.));
#3567 = CARTESIAN_POINT('',(4.293321840558E+03,28.057744112636,0.));
#3568 = CARTESIAN_POINT('',(4.293321840558E+03,28.057744112636,
    28.057744112636));
#3569 = CARTESIAN_POINT('',(4.293321840558E+03,0.,28.057744112636));
#3570 = CARTESIAN_POINT('',(4.293321840558E+03,-28.05774411263,
    28.057744112636));
#3571 = CARTESIAN_POINT('',(4.293321840558E+03,-28.05774411263,0.));
#3572 = CARTESIAN_POINT('',(4.293321840558E+03,-28.05774411263,
    -28.05774411263));
#3573 = CARTESIAN_POINT('',(4.293321840558E+03,0.,-28.05774411263));
#3574 = CARTESIAN_POINT('',(4.293321840558E+03,28.057744112636,
    -28.05774411263));
#3575 = CARTESIAN_POINT('',(4.293321840558E+03,28.057744112636,0.));
#3576 = CARTESIAN_POINT('',(4.294263991482E+03,27.94893015439,0.));
#3577 = CARTESIAN_POINT('',(4.294263991482E+03,27.94893015439,
    27.94893015439));
#3578 = CARTESIAN_POINT('',(4.294263991482E+03,0.,27.94893015439));
#3579 = CARTESIAN_POINT('',(4.294263991482E+03,-27.94893015439,
    27.94893015439));
#3580 = CARTESIAN_POINT('',(4.294263991482E+03,-27.94893015439,0.));
#3581 = CARTESIAN_POINT('',(4.294263991482E+03,-27.94893015439,
    -27.94893015439));
#3582 = CARTESIAN_POINT('',(4.294263991482E+03,0.,-27.94893015439));
#3583 = CARTESIAN_POINT('',(4.294263991482E+03,27.94893015439,
    -27.94893015439));
#3584 = CARTESIAN_POINT('',(4.294263991482E+03,27.94893015439,0.));
#3585 = CARTESIAN_POINT('',(4.29520242908E+03,27.837010308525,0.));
#3586 = CARTESIAN_POINT('',(4.29520242908E+03,27.837010308525,
    27.837010308525));
#3587 = CARTESIAN_POINT('',(4.29520242908E+03,0.,27.837010308525));
#3588 = CARTESIAN_POINT('',(4.29520242908E+03,-27.83701030852,
    27.837010308525));
#3589 = CARTESIAN_POINT('',(4.29520242908E+03,-27.83701030852,0.));
#3590 = CARTESIAN_POINT('',(4.29520242908E+03,-27.83701030852,
    -27.83701030852));
#3591 = CARTESIAN_POINT('',(4.29520242908E+03,0.,-27.83701030852));
#3592 = CARTESIAN_POINT('',(4.29520242908E+03,27.837010308525,
    -27.83701030852));
#3593 = CARTESIAN_POINT('',(4.29520242908E+03,27.837010308525,0.));
#3594 = CARTESIAN_POINT('',(4.296137049064E+03,27.721997013868,0.));
#3595 = CARTESIAN_POINT('',(4.296137049064E+03,27.721997013868,
    27.721997013868));
#3596 = CARTESIAN_POINT('',(4.296137049064E+03,0.,27.721997013868));
#3597 = CARTESIAN_POINT('',(4.296137049064E+03,-27.72199701386,
    27.721997013868));
#3598 = CARTESIAN_POINT('',(4.296137049064E+03,-27.72199701386,0.));
#3599 = CARTESIAN_POINT('',(4.296137049064E+03,-27.72199701386,
    -27.72199701386));
#3600 = CARTESIAN_POINT('',(4.296137049064E+03,0.,-27.72199701386));
#3601 = CARTESIAN_POINT('',(4.296137049064E+03,27.721997013868,
    -27.72199701386));
#3602 = CARTESIAN_POINT('',(4.296137049064E+03,27.721997013868,0.));
#3603 = CARTESIAN_POINT('',(4.297067747572E+03,27.603903053017,0.));
#3604 = CARTESIAN_POINT('',(4.297067747572E+03,27.603903053017,
    27.603903053017));
#3605 = CARTESIAN_POINT('',(4.297067747572E+03,0.,27.603903053017));
#3606 = CARTESIAN_POINT('',(4.297067747572E+03,-27.60390305301,
    27.603903053017));
#3607 = CARTESIAN_POINT('',(4.297067747572E+03,-27.60390305301,0.));
#3608 = CARTESIAN_POINT('',(4.297067747572E+03,-27.60390305301,
    -27.60390305301));
#3609 = CARTESIAN_POINT('',(4.297067747572E+03,0.,-27.60390305301));
#3610 = CARTESIAN_POINT('',(4.297067747572E+03,27.603903053017,
    -27.60390305301));
#3611 = CARTESIAN_POINT('',(4.297067747572E+03,27.603903053017,0.));
#3612 = CARTESIAN_POINT('',(4.297994421177E+03,27.482741550919,0.));
#3613 = CARTESIAN_POINT('',(4.297994421177E+03,27.482741550919,
    27.482741550919));
#3614 = CARTESIAN_POINT('',(4.297994421177E+03,0.,27.482741550919));
#3615 = CARTESIAN_POINT('',(4.297994421177E+03,-27.48274155091,
    27.482741550919));
#3616 = CARTESIAN_POINT('',(4.297994421177E+03,-27.48274155091,0.));
#3617 = CARTESIAN_POINT('',(4.297994421177E+03,-27.48274155091,
    -27.48274155091));
#3618 = CARTESIAN_POINT('',(4.297994421177E+03,0.,-27.48274155091));
#3619 = CARTESIAN_POINT('',(4.297994421177E+03,27.482741550919,
    -27.48274155091));
#3620 = CARTESIAN_POINT('',(4.297994421177E+03,27.482741550919,0.));
#3621 = CARTESIAN_POINT('',(4.298916966899E+03,27.358525973399,0.));
#3622 = CARTESIAN_POINT('',(4.298916966899E+03,27.358525973399,
    27.358525973399));
#3623 = CARTESIAN_POINT('',(4.298916966899E+03,0.,27.358525973399));
#3624 = CARTESIAN_POINT('',(4.298916966899E+03,-27.35852597339,
    27.358525973399));
#3625 = CARTESIAN_POINT('',(4.298916966899E+03,-27.35852597339,0.));
#3626 = CARTESIAN_POINT('',(4.298916966899E+03,-27.35852597339,
    -27.35852597339));
#3627 = CARTESIAN_POINT('',(4.298916966899E+03,0.,-27.35852597339));
#3628 = CARTESIAN_POINT('',(4.298916966899E+03,27.358525973399,
    -27.35852597339));
#3629 = CARTESIAN_POINT('',(4.298916966899E+03,27.358525973399,0.));
#3630 = CARTESIAN_POINT('',(4.299835282219E+03,27.231270125671,0.));
#3631 = CARTESIAN_POINT('',(4.299835282219E+03,27.231270125671,
    27.231270125671));
#3632 = CARTESIAN_POINT('',(4.299835282219E+03,0.,27.231270125671));
#3633 = CARTESIAN_POINT('',(4.299835282219E+03,-27.23127012567,
    27.231270125671));
#3634 = CARTESIAN_POINT('',(4.299835282219E+03,-27.23127012567,0.));
#3635 = CARTESIAN_POINT('',(4.299835282219E+03,-27.23127012567,
    -27.23127012567));
#3636 = CARTESIAN_POINT('',(4.299835282219E+03,0.,-27.23127012567));
#3637 = CARTESIAN_POINT('',(4.299835282219E+03,27.231270125671,
    -27.23127012567));
#3638 = CARTESIAN_POINT('',(4.299835282219E+03,27.231270125671,0.));
#3639 = CARTESIAN_POINT('',(4.300749265086E+03,27.100988150786,0.));
#3640 = CARTESIAN_POINT('',(4.300749265086E+03,27.100988150786,
    27.100988150786));
#3641 = CARTESIAN_POINT('',(4.300749265086E+03,0.,27.100988150786));
#3642 = CARTESIAN_POINT('',(4.300749265086E+03,-27.10098815078,
    27.100988150786));
#3643 = CARTESIAN_POINT('',(4.300749265086E+03,-27.10098815078,0.));
#3644 = CARTESIAN_POINT('',(4.300749265086E+03,-27.10098815078,
    -27.10098815078));
#3645 = CARTESIAN_POINT('',(4.300749265086E+03,0.,-27.10098815078));
#3646 = CARTESIAN_POINT('',(4.300749265086E+03,27.100988150786,
    -27.10098815078));
#3647 = CARTESIAN_POINT('',(4.300749265086E+03,27.100988150786,0.));
#3648 = CARTESIAN_POINT('',(4.301658813933E+03,26.967694528064,0.));
#3649 = CARTESIAN_POINT('',(4.301658813933E+03,26.967694528064,
    26.967694528064));
#3650 = CARTESIAN_POINT('',(4.301658813933E+03,0.,26.967694528064));
#3651 = CARTESIAN_POINT('',(4.301658813933E+03,-26.96769452806,
    26.967694528064));
#3652 = CARTESIAN_POINT('',(4.301658813933E+03,-26.96769452806,0.));
#3653 = CARTESIAN_POINT('',(4.301658813933E+03,-26.96769452806,
    -26.96769452806));
#3654 = CARTESIAN_POINT('',(4.301658813933E+03,0.,-26.96769452806));
#3655 = CARTESIAN_POINT('',(4.301658813933E+03,26.967694528064,
    -26.96769452806));
#3656 = CARTESIAN_POINT('',(4.301658813933E+03,26.967694528064,0.));
#3657 = CARTESIAN_POINT('',(4.302563827685E+03,26.831404071474,0.));
#3658 = CARTESIAN_POINT('',(4.302563827685E+03,26.831404071474,
    26.831404071474));
#3659 = CARTESIAN_POINT('',(4.302563827685E+03,0.,26.831404071474));
#3660 = CARTESIAN_POINT('',(4.302563827685E+03,-26.83140407147,
    26.831404071474));
#3661 = CARTESIAN_POINT('',(4.302563827685E+03,-26.83140407147,0.));
#3662 = CARTESIAN_POINT('',(4.302563827685E+03,-26.83140407147,
    -26.83140407147));
#3663 = CARTESIAN_POINT('',(4.302563827685E+03,0.,-26.83140407147));
#3664 = CARTESIAN_POINT('',(4.302563827685E+03,26.831404071474,
    -26.83140407147));
#3665 = CARTESIAN_POINT('',(4.302563827685E+03,26.831404071474,0.));
#3666 = CARTESIAN_POINT('',(4.30346420577E+03,26.692131927984,0.));
#3667 = CARTESIAN_POINT('',(4.30346420577E+03,26.692131927984,
    26.692131927984));
#3668 = CARTESIAN_POINT('',(4.30346420577E+03,0.,26.692131927984));
#3669 = CARTESIAN_POINT('',(4.30346420577E+03,-26.69213192798,
    26.692131927984));
#3670 = CARTESIAN_POINT('',(4.30346420577E+03,-26.69213192798,0.));
#3671 = CARTESIAN_POINT('',(4.30346420577E+03,-26.69213192798,
    -26.69213192798));
#3672 = CARTESIAN_POINT('',(4.30346420577E+03,0.,-26.69213192798));
#3673 = CARTESIAN_POINT('',(4.30346420577E+03,26.692131927984,
    -26.69213192798));
#3674 = CARTESIAN_POINT('',(4.30346420577E+03,26.692131927984,0.));
#3675 = CARTESIAN_POINT('',(4.304359848134E+03,26.549893575868,0.));
#3676 = CARTESIAN_POINT('',(4.304359848134E+03,26.549893575868,
    26.549893575868));
#3677 = CARTESIAN_POINT('',(4.304359848134E+03,0.,26.549893575868));
#3678 = CARTESIAN_POINT('',(4.304359848134E+03,-26.54989357586,
    26.549893575868));
#3679 = CARTESIAN_POINT('',(4.304359848134E+03,-26.54989357586,0.));
#3680 = CARTESIAN_POINT('',(4.304359848134E+03,-26.54989357586,
    -26.54989357586));
#3681 = CARTESIAN_POINT('',(4.304359848134E+03,0.,-26.54989357586));
#3682 = CARTESIAN_POINT('',(4.304359848134E+03,26.549893575868,
    -26.54989357586));
#3683 = CARTESIAN_POINT('',(4.304359848134E+03,26.549893575868,0.));
#3684 = CARTESIAN_POINT('',(4.305250655248E+03,26.404704822981,0.));
#3685 = CARTESIAN_POINT('',(4.305250655248E+03,26.404704822981,
    26.404704822981));
#3686 = CARTESIAN_POINT('',(4.305250655248E+03,0.,26.404704822981));
#3687 = CARTESIAN_POINT('',(4.305250655248E+03,-26.40470482298,
    26.404704822981));
#3688 = CARTESIAN_POINT('',(4.305250655248E+03,-26.40470482298,0.));
#3689 = CARTESIAN_POINT('',(4.305250655248E+03,-26.40470482298,
    -26.40470482298));
#3690 = CARTESIAN_POINT('',(4.305250655248E+03,0.,-26.40470482298));
#3691 = CARTESIAN_POINT('',(4.305250655248E+03,26.404704822981,
    -26.40470482298));
#3692 = CARTESIAN_POINT('',(4.305250655248E+03,26.404704822981,0.));
#3693 = CARTESIAN_POINT('',(4.30613652812E+03,26.256581804995,0.));
#3694 = CARTESIAN_POINT('',(4.30613652812E+03,26.256581804995,
    26.256581804995));
#3695 = CARTESIAN_POINT('',(4.30613652812E+03,0.,26.256581804995));
#3696 = CARTESIAN_POINT('',(4.30613652812E+03,-26.25658180499,
    26.256581804995));
#3697 = CARTESIAN_POINT('',(4.30613652812E+03,-26.25658180499,0.));
#3698 = CARTESIAN_POINT('',(4.30613652812E+03,-26.25658180499,
    -26.25658180499));
#3699 = CARTESIAN_POINT('',(4.30613652812E+03,0.,-26.25658180499));
#3700 = CARTESIAN_POINT('',(4.30613652812E+03,26.256581804995,
    -26.25658180499));
#3701 = CARTESIAN_POINT('',(4.30613652812E+03,26.256581804995,0.));
#3702 = CARTESIAN_POINT('',(4.307017368309E+03,26.105540983595,0.));
#3703 = CARTESIAN_POINT('',(4.307017368309E+03,26.105540983595,
    26.105540983595));
#3704 = CARTESIAN_POINT('',(4.307017368309E+03,0.,26.105540983595));
#3705 = CARTESIAN_POINT('',(4.307017368309E+03,-26.10554098359,
    26.105540983595));
#3706 = CARTESIAN_POINT('',(4.307017368309E+03,-26.10554098359,0.));
#3707 = CARTESIAN_POINT('',(4.307017368309E+03,-26.10554098359,
    -26.10554098359));
#3708 = CARTESIAN_POINT('',(4.307017368309E+03,0.,-26.10554098359));
#3709 = CARTESIAN_POINT('',(4.307017368309E+03,26.105540983595,
    -26.10554098359));
#3710 = CARTESIAN_POINT('',(4.307017368309E+03,26.105540983595,0.));
#3711 = CARTESIAN_POINT('',(4.307893077933E+03,25.951599144645,0.));
#3712 = CARTESIAN_POINT('',(4.307893077933E+03,25.951599144645,
    25.951599144645));
#3713 = CARTESIAN_POINT('',(4.307893077933E+03,0.,25.951599144645));
#3714 = CARTESIAN_POINT('',(4.307893077933E+03,-25.95159914464,
    25.951599144645));
#3715 = CARTESIAN_POINT('',(4.307893077933E+03,-25.95159914464,0.));
#3716 = CARTESIAN_POINT('',(4.307893077933E+03,-25.95159914464,
    -25.95159914464));
#3717 = CARTESIAN_POINT('',(4.307893077933E+03,0.,-25.95159914464));
#3718 = CARTESIAN_POINT('',(4.307893077933E+03,25.951599144645,
    -25.95159914464));
#3719 = CARTESIAN_POINT('',(4.307893077933E+03,25.951599144645,0.));
#3720 = CARTESIAN_POINT('',(4.308763559678E+03,25.794773396306,0.));
#3721 = CARTESIAN_POINT('',(4.308763559678E+03,25.794773396306,
    25.794773396306));
#3722 = CARTESIAN_POINT('',(4.308763559678E+03,0.,25.794773396306));
#3723 = CARTESIAN_POINT('',(4.308763559678E+03,-25.7947733963,
    25.794773396306));
#3724 = CARTESIAN_POINT('',(4.308763559678E+03,-25.7947733963,0.));
#3725 = CARTESIAN_POINT('',(4.308763559678E+03,-25.7947733963,
    -25.7947733963));
#3726 = CARTESIAN_POINT('',(4.308763559678E+03,0.,-25.7947733963));
#3727 = CARTESIAN_POINT('',(4.308763559678E+03,25.794773396306,
    -25.7947733963));
#3728 = CARTESIAN_POINT('',(4.308763559678E+03,25.794773396306,0.));
#3729 = CARTESIAN_POINT('',(4.309628716814E+03,25.635081167134,0.));
#3730 = CARTESIAN_POINT('',(4.309628716814E+03,25.635081167134,
    25.635081167134));
#3731 = CARTESIAN_POINT('',(4.309628716814E+03,0.,25.635081167134));
#3732 = CARTESIAN_POINT('',(4.309628716814E+03,-25.63508116713,
    25.635081167134));
#3733 = CARTESIAN_POINT('',(4.309628716814E+03,-25.63508116713,0.));
#3734 = CARTESIAN_POINT('',(4.309628716814E+03,-25.63508116713,
    -25.63508116713));
#3735 = CARTESIAN_POINT('',(4.309628716814E+03,0.,-25.63508116713));
#3736 = CARTESIAN_POINT('',(4.309628716814E+03,25.635081167134,
    -25.63508116713));
#3737 = CARTESIAN_POINT('',(4.309628716814E+03,25.635081167134,0.));
#3738 = CARTESIAN_POINT('',(4.310488453202E+03,25.472540204125,0.));
#3739 = CARTESIAN_POINT('',(4.310488453202E+03,25.472540204125,
    25.472540204125));
#3740 = CARTESIAN_POINT('',(4.310488453202E+03,0.,25.472540204125));
#3741 = CARTESIAN_POINT('',(4.310488453202E+03,-25.47254020412,
    25.472540204125));
#3742 = CARTESIAN_POINT('',(4.310488453202E+03,-25.47254020412,0.));
#3743 = CARTESIAN_POINT('',(4.310488453202E+03,-25.47254020412,
    -25.47254020412));
#3744 = CARTESIAN_POINT('',(4.310488453202E+03,0.,-25.47254020412));
#3745 = CARTESIAN_POINT('',(4.310488453202E+03,25.472540204125,
    -25.47254020412));
#3746 = CARTESIAN_POINT('',(4.310488453202E+03,25.472540204125,0.));
#3747 = CARTESIAN_POINT('',(4.311342673308E+03,25.307168570735,0.));
#3748 = CARTESIAN_POINT('',(4.311342673308E+03,25.307168570735,
    25.307168570735));
#3749 = CARTESIAN_POINT('',(4.311342673308E+03,0.,25.307168570735));
#3750 = CARTESIAN_POINT('',(4.311342673308E+03,-25.30716857073,
    25.307168570735));
#3751 = CARTESIAN_POINT('',(4.311342673308E+03,-25.30716857073,0.));
#3752 = CARTESIAN_POINT('',(4.311342673308E+03,-25.30716857073,
    -25.30716857073));
#3753 = CARTESIAN_POINT('',(4.311342673308E+03,0.,-25.30716857073));
#3754 = CARTESIAN_POINT('',(4.311342673308E+03,25.307168570735,
    -25.30716857073));
#3755 = CARTESIAN_POINT('',(4.311342673308E+03,25.307168570735,0.));
#3756 = CARTESIAN_POINT('',(4.312191282207E+03,25.13898464486,0.));
#3757 = CARTESIAN_POINT('',(4.312191282207E+03,25.13898464486,
    25.13898464486));
#3758 = CARTESIAN_POINT('',(4.312191282207E+03,0.,25.13898464486));
#3759 = CARTESIAN_POINT('',(4.312191282207E+03,-25.13898464486,
    25.13898464486));
#3760 = CARTESIAN_POINT('',(4.312191282207E+03,-25.13898464486,0.));
#3761 = CARTESIAN_POINT('',(4.312191282207E+03,-25.13898464486,
    -25.13898464486));
#3762 = CARTESIAN_POINT('',(4.312191282207E+03,0.,-25.13898464486));
#3763 = CARTESIAN_POINT('',(4.312191282207E+03,25.13898464486,
    -25.13898464486));
#3764 = CARTESIAN_POINT('',(4.312191282207E+03,25.13898464486,0.));
#3765 = CARTESIAN_POINT('',(4.313034185602E+03,24.96800711678,0.));
#3766 = CARTESIAN_POINT('',(4.313034185602E+03,24.96800711678,
    24.96800711678));
#3767 = CARTESIAN_POINT('',(4.313034185602E+03,0.,24.96800711678));
#3768 = CARTESIAN_POINT('',(4.313034185602E+03,-24.96800711678,
    24.96800711678));
#3769 = CARTESIAN_POINT('',(4.313034185602E+03,-24.96800711678,0.));
#3770 = CARTESIAN_POINT('',(4.313034185602E+03,-24.96800711678,
    -24.96800711678));
#3771 = CARTESIAN_POINT('',(4.313034185602E+03,0.,-24.96800711678));
#3772 = CARTESIAN_POINT('',(4.313034185602E+03,24.96800711678,
    -24.96800711678));
#3773 = CARTESIAN_POINT('',(4.313034185602E+03,24.96800711678,0.));
#3774 = CARTESIAN_POINT('',(4.31387128983E+03,24.794254987069,0.));
#3775 = CARTESIAN_POINT('',(4.31387128983E+03,24.794254987069,
    24.794254987069));
#3776 = CARTESIAN_POINT('',(4.31387128983E+03,0.,24.794254987069));
#3777 = CARTESIAN_POINT('',(4.31387128983E+03,-24.79425498706,
    24.794254987069));
#3778 = CARTESIAN_POINT('',(4.31387128983E+03,-24.79425498706,0.));
#3779 = CARTESIAN_POINT('',(4.31387128983E+03,-24.79425498706,
    -24.79425498706));
#3780 = CARTESIAN_POINT('',(4.31387128983E+03,0.,-24.79425498706));
#3781 = CARTESIAN_POINT('',(4.31387128983E+03,24.794254987069,
    -24.79425498706));
#3782 = CARTESIAN_POINT('',(4.31387128983E+03,24.794254987069,0.));
#3783 = CARTESIAN_POINT('',(4.31470250187E+03,24.617747564466,0.));
#3784 = CARTESIAN_POINT('',(4.31470250187E+03,24.617747564466,
    24.617747564466));
#3785 = CARTESIAN_POINT('',(4.31470250187E+03,0.,24.617747564466));
#3786 = CARTESIAN_POINT('',(4.31470250187E+03,-24.61774756446,
    24.617747564466));
#3787 = CARTESIAN_POINT('',(4.31470250187E+03,-24.61774756446,0.));
#3788 = CARTESIAN_POINT('',(4.31470250187E+03,-24.61774756446,
    -24.61774756446));
#3789 = CARTESIAN_POINT('',(4.31470250187E+03,0.,-24.61774756446));
#3790 = CARTESIAN_POINT('',(4.31470250187E+03,24.617747564466,
    -24.61774756446));
#3791 = CARTESIAN_POINT('',(4.31470250187E+03,24.617747564466,0.));
#3792 = CARTESIAN_POINT('',(4.315527729359E+03,24.438504463718,0.));
#3793 = CARTESIAN_POINT('',(4.315527729359E+03,24.438504463718,
    24.438504463718));
#3794 = CARTESIAN_POINT('',(4.315527729359E+03,0.,24.438504463718));
#3795 = CARTESIAN_POINT('',(4.315527729359E+03,-24.43850446371,
    24.438504463718));
#3796 = CARTESIAN_POINT('',(4.315527729359E+03,-24.43850446371,0.));
#3797 = CARTESIAN_POINT('',(4.315527729359E+03,-24.43850446371,
    -24.43850446371));
#3798 = CARTESIAN_POINT('',(4.315527729359E+03,0.,-24.43850446371));
#3799 = CARTESIAN_POINT('',(4.315527729359E+03,24.438504463718,
    -24.43850446371));
#3800 = CARTESIAN_POINT('',(4.315527729359E+03,24.438504463718,0.));
#3801 = CARTESIAN_POINT('',(4.3163468806E+03,24.256545603382,0.));
#3802 = CARTESIAN_POINT('',(4.3163468806E+03,24.256545603382,
    24.256545603382));
#3803 = CARTESIAN_POINT('',(4.3163468806E+03,0.,24.256545603382));
#3804 = CARTESIAN_POINT('',(4.3163468806E+03,-24.25654560338,
    24.256545603382));
#3805 = CARTESIAN_POINT('',(4.3163468806E+03,-24.25654560338,0.));
#3806 = CARTESIAN_POINT('',(4.3163468806E+03,-24.25654560338,
    -24.25654560338));
#3807 = CARTESIAN_POINT('',(4.3163468806E+03,0.,-24.25654560338));
#3808 = CARTESIAN_POINT('',(4.3163468806E+03,24.256545603382,
    -24.25654560338));
#3809 = CARTESIAN_POINT('',(4.3163468806E+03,24.256545603382,0.));
#3810 = CARTESIAN_POINT('',(4.317159864569E+03,24.07189120359,0.));
#3811 = CARTESIAN_POINT('',(4.317159864569E+03,24.07189120359,
    24.07189120359));
#3812 = CARTESIAN_POINT('',(4.317159864569E+03,0.,24.07189120359));
#3813 = CARTESIAN_POINT('',(4.317159864569E+03,-24.07189120359,
    24.07189120359));
#3814 = CARTESIAN_POINT('',(4.317159864569E+03,-24.07189120359,0.));
#3815 = CARTESIAN_POINT('',(4.317159864569E+03,-24.07189120359,
    -24.07189120359));
#3816 = CARTESIAN_POINT('',(4.317159864569E+03,0.,-24.07189120359));
#3817 = CARTESIAN_POINT('',(4.317159864569E+03,24.07189120359,
    -24.07189120359));
#3818 = CARTESIAN_POINT('',(4.317159864569E+03,24.07189120359,0.));
#3819 = CARTESIAN_POINT('',(4.31796659093E+03,23.884561783788,0.));
#3820 = CARTESIAN_POINT('',(4.31796659093E+03,23.884561783788,
    23.884561783788));
#3821 = CARTESIAN_POINT('',(4.31796659093E+03,0.,23.884561783788));
#3822 = CARTESIAN_POINT('',(4.31796659093E+03,-23.88456178378,
    23.884561783788));
#3823 = CARTESIAN_POINT('',(4.31796659093E+03,-23.88456178378,0.));
#3824 = CARTESIAN_POINT('',(4.31796659093E+03,-23.88456178378,
    -23.88456178378));
#3825 = CARTESIAN_POINT('',(4.31796659093E+03,0.,-23.88456178378));
#3826 = CARTESIAN_POINT('',(4.31796659093E+03,23.884561783788,
    -23.88456178378));
#3827 = CARTESIAN_POINT('',(4.31796659093E+03,23.884561783788,0.));
#3828 = CARTESIAN_POINT('',(4.318766970043E+03,23.694578160433,0.));
#3829 = CARTESIAN_POINT('',(4.318766970043E+03,23.694578160433,
    23.694578160433));
#3830 = CARTESIAN_POINT('',(4.318766970043E+03,0.,23.694578160433));
#3831 = CARTESIAN_POINT('',(4.318766970043E+03,-23.69457816043,
    23.694578160433));
#3832 = CARTESIAN_POINT('',(4.318766970043E+03,-23.69457816043,0.));
#3833 = CARTESIAN_POINT('',(4.318766970043E+03,-23.69457816043,
    -23.69457816043));
#3834 = CARTESIAN_POINT('',(4.318766970043E+03,0.,-23.69457816043));
#3835 = CARTESIAN_POINT('',(4.318766970043E+03,23.694578160433,
    -23.69457816043));
#3836 = CARTESIAN_POINT('',(4.318766970043E+03,23.694578160433,0.));
#3837 = CARTESIAN_POINT('',(4.319560912973E+03,23.501961444658,0.));
#3838 = CARTESIAN_POINT('',(4.319560912973E+03,23.501961444658,
    23.501961444658));
#3839 = CARTESIAN_POINT('',(4.319560912973E+03,0.,23.501961444658));
#3840 = CARTESIAN_POINT('',(4.319560912973E+03,-23.50196144465,
    23.501961444658));
#3841 = CARTESIAN_POINT('',(4.319560912973E+03,-23.50196144465,0.));
#3842 = CARTESIAN_POINT('',(4.319560912973E+03,-23.50196144465,
    -23.50196144465));
#3843 = CARTESIAN_POINT('',(4.319560912973E+03,0.,-23.50196144465));
#3844 = CARTESIAN_POINT('',(4.319560912973E+03,23.501961444658,
    -23.50196144465));
#3845 = CARTESIAN_POINT('',(4.319560912973E+03,23.501961444658,0.));
#3846 = CARTESIAN_POINT('',(4.320348331501E+03,23.306733039903,0.));
#3847 = CARTESIAN_POINT('',(4.320348331501E+03,23.306733039903,
    23.306733039903));
#3848 = CARTESIAN_POINT('',(4.320348331501E+03,0.,23.306733039903));
#3849 = CARTESIAN_POINT('',(4.320348331501E+03,-23.3067330399,
    23.306733039903));
#3850 = CARTESIAN_POINT('',(4.320348331501E+03,-23.3067330399,0.));
#3851 = CARTESIAN_POINT('',(4.320348331501E+03,-23.3067330399,
    -23.3067330399));
#3852 = CARTESIAN_POINT('',(4.320348331501E+03,0.,-23.3067330399));
#3853 = CARTESIAN_POINT('',(4.320348331501E+03,23.306733039903,
    -23.3067330399));
#3854 = CARTESIAN_POINT('',(4.320348331501E+03,23.306733039903,0.));
#3855 = CARTESIAN_POINT('',(4.321129138133E+03,23.108914639515,0.));
#3856 = CARTESIAN_POINT('',(4.321129138133E+03,23.108914639515,
    23.108914639515));
#3857 = CARTESIAN_POINT('',(4.321129138133E+03,0.,23.108914639515));
#3858 = CARTESIAN_POINT('',(4.321129138133E+03,-23.10891463951,
    23.108914639515));
#3859 = CARTESIAN_POINT('',(4.321129138133E+03,-23.10891463951,0.));
#3860 = CARTESIAN_POINT('',(4.321129138133E+03,-23.10891463951,
    -23.10891463951));
#3861 = CARTESIAN_POINT('',(4.321129138133E+03,0.,-23.10891463951));
#3862 = CARTESIAN_POINT('',(4.321129138133E+03,23.108914639515,
    -23.10891463951));
#3863 = CARTESIAN_POINT('',(4.321129138133E+03,23.108914639515,0.));
#3864 = CARTESIAN_POINT('',(4.321903246112E+03,22.908528224306,0.));
#3865 = CARTESIAN_POINT('',(4.321903246112E+03,22.908528224306,
    22.908528224306));
#3866 = CARTESIAN_POINT('',(4.321903246112E+03,0.,22.908528224306));
#3867 = CARTESIAN_POINT('',(4.321903246112E+03,-22.9085282243,
    22.908528224306));
#3868 = CARTESIAN_POINT('',(4.321903246112E+03,-22.9085282243,0.));
#3869 = CARTESIAN_POINT('',(4.321903246112E+03,-22.9085282243,
    -22.9085282243));
#3870 = CARTESIAN_POINT('',(4.321903246112E+03,0.,-22.9085282243));
#3871 = CARTESIAN_POINT('',(4.321903246112E+03,22.908528224306,
    -22.9085282243));
#3872 = CARTESIAN_POINT('',(4.321903246112E+03,22.908528224306,0.));
#3873 = CARTESIAN_POINT('',(4.322670569425E+03,22.705596060088,0.));
#3874 = CARTESIAN_POINT('',(4.322670569425E+03,22.705596060088,
    22.705596060088));
#3875 = CARTESIAN_POINT('',(4.322670569425E+03,0.,22.705596060088));
#3876 = CARTESIAN_POINT('',(4.322670569425E+03,-22.70559606008,
    22.705596060088));
#3877 = CARTESIAN_POINT('',(4.322670569425E+03,-22.70559606008,0.));
#3878 = CARTESIAN_POINT('',(4.322670569425E+03,-22.70559606008,
    -22.70559606008));
#3879 = CARTESIAN_POINT('',(4.322670569425E+03,0.,-22.70559606008));
#3880 = CARTESIAN_POINT('',(4.322670569425E+03,22.705596060088,
    -22.70559606008));
#3881 = CARTESIAN_POINT('',(4.322670569425E+03,22.705596060088,0.));
#3882 = CARTESIAN_POINT('',(4.323431022813E+03,22.500140695166,0.));
#3883 = CARTESIAN_POINT('',(4.323431022813E+03,22.500140695166,
    22.500140695166));
#3884 = CARTESIAN_POINT('',(4.323431022813E+03,0.,22.500140695166));
#3885 = CARTESIAN_POINT('',(4.323431022813E+03,-22.50014069516,
    22.500140695166));
#3886 = CARTESIAN_POINT('',(4.323431022813E+03,-22.50014069516,0.));
#3887 = CARTESIAN_POINT('',(4.323431022813E+03,-22.50014069516,
    -22.50014069516));
#3888 = CARTESIAN_POINT('',(4.323431022813E+03,0.,-22.50014069516));
#3889 = CARTESIAN_POINT('',(4.323431022813E+03,22.500140695166,
    -22.50014069516));
#3890 = CARTESIAN_POINT('',(4.323431022813E+03,22.500140695166,0.));
#3891 = CARTESIAN_POINT('',(4.324184521782E+03,22.292184957802,0.));
#3892 = CARTESIAN_POINT('',(4.324184521782E+03,22.292184957802,
    22.292184957802));
#3893 = CARTESIAN_POINT('',(4.324184521782E+03,0.,22.292184957802));
#3894 = CARTESIAN_POINT('',(4.324184521782E+03,-22.2921849578,
    22.292184957802));
#3895 = CARTESIAN_POINT('',(4.324184521782E+03,-22.2921849578,0.));
#3896 = CARTESIAN_POINT('',(4.324184521782E+03,-22.2921849578,
    -22.2921849578));
#3897 = CARTESIAN_POINT('',(4.324184521782E+03,0.,-22.2921849578));
#3898 = CARTESIAN_POINT('',(4.324184521782E+03,22.292184957802,
    -22.2921849578));
#3899 = CARTESIAN_POINT('',(4.324184521782E+03,22.292184957802,0.));
#3900 = CARTESIAN_POINT('',(4.324930982611E+03,22.081751953647,0.));
#3901 = CARTESIAN_POINT('',(4.324930982611E+03,22.081751953647,
    22.081751953647));
#3902 = CARTESIAN_POINT('',(4.324930982611E+03,0.,22.081751953647));
#3903 = CARTESIAN_POINT('',(4.324930982611E+03,-22.08175195364,
    22.081751953647));
#3904 = CARTESIAN_POINT('',(4.324930982611E+03,-22.08175195364,0.));
#3905 = CARTESIAN_POINT('',(4.324930982611E+03,-22.08175195364,
    -22.08175195364));
#3906 = CARTESIAN_POINT('',(4.324930982611E+03,0.,-22.08175195364));
#3907 = CARTESIAN_POINT('',(4.324930982611E+03,22.081751953647,
    -22.08175195364));
#3908 = CARTESIAN_POINT('',(4.324930982611E+03,22.081751953647,0.));
#3909 = CARTESIAN_POINT('',(4.325670322362E+03,21.868865063135,0.));
#3910 = CARTESIAN_POINT('',(4.325670322362E+03,21.868865063135,
    21.868865063135));
#3911 = CARTESIAN_POINT('',(4.325670322362E+03,0.,21.868865063135));
#3912 = CARTESIAN_POINT('',(4.325670322362E+03,-21.86886506313,
    21.868865063135));
#3913 = CARTESIAN_POINT('',(4.325670322362E+03,-21.86886506313,0.));
#3914 = CARTESIAN_POINT('',(4.325670322362E+03,-21.86886506313,
    -21.86886506313));
#3915 = CARTESIAN_POINT('',(4.325670322362E+03,0.,-21.86886506313));
#3916 = CARTESIAN_POINT('',(4.325670322362E+03,21.868865063135,
    -21.86886506313));
#3917 = CARTESIAN_POINT('',(4.325670322362E+03,21.868865063135,0.));
#3918 = CARTESIAN_POINT('',(4.326402458889E+03,21.653547938848,0.));
#3919 = CARTESIAN_POINT('',(4.326402458889E+03,21.653547938848,
    21.653547938848));
#3920 = CARTESIAN_POINT('',(4.326402458889E+03,0.,21.653547938848));
#3921 = CARTESIAN_POINT('',(4.326402458889E+03,-21.65354793884,
    21.653547938848));
#3922 = CARTESIAN_POINT('',(4.326402458889E+03,-21.65354793884,0.));
#3923 = CARTESIAN_POINT('',(4.326402458889E+03,-21.65354793884,
    -21.65354793884));
#3924 = CARTESIAN_POINT('',(4.326402458889E+03,0.,-21.65354793884));
#3925 = CARTESIAN_POINT('',(4.326402458889E+03,21.653547938848,
    -21.65354793884));
#3926 = CARTESIAN_POINT('',(4.326402458889E+03,21.653547938848,0.));
#3927 = CARTESIAN_POINT('',(4.327127310847E+03,21.435824502854,0.));
#3928 = CARTESIAN_POINT('',(4.327127310847E+03,21.435824502854,
    21.435824502854));
#3929 = CARTESIAN_POINT('',(4.327127310847E+03,0.,21.435824502854));
#3930 = CARTESIAN_POINT('',(4.327127310847E+03,-21.43582450285,
    21.435824502854));
#3931 = CARTESIAN_POINT('',(4.327127310847E+03,-21.43582450285,0.));
#3932 = CARTESIAN_POINT('',(4.327127310847E+03,-21.43582450285,
    -21.43582450285));
#3933 = CARTESIAN_POINT('',(4.327127310847E+03,0.,-21.43582450285));
#3934 = CARTESIAN_POINT('',(4.327127310847E+03,21.435824502854,
    -21.43582450285));
#3935 = CARTESIAN_POINT('',(4.327127310847E+03,21.435824502854,0.));
#3936 = CARTESIAN_POINT('',(4.3278447977E+03,21.215718943996,0.));
#3937 = CARTESIAN_POINT('',(4.3278447977E+03,21.215718943996,
    21.215718943996));
#3938 = CARTESIAN_POINT('',(4.3278447977E+03,0.,21.215718943996));
#3939 = CARTESIAN_POINT('',(4.3278447977E+03,-21.21571894399,
    21.215718943996));
#3940 = CARTESIAN_POINT('',(4.3278447977E+03,-21.21571894399,0.));
#3941 = CARTESIAN_POINT('',(4.3278447977E+03,-21.21571894399,
    -21.21571894399));
#3942 = CARTESIAN_POINT('',(4.3278447977E+03,0.,-21.21571894399));
#3943 = CARTESIAN_POINT('',(4.3278447977E+03,21.215718943996,
    -21.21571894399));
#3944 = CARTESIAN_POINT('',(4.3278447977E+03,21.215718943996,0.));
#3945 = CARTESIAN_POINT('',(4.328554839733E+03,20.993255715174,0.));
#3946 = CARTESIAN_POINT('',(4.328554839733E+03,20.993255715174,
    20.993255715174));
#3947 = CARTESIAN_POINT('',(4.328554839733E+03,0.,20.993255715174));
#3948 = CARTESIAN_POINT('',(4.328554839733E+03,-20.99325571517,
    20.993255715174));
#3949 = CARTESIAN_POINT('',(4.328554839733E+03,-20.99325571517,0.));
#3950 = CARTESIAN_POINT('',(4.328554839733E+03,-20.99325571517,
    -20.99325571517));
#3951 = CARTESIAN_POINT('',(4.328554839733E+03,0.,-20.99325571517));
#3952 = CARTESIAN_POINT('',(4.328554839733E+03,20.993255715174,
    -20.99325571517));
#3953 = CARTESIAN_POINT('',(4.328554839733E+03,20.993255715174,0.));
#3954 = CARTESIAN_POINT('',(4.329257358059E+03,20.768459530565,0.));
#3955 = CARTESIAN_POINT('',(4.329257358059E+03,20.768459530565,
    20.768459530565));
#3956 = CARTESIAN_POINT('',(4.329257358059E+03,0.,20.768459530565));
#3957 = CARTESIAN_POINT('',(4.329257358059E+03,-20.76845953056,
    20.768459530565));
#3958 = CARTESIAN_POINT('',(4.329257358059E+03,-20.76845953056,0.));
#3959 = CARTESIAN_POINT('',(4.329257358059E+03,-20.76845953056,
    -20.76845953056));
#3960 = CARTESIAN_POINT('',(4.329257358059E+03,0.,-20.76845953056));
#3961 = CARTESIAN_POINT('',(4.329257358059E+03,20.768459530565,
    -20.76845953056));
#3962 = CARTESIAN_POINT('',(4.329257358059E+03,20.768459530565,0.));
#3963 = CARTESIAN_POINT('',(4.329952274626E+03,20.541355362841,0.));
#3964 = CARTESIAN_POINT('',(4.329952274626E+03,20.541355362841,
    20.541355362841));
#3965 = CARTESIAN_POINT('',(4.329952274626E+03,0.,20.541355362841));
#3966 = CARTESIAN_POINT('',(4.329952274626E+03,-20.54135536284,
    20.541355362841));
#3967 = CARTESIAN_POINT('',(4.329952274626E+03,-20.54135536284,0.));
#3968 = CARTESIAN_POINT('',(4.329952274626E+03,-20.54135536284,
    -20.54135536284));
#3969 = CARTESIAN_POINT('',(4.329952274626E+03,0.,-20.54135536284));
#3970 = CARTESIAN_POINT('',(4.329952274626E+03,20.541355362841,
    -20.54135536284));
#3971 = CARTESIAN_POINT('',(4.329952274626E+03,20.541355362841,0.));
#3972 = CARTESIAN_POINT('',(4.330639512228E+03,20.311968440334,0.));
#3973 = CARTESIAN_POINT('',(4.330639512228E+03,20.311968440334,
    20.311968440334));
#3974 = CARTESIAN_POINT('',(4.330639512228E+03,0.,20.311968440334));
#3975 = CARTESIAN_POINT('',(4.330639512228E+03,-20.31196844033,
    20.311968440334));
#3976 = CARTESIAN_POINT('',(4.330639512228E+03,-20.31196844033,0.));
#3977 = CARTESIAN_POINT('',(4.330639512228E+03,-20.31196844033,
    -20.31196844033));
#3978 = CARTESIAN_POINT('',(4.330639512228E+03,0.,-20.31196844033));
#3979 = CARTESIAN_POINT('',(4.330639512228E+03,20.311968440334,
    -20.31196844033));
#3980 = CARTESIAN_POINT('',(4.330639512228E+03,20.311968440334,0.));
#3981 = CARTESIAN_POINT('',(4.331318994514E+03,20.080324244181,0.));
#3982 = CARTESIAN_POINT('',(4.331318994514E+03,20.080324244181,
    20.080324244181));
#3983 = CARTESIAN_POINT('',(4.331318994514E+03,0.,20.080324244181));
#3984 = CARTESIAN_POINT('',(4.331318994514E+03,-20.08032424418,
    20.080324244181));
#3985 = CARTESIAN_POINT('',(4.331318994514E+03,-20.08032424418,0.));
#3986 = CARTESIAN_POINT('',(4.331318994514E+03,-20.08032424418,
    -20.08032424418));
#3987 = CARTESIAN_POINT('',(4.331318994514E+03,0.,-20.08032424418));
#3988 = CARTESIAN_POINT('',(4.331318994514E+03,20.080324244181,
    -20.08032424418));
#3989 = CARTESIAN_POINT('',(4.331318994514E+03,20.080324244181,0.));
#3990 = CARTESIAN_POINT('',(4.331990645994E+03,19.84644850543,0.));
#3991 = CARTESIAN_POINT('',(4.331990645994E+03,19.84644850543,
    19.84644850543));
#3992 = CARTESIAN_POINT('',(4.331990645994E+03,0.,19.84644850543));
#3993 = CARTESIAN_POINT('',(4.331990645994E+03,-19.84644850543,
    19.84644850543));
#3994 = CARTESIAN_POINT('',(4.331990645994E+03,-19.84644850543,0.));
#3995 = CARTESIAN_POINT('',(4.331990645994E+03,-19.84644850543,
    -19.84644850543));
#3996 = CARTESIAN_POINT('',(4.331990645994E+03,0.,-19.84644850543));
#3997 = CARTESIAN_POINT('',(4.331990645994E+03,19.84644850543,
    -19.84644850543));
#3998 = CARTESIAN_POINT('',(4.331990645994E+03,19.84644850543,0.));
#3999 = CARTESIAN_POINT('',(4.332654392049E+03,19.61036720213,0.));
#4000 = CARTESIAN_POINT('',(4.332654392049E+03,19.61036720213,
    19.61036720213));
#4001 = CARTESIAN_POINT('',(4.332654392049E+03,0.,19.61036720213));
#4002 = CARTESIAN_POINT('',(4.332654392049E+03,-19.61036720213,
    19.61036720213));
#4003 = CARTESIAN_POINT('',(4.332654392049E+03,-19.61036720213,0.));
#4004 = CARTESIAN_POINT('',(4.332654392049E+03,-19.61036720213,
    -19.61036720213));
#4005 = CARTESIAN_POINT('',(4.332654392049E+03,0.,-19.61036720213));
#4006 = CARTESIAN_POINT('',(4.332654392049E+03,19.61036720213,
    -19.61036720213));
#4007 = CARTESIAN_POINT('',(4.332654392049E+03,19.61036720213,0.));
#4008 = CARTESIAN_POINT('',(4.333310158941E+03,19.372106556366,0.));
#4009 = CARTESIAN_POINT('',(4.333310158941E+03,19.372106556366,
    19.372106556366));
#4010 = CARTESIAN_POINT('',(4.333310158941E+03,0.,19.372106556366));
#4011 = CARTESIAN_POINT('',(4.333310158941E+03,-19.37210655636,
    19.372106556366));
#4012 = CARTESIAN_POINT('',(4.333310158941E+03,-19.37210655636,0.));
#4013 = CARTESIAN_POINT('',(4.333310158941E+03,-19.37210655636,
    -19.37210655636));
#4014 = CARTESIAN_POINT('',(4.333310158941E+03,0.,-19.37210655636));
#4015 = CARTESIAN_POINT('',(4.333310158941E+03,19.372106556366,
    -19.37210655636));
#4016 = CARTESIAN_POINT('',(4.333310158941E+03,19.372106556366,0.));
#4017 = CARTESIAN_POINT('',(4.333957873817E+03,19.131693031292,0.));
#4018 = CARTESIAN_POINT('',(4.333957873817E+03,19.131693031292,
    19.131693031292));
#4019 = CARTESIAN_POINT('',(4.333957873817E+03,0.,19.131693031292));
#4020 = CARTESIAN_POINT('',(4.333957873817E+03,-19.13169303129,
    19.131693031292));
#4021 = CARTESIAN_POINT('',(4.333957873817E+03,-19.13169303129,0.));
#4022 = CARTESIAN_POINT('',(4.333957873817E+03,-19.13169303129,
    -19.13169303129));
#4023 = CARTESIAN_POINT('',(4.333957873817E+03,0.,-19.13169303129));
#4024 = CARTESIAN_POINT('',(4.333957873817E+03,19.131693031292,
    -19.13169303129));
#4025 = CARTESIAN_POINT('',(4.333957873817E+03,19.131693031292,0.));
#4026 = CARTESIAN_POINT('',(4.334597464719E+03,18.88915332811,0.));
#4027 = CARTESIAN_POINT('',(4.334597464719E+03,18.88915332811,
    18.88915332811));
#4028 = CARTESIAN_POINT('',(4.334597464719E+03,0.,18.88915332811));
#4029 = CARTESIAN_POINT('',(4.334597464719E+03,-18.88915332811,
    18.88915332811));
#4030 = CARTESIAN_POINT('',(4.334597464719E+03,-18.88915332811,0.));
#4031 = CARTESIAN_POINT('',(4.334597464719E+03,-18.88915332811,
    -18.88915332811));
#4032 = CARTESIAN_POINT('',(4.334597464719E+03,0.,-18.88915332811));
#4033 = CARTESIAN_POINT('',(4.334597464719E+03,18.88915332811,
    -18.88915332811));
#4034 = CARTESIAN_POINT('',(4.334597464719E+03,18.88915332811,0.));
#4035 = CARTESIAN_POINT('',(4.335228860595E+03,18.644514383035,0.));
#4036 = CARTESIAN_POINT('',(4.335228860595E+03,18.644514383035,
    18.644514383035));
#4037 = CARTESIAN_POINT('',(4.335228860595E+03,0.,18.644514383035));
#4038 = CARTESIAN_POINT('',(4.335228860595E+03,-18.64451438303,
    18.644514383035));
#4039 = CARTESIAN_POINT('',(4.335228860595E+03,-18.64451438303,0.));
#4040 = CARTESIAN_POINT('',(4.335228860595E+03,-18.64451438303,
    -18.64451438303));
#4041 = CARTESIAN_POINT('',(4.335228860595E+03,0.,-18.64451438303));
#4042 = CARTESIAN_POINT('',(4.335228860595E+03,18.644514383035,
    -18.64451438303));
#4043 = CARTESIAN_POINT('',(4.335228860595E+03,18.644514383035,0.));
#4044 = CARTESIAN_POINT('',(4.335851991301E+03,18.397803364227,0.));
#4045 = CARTESIAN_POINT('',(4.335851991301E+03,18.397803364227,
    18.397803364227));
#4046 = CARTESIAN_POINT('',(4.335851991301E+03,0.,18.397803364227));
#4047 = CARTESIAN_POINT('',(4.335851991301E+03,-18.39780336422,
    18.397803364227));
#4048 = CARTESIAN_POINT('',(4.335851991301E+03,-18.39780336422,0.));
#4049 = CARTESIAN_POINT('',(4.335851991301E+03,-18.39780336422,
    -18.39780336422));
#4050 = CARTESIAN_POINT('',(4.335851991301E+03,0.,-18.39780336422));
#4051 = CARTESIAN_POINT('',(4.335851991301E+03,18.397803364227,
    -18.39780336422));
#4052 = CARTESIAN_POINT('',(4.335851991301E+03,18.397803364227,0.));
#4053 = CARTESIAN_POINT('',(4.336466787614E+03,18.149047668684,0.));
#4054 = CARTESIAN_POINT('',(4.336466787614E+03,18.149047668684,
    18.149047668684));
#4055 = CARTESIAN_POINT('',(4.336466787614E+03,0.,18.149047668684));
#4056 = CARTESIAN_POINT('',(4.336466787614E+03,-18.14904766868,
    18.149047668684));
#4057 = CARTESIAN_POINT('',(4.336466787614E+03,-18.14904766868,0.));
#4058 = CARTESIAN_POINT('',(4.336466787614E+03,-18.14904766868,
    -18.14904766868));
#4059 = CARTESIAN_POINT('',(4.336466787614E+03,0.,-18.14904766868));
#4060 = CARTESIAN_POINT('',(4.336466787614E+03,18.149047668684,
    -18.14904766868));
#4061 = CARTESIAN_POINT('',(4.336466787614E+03,18.149047668684,0.));
#4062 = CARTESIAN_POINT('',(4.337073181235E+03,17.898274919126,0.));
#4063 = CARTESIAN_POINT('',(4.337073181235E+03,17.898274919126,
    17.898274919126));
#4064 = CARTESIAN_POINT('',(4.337073181235E+03,0.,17.898274919126));
#4065 = CARTESIAN_POINT('',(4.337073181235E+03,-17.89827491912,
    17.898274919126));
#4066 = CARTESIAN_POINT('',(4.337073181235E+03,-17.89827491912,0.));
#4067 = CARTESIAN_POINT('',(4.337073181235E+03,-17.89827491912,
    -17.89827491912));
#4068 = CARTESIAN_POINT('',(4.337073181235E+03,0.,-17.89827491912));
#4069 = CARTESIAN_POINT('',(4.337073181235E+03,17.898274919126,
    -17.89827491912));
#4070 = CARTESIAN_POINT('',(4.337073181235E+03,17.898274919126,0.));
#4071 = CARTESIAN_POINT('',(4.337671104802E+03,17.645512960836,0.));
#4072 = CARTESIAN_POINT('',(4.337671104802E+03,17.645512960836,
    17.645512960836));
#4073 = CARTESIAN_POINT('',(4.337671104802E+03,0.,17.645512960836));
#4074 = CARTESIAN_POINT('',(4.337671104802E+03,-17.64551296083,
    17.645512960836));
#4075 = CARTESIAN_POINT('',(4.337671104802E+03,-17.64551296083,0.));
#4076 = CARTESIAN_POINT('',(4.337671104802E+03,-17.64551296083,
    -17.64551296083));
#4077 = CARTESIAN_POINT('',(4.337671104802E+03,0.,-17.64551296083));
#4078 = CARTESIAN_POINT('',(4.337671104802E+03,17.645512960836,
    -17.64551296083));
#4079 = CARTESIAN_POINT('',(4.337671104802E+03,17.645512960836,0.));
#4080 = CARTESIAN_POINT('',(4.338260491893E+03,17.390789858473,0.));
#4081 = CARTESIAN_POINT('',(4.338260491893E+03,17.390789858473,
    17.390789858473));
#4082 = CARTESIAN_POINT('',(4.338260491893E+03,0.,17.390789858473));
#4083 = CARTESIAN_POINT('',(4.338260491893E+03,-17.39078985847,
    17.390789858473));
#4084 = CARTESIAN_POINT('',(4.338260491893E+03,-17.39078985847,0.));
#4085 = CARTESIAN_POINT('',(4.338260491893E+03,-17.39078985847,
    -17.39078985847));
#4086 = CARTESIAN_POINT('',(4.338260491893E+03,0.,-17.39078985847));
#4087 = CARTESIAN_POINT('',(4.338260491893E+03,17.390789858473,
    -17.39078985847));
#4088 = CARTESIAN_POINT('',(4.338260491893E+03,17.390789858473,0.));
#4089 = CARTESIAN_POINT('',(4.338841277034E+03,17.134133892873,0.));
#4090 = CARTESIAN_POINT('',(4.338841277034E+03,17.134133892873,
    17.134133892873));
#4091 = CARTESIAN_POINT('',(4.338841277034E+03,0.,17.134133892873));
#4092 = CARTESIAN_POINT('',(4.338841277034E+03,-17.13413389287,
    17.134133892873));
#4093 = CARTESIAN_POINT('',(4.338841277034E+03,-17.13413389287,0.));
#4094 = CARTESIAN_POINT('',(4.338841277034E+03,-17.13413389287,
    -17.13413389287));
#4095 = CARTESIAN_POINT('',(4.338841277034E+03,0.,-17.13413389287));
#4096 = CARTESIAN_POINT('',(4.338841277034E+03,17.134133892873,
    -17.13413389287));
#4097 = CARTESIAN_POINT('',(4.338841277034E+03,17.134133892873,0.));
#4098 = CARTESIAN_POINT('',(4.339413395707E+03,16.875573557806,0.));
#4099 = CARTESIAN_POINT('',(4.339413395707E+03,16.875573557806,
    16.875573557806));
#4100 = CARTESIAN_POINT('',(4.339413395707E+03,0.,16.875573557806));
#4101 = CARTESIAN_POINT('',(4.339413395707E+03,-16.8755735578,
    16.875573557806));
#4102 = CARTESIAN_POINT('',(4.339413395707E+03,-16.8755735578,0.));
#4103 = CARTESIAN_POINT('',(4.339413395707E+03,-16.8755735578,
    -16.8755735578));
#4104 = CARTESIAN_POINT('',(4.339413395707E+03,0.,-16.8755735578));
#4105 = CARTESIAN_POINT('',(4.339413395707E+03,16.875573557806,
    -16.8755735578));
#4106 = CARTESIAN_POINT('',(4.339413395707E+03,16.875573557806,0.));
#4107 = CARTESIAN_POINT('',(4.339976784357E+03,16.615137556722,0.));
#4108 = CARTESIAN_POINT('',(4.339976784357E+03,16.615137556722,
    16.615137556722));
#4109 = CARTESIAN_POINT('',(4.339976784357E+03,0.,16.615137556722));
#4110 = CARTESIAN_POINT('',(4.339976784357E+03,-16.61513755672,
    16.615137556722));
#4111 = CARTESIAN_POINT('',(4.339976784357E+03,-16.61513755672,0.));
#4112 = CARTESIAN_POINT('',(4.339976784357E+03,-16.61513755672,
    -16.61513755672));
#4113 = CARTESIAN_POINT('',(4.339976784357E+03,0.,-16.61513755672));
#4114 = CARTESIAN_POINT('',(4.339976784357E+03,16.615137556722,
    -16.61513755672));
#4115 = CARTESIAN_POINT('',(4.339976784357E+03,16.615137556722,0.));
#4116 = CARTESIAN_POINT('',(4.3405313804E+03,16.352854799462,0.));
#4117 = CARTESIAN_POINT('',(4.3405313804E+03,16.352854799462,
    16.352854799462));
#4118 = CARTESIAN_POINT('',(4.3405313804E+03,0.,16.352854799462));
#4119 = CARTESIAN_POINT('',(4.3405313804E+03,-16.35285479946,
    16.352854799462));
#4120 = CARTESIAN_POINT('',(4.3405313804E+03,-16.35285479946,0.));
#4121 = CARTESIAN_POINT('',(4.3405313804E+03,-16.35285479946,
    -16.35285479946));
#4122 = CARTESIAN_POINT('',(4.3405313804E+03,0.,-16.35285479946));
#4123 = CARTESIAN_POINT('',(4.3405313804E+03,16.352854799462,
    -16.35285479946));
#4124 = CARTESIAN_POINT('',(4.3405313804E+03,16.352854799462,0.));
#4125 = CARTESIAN_POINT('',(4.341077122226E+03,16.088754398952,0.));
#4126 = CARTESIAN_POINT('',(4.341077122226E+03,16.088754398952,
    16.088754398952));
#4127 = CARTESIAN_POINT('',(4.341077122226E+03,0.,16.088754398952));
#4128 = CARTESIAN_POINT('',(4.341077122226E+03,-16.08875439895,
    16.088754398952));
#4129 = CARTESIAN_POINT('',(4.341077122226E+03,-16.08875439895,0.));
#4130 = CARTESIAN_POINT('',(4.341077122226E+03,-16.08875439895,
    -16.08875439895));
#4131 = CARTESIAN_POINT('',(4.341077122226E+03,0.,-16.08875439895));
#4132 = CARTESIAN_POINT('',(4.341077122226E+03,16.088754398952,
    -16.08875439895));
#4133 = CARTESIAN_POINT('',(4.341077122226E+03,16.088754398952,0.));
#4134 = CARTESIAN_POINT('',(4.341613949211E+03,15.822865667877,0.));
#4135 = CARTESIAN_POINT('',(4.341613949211E+03,15.822865667877,
    15.822865667877));
#4136 = CARTESIAN_POINT('',(4.341613949211E+03,0.,15.822865667877));
#4137 = CARTESIAN_POINT('',(4.341613949211E+03,-15.82286566787,
    15.822865667877));
#4138 = CARTESIAN_POINT('',(4.341613949211E+03,-15.82286566787,0.));
#4139 = CARTESIAN_POINT('',(4.341613949211E+03,-15.82286566787,
    -15.82286566787));
#4140 = CARTESIAN_POINT('',(4.341613949211E+03,0.,-15.82286566787));
#4141 = CARTESIAN_POINT('',(4.341613949211E+03,15.822865667877,
    -15.82286566787));
#4142 = CARTESIAN_POINT('',(4.341613949211E+03,15.822865667877,0.));
#4143 = CARTESIAN_POINT('',(4.342141801718E+03,15.555218115321,0.));
#4144 = CARTESIAN_POINT('',(4.342141801718E+03,15.555218115321,
    15.555218115321));
#4145 = CARTESIAN_POINT('',(4.342141801718E+03,0.,15.555218115321));
#4146 = CARTESIAN_POINT('',(4.342141801718E+03,-15.55521811532,
    15.555218115321));
#4147 = CARTESIAN_POINT('',(4.342141801718E+03,-15.55521811532,0.));
#4148 = CARTESIAN_POINT('',(4.342141801718E+03,-15.55521811532,
    -15.55521811532));
#4149 = CARTESIAN_POINT('',(4.342141801718E+03,0.,-15.55521811532));
#4150 = CARTESIAN_POINT('',(4.342141801718E+03,15.555218115321,
    -15.55521811532));
#4151 = CARTESIAN_POINT('',(4.342141801718E+03,15.555218115321,0.));
#4152 = CARTESIAN_POINT('',(4.342660621109E+03,15.285841443406,0.));
#4153 = CARTESIAN_POINT('',(4.342660621109E+03,15.285841443406,
    15.285841443406));
#4154 = CARTESIAN_POINT('',(4.342660621109E+03,0.,15.285841443406));
#4155 = CARTESIAN_POINT('',(4.342660621109E+03,-15.2858414434,
    15.285841443406));
#4156 = CARTESIAN_POINT('',(4.342660621109E+03,-15.2858414434,0.));
#4157 = CARTESIAN_POINT('',(4.342660621109E+03,-15.2858414434,
    -15.2858414434));
#4158 = CARTESIAN_POINT('',(4.342660621109E+03,0.,-15.2858414434));
#4159 = CARTESIAN_POINT('',(4.342660621109E+03,15.285841443406,
    -15.2858414434));
#4160 = CARTESIAN_POINT('',(4.342660621109E+03,15.285841443406,0.));
#4161 = CARTESIAN_POINT('',(4.343170349746E+03,15.014765543898,0.));
#4162 = CARTESIAN_POINT('',(4.343170349746E+03,15.014765543898,
    15.014765543898));
#4163 = CARTESIAN_POINT('',(4.343170349746E+03,0.,15.014765543898));
#4164 = CARTESIAN_POINT('',(4.343170349746E+03,-15.01476554389,
    15.014765543898));
#4165 = CARTESIAN_POINT('',(4.343170349746E+03,-15.01476554389,0.));
#4166 = CARTESIAN_POINT('',(4.343170349746E+03,-15.01476554389,
    -15.01476554389));
#4167 = CARTESIAN_POINT('',(4.343170349746E+03,0.,-15.01476554389));
#4168 = CARTESIAN_POINT('',(4.343170349746E+03,15.014765543898,
    -15.01476554389));
#4169 = CARTESIAN_POINT('',(4.343170349746E+03,15.014765543898,0.));
#4170 = CARTESIAN_POINT('',(4.343670931001E+03,14.742020494799,0.));
#4171 = CARTESIAN_POINT('',(4.343670931001E+03,14.742020494799,
    14.742020494799));
#4172 = CARTESIAN_POINT('',(4.343670931001E+03,0.,14.742020494799));
#4173 = CARTESIAN_POINT('',(4.343670931001E+03,-14.74202049479,
    14.742020494799));
#4174 = CARTESIAN_POINT('',(4.343670931001E+03,-14.74202049479,0.));
#4175 = CARTESIAN_POINT('',(4.343670931001E+03,-14.74202049479,
    -14.74202049479));
#4176 = CARTESIAN_POINT('',(4.343670931001E+03,0.,-14.74202049479));
#4177 = CARTESIAN_POINT('',(4.343670931001E+03,14.742020494799,
    -14.74202049479));
#4178 = CARTESIAN_POINT('',(4.343670931001E+03,14.742020494799,0.));
#4179 = CARTESIAN_POINT('',(4.34416230926E+03,14.467636556935,0.));
#4180 = CARTESIAN_POINT('',(4.34416230926E+03,14.467636556935,
    14.467636556935));
#4181 = CARTESIAN_POINT('',(4.34416230926E+03,0.,14.467636556935));
#4182 = CARTESIAN_POINT('',(4.34416230926E+03,-14.46763655693,
    14.467636556935));
#4183 = CARTESIAN_POINT('',(4.34416230926E+03,-14.46763655693,0.));
#4184 = CARTESIAN_POINT('',(4.34416230926E+03,-14.46763655693,
    -14.46763655693));
#4185 = CARTESIAN_POINT('',(4.34416230926E+03,0.,-14.46763655693));
#4186 = CARTESIAN_POINT('',(4.34416230926E+03,14.467636556935,
    -14.46763655693));
#4187 = CARTESIAN_POINT('',(4.34416230926E+03,14.467636556935,0.));
#4188 = CARTESIAN_POINT('',(4.344644429929E+03,14.191644170518,0.));
#4189 = CARTESIAN_POINT('',(4.344644429929E+03,14.191644170518,
    14.191644170518));
#4190 = CARTESIAN_POINT('',(4.344644429929E+03,0.,14.191644170518));
#4191 = CARTESIAN_POINT('',(4.344644429929E+03,-14.19164417051,
    14.191644170518));
#4192 = CARTESIAN_POINT('',(4.344644429929E+03,-14.19164417051,0.));
#4193 = CARTESIAN_POINT('',(4.344644429929E+03,-14.19164417051,
    -14.19164417051));
#4194 = CARTESIAN_POINT('',(4.344644429929E+03,0.,-14.19164417051));
#4195 = CARTESIAN_POINT('',(4.344644429929E+03,14.191644170518,
    -14.19164417051));
#4196 = CARTESIAN_POINT('',(4.344644429929E+03,14.191644170518,0.));
#4197 = CARTESIAN_POINT('',(4.345117239442E+03,13.914073951707,0.));
#4198 = CARTESIAN_POINT('',(4.345117239442E+03,13.914073951707,
    13.914073951707));
#4199 = CARTESIAN_POINT('',(4.345117239442E+03,0.,13.914073951707));
#4200 = CARTESIAN_POINT('',(4.345117239442E+03,-13.9140739517,
    13.914073951707));
#4201 = CARTESIAN_POINT('',(4.345117239442E+03,-13.9140739517,0.));
#4202 = CARTESIAN_POINT('',(4.345117239442E+03,-13.9140739517,
    -13.9140739517));
#4203 = CARTESIAN_POINT('',(4.345117239442E+03,0.,-13.9140739517));
#4204 = CARTESIAN_POINT('',(4.345117239442E+03,13.914073951707,
    -13.9140739517));
#4205 = CARTESIAN_POINT('',(4.345117239442E+03,13.914073951707,0.));
#4206 = CARTESIAN_POINT('',(4.345580685263E+03,13.634956689158,0.));
#4207 = CARTESIAN_POINT('',(4.345580685263E+03,13.634956689158,
    13.634956689158));
#4208 = CARTESIAN_POINT('',(4.345580685263E+03,0.,13.634956689158));
#4209 = CARTESIAN_POINT('',(4.345580685263E+03,-13.63495668915,
    13.634956689158));
#4210 = CARTESIAN_POINT('',(4.345580685263E+03,-13.63495668915,0.));
#4211 = CARTESIAN_POINT('',(4.345580685263E+03,-13.63495668915,
    -13.63495668915));
#4212 = CARTESIAN_POINT('',(4.345580685263E+03,0.,-13.63495668915));
#4213 = CARTESIAN_POINT('',(4.345580685263E+03,13.634956689158,
    -13.63495668915));
#4214 = CARTESIAN_POINT('',(4.345580685263E+03,13.634956689158,0.));
#4215 = CARTESIAN_POINT('',(4.346034715894E+03,13.354323340573,0.));
#4216 = CARTESIAN_POINT('',(4.346034715894E+03,13.354323340573,
    13.354323340573));
#4217 = CARTESIAN_POINT('',(4.346034715894E+03,0.,13.354323340573));
#4218 = CARTESIAN_POINT('',(4.346034715894E+03,-13.35432334057,
    13.354323340573));
#4219 = CARTESIAN_POINT('',(4.346034715894E+03,-13.35432334057,0.));
#4220 = CARTESIAN_POINT('',(4.346034715894E+03,-13.35432334057,
    -13.35432334057));
#4221 = CARTESIAN_POINT('',(4.346034715894E+03,0.,-13.35432334057));
#4222 = CARTESIAN_POINT('',(4.346034715894E+03,13.354323340573,
    -13.35432334057));
#4223 = CARTESIAN_POINT('',(4.346034715894E+03,13.354323340573,0.));
#4224 = CARTESIAN_POINT('',(4.346479280879E+03,13.072205029244,0.));
#4225 = CARTESIAN_POINT('',(4.346479280879E+03,13.072205029244,
    13.072205029244));
#4226 = CARTESIAN_POINT('',(4.346479280879E+03,0.,13.072205029244));
#4227 = CARTESIAN_POINT('',(4.346479280879E+03,-13.07220502924,
    13.072205029244));
#4228 = CARTESIAN_POINT('',(4.346479280879E+03,-13.07220502924,0.));
#4229 = CARTESIAN_POINT('',(4.346479280879E+03,-13.07220502924,
    -13.07220502924));
#4230 = CARTESIAN_POINT('',(4.346479280879E+03,0.,-13.07220502924));
#4231 = CARTESIAN_POINT('',(4.346479280879E+03,13.072205029244,
    -13.07220502924));
#4232 = CARTESIAN_POINT('',(4.346479280879E+03,13.072205029244,0.));
#4233 = CARTESIAN_POINT('',(4.34691433081E+03,12.788633040602,0.));
#4234 = CARTESIAN_POINT('',(4.34691433081E+03,12.788633040602,
    12.788633040602));
#4235 = CARTESIAN_POINT('',(4.34691433081E+03,0.,12.788633040602));
#4236 = CARTESIAN_POINT('',(4.34691433081E+03,-12.7886330406,
    12.788633040602));
#4237 = CARTESIAN_POINT('',(4.34691433081E+03,-12.7886330406,0.));
#4238 = CARTESIAN_POINT('',(4.34691433081E+03,-12.7886330406,
    -12.7886330406));
#4239 = CARTESIAN_POINT('',(4.34691433081E+03,0.,-12.7886330406));
#4240 = CARTESIAN_POINT('',(4.34691433081E+03,12.788633040602,
    -12.7886330406));
#4241 = CARTESIAN_POINT('',(4.34691433081E+03,12.788633040602,0.));
#4242 = CARTESIAN_POINT('',(4.347339817331E+03,12.503638818772,0.));
#4243 = CARTESIAN_POINT('',(4.347339817331E+03,12.503638818772,
    12.503638818772));
#4244 = CARTESIAN_POINT('',(4.347339817331E+03,0.,12.503638818772));
#4245 = CARTESIAN_POINT('',(4.347339817331E+03,-12.50363881877,
    12.503638818772));
#4246 = CARTESIAN_POINT('',(4.347339817331E+03,-12.50363881877,0.));
#4247 = CARTESIAN_POINT('',(4.347339817331E+03,-12.50363881877,
    -12.50363881877));
#4248 = CARTESIAN_POINT('',(4.347339817331E+03,0.,-12.50363881877));
#4249 = CARTESIAN_POINT('',(4.347339817331E+03,12.503638818772,
    -12.50363881877));
#4250 = CARTESIAN_POINT('',(4.347339817331E+03,12.503638818772,0.));
#4251 = CARTESIAN_POINT('',(4.347755693145E+03,12.217253963137,0.));
#4252 = CARTESIAN_POINT('',(4.347755693145E+03,12.217253963137,
    12.217253963137));
#4253 = CARTESIAN_POINT('',(4.347755693145E+03,0.,12.217253963137));
#4254 = CARTESIAN_POINT('',(4.347755693145E+03,-12.21725396313,
    12.217253963137));
#4255 = CARTESIAN_POINT('',(4.347755693145E+03,-12.21725396313,0.));
#4256 = CARTESIAN_POINT('',(4.347755693145E+03,-12.21725396313,
    -12.21725396313));
#4257 = CARTESIAN_POINT('',(4.347755693145E+03,0.,-12.21725396313));
#4258 = CARTESIAN_POINT('',(4.347755693145E+03,12.217253963137,
    -12.21725396313));
#4259 = CARTESIAN_POINT('',(4.347755693145E+03,12.217253963137,0.));
#4260 = CARTESIAN_POINT('',(4.348161912015E+03,11.929510224919,0.));
#4261 = CARTESIAN_POINT('',(4.348161912015E+03,11.929510224919,
    11.929510224919));
#4262 = CARTESIAN_POINT('',(4.348161912015E+03,0.,11.929510224919));
#4263 = CARTESIAN_POINT('',(4.348161912015E+03,-11.92951022491,
    11.929510224919));
#4264 = CARTESIAN_POINT('',(4.348161912015E+03,-11.92951022491,0.));
#4265 = CARTESIAN_POINT('',(4.348161912015E+03,-11.92951022491,
    -11.92951022491));
#4266 = CARTESIAN_POINT('',(4.348161912015E+03,0.,-11.92951022491));
#4267 = CARTESIAN_POINT('',(4.348161912015E+03,11.929510224919,
    -11.92951022491));
#4268 = CARTESIAN_POINT('',(4.348161912015E+03,11.929510224919,0.));
#4269 = CARTESIAN_POINT('',(4.348558428773E+03,11.640439503775,0.));
#4270 = CARTESIAN_POINT('',(4.348558428773E+03,11.640439503775,
    11.640439503775));
#4271 = CARTESIAN_POINT('',(4.348558428773E+03,0.,11.640439503775));
#4272 = CARTESIAN_POINT('',(4.348558428773E+03,-11.64043950377,
    11.640439503775));
#4273 = CARTESIAN_POINT('',(4.348558428773E+03,-11.64043950377,0.));
#4274 = CARTESIAN_POINT('',(4.348558428773E+03,-11.64043950377,
    -11.64043950377));
#4275 = CARTESIAN_POINT('',(4.348558428773E+03,0.,-11.64043950377));
#4276 = CARTESIAN_POINT('',(4.348558428773E+03,11.640439503775,
    -11.64043950377));
#4277 = CARTESIAN_POINT('',(4.348558428773E+03,11.640439503775,0.));
#4278 = CARTESIAN_POINT('',(4.348945199322E+03,11.350073844422,0.));
#4279 = CARTESIAN_POINT('',(4.348945199322E+03,11.350073844422,
    11.350073844422));
#4280 = CARTESIAN_POINT('',(4.348945199322E+03,0.,11.350073844422));
#4281 = CARTESIAN_POINT('',(4.348945199322E+03,-11.35007384442,
    11.350073844422));
#4282 = CARTESIAN_POINT('',(4.348945199322E+03,-11.35007384442,0.));
#4283 = CARTESIAN_POINT('',(4.348945199322E+03,-11.35007384442,
    -11.35007384442));
#4284 = CARTESIAN_POINT('',(4.348945199322E+03,0.,-11.35007384442));
#4285 = CARTESIAN_POINT('',(4.348945199322E+03,11.350073844422,
    -11.35007384442));
#4286 = CARTESIAN_POINT('',(4.348945199322E+03,11.350073844422,0.));
#4287 = CARTESIAN_POINT('',(4.349322180638E+03,11.058445433289,0.));
#4288 = CARTESIAN_POINT('',(4.349322180638E+03,11.058445433289,
    11.058445433289));
#4289 = CARTESIAN_POINT('',(4.349322180638E+03,0.,11.058445433289));
#4290 = CARTESIAN_POINT('',(4.349322180638E+03,-11.05844543328,
    11.058445433289));
#4291 = CARTESIAN_POINT('',(4.349322180638E+03,-11.05844543328,0.));
#4292 = CARTESIAN_POINT('',(4.349322180638E+03,-11.05844543328,
    -11.05844543328));
#4293 = CARTESIAN_POINT('',(4.349322180638E+03,0.,-11.05844543328));
#4294 = CARTESIAN_POINT('',(4.349322180638E+03,11.058445433289,
    -11.05844543328));
#4295 = CARTESIAN_POINT('',(4.349322180638E+03,11.058445433289,0.));
#4296 = CARTESIAN_POINT('',(4.34968933078E+03,10.765586595199,0.));
#4297 = CARTESIAN_POINT('',(4.34968933078E+03,10.765586595199,
    10.765586595199));
#4298 = CARTESIAN_POINT('',(4.34968933078E+03,0.,10.765586595199));
#4299 = CARTESIAN_POINT('',(4.34968933078E+03,-10.76558659519,
    10.765586595199));
#4300 = CARTESIAN_POINT('',(4.34968933078E+03,-10.76558659519,0.));
#4301 = CARTESIAN_POINT('',(4.34968933078E+03,-10.76558659519,
    -10.76558659519));
#4302 = CARTESIAN_POINT('',(4.34968933078E+03,0.,-10.76558659519));
#4303 = CARTESIAN_POINT('',(4.34968933078E+03,10.765586595199,
    -10.76558659519));
#4304 = CARTESIAN_POINT('',(4.34968933078E+03,10.765586595199,0.));
#4305 = CARTESIAN_POINT('',(4.350046608888E+03,10.471529790091,0.));
#4306 = CARTESIAN_POINT('',(4.350046608888E+03,10.471529790091,
    10.471529790091));
#4307 = CARTESIAN_POINT('',(4.350046608888E+03,0.,10.471529790091));
#4308 = CARTESIAN_POINT('',(4.350046608888E+03,-10.47152979009,
    10.471529790091));
#4309 = CARTESIAN_POINT('',(4.350046608888E+03,-10.47152979009,0.));
#4310 = CARTESIAN_POINT('',(4.350046608888E+03,-10.47152979009,
    -10.47152979009));
#4311 = CARTESIAN_POINT('',(4.350046608888E+03,0.,-10.47152979009));
#4312 = CARTESIAN_POINT('',(4.350046608888E+03,10.471529790091,
    -10.47152979009));
#4313 = CARTESIAN_POINT('',(4.350046608888E+03,10.471529790091,0.));
#4314 = CARTESIAN_POINT('',(4.350393975192E+03,10.176307609798,0.));
#4315 = CARTESIAN_POINT('',(4.350393975192E+03,10.176307609798,
    10.176307609798));
#4316 = CARTESIAN_POINT('',(4.350393975192E+03,0.,10.176307609798));
#4317 = CARTESIAN_POINT('',(4.350393975192E+03,-10.17630760979,
    10.176307609798));
#4318 = CARTESIAN_POINT('',(4.350393975192E+03,-10.17630760979,0.));
#4319 = CARTESIAN_POINT('',(4.350393975192E+03,-10.17630760979,
    -10.17630760979));
#4320 = CARTESIAN_POINT('',(4.350393975192E+03,0.,-10.17630760979));
#4321 = CARTESIAN_POINT('',(4.350393975192E+03,10.176307609798,
    -10.17630760979));
#4322 = CARTESIAN_POINT('',(4.350393975192E+03,10.176307609798,0.));
#4323 = CARTESIAN_POINT('',(4.350731391011E+03,9.879952774849,0.));
#4324 = CARTESIAN_POINT('',(4.350731391011E+03,9.879952774849,
    9.879952774849));
#4325 = CARTESIAN_POINT('',(4.350731391011E+03,0.,9.879952774849));
#4326 = CARTESIAN_POINT('',(4.350731391011E+03,-9.879952774849,
    9.879952774849));
#4327 = CARTESIAN_POINT('',(4.350731391011E+03,-9.879952774849,0.));
#4328 = CARTESIAN_POINT('',(4.350731391011E+03,-9.879952774849,
    -9.879952774849));
#4329 = CARTESIAN_POINT('',(4.350731391011E+03,0.,-9.879952774849));
#4330 = CARTESIAN_POINT('',(4.350731391011E+03,9.879952774849,
    -9.879952774849));
#4331 = CARTESIAN_POINT('',(4.350731391011E+03,9.879952774849,0.));
#4332 = CARTESIAN_POINT('',(4.35105881876E+03,9.582498131348,0.));
#4333 = CARTESIAN_POINT('',(4.35105881876E+03,9.582498131348,
    9.582498131348));
#4334 = CARTESIAN_POINT('',(4.35105881876E+03,0.,9.582498131348));
#4335 = CARTESIAN_POINT('',(4.35105881876E+03,-9.582498131348,
    9.582498131348));
#4336 = CARTESIAN_POINT('',(4.35105881876E+03,-9.582498131348,0.));
#4337 = CARTESIAN_POINT('',(4.35105881876E+03,-9.582498131348,
    -9.582498131348));
#4338 = CARTESIAN_POINT('',(4.35105881876E+03,0.,-9.582498131348));
#4339 = CARTESIAN_POINT('',(4.35105881876E+03,9.582498131348,
    -9.582498131348));
#4340 = CARTESIAN_POINT('',(4.35105881876E+03,9.582498131348,0.));
#4341 = CARTESIAN_POINT('',(4.351376221954E+03,9.283976647895,0.));
#4342 = CARTESIAN_POINT('',(4.351376221954E+03,9.283976647895,
    9.283976647895));
#4343 = CARTESIAN_POINT('',(4.351376221954E+03,0.,9.283976647895));
#4344 = CARTESIAN_POINT('',(4.351376221954E+03,-9.283976647895,
    9.283976647895));
#4345 = CARTESIAN_POINT('',(4.351376221954E+03,-9.283976647895,0.));
#4346 = CARTESIAN_POINT('',(4.351376221954E+03,-9.283976647895,
    -9.283976647895));
#4347 = CARTESIAN_POINT('',(4.351376221954E+03,0.,-9.283976647895));
#4348 = CARTESIAN_POINT('',(4.351376221954E+03,9.283976647895,
    -9.283976647895));
#4349 = CARTESIAN_POINT('',(4.351376221954E+03,9.283976647895,0.));
#4350 = CARTESIAN_POINT('',(4.351683565209E+03,8.984421412571,0.));
#4351 = CARTESIAN_POINT('',(4.351683565209E+03,8.984421412571,
    8.984421412571));
#4352 = CARTESIAN_POINT('',(4.351683565209E+03,0.,8.984421412571));
#4353 = CARTESIAN_POINT('',(4.351683565209E+03,-8.984421412571,
    8.984421412571));
#4354 = CARTESIAN_POINT('',(4.351683565209E+03,-8.984421412571,0.));
#4355 = CARTESIAN_POINT('',(4.351683565209E+03,-8.984421412571,
    -8.984421412571));
#4356 = CARTESIAN_POINT('',(4.351683565209E+03,0.,-8.984421412571));
#4357 = CARTESIAN_POINT('',(4.351683565209E+03,8.984421412571,
    -8.984421412571));
#4358 = CARTESIAN_POINT('',(4.351683565209E+03,8.984421412571,0.));
#4359 = CARTESIAN_POINT('',(4.351980814247E+03,8.683865629986,0.));
#4360 = CARTESIAN_POINT('',(4.351980814247E+03,8.683865629986,
    8.683865629986));
#4361 = CARTESIAN_POINT('',(4.351980814247E+03,0.,8.683865629986));
#4362 = CARTESIAN_POINT('',(4.351980814247E+03,-8.683865629986,
    8.683865629986));
#4363 = CARTESIAN_POINT('',(4.351980814247E+03,-8.683865629986,0.));
#4364 = CARTESIAN_POINT('',(4.351980814247E+03,-8.683865629986,
    -8.683865629986));
#4365 = CARTESIAN_POINT('',(4.351980814247E+03,0.,-8.683865629986));
#4366 = CARTESIAN_POINT('',(4.351980814247E+03,8.683865629986,
    -8.683865629986));
#4367 = CARTESIAN_POINT('',(4.351980814247E+03,8.683865629986,0.));
#4368 = CARTESIAN_POINT('',(4.352267935898E+03,8.382342618383,0.));
#4369 = CARTESIAN_POINT('',(4.352267935898E+03,8.382342618383,
    8.382342618383));
#4370 = CARTESIAN_POINT('',(4.352267935898E+03,0.,8.382342618383));
#4371 = CARTESIAN_POINT('',(4.352267935898E+03,-8.382342618383,
    8.382342618383));
#4372 = CARTESIAN_POINT('',(4.352267935898E+03,-8.382342618383,0.));
#4373 = CARTESIAN_POINT('',(4.352267935898E+03,-8.382342618383,
    -8.382342618383));
#4374 = CARTESIAN_POINT('',(4.352267935898E+03,0.,-8.382342618383));
#4375 = CARTESIAN_POINT('',(4.352267935898E+03,8.382342618383,
    -8.382342618383));
#4376 = CARTESIAN_POINT('',(4.352267935898E+03,8.382342618383,0.));
#4377 = CARTESIAN_POINT('',(4.352544898106E+03,8.079885806816,0.));
#4378 = CARTESIAN_POINT('',(4.352544898106E+03,8.079885806816,
    8.079885806816));
#4379 = CARTESIAN_POINT('',(4.352544898106E+03,0.,8.079885806816));
#4380 = CARTESIAN_POINT('',(4.352544898106E+03,-8.079885806816,
    8.079885806816));
#4381 = CARTESIAN_POINT('',(4.352544898106E+03,-8.079885806816,0.));
#4382 = CARTESIAN_POINT('',(4.352544898106E+03,-8.079885806816,
    -8.079885806816));
#4383 = CARTESIAN_POINT('',(4.352544898106E+03,0.,-8.079885806816));
#4384 = CARTESIAN_POINT('',(4.352544898106E+03,8.079885806816,
    -8.079885806816));
#4385 = CARTESIAN_POINT('',(4.352544898106E+03,8.079885806816,0.));
#4386 = CARTESIAN_POINT('',(4.35281166993E+03,7.776528732372,0.));
#4387 = CARTESIAN_POINT('',(4.35281166993E+03,7.776528732372,
    7.776528732372));
#4388 = CARTESIAN_POINT('',(4.35281166993E+03,0.,7.776528732372));
#4389 = CARTESIAN_POINT('',(4.35281166993E+03,-7.776528732372,
    7.776528732372));
#4390 = CARTESIAN_POINT('',(4.35281166993E+03,-7.776528732372,0.));
#4391 = CARTESIAN_POINT('',(4.35281166993E+03,-7.776528732372,
    -7.776528732372));
#4392 = CARTESIAN_POINT('',(4.35281166993E+03,0.,-7.776528732372));
#4393 = CARTESIAN_POINT('',(4.35281166993E+03,7.776528732372,
    -7.776528732372));
#4394 = CARTESIAN_POINT('',(4.35281166993E+03,7.776528732372,0.));
#4395 = CARTESIAN_POINT('',(4.353068221549E+03,7.472305037459,0.));
#4396 = CARTESIAN_POINT('',(4.353068221549E+03,7.472305037459,
    7.472305037459));
#4397 = CARTESIAN_POINT('',(4.353068221549E+03,0.,7.472305037459));
#4398 = CARTESIAN_POINT('',(4.353068221549E+03,-7.472305037459,
    7.472305037459));
#4399 = CARTESIAN_POINT('',(4.353068221549E+03,-7.472305037459,0.));
#4400 = CARTESIAN_POINT('',(4.353068221549E+03,-7.472305037459,
    -7.472305037459));
#4401 = CARTESIAN_POINT('',(4.353068221549E+03,0.,-7.472305037459));
#4402 = CARTESIAN_POINT('',(4.353068221549E+03,7.472305037459,
    -7.472305037459));
#4403 = CARTESIAN_POINT('',(4.353068221549E+03,7.472305037459,0.));
#4404 = CARTESIAN_POINT('',(4.353314524263E+03,7.167248467136,0.));
#4405 = CARTESIAN_POINT('',(4.353314524263E+03,7.167248467136,
    7.167248467136));
#4406 = CARTESIAN_POINT('',(4.353314524263E+03,0.,7.167248467136));
#4407 = CARTESIAN_POINT('',(4.353314524263E+03,-7.167248467136,
    7.167248467136));
#4408 = CARTESIAN_POINT('',(4.353314524263E+03,-7.167248467136,0.));
#4409 = CARTESIAN_POINT('',(4.353314524263E+03,-7.167248467136,
    -7.167248467136));
#4410 = CARTESIAN_POINT('',(4.353314524263E+03,0.,-7.167248467136));
#4411 = CARTESIAN_POINT('',(4.353314524263E+03,7.167248467136,
    -7.167248467136));
#4412 = CARTESIAN_POINT('',(4.353314524263E+03,7.167248467136,0.));
#4413 = CARTESIAN_POINT('',(4.353550550499E+03,6.86139286649,0.));
#4414 = CARTESIAN_POINT('',(4.353550550499E+03,6.86139286649,
    6.86139286649));
#4415 = CARTESIAN_POINT('',(4.353550550499E+03,0.,6.86139286649));
#4416 = CARTESIAN_POINT('',(4.353550550499E+03,-6.86139286649,
    6.86139286649));
#4417 = CARTESIAN_POINT('',(4.353550550499E+03,-6.86139286649,0.));
#4418 = CARTESIAN_POINT('',(4.353550550499E+03,-6.86139286649,
    -6.86139286649));
#4419 = CARTESIAN_POINT('',(4.353550550499E+03,0.,-6.86139286649));
#4420 = CARTESIAN_POINT('',(4.353550550499E+03,6.86139286649,
    -6.86139286649));
#4421 = CARTESIAN_POINT('',(4.353550550499E+03,6.86139286649,0.));
#4422 = CARTESIAN_POINT('',(4.353776273814E+03,6.554772178029,0.));
#4423 = CARTESIAN_POINT('',(4.353776273814E+03,6.554772178029,
    6.554772178029));
#4424 = CARTESIAN_POINT('',(4.353776273814E+03,0.,6.554772178029));
#4425 = CARTESIAN_POINT('',(4.353776273814E+03,-6.554772178029,
    6.554772178029));
#4426 = CARTESIAN_POINT('',(4.353776273814E+03,-6.554772178029,0.));
#4427 = CARTESIAN_POINT('',(4.353776273814E+03,-6.554772178029,
    -6.554772178029));
#4428 = CARTESIAN_POINT('',(4.353776273814E+03,0.,-6.554772178029));
#4429 = CARTESIAN_POINT('',(4.353776273814E+03,6.554772178029,
    -6.554772178029));
#4430 = CARTESIAN_POINT('',(4.353776273814E+03,6.554772178029,0.));
#4431 = CARTESIAN_POINT('',(4.353991668896E+03,6.247420439094,0.));
#4432 = CARTESIAN_POINT('',(4.353991668896E+03,6.247420439094,
    6.247420439094));
#4433 = CARTESIAN_POINT('',(4.353991668896E+03,0.,6.247420439094));
#4434 = CARTESIAN_POINT('',(4.353991668896E+03,-6.247420439094,
    6.247420439094));
#4435 = CARTESIAN_POINT('',(4.353991668896E+03,-6.247420439094,0.));
#4436 = CARTESIAN_POINT('',(4.353991668896E+03,-6.247420439094,
    -6.247420439094));
#4437 = CARTESIAN_POINT('',(4.353991668896E+03,0.,-6.247420439094));
#4438 = CARTESIAN_POINT('',(4.353991668896E+03,6.247420439094,
    -6.247420439094));
#4439 = CARTESIAN_POINT('',(4.353991668896E+03,6.247420439094,0.));
#4440 = CARTESIAN_POINT('',(4.354196711573E+03,5.939371779271,0.));
#4441 = CARTESIAN_POINT('',(4.354196711573E+03,5.939371779271,
    5.939371779271));
#4442 = CARTESIAN_POINT('',(4.354196711573E+03,0.,5.939371779271));
#4443 = CARTESIAN_POINT('',(4.354196711573E+03,-5.939371779271,
    5.939371779271));
#4444 = CARTESIAN_POINT('',(4.354196711573E+03,-5.939371779271,0.));
#4445 = CARTESIAN_POINT('',(4.354196711573E+03,-5.939371779271,
    -5.939371779271));
#4446 = CARTESIAN_POINT('',(4.354196711573E+03,0.,-5.939371779271));
#4447 = CARTESIAN_POINT('',(4.354196711573E+03,5.939371779271,
    -5.939371779271));
#4448 = CARTESIAN_POINT('',(4.354196711573E+03,5.939371779271,0.));
#4449 = CARTESIAN_POINT('',(4.35439137881E+03,5.630660417763,0.));
#4450 = CARTESIAN_POINT('',(4.35439137881E+03,5.630660417763,
    5.630660417763));
#4451 = CARTESIAN_POINT('',(4.35439137881E+03,0.,5.630660417763));
#4452 = CARTESIAN_POINT('',(4.35439137881E+03,-5.630660417763,
    5.630660417763));
#4453 = CARTESIAN_POINT('',(4.35439137881E+03,-5.630660417763,0.));
#4454 = CARTESIAN_POINT('',(4.35439137881E+03,-5.630660417763,
    -5.630660417763));
#4455 = CARTESIAN_POINT('',(4.35439137881E+03,0.,-5.630660417763));
#4456 = CARTESIAN_POINT('',(4.35439137881E+03,5.630660417763,
    -5.630660417763));
#4457 = CARTESIAN_POINT('',(4.35439137881E+03,5.630660417763,0.));
#4458 = CARTESIAN_POINT('',(4.354575648718E+03,5.321320660735,0.));
#4459 = CARTESIAN_POINT('',(4.354575648718E+03,5.321320660735,
    5.321320660735));
#4460 = CARTESIAN_POINT('',(4.354575648718E+03,0.,5.321320660735));
#4461 = CARTESIAN_POINT('',(4.354575648718E+03,-5.321320660735,
    5.321320660735));
#4462 = CARTESIAN_POINT('',(4.354575648718E+03,-5.321320660735,0.));
#4463 = CARTESIAN_POINT('',(4.354575648718E+03,-5.321320660735,
    -5.321320660735));
#4464 = CARTESIAN_POINT('',(4.354575648718E+03,0.,-5.321320660735));
#4465 = CARTESIAN_POINT('',(4.354575648718E+03,5.321320660735,
    -5.321320660735));
#4466 = CARTESIAN_POINT('',(4.354575648718E+03,5.321320660735,0.));
#4467 = CARTESIAN_POINT('',(4.354749500557E+03,5.01138689856,0.));
#4468 = CARTESIAN_POINT('',(4.354749500557E+03,5.01138689856,
    5.01138689856));
#4469 = CARTESIAN_POINT('',(4.354749500557E+03,0.,5.01138689856));
#4470 = CARTESIAN_POINT('',(4.354749500557E+03,-5.01138689856,
    5.01138689856));
#4471 = CARTESIAN_POINT('',(4.354749500557E+03,-5.01138689856,0.));
#4472 = CARTESIAN_POINT('',(4.354749500557E+03,-5.01138689856,
    -5.01138689856));
#4473 = CARTESIAN_POINT('',(4.354749500557E+03,0.,-5.01138689856));
#4474 = CARTESIAN_POINT('',(4.354749500557E+03,5.01138689856,
    -5.01138689856));
#4475 = CARTESIAN_POINT('',(4.354749500557E+03,5.01138689856,0.));
#4476 = CARTESIAN_POINT('',(4.354912914738E+03,4.700893602996,0.));
#4477 = CARTESIAN_POINT('',(4.354912914738E+03,4.700893602996,
    4.700893602996));
#4478 = CARTESIAN_POINT('',(4.354912914738E+03,0.,4.700893602996));
#4479 = CARTESIAN_POINT('',(4.354912914738E+03,-4.700893602996,
    4.700893602996));
#4480 = CARTESIAN_POINT('',(4.354912914738E+03,-4.700893602996,0.));
#4481 = CARTESIAN_POINT('',(4.354912914738E+03,-4.700893602996,
    -4.700893602996));
#4482 = CARTESIAN_POINT('',(4.354912914738E+03,0.,-4.700893602996));
#4483 = CARTESIAN_POINT('',(4.354912914738E+03,4.700893602996,
    -4.700893602996));
#4484 = CARTESIAN_POINT('',(4.354912914738E+03,4.700893602996,0.));
#4485 = CARTESIAN_POINT('',(4.355065872829E+03,4.389875324204,0.));
#4486 = CARTESIAN_POINT('',(4.355065872829E+03,4.389875324204,
    4.389875324204));
#4487 = CARTESIAN_POINT('',(4.355065872829E+03,0.,4.389875324204));
#4488 = CARTESIAN_POINT('',(4.355065872829E+03,-4.389875324204,
    4.389875324204));
#4489 = CARTESIAN_POINT('',(4.355065872829E+03,-4.389875324204,0.));
#4490 = CARTESIAN_POINT('',(4.355065872829E+03,-4.389875324204,
    -4.389875324204));
#4491 = CARTESIAN_POINT('',(4.355065872829E+03,0.,-4.389875324204));
#4492 = CARTESIAN_POINT('',(4.355065872829E+03,4.389875324204,
    -4.389875324204));
#4493 = CARTESIAN_POINT('',(4.355065872829E+03,4.389875324204,0.));
#4494 = CARTESIAN_POINT('',(4.35520835756E+03,4.078366687632,0.));
#4495 = CARTESIAN_POINT('',(4.35520835756E+03,4.078366687632,
    4.078366687632));
#4496 = CARTESIAN_POINT('',(4.35520835756E+03,0.,4.078366687632));
#4497 = CARTESIAN_POINT('',(4.35520835756E+03,-4.078366687632,
    4.078366687632));
#4498 = CARTESIAN_POINT('',(4.35520835756E+03,-4.078366687632,0.));
#4499 = CARTESIAN_POINT('',(4.35520835756E+03,-4.078366687632,
    -4.078366687632));
#4500 = CARTESIAN_POINT('',(4.35520835756E+03,0.,-4.078366687632));
#4501 = CARTESIAN_POINT('',(4.35520835756E+03,4.078366687632,
    -4.078366687632));
#4502 = CARTESIAN_POINT('',(4.35520835756E+03,4.078366687632,0.));
#4503 = CARTESIAN_POINT('',(4.355340352825E+03,3.766402390705,0.));
#4504 = CARTESIAN_POINT('',(4.355340352825E+03,3.766402390705,
    3.766402390705));
#4505 = CARTESIAN_POINT('',(4.355340352825E+03,0.,3.766402390705));
#4506 = CARTESIAN_POINT('',(4.355340352825E+03,-3.766402390705,
    3.766402390705));
#4507 = CARTESIAN_POINT('',(4.355340352825E+03,-3.766402390705,0.));
#4508 = CARTESIAN_POINT('',(4.355340352825E+03,-3.766402390705,
    -3.766402390705));
#4509 = CARTESIAN_POINT('',(4.355340352825E+03,0.,-3.766402390705));
#4510 = CARTESIAN_POINT('',(4.355340352825E+03,3.766402390705,
    -3.766402390705));
#4511 = CARTESIAN_POINT('',(4.355340352825E+03,3.766402390705,0.));
#4512 = CARTESIAN_POINT('',(4.355461843689E+03,3.454017199303,0.));
#4513 = CARTESIAN_POINT('',(4.355461843689E+03,3.454017199303,
    3.454017199303));
#4514 = CARTESIAN_POINT('',(4.355461843689E+03,0.,3.454017199303));
#4515 = CARTESIAN_POINT('',(4.355461843689E+03,-3.454017199303,
    3.454017199303));
#4516 = CARTESIAN_POINT('',(4.355461843689E+03,-3.454017199303,0.));
#4517 = CARTESIAN_POINT('',(4.355461843689E+03,-3.454017199303,
    -3.454017199303));
#4518 = CARTESIAN_POINT('',(4.355461843689E+03,0.,-3.454017199303));
#4519 = CARTESIAN_POINT('',(4.355461843689E+03,3.454017199303,
    -3.454017199303));
#4520 = CARTESIAN_POINT('',(4.355461843689E+03,3.454017199303,0.));
#4521 = CARTESIAN_POINT('',(4.355572816391E+03,3.141245943989,0.));
#4522 = CARTESIAN_POINT('',(4.355572816391E+03,3.141245943989,
    3.141245943989));
#4523 = CARTESIAN_POINT('',(4.355572816391E+03,0.,3.141245943989));
#4524 = CARTESIAN_POINT('',(4.355572816391E+03,-3.141245943989,
    3.141245943989));
#4525 = CARTESIAN_POINT('',(4.355572816391E+03,-3.141245943989,0.));
#4526 = CARTESIAN_POINT('',(4.355572816391E+03,-3.141245943989,
    -3.141245943989));
#4527 = CARTESIAN_POINT('',(4.355572816391E+03,0.,-3.141245943989));
#4528 = CARTESIAN_POINT('',(4.355572816391E+03,3.141245943989,
    -3.141245943989));
#4529 = CARTESIAN_POINT('',(4.355572816391E+03,3.141245943989,0.));
#4530 = CARTESIAN_POINT('',(4.355673258347E+03,2.828123516088,0.));
#4531 = CARTESIAN_POINT('',(4.355673258347E+03,2.828123516088,
    2.828123516088));
#4532 = CARTESIAN_POINT('',(4.355673258347E+03,0.,2.828123516088));
#4533 = CARTESIAN_POINT('',(4.355673258347E+03,-2.828123516088,
    2.828123516088));
#4534 = CARTESIAN_POINT('',(4.355673258347E+03,-2.828123516088,0.));
#4535 = CARTESIAN_POINT('',(4.355673258347E+03,-2.828123516088,
    -2.828123516088));
#4536 = CARTESIAN_POINT('',(4.355673258347E+03,0.,-2.828123516088));
#4537 = CARTESIAN_POINT('',(4.355673258347E+03,2.828123516088,
    -2.828123516088));
#4538 = CARTESIAN_POINT('',(4.355673258347E+03,2.828123516088,0.));
#4539 = CARTESIAN_POINT('',(4.355763158159E+03,2.514684863029,0.));
#4540 = CARTESIAN_POINT('',(4.355763158159E+03,2.514684863029,
    2.514684863029));
#4541 = CARTESIAN_POINT('',(4.355763158159E+03,0.,2.514684863029));
#4542 = CARTESIAN_POINT('',(4.355763158159E+03,-2.514684863029,
    2.514684863029));
#4543 = CARTESIAN_POINT('',(4.355763158159E+03,-2.514684863029,0.));
#4544 = CARTESIAN_POINT('',(4.355763158159E+03,-2.514684863029,
    -2.514684863029));
#4545 = CARTESIAN_POINT('',(4.355763158159E+03,0.,-2.514684863029));
#4546 = CARTESIAN_POINT('',(4.355763158159E+03,2.514684863029,
    -2.514684863029));
#4547 = CARTESIAN_POINT('',(4.355763158159E+03,2.514684863029,0.));
#4548 = CARTESIAN_POINT('',(4.355842505613E+03,2.200964985192,0.));
#4549 = CARTESIAN_POINT('',(4.355842505613E+03,2.200964985192,
    2.200964985192));
#4550 = CARTESIAN_POINT('',(4.355842505613E+03,0.,2.200964985192));
#4551 = CARTESIAN_POINT('',(4.355842505613E+03,-2.200964985192,
    2.200964985192));
#4552 = CARTESIAN_POINT('',(4.355842505613E+03,-2.200964985192,0.));
#4553 = CARTESIAN_POINT('',(4.355842505613E+03,-2.200964985192,
    -2.200964985192));
#4554 = CARTESIAN_POINT('',(4.355842505613E+03,0.,-2.200964985192));
#4555 = CARTESIAN_POINT('',(4.355842505613E+03,2.200964985192,
    -2.200964985192));
#4556 = CARTESIAN_POINT('',(4.355842505613E+03,2.200964985192,0.));
#4557 = CARTESIAN_POINT('',(4.355911291688E+03,1.88699892578,0.));
#4558 = CARTESIAN_POINT('',(4.355911291688E+03,1.88699892578,
    1.88699892578));
#4559 = CARTESIAN_POINT('',(4.355911291688E+03,0.,1.88699892578));
#4560 = CARTESIAN_POINT('',(4.355911291688E+03,-1.88699892578,
    1.88699892578));
#4561 = CARTESIAN_POINT('',(4.355911291688E+03,-1.88699892578,0.));
#4562 = CARTESIAN_POINT('',(4.355911291688E+03,-1.88699892578,
    -1.88699892578));
#4563 = CARTESIAN_POINT('',(4.355911291688E+03,0.,-1.88699892578));
#4564 = CARTESIAN_POINT('',(4.355911291688E+03,1.88699892578,
    -1.88699892578));
#4565 = CARTESIAN_POINT('',(4.355911291688E+03,1.88699892578,0.));
#4566 = CARTESIAN_POINT('',(4.355969508557E+03,1.57282178532,0.));
#4567 = CARTESIAN_POINT('',(4.355969508557E+03,1.57282178532,
    1.57282178532));
#4568 = CARTESIAN_POINT('',(4.355969508557E+03,0.,1.57282178532));
#4569 = CARTESIAN_POINT('',(4.355969508557E+03,-1.57282178532,
    1.57282178532));
#4570 = CARTESIAN_POINT('',(4.355969508557E+03,-1.57282178532,0.));
#4571 = CARTESIAN_POINT('',(4.355969508557E+03,-1.57282178532,
    -1.57282178532));
#4572 = CARTESIAN_POINT('',(4.355969508557E+03,0.,-1.57282178532));
#4573 = CARTESIAN_POINT('',(4.355969508557E+03,1.57282178532,
    -1.57282178532));
#4574 = CARTESIAN_POINT('',(4.355969508557E+03,1.57282178532,0.));
#4575 = CARTESIAN_POINT('',(4.356017149591E+03,1.258468643243,0.));
#4576 = CARTESIAN_POINT('',(4.356017149591E+03,1.258468643243,
    1.258468643243));
#4577 = CARTESIAN_POINT('',(4.356017149591E+03,0.,1.258468643243));
#4578 = CARTESIAN_POINT('',(4.356017149591E+03,-1.258468643243,
    1.258468643243));
#4579 = CARTESIAN_POINT('',(4.356017149591E+03,-1.258468643243,0.));
#4580 = CARTESIAN_POINT('',(4.356017149591E+03,-1.258468643243,
    -1.258468643243));
#4581 = CARTESIAN_POINT('',(4.356017149591E+03,0.,-1.258468643243));
#4582 = CARTESIAN_POINT('',(4.356017149591E+03,1.258468643243,
    -1.258468643243));
#4583 = CARTESIAN_POINT('',(4.356017149591E+03,1.258468643243,0.));
#4584 = CARTESIAN_POINT('',(4.356054209362E+03,0.943974823876,0.));
#4585 = CARTESIAN_POINT('',(4.356054209362E+03,0.943974823876,
    0.943974823876));
#4586 = CARTESIAN_POINT('',(4.356054209362E+03,0.,0.943974823876));
#4587 = CARTESIAN_POINT('',(4.356054209362E+03,-0.943974823876,
    0.943974823876));
#4588 = CARTESIAN_POINT('',(4.356054209362E+03,-0.943974823876,0.));
#4589 = CARTESIAN_POINT('',(4.356054209362E+03,-0.943974823876,
    -0.943974823876));
#4590 = CARTESIAN_POINT('',(4.356054209362E+03,0.,-0.943974823876));
#4591 = CARTESIAN_POINT('',(4.356054209362E+03,0.943974823876,
    -0.943974823876));
#4592 = CARTESIAN_POINT('',(4.356054209362E+03,0.943974823876,0.));
#4593 = CARTESIAN_POINT('',(4.356080683647E+03,0.629374879376,0.));
#4594 = CARTESIAN_POINT('',(4.356080683647E+03,0.629374879376,
    0.629374879376));
#4595 = CARTESIAN_POINT('',(4.356080683647E+03,0.,0.629374879376));
#4596 = CARTESIAN_POINT('',(4.356080683647E+03,-0.629374879376,
    0.629374879376));
#4597 = CARTESIAN_POINT('',(4.356080683647E+03,-0.629374879376,0.));
#4598 = CARTESIAN_POINT('',(4.356080683647E+03,-0.629374879376,
    -0.629374879376));
#4599 = CARTESIAN_POINT('',(4.356080683647E+03,0.,-0.629374879376));
#4600 = CARTESIAN_POINT('',(4.356080683647E+03,0.629374879376,
    -0.629374879376));
#4601 = CARTESIAN_POINT('',(4.356080683647E+03,0.629374879376,0.));
#4602 = CARTESIAN_POINT('',(4.356096569425E+03,0.314706350432,0.));
#4603 = CARTESIAN_POINT('',(4.356096569425E+03,0.314706350432,
    0.314706350432));
#4604 = CARTESIAN_POINT('',(4.356096569425E+03,0.,0.314706350432));
#4605 = CARTESIAN_POINT('',(4.356096569425E+03,-0.314706350432,
    0.314706350432));
#4606 = CARTESIAN_POINT('',(4.356096569425E+03,-0.314706350432,0.));
#4607 = CARTESIAN_POINT('',(4.356096569425E+03,-0.314706350432,
    -0.314706350432));
#4608 = CARTESIAN_POINT('',(4.356096569425E+03,0.,-0.314706350432));
#4609 = CARTESIAN_POINT('',(4.356096569425E+03,0.314706350432,
    -0.314706350432));
#4610 = CARTESIAN_POINT('',(4.356096569425E+03,0.314706350432,0.));
#4611 = CARTESIAN_POINT('',(4.3561001E+03,0.104883366295,0.));
#4612 = CARTESIAN_POINT('',(4.3561001E+03,0.104883366295,0.104883366295)
  );
#4613 = CARTESIAN_POINT('',(4.3561001E+03,0.,0.104883366295));
#4614 = CARTESIAN_POINT('',(4.3561001E+03,-0.104883366295,0.104883366295
    ));
#4615 = CARTESIAN_POINT('',(4.3561001E+03,-0.104883366295,0.));
#4616 = CARTESIAN_POINT('',(4.3561001E+03,-0.104883366295,
    -0.104883366295));
#4617 = CARTESIAN_POINT('',(4.3561001E+03,0.,-0.104883366295));
#4618 = CARTESIAN_POINT('',(4.3561001E+03,0.104883366295,-0.104883366295
    ));
#4619 = CARTESIAN_POINT('',(4.3561001E+03,0.104883366295,0.));
#4620 = CARTESIAN_POINT('',(4.3561001E+03,0.,0.));
#4621 = CARTESIAN_POINT('',(4.3561001E+03,0.,0.));
#4622 = CARTESIAN_POINT('',(4.3561001E+03,0.,0.));
#4623 = CARTESIAN_POINT('',(4.3561001E+03,-0.,0.));
#4624 = CARTESIAN_POINT('',(4.3561001E+03,-0.,0.));
#4625 = CARTESIAN_POINT('',(4.3561001E+03,-0.,-0.));
#4626 = CARTESIAN_POINT('',(4.3561001E+03,0.,-0.));
#4627 = CARTESIAN_POINT('',(4.3561001E+03,0.,-0.));
#4628 = CARTESIAN_POINT('',(4.3561001E+03,0.,0.));
#4629 = DEFINITIONAL_REPRESENTATION('',(#4630),#4634);
#4630 = LINE('',#4631,#4632);
#4631 = CARTESIAN_POINT('',(0.,0.));
#4632 = VECTOR('',#4633,1.);
#4633 = DIRECTION('',(0.,1.));
#4634 = ( GEOMETRIC_REPRESENTATION_CONTEXT(2) 
PARAMETRIC_REPRESENTATION_CONTEXT() REPRESENTATION_CONTEXT('2D SPACE',''
  ) );
#4635 = ORIENTED_EDGE('',*,*,#3068,.F.);
#4636 = ADVANCED_FACE('',(#4637),#3260,.F.);
#4637 = FACE_BOUND('',#4638,.F.);
#4638 = EDGE_LOOP('',(#4639,#4640,#4812));
#4639 = ORIENTED_EDGE('',*,*,#3240,.F.);
#4640 = ORIENTED_EDGE('',*,*,#4641,.T.);
#4641 = EDGE_CURVE('',#3069,#4642,#4644,.T.);
#4642 = VERTEX_POINT('',#4643);
#4643 = CARTESIAN_POINT('',(4.3561001E+03,0.,0.));
#4644 = SEAM_CURVE('',#4645,(#4798,#4805),.PCURVE_S1.);
#4645 = B_SPLINE_CURVE_WITH_KNOTS('',3,(#4646,#4647,#4648,#4649,#4650,
    #4651,#4652,#4653,#4654,#4655,#4656,#4657,#4658,#4659,#4660,#4661,
    #4662,#4663,#4664,#4665,#4666,#4667,#4668,#4669,#4670,#4671,#4672,
    #4673,#4674,#4675,#4676,#4677,#4678,#4679,#4680,#4681,#4682,#4683,
    #4684,#4685,#4686,#4687,#4688,#4689,#4690,#4691,#4692,#4693,#4694,
    #4695,#4696,#4697,#4698,#4699,#4700,#4701,#4702,#4703,#4704,#4705,
    #4706,#4707,#4708,#4709,#4710,#4711,#4712,#4713,#4714,#4715,#4716,
    #4717,#4718,#4719,#4720,#4721,#4722,#4723,#4724,#4725,#4726,#4727,
    #4728,#4729,#4730,#4731,#4732,#4733,#4734,#4735,#4736,#4737,#4738,
    #4739,#4740,#4741,#4742,#4743,#4744,#4745,#4746,#4747,#4748,#4749,
    #4750,#4751,#4752,#4753,#4754,#4755,#4756,#4757,#4758,#4759,#4760,
    #4761,#4762,#4763,#4764,#4765,#4766,#4767,#4768,#4769,#4770,#4771,
    #4772,#4773,#4774,#4775,#4776,#4777,#4778,#4779,#4780,#4781,#4782,
    #4783,#4784,#4785,#4786,#4787,#4788,#4789,#4790,#4791,#4792,#4793,
    #4794,#4795,#4796,#4797),.UNSPECIFIED.,.F.,.F.,(4,1,1,1,1,1,1,1,1,1,
    1,1,1,1,1,1,1,1,1,1,1,1,1,1,1,1,1,1,1,1,1,1,1,1,1,1,1,1,1,1,1,1,1,1,
    1,1,1,1,1,1,1,1,1,1,1,1,1,1,1,1,1,1,1,1,1,1,1,1,1,1,1,1,1,1,1,1,1,1,
    1,1,1,1,1,1,1,1,1,1,1,1,1,1,1,1,1,1,1,1,1,1,1,1,1,1,1,1,1,1,1,1,1,1,
    1,1,1,1,1,1,1,1,1,1,1,1,1,1,1,1,1,1,1,1,1,1,1,1,1,1,1,1,1,1,1,1,1,1,
    1,1,1,4),(0.,1.004134140054,2.008178596771,3.01204370265,
    4.01563982188,5.01887736618,6.021666810669,7.023918709736,
    8.025543712937,9.026452580904,10.026556201293,11.025765604742,
    12.023991980877,13.021146694349,14.017141300912,15.011887563536,
    16.005297468591,16.997283242053,17.987757365798,18.976632593929,
    19.963821969197,20.949238839469,21.932796874282,22.914410081485,
    23.893992823952,24.871459836392,25.846726242273,26.819707570818,
    27.79031977414,28.758479244468,29.72410283152,30.687107859985,
    31.647412147148,32.604934020666,33.559592336482,34.511306496911,
    35.459996468892,36.405582802405,37.347986649097,38.287129781078,
    39.222934609949,40.155324206022,41.084222317788,42.009553391611,
    42.931242591681,43.84921582022,44.763399737982,45.673721785025,
    46.580110201799,47.482494050552,48.380803237064,49.274968532747,
    50.164921597094,51.050595000536,51.931922247685,52.808837801014,
    53.681277104973,54.549176610579,55.412473800487,56.271107214578,
    57.125016476072,57.974142318211,58.818426611529,59.657812391719,
    60.492243888161,61.32166655311,62.146027091589,62.965273492008,
    63.779355057561,64.588222438408,65.391827664712,66.190124180526,
    66.983066878604,67.770612136163,68.552717851618,69.32934348237,
    70.100450083646,70.866000348473,71.625958648804,72.380291077856,
    73.128965493698,73.871951564146,74.609220813001,75.340746667692,
    76.066504508351,76.786471718401,77.500627736667,78.208954111083,
    78.911434554041,79.608054999399,80.298803661224,80.983671094299,
    81.662650256406,82.335736572452,83.002928000445,83.664225099343,
    84.319631098791,84.969151970753,85.612796503036,86.250576374683,
    86.882506233216,87.508603773691,88.128889819494,88.743388404803,
    89.352126858644,89.955135890388,90.552449676564,91.144105948817,
    91.730146082798,92.310615187759,92.885562196572,93.455039955866,
    94.019105315927,94.577819219953,95.131246792218,95.679457424654,
    96.222524861281,96.760527279877,97.293547370244,97.821672408309,
    98.344994325305,98.863609771173,99.377620171306,99.88713177567,
    100.39225569931,100.89310795324,101.38980946456,101.88248608479,
    102.37126858533,102.85629263882,103.33769878547,103.81563238323,
    104.29024354079,104.76168703255,105.23012219479,105.69571280216,
    106.15862692419,106.61903676127,107.07711845995,107.53305190766,
    107.98702050698,108.43921093004,108.88981285374,109.33901867682,
    109.78702321999,110.23402341058,110.68021795352,111.1258069905,
    111.57099174947,112.01597418671),.UNSPECIFIED.);
#4646 = CARTESIAN_POINT('',(4.2608501E+03,29.845000000614,0.));
#4647 = CARTESIAN_POINT('',(4.26118481138E+03,29.845000000614,0.));
#4648 = CARTESIAN_POINT('',(4.2618542053E+03,29.843894455897,0.));
#4649 = CARTESIAN_POINT('',(4.262858198691E+03,29.838919614926,0.));
#4650 = CARTESIAN_POINT('',(4.263861969145E+03,29.830628827673,0.));
#4651 = CARTESIAN_POINT('',(4.264865404821E+03,29.819023015613,0.));
#4652 = CARTESIAN_POINT('',(4.265868394284E+03,29.804103468668,0.));
#4653 = CARTESIAN_POINT('',(4.266870826049E+03,29.785871845065,0.));
#4654 = CARTESIAN_POINT('',(4.267872588717E+03,29.764330171147,0.));
#4655 = CARTESIAN_POINT('',(4.26887357096E+03,29.739480841152,0.));
#4656 = CARTESIAN_POINT('',(4.269873661536E+03,29.711326616942,0.));
#4657 = CARTESIAN_POINT('',(4.270872749304E+03,29.679870627703,0.));
#4658 = CARTESIAN_POINT('',(4.271870723233E+03,29.645116369587,0.));
#4659 = CARTESIAN_POINT('',(4.272867472415E+03,29.607067705332,0.));
#4660 = CARTESIAN_POINT('',(4.273862886081E+03,29.565728863825,0.));
#4661 = CARTESIAN_POINT('',(4.274856853607E+03,29.521104439636,0.));
#4662 = CARTESIAN_POINT('',(4.275849264534E+03,29.473199392505,0.));
#4663 = CARTESIAN_POINT('',(4.276840008571E+03,29.422019046791,0.));
#4664 = CARTESIAN_POINT('',(4.277828975616E+03,29.367569090875,0.));
#4665 = CARTESIAN_POINT('',(4.278816055765E+03,29.309855576534,0.));
#4666 = CARTESIAN_POINT('',(4.27980113932E+03,29.248884918262,0.));
#4667 = CARTESIAN_POINT('',(4.280784116808E+03,29.184663892556,0.));
#4668 = CARTESIAN_POINT('',(4.281764878991E+03,29.117199637167,0.));
#4669 = CARTESIAN_POINT('',(4.282743316874E+03,29.046499650298,0.));
#4670 = CARTESIAN_POINT('',(4.283719321722E+03,28.972571789775,0.));
#4671 = CARTESIAN_POINT('',(4.284692785073E+03,28.895424272167,0.));
#4672 = CARTESIAN_POINT('',(4.285663598743E+03,28.815065671878,0.));
#4673 = CARTESIAN_POINT('',(4.286631654846E+03,28.731504920185,0.));
#4674 = CARTESIAN_POINT('',(4.287596845801E+03,28.644751304249,0.));
#4675 = CARTESIAN_POINT('',(4.288559064346E+03,28.554814466077,0.));
#4676 = CARTESIAN_POINT('',(4.28951820355E+03,28.461704401449,0.));
#4677 = CARTESIAN_POINT('',(4.290474156824E+03,28.365431458808,0.));
#4678 = CARTESIAN_POINT('',(4.291426817933E+03,28.266006338101,0.));
#4679 = CARTESIAN_POINT('',(4.292376081008E+03,28.163440089594,0.));
#4680 = CARTESIAN_POINT('',(4.293321840558E+03,28.057744112636,0.));
#4681 = CARTESIAN_POINT('',(4.294263991482E+03,27.94893015439,0.));
#4682 = CARTESIAN_POINT('',(4.29520242908E+03,27.837010308525,0.));
#4683 = CARTESIAN_POINT('',(4.296137049064E+03,27.721997013868,0.));
#4684 = CARTESIAN_POINT('',(4.297067747572E+03,27.603903053017,0.));
#4685 = CARTESIAN_POINT('',(4.297994421177E+03,27.482741550919,0.));
#4686 = CARTESIAN_POINT('',(4.298916966899E+03,27.358525973399,0.));
#4687 = CARTESIAN_POINT('',(4.299835282219E+03,27.231270125671,0.));
#4688 = CARTESIAN_POINT('',(4.300749265086E+03,27.100988150786,0.));
#4689 = CARTESIAN_POINT('',(4.301658813933E+03,26.967694528064,0.));
#4690 = CARTESIAN_POINT('',(4.302563827685E+03,26.831404071474,0.));
#4691 = CARTESIAN_POINT('',(4.30346420577E+03,26.692131927984,0.));
#4692 = CARTESIAN_POINT('',(4.304359848134E+03,26.549893575868,0.));
#4693 = CARTESIAN_POINT('',(4.305250655248E+03,26.404704822981,0.));
#4694 = CARTESIAN_POINT('',(4.30613652812E+03,26.256581804995,0.));
#4695 = CARTESIAN_POINT('',(4.307017368309E+03,26.105540983595,0.));
#4696 = CARTESIAN_POINT('',(4.307893077933E+03,25.951599144645,0.));
#4697 = CARTESIAN_POINT('',(4.308763559678E+03,25.794773396306,0.));
#4698 = CARTESIAN_POINT('',(4.309628716814E+03,25.635081167134,0.));
#4699 = CARTESIAN_POINT('',(4.310488453202E+03,25.472540204125,0.));
#4700 = CARTESIAN_POINT('',(4.311342673308E+03,25.307168570735,0.));
#4701 = CARTESIAN_POINT('',(4.312191282207E+03,25.13898464486,0.));
#4702 = CARTESIAN_POINT('',(4.313034185602E+03,24.96800711678,0.));
#4703 = CARTESIAN_POINT('',(4.31387128983E+03,24.794254987069,0.));
#4704 = CARTESIAN_POINT('',(4.31470250187E+03,24.617747564466,0.));
#4705 = CARTESIAN_POINT('',(4.315527729359E+03,24.438504463718,0.));
#4706 = CARTESIAN_POINT('',(4.3163468806E+03,24.256545603382,0.));
#4707 = CARTESIAN_POINT('',(4.317159864569E+03,24.07189120359,0.));
#4708 = CARTESIAN_POINT('',(4.31796659093E+03,23.884561783788,0.));
#4709 = CARTESIAN_POINT('',(4.318766970043E+03,23.694578160433,0.));
#4710 = CARTESIAN_POINT('',(4.319560912973E+03,23.501961444658,0.));
#4711 = CARTESIAN_POINT('',(4.320348331501E+03,23.306733039903,0.));
#4712 = CARTESIAN_POINT('',(4.321129138133E+03,23.108914639515,0.));
#4713 = CARTESIAN_POINT('',(4.321903246112E+03,22.908528224306,0.));
#4714 = CARTESIAN_POINT('',(4.322670569425E+03,22.705596060088,0.));
#4715 = CARTESIAN_POINT('',(4.323431022813E+03,22.500140695166,0.));
#4716 = CARTESIAN_POINT('',(4.324184521782E+03,22.292184957802,0.));
#4717 = CARTESIAN_POINT('',(4.324930982611E+03,22.081751953647,0.));
#4718 = CARTESIAN_POINT('',(4.325670322362E+03,21.868865063135,0.));
#4719 = CARTESIAN_POINT('',(4.326402458889E+03,21.653547938848,0.));
#4720 = CARTESIAN_POINT('',(4.327127310847E+03,21.435824502854,0.));
#4721 = CARTESIAN_POINT('',(4.3278447977E+03,21.215718943996,0.));
#4722 = CARTESIAN_POINT('',(4.328554839733E+03,20.993255715174,0.));
#4723 = CARTESIAN_POINT('',(4.329257358059E+03,20.768459530565,0.));
#4724 = CARTESIAN_POINT('',(4.329952274626E+03,20.541355362841,0.));
#4725 = CARTESIAN_POINT('',(4.330639512228E+03,20.311968440334,0.));
#4726 = CARTESIAN_POINT('',(4.331318994514E+03,20.080324244181,0.));
#4727 = CARTESIAN_POINT('',(4.331990645994E+03,19.84644850543,0.));
#4728 = CARTESIAN_POINT('',(4.332654392049E+03,19.61036720213,0.));
#4729 = CARTESIAN_POINT('',(4.333310158941E+03,19.372106556366,0.));
#4730 = CARTESIAN_POINT('',(4.333957873817E+03,19.131693031292,0.));
#4731 = CARTESIAN_POINT('',(4.334597464719E+03,18.88915332811,0.));
#4732 = CARTESIAN_POINT('',(4.335228860595E+03,18.644514383035,0.));
#4733 = CARTESIAN_POINT('',(4.335851991301E+03,18.397803364227,0.));
#4734 = CARTESIAN_POINT('',(4.336466787614E+03,18.149047668684,0.));
#4735 = CARTESIAN_POINT('',(4.337073181235E+03,17.898274919126,0.));
#4736 = CARTESIAN_POINT('',(4.337671104802E+03,17.645512960836,0.));
#4737 = CARTESIAN_POINT('',(4.338260491893E+03,17.390789858473,0.));
#4738 = CARTESIAN_POINT('',(4.338841277034E+03,17.134133892873,0.));
#4739 = CARTESIAN_POINT('',(4.339413395707E+03,16.875573557806,0.));
#4740 = CARTESIAN_POINT('',(4.339976784357E+03,16.615137556722,0.));
#4741 = CARTESIAN_POINT('',(4.3405313804E+03,16.352854799462,0.));
#4742 = CARTESIAN_POINT('',(4.341077122226E+03,16.088754398952,0.));
#4743 = CARTESIAN_POINT('',(4.341613949211E+03,15.822865667877,0.));
#4744 = CARTESIAN_POINT('',(4.342141801718E+03,15.555218115321,0.));
#4745 = CARTESIAN_POINT('',(4.342660621109E+03,15.285841443406,0.));
#4746 = CARTESIAN_POINT('',(4.343170349746E+03,15.014765543898,0.));
#4747 = CARTESIAN_POINT('',(4.343670931001E+03,14.742020494799,0.));
#4748 = CARTESIAN_POINT('',(4.34416230926E+03,14.467636556935,0.));
#4749 = CARTESIAN_POINT('',(4.344644429929E+03,14.191644170518,0.));
#4750 = CARTESIAN_POINT('',(4.345117239442E+03,13.914073951707,0.));
#4751 = CARTESIAN_POINT('',(4.345580685263E+03,13.634956689158,0.));
#4752 = CARTESIAN_POINT('',(4.346034715894E+03,13.354323340573,0.));
#4753 = CARTESIAN_POINT('',(4.346479280879E+03,13.072205029244,0.));
#4754 = CARTESIAN_POINT('',(4.34691433081E+03,12.788633040602,0.));
#4755 = CARTESIAN_POINT('',(4.347339817331E+03,12.503638818772,0.));
#4756 = CARTESIAN_POINT('',(4.347755693145E+03,12.217253963137,0.));
#4757 = CARTESIAN_POINT('',(4.348161912015E+03,11.929510224919,0.));
#4758 = CARTESIAN_POINT('',(4.348558428773E+03,11.640439503775,0.));
#4759 = CARTESIAN_POINT('',(4.348945199322E+03,11.350073844422,0.));
#4760 = CARTESIAN_POINT('',(4.349322180638E+03,11.058445433289,0.));
#4761 = CARTESIAN_POINT('',(4.34968933078E+03,10.765586595199,0.));
#4762 = CARTESIAN_POINT('',(4.350046608888E+03,10.471529790091,0.));
#4763 = CARTESIAN_POINT('',(4.350393975192E+03,10.176307609798,0.));
#4764 = CARTESIAN_POINT('',(4.350731391011E+03,9.879952774849,0.));
#4765 = CARTESIAN_POINT('',(4.35105881876E+03,9.582498131348,0.));
#4766 = CARTESIAN_POINT('',(4.351376221954E+03,9.283976647895,0.));
#4767 = CARTESIAN_POINT('',(4.351683565209E+03,8.984421412571,0.));
#4768 = CARTESIAN_POINT('',(4.351980814247E+03,8.683865629986,0.));
#4769 = CARTESIAN_POINT('',(4.352267935898E+03,8.382342618383,0.));
#4770 = CARTESIAN_POINT('',(4.352544898106E+03,8.079885806816,0.));
#4771 = CARTESIAN_POINT('',(4.35281166993E+03,7.776528732372,0.));
#4772 = CARTESIAN_POINT('',(4.353068221549E+03,7.472305037459,0.));
#4773 = CARTESIAN_POINT('',(4.353314524263E+03,7.167248467136,0.));
#4774 = CARTESIAN_POINT('',(4.353550550499E+03,6.86139286649,0.));
#4775 = CARTESIAN_POINT('',(4.353776273814E+03,6.554772178029,0.));
#4776 = CARTESIAN_POINT('',(4.353991668896E+03,6.247420439094,0.));
#4777 = CARTESIAN_POINT('',(4.354196711573E+03,5.939371779271,0.));
#4778 = CARTESIAN_POINT('',(4.35439137881E+03,5.630660417763,0.));
#4779 = CARTESIAN_POINT('',(4.354575648718E+03,5.321320660735,0.));
#4780 = CARTESIAN_POINT('',(4.354749500557E+03,5.01138689856,0.));
#4781 = CARTESIAN_POINT('',(4.354912914738E+03,4.700893602996,0.));
#4782 = CARTESIAN_POINT('',(4.355065872829E+03,4.389875324204,0.));
#4783 = CARTESIAN_POINT('',(4.35520835756E+03,4.078366687632,0.));
#4784 = CARTESIAN_POINT('',(4.355340352825E+03,3.766402390705,0.));
#4785 = CARTESIAN_POINT('',(4.355461843689E+03,3.454017199303,0.));
#4786 = CARTESIAN_POINT('',(4.355572816391E+03,3.141245943989,0.));
#4787 = CARTESIAN_POINT('',(4.355673258347E+03,2.828123516088,0.));
#4788 = CARTESIAN_POINT('',(4.355763158159E+03,2.514684863029,0.));
#4789 = CARTESIAN_POINT('',(4.355842505613E+03,2.200964985192,0.));
#4790 = CARTESIAN_POINT('',(4.355911291688E+03,1.88699892578,0.));
#4791 = CARTESIAN_POINT('',(4.355969508557E+03,1.57282178532,0.));
#4792 = CARTESIAN_POINT('',(4.356017149591E+03,1.258468643243,0.));
#4793 = CARTESIAN_POINT('',(4.356054209362E+03,0.943974823876,0.));
#4794 = CARTESIAN_POINT('',(4.356080683647E+03,0.629374879376,0.));
#4795 = CARTESIAN_POINT('',(4.356096569425E+03,0.314706350432,0.));
#4796 = CARTESIAN_POINT('',(4.3561001E+03,0.104883366295,0.));
#4797 = CARTESIAN_POINT('',(4.3561001E+03,0.,0.));
#4798 = PCURVE('',#3260,#4799);
#4799 = DEFINITIONAL_REPRESENTATION('',(#4800),#4804);
#4800 = LINE('',#4801,#4802);
#4801 = CARTESIAN_POINT('',(0.,0.));
#4802 = VECTOR('',#4803,1.);
#4803 = DIRECTION('',(1.,0.));
#4804 = ( GEOMETRIC_REPRESENTATION_CONTEXT(2) 
PARAMETRIC_REPRESENTATION_CONTEXT() REPRESENTATION_CONTEXT('2D SPACE',''
  ) );
#4805 = PCURVE('',#3260,#4806);
#4806 = DEFINITIONAL_REPRESENTATION('',(#4807),#4811);
#4807 = LINE('',#4808,#4809);
#4808 = CARTESIAN_POINT('',(0.,1.));
#4809 = VECTOR('',#4810,1.);
#4810 = DIRECTION('',(1.,0.));
#4811 = ( GEOMETRIC_REPRESENTATION_CONTEXT(2) 
PARAMETRIC_REPRESENTATION_CONTEXT() REPRESENTATION_CONTEXT('2D SPACE',''
  ) );
#4812 = ORIENTED_EDGE('',*,*,#4641,.F.);
#4813 = ( GEOMETRIC_REPRESENTATION_CONTEXT(3) 
GLOBAL_UNCERTAINTY_ASSIGNED_CONTEXT((#4817)) 
GLOBAL_UNIT_ASSIGNED_CONTEXT((#4814,#4815,#4816)) REPRESENTATION_CONTEXT
('Context #1','3D Context with UNIT and UNCERTAINTY') );
#4814 = ( LENGTH_UNIT() NAMED_UNIT(*) SI_UNIT(.MILLI.,.METRE.) );
#4815 = ( NAMED_UNIT(*) PLANE_ANGLE_UNIT() SI_UNIT($,.RADIAN.) );
#4816 = ( NAMED_UNIT(*) SI_UNIT($,.STERADIAN.) SOLID_ANGLE_UNIT() );
#4817 = UNCERTAINTY_MEASURE_WITH_UNIT(LENGTH_MEASURE(1.E-07),#4814,
  'distance_accuracy_value','confusion accuracy');
#4818 = PRODUCT_RELATED_PRODUCT_CATEGORY('part',$,(#7));
ENDSEC;
END-ISO-10303-21;
