#1
0.000000000 0.000000000 0.000000000
#2
0.000696196 0.014791704 0.000000000
0.000696196 0.014720478 0.001449841
0.000696196 0.014507486 0.002885718
0.000696196 0.014154778 0.004293805
0.000696196 0.013665753 0.005660540
0.000696196 0.013045118 0.006972761
0.000696196 0.012298852 0.008217830
0.000696196 0.011434142 0.009383758
0.000696196 0.010459314 0.010459314
0.000696196 0.009383758 0.011434142
0.000696196 0.008217830 0.012298852
0.000696196 0.006972761 0.013045118
0.000696196 0.005660540 0.013665753
0.000696196 0.004293805 0.014154778
0.000696196 0.002885718 0.014507486
0.000696196 0.001449841 0.014720478
0.000696196 0.000000000 0.014791704
0.000696196 -0.001449841 0.014720478
0.000696196 -0.002885718 0.014507486
0.000696196 -0.004293805 0.014154778
0.000696196 -0.005660540 0.013665753
0.000696196 -0.006972761 0.013045118
0.000696196 -0.008217830 0.012298852
0.000696196 -0.009383758 0.011434142
0.000696196 -0.010459314 0.010459314
0.000696196 -0.011434142 0.009383758
0.000696196 -0.012298852 0.008217830
0.000696196 -0.013045118 0.006972761
0.000696196 -0.013665753 0.005660540
0.000696196 -0.014154778 0.004293805
0.000696196 -0.014507486 0.002885718
0.000696196 -0.014720478 0.001449841
0.000696196 -0.014791704 0.000000000
0.000696196 -0.014720478 -0.001449841
0.000696196 -0.014507486 -0.002885718
0.000696196 -0.014154778 -0.004293805
0.000696196 -0.013665753 -0.005660540
0.000696196 -0.013045118 -0.006972761
0.000696196 -0.012298852 -0.008217830
0.000696196 -0.011434142 -0.009383758
0.000696196 -0.010459314 -0.010459314
0.000696196 -0.009383758 -0.011434142
0.000696196 -0.008217830 -0.012298852
0.000696196 -0.006972761 -0.013045118
0.000696196 -0.005660540 -0.013665753
0.000696196 -0.004293805 -0.014154778
0.000696196 -0.002885718 -0.014507486
0.000696196 -0.001449841 -0.014720478
0.000696196 -0.000000000 -0.014791704
0.000696196 0.001449841 -0.014720478
0.000696196 0.002885718 -0.014507486
0.000696196 0.004293805 -0.014154778
0.000696196 0.005660540 -0.013665753
0.000696196 0.006972761 -0.013045118
0.000696196 0.008217830 -0.012298852
0.000696196 0.009383758 -0.011434142
0.000696196 0.010459314 -0.010459314
0.000696196 0.011434142 -0.009383758
0.000696196 0.012298852 -0.008217830
0.000696196 0.013045118 -0.006972761
0.000696196 0.013665753 -0.005660540
0.000696196 0.014154778 -0.004293805
0.000696196 0.014507486 -0.002885718
0.000696196 0.014720478 -0.001449841
#3
0.002782877 0.028582842 0.000000000
0.002782877 0.028445208 0.002801608
0.002782877 0.028033631 0.005576236
0.002782877 0.027352075 0.008297161
0.002782877 0.026407103 0.010938180
0.002782877 0.025207816 0.013473859
0.002782877 0.023765765 0.015879776
0.002782877 0.022094836 0.018132763
0.002782877 0.020211122 0.020211122
0.002782877 0.018132763 0.022094836
0.002782877 0.015879776 0.023765765
0.002782877 0.013473859 0.025207816
0.002782877 0.010938180 0.026407103
0.002782877 0.008297161 0.027352075
0.002782877 0.005576236 0.028033631
0.002782877 0.002801608 0.028445208
0.002782877 0.000000000 0.028582842
0.002782877 -0.002801608 0.028445208
0.002782877 -0.005576236 0.028033631
0.002782877 -0.008297161 0.027352075
0.002782877 -0.010938180 0.026407103
0.002782877 -0.013473859 0.025207816
0.002782877 -0.015879776 0.023765765
0.002782877 -0.018132763 0.022094836
0.002782877 -0.020211122 0.020211122
0.002782877 -0.022094836 0.018132763
0.002782877 -0.023765765 0.015879776
0.002782877 -0.025207816 0.013473859
0.002782877 -0.026407103 0.010938180
0.002782877 -0.027352075 0.008297161
0.002782877 -0.028033631 0.005576236
0.002782877 -0.028445208 0.002801608
0.002782877 -0.028582842 0.000000000
0.002782877 -0.028445208 -0.002801608
0.002782877 -0.028033631 -0.005576236
0.002782877 -0.027352075 -0.008297161
0.002782877 -0.026407103 -0.010938180
0.002782877 -0.025207816 -0.013473859
0.002782877 -0.023765765 -0.015879776
0.002782877 -0.022094836 -0.018132763
0.002782877 -0.020211122 -0.020211122
0.002782877 -0.018132763 -0.022094836
0.002782877 -0.015879776 -0.023765765
0.002782877 -0.013473859 -0.025207816
0.002782877 -0.010938180 -0.026407103
0.002782877 -0.008297161 -0.027352075
0.002782877 -0.005576236 -0.028033631
0.002782877 -0.002801608 -0.028445208
0.002782877 -0.000000000 -0.028582842
0.002782877 0.002801608 -0.028445208
0.002782877 0.005576236 -0.028033631
0.002782877 0.008297161 -0.027352075
0.002782877 0.010938180 -0.026407103
0.002782877 0.013473859 -0.025207816
0.002782877 0.015879776 -0.023765765
0.002782877 0.018132763 -0.022094836
0.002782877 0.020211122 -0.020211122
0.002782877 0.022094836 -0.018132763
0.002782877 0.023765765 -0.015879776
0.002782877 0.025207816 -0.013473859
0.002782877 0.026407103 -0.010938180
0.002782877 0.027352075 -0.008297161
0.002782877 0.028033631 -0.005576236
0.002782877 0.028445208 -0.002801608
#4
0.006254322 0.041885120 0.000000000
0.006254322 0.041683432 0.004105460
0.006254322 0.041080309 0.008171382
0.006254322 0.040081561 0.012158608
0.006254322 0.038696805 0.016028741
0.006254322 0.036939378 0.019744509
0.006254322 0.034826204 0.023270126
0.006254322 0.032377635 0.026571639
0.006254322 0.029617252 0.029617252
0.006254322 0.026571639 0.032377635
0.006254322 0.023270126 0.034826204
0.006254322 0.019744509 0.036939378
0.006254322 0.016028741 0.038696805
0.006254322 0.012158608 0.040081561
0.006254322 0.008171382 0.041080309
0.006254322 0.004105460 0.041683432
0.006254322 0.000000000 0.041885120
0.006254322 -0.004105460 0.041683432
0.006254322 -0.008171382 0.041080309
0.006254322 -0.012158608 0.040081561
0.006254322 -0.016028741 0.038696805
0.006254322 -0.019744509 0.036939378
0.006254322 -0.023270126 0.034826204
0.006254322 -0.026571639 0.032377635
0.006254322 -0.029617252 0.029617252
0.006254322 -0.032377635 0.026571639
0.006254322 -0.034826204 0.023270126
0.006254322 -0.036939378 0.019744509
0.006254322 -0.038696805 0.016028741
0.006254322 -0.040081561 0.012158608
0.006254322 -0.041080309 0.008171382
0.006254322 -0.041683432 0.004105460
0.006254322 -0.041885120 0.000000000
0.006254322 -0.041683432 -0.004105460
0.006254322 -0.041080309 -0.008171382
0.006254322 -0.040081561 -0.012158608
0.006254322 -0.038696805 -0.016028741
0.006254322 -0.036939378 -0.019744509
0.006254322 -0.034826204 -0.023270126
0.006254322 -0.032377635 -0.026571639
0.006254322 -0.029617252 -0.029617252
0.006254322 -0.026571639 -0.032377635
0.006254322 -0.023270126 -0.034826204
0.006254322 -0.019744509 -0.036939378
0.006254322 -0.016028741 -0.038696805
0.006254322 -0.012158608 -0.040081561
0.006254322 -0.008171382 -0.041080309
0.006254322 -0.004105460 -0.041683432
0.006254322 -0.000000000 -0.041885120
0.006254322 0.004105460 -0.041683432
0.006254322 0.008171382 -0.041080309
0.006254322 0.012158608 -0.040081561
0.006254322 0.016028741 -0.038696805
0.006254322 0.019744509 -0.036939378
0.006254322 0.023270126 -0.034826204
0.006254322 0.026571639 -0.032377635
0.006254322 0.029617252 -0.029617252
0.006254322 0.032377635 -0.026571639
0.006254322 0.034826204 -0.023270126
0.006254322 0.036939378 -0.019744509
0.006254322 0.038696805 -0.016028741
0.006254322 0.040081561 -0.012158608
0.006254322 0.041080309 -0.008171382
0.006254322 0.041683432 -0.004105460
#5
0.011101018 0.054743958 0.000000000
0.011101018 0.054480351 0.005365846
0.011101018 0.053692068 0.010680016
0.011101018 0.052386702 0.015891332
0.011101018 0.050576822 0.020949606
0.011101018 0.048279861 0.025806123
0.011101018 0.045517938 0.030414114
0.011101018 0.042317652 0.034729199
0.011101018 0.038709824 0.038709824
0.011101018 0.034729199 0.042317652
0.011101018 0.030414114 0.045517938
0.011101018 0.025806123 0.048279861
0.011101018 0.020949606 0.050576822
0.011101018 0.015891332 0.052386702
0.011101018 0.010680016 0.053692068
0.011101018 0.005365846 0.054480351
0.011101018 0.000000000 0.054743958
0.011101018 -0.005365846 0.054480351
0.011101018 -0.010680016 0.053692068
0.011101018 -0.015891332 0.052386702
0.011101018 -0.020949606 0.050576822
0.011101018 -0.025806123 0.048279861
0.011101018 -0.030414114 0.045517938
0.011101018 -0.034729199 0.042317652
0.011101018 -0.038709824 0.038709824
0.011101018 -0.042317652 0.034729199
0.011101018 -0.045517938 0.030414114
0.011101018 -0.048279861 0.025806123
0.011101018 -0.050576822 0.020949606
0.011101018 -0.052386702 0.015891332
0.011101018 -0.053692068 0.010680016
0.011101018 -0.054480351 0.005365846
0.011101018 -0.054743958 0.000000000
0.011101018 -0.054480351 -0.005365846
0.011101018 -0.053692068 -0.010680016
0.011101018 -0.052386702 -0.015891332
0.011101018 -0.050576822 -0.020949606
0.011101018 -0.048279861 -0.025806123
0.011101018 -0.045517938 -0.030414114
0.011101018 -0.042317652 -0.034729199
0.011101018 -0.038709824 -0.038709824
0.011101018 -0.034729199 -0.042317652
0.011101018 -0.030414114 -0.045517938
0.011101018 -0.025806123 -0.048279861
0.011101018 -0.020949606 -0.050576822
0.011101018 -0.015891332 -0.052386702
0.011101018 -0.010680016 -0.053692068
0.011101018 -0.005365846 -0.054480351
0.011101018 -0.000000000 -0.054743958
0.011101018 0.005365846 -0.054480351
0.011101018 0.010680016 -0.053692068
0.011101018 0.015891332 -0.052386702
0.011101018 0.020949606 -0.050576822
0.011101018 0.025806123 -0.048279861
0.011101018 0.030414114 -0.045517938
0.011101018 0.034729199 -0.042317652
0.011101018 0.038709824 -0.038709824
0.011101018 0.042317652 -0.034729199
0.011101018 0.045517938 -0.030414114
0.011101018 0.048279861 -0.025806123
0.011101018 0.050576822 -0.020949606
0.011101018 0.052386702 -0.015891332
0.011101018 0.053692068 -0.010680016
0.011101018 0.054480351 -0.005365846
#6
0.017309679 0.067147361 0.000000000
0.017309679 0.066824028 0.006581592
0.017309679 0.065857144 0.013099800
0.017309679 0.064256018 0.019491850
0.017309679 0.062036073 0.025696183
0.017309679 0.059218686 0.031653047
0.017309679 0.055830990 0.037305075
0.017309679 0.051905612 0.042597835
0.017309679 0.047480354 0.047480354
0.017309679 0.042597835 0.051905612
0.017309679 0.037305075 0.055830990
0.017309679 0.031653047 0.059218686
0.017309679 0.025696183 0.062036073
0.017309679 0.019491850 0.064256018
0.017309679 0.013099800 0.065857144
0.017309679 0.006581592 0.066824028
0.017309679 0.000000000 0.067147361
0.017309679 -0.006581592 0.066824028
0.017309679 -0.013099800 0.065857144
0.017309679 -0.019491850 0.064256018
0.017309679 -0.025696183 0.062036073
0.017309679 -0.031653047 0.059218686
0.017309679 -0.037305075 0.055830990
0.017309679 -0.042597835 0.051905612
0.017309679 -0.047480354 0.047480354
0.017309679 -0.051905612 0.042597835
0.017309679 -0.055830990 0.037305075
0.017309679 -0.059218686 0.031653047
0.017309679 -0.062036073 0.025696183
0.017309679 -0.064256018 0.019491850
0.017309679 -0.065857144 0.013099800
0.017309679 -0.066824028 0.006581592
0.017309679 -0.067147361 0.000000000
0.017309679 -0.066824028 -0.006581592
0.017309679 -0.065857144 -0.013099800
0.017309679 -0.064256018 -0.019491850
0.017309679 -0.062036073 -0.025696183
0.017309679 -0.059218686 -0.031653047
0.017309679 -0.055830990 -0.037305075
0.017309679 -0.051905612 -0.042597835
0.017309679 -0.047480354 -0.047480354
0.017309679 -0.042597835 -0.051905612
0.017309679 -0.037305075 -0.055830990
0.017309679 -0.031653047 -0.059218686
0.017309679 -0.025696183 -0.062036073
0.017309679 -0.019491850 -0.064256018
0.017309679 -0.013099800 -0.065857144
0.017309679 -0.006581592 -0.066824028
0.017309679 -0.000000000 -0.067147361
0.017309679 0.006581592 -0.066824028
0.017309679 0.013099800 -0.065857144
0.017309679 0.019491850 -0.064256018
0.017309679 0.025696183 -0.062036073
0.017309679 0.031653047 -0.059218686
0.017309679 0.037305075 -0.055830990
0.017309679 0.042597835 -0.051905612
0.017309679 0.047480354 -0.047480354
0.017309679 0.051905612 -0.042597835
0.017309679 0.055830990 -0.037305075
0.017309679 0.059218686 -0.031653047
0.017309679 0.062036073 -0.025696183
0.017309679 0.064256018 -0.019491850
0.017309679 0.065857144 -0.013099800
0.017309679 0.066824028 -0.006581592
#7
0.024863287 0.079067000 0.000000000
0.024863287 0.078686271 0.007749921
0.024863287 0.077547750 0.015425206
0.024863287 0.075662401 0.022951939
0.024863287 0.073048383 0.030257631
0.024863287 0.069730869 0.037271926
0.024863287 0.065741808 0.043927272
0.024863287 0.061119617 0.050159574
0.024863287 0.055908812 0.055908812
0.024863287 0.050159574 0.061119617
0.024863287 0.043927272 0.065741808
0.024863287 0.037271926 0.069730869
0.024863287 0.030257631 0.073048383
0.024863287 0.022951939 0.075662401
0.024863287 0.015425206 0.077547750
0.024863287 0.007749921 0.078686271
0.024863287 0.000000000 0.079067000
0.024863287 -0.007749921 0.078686271
0.024863287 -0.015425206 0.077547750
0.024863287 -0.022951939 0.075662401
0.024863287 -0.030257631 0.073048383
0.024863287 -0.037271926 0.069730869
0.024863287 -0.043927272 0.065741808
0.024863287 -0.050159574 0.061119617
0.024863287 -0.055908812 0.055908812
0.024863287 -0.061119617 0.050159574
0.024863287 -0.065741808 0.043927272
0.024863287 -0.069730869 0.037271926
0.024863287 -0.073048383 0.030257631
0.024863287 -0.075662401 0.022951939
0.024863287 -0.077547750 0.015425206
0.024863287 -0.078686271 0.007749921
0.024863287 -0.079067000 0.000000000
0.024863287 -0.078686271 -0.007749921
0.024863287 -0.077547750 -0.015425206
0.024863287 -0.075662401 -0.022951939
0.024863287 -0.073048383 -0.030257631
0.024863287 -0.069730869 -0.037271926
0.024863287 -0.065741808 -0.043927272
0.024863287 -0.061119617 -0.050159574
0.024863287 -0.055908812 -0.055908812
0.024863287 -0.050159574 -0.061119617
0.024863287 -0.043927272 -0.065741808
0.024863287 -0.037271926 -0.069730869
0.024863287 -0.030257631 -0.073048383
0.024863287 -0.022951939 -0.075662401
0.024863287 -0.015425206 -0.077547750
0.024863287 -0.007749921 -0.078686271
0.024863287 -0.000000000 -0.079067000
0.024863287 0.007749921 -0.078686271
0.024863287 0.015425206 -0.077547750
0.024863287 0.022951939 -0.075662401
0.024863287 0.030257631 -0.073048383
0.024863287 0.037271926 -0.069730869
0.024863287 0.043927272 -0.065741808
0.024863287 0.050159574 -0.061119617
0.024863287 0.055908812 -0.055908812
0.024863287 0.061119617 -0.050159574
0.024863287 0.065741808 -0.043927272
0.024863287 0.069730869 -0.037271926
0.024863287 0.073048383 -0.030257631
0.024863287 0.075662401 -0.022951939
0.024863287 0.077547750 -0.015425206
0.024863287 0.078686271 -0.007749921
#8
0.033741140 0.090471186 0.000000000
0.033741140 0.090035543 0.008867727
0.033741140 0.088732808 0.017650053
0.033741140 0.086575527 0.026262399
0.033741140 0.083584477 0.034621824
0.033741140 0.079788463 0.042647822
0.033741140 0.075224042 0.050263098
0.033741140 0.069935173 0.057394313
0.033741140 0.063972789 0.063972789
0.033741140 0.057394313 0.069935173
0.033741140 0.050263098 0.075224042
0.033741140 0.042647822 0.079788463
0.033741140 0.034621824 0.083584477
0.033741140 0.026262399 0.086575527
0.033741140 0.017650053 0.088732808
0.033741140 0.008867727 0.090035543
0.033741140 0.000000000 0.090471186
0.033741140 -0.008867727 0.090035543
0.033741140 -0.017650053 0.088732808
0.033741140 -0.026262399 0.086575527
0.033741140 -0.034621824 0.083584477
0.033741140 -0.042647822 0.079788463
0.033741140 -0.050263098 0.075224042
0.033741140 -0.057394313 0.069935173
0.033741140 -0.063972789 0.063972789
0.033741140 -0.069935173 0.057394313
0.033741140 -0.075224042 0.050263098
0.033741140 -0.079788463 0.042647822
0.033741140 -0.083584477 0.034621824
0.033741140 -0.086575527 0.026262399
0.033741140 -0.088732808 0.017650053
0.033741140 -0.090035543 0.008867727
0.033741140 -0.090471186 0.000000000
0.033741140 -0.090035543 -0.008867727
0.033741140 -0.088732808 -0.017650053
0.033741140 -0.086575527 -0.026262399
0.033741140 -0.083584477 -0.034621824
0.033741140 -0.079788463 -0.042647822
0.033741140 -0.075224042 -0.050263098
0.033741140 -0.069935173 -0.057394313
0.033741140 -0.063972789 -0.063972789
0.033741140 -0.057394313 -0.069935173
0.033741140 -0.050263098 -0.075224042
0.033741140 -0.042647822 -0.079788463
0.033741140 -0.034621824 -0.083584477
0.033741140 -0.026262399 -0.086575527
0.033741140 -0.017650053 -0.088732808
0.033741140 -0.008867727 -0.090035543
0.033741140 -0.000000000 -0.090471186
0.033741140 0.008867727 -0.090035543
0.033741140 0.017650053 -0.088732808
0.033741140 0.026262399 -0.086575527
0.033741140 0.034621824 -0.083584477
0.033741140 0.042647822 -0.079788463
0.033741140 0.050263098 -0.075224042
0.033741140 0.057394313 -0.069935173
0.033741140 0.063972789 -0.063972789
0.033741140 0.069935173 -0.057394313
0.033741140 0.075224042 -0.050263098
0.033741140 0.079788463 -0.042647822
0.033741140 0.083584477 -0.034621824
0.033741140 0.086575527 -0.026262399
0.033741140 0.088732808 -0.017650053
0.033741140 0.090035543 -0.008867727
#9
0.043918903 0.101330639 0.000000000
0.043918903 0.100842704 0.009932139
0.043918903 0.099383599 0.019768627
0.043918903 0.096967376 0.029414732
0.043918903 0.093617303 0.038777557
0.043918903 0.089365645 0.047766933
0.043918903 0.084253347 0.056296287
0.043918903 0.078329643 0.064283477
0.043918903 0.071651582 0.071651582
0.043918903 0.064283477 0.078329643
0.043918903 0.056296287 0.084253347
0.043918903 0.047766933 0.089365645
0.043918903 0.038777557 0.093617303
0.043918903 0.029414732 0.096967376
0.043918903 0.019768627 0.099383599
0.043918903 0.009932139 0.100842704
0.043918903 0.000000000 0.101330639
0.043918903 -0.009932139 0.100842704
0.043918903 -0.019768627 0.099383599
0.043918903 -0.029414732 0.096967376
0.043918903 -0.038777557 0.093617303
0.043918903 -0.047766933 0.089365645
0.043918903 -0.056296287 0.084253347
0.043918903 -0.064283477 0.078329643
0.043918903 -0.071651582 0.071651582
0.043918903 -0.078329643 0.064283477
0.043918903 -0.084253347 0.056296287
0.043918903 -0.089365645 0.047766933
0.043918903 -0.093617303 0.038777557
0.043918903 -0.096967376 0.029414732
0.043918903 -0.099383599 0.019768627
0.043918903 -0.100842704 0.009932139
0.043918903 -0.101330639 0.000000000
0.043918903 -0.100842704 -0.009932139
0.043918903 -0.099383599 -0.019768627
0.043918903 -0.096967376 -0.029414732
0.043918903 -0.093617303 -0.038777557
0.043918903 -0.089365645 -0.047766933
0.043918903 -0.084253347 -0.056296287
0.043918903 -0.078329643 -0.064283477
0.043918903 -0.071651582 -0.071651582
0.043918903 -0.064283477 -0.078329643
0.043918903 -0.056296287 -0.084253347
0.043918903 -0.047766933 -0.089365645
0.043918903 -0.038777557 -0.093617303
0.043918903 -0.029414732 -0.096967376
0.043918903 -0.019768627 -0.099383599
0.043918903 -0.009932139 -0.100842704
0.043918903 -0.000000000 -0.101330639
0.043918903 0.009932139 -0.100842704
0.043918903 0.019768627 -0.099383599
0.043918903 0.029414732 -0.096967376
0.043918903 0.038777557 -0.093617303
0.043918903 0.047766933 -0.089365645
0.043918903 0.056296287 -0.084253347
0.043918903 0.064283477 -0.078329643
0.043918903 0.071651582 -0.071651582
0.043918903 0.078329643 -0.064283477
0.043918903 0.084253347 -0.056296287
0.043918903 0.089365645 -0.047766933
0.043918903 0.093617303 -0.038777557
0.043918903 0.096967376 -0.029414732
0.043918903 0.099383599 -0.019768627
0.043918903 0.100842704 -0.009932139
#10
0.055368680 0.111621567 0.000000000
0.055368680 0.111084079 0.010940827
0.055368680 0.109476790 0.021776288
0.055368680 0.106815180 0.032402031
0.055368680 0.103124882 0.042715725
0.055368680 0.098441434 0.052618043
0.055368680 0.092809941 0.062013620
0.055368680 0.086284638 0.070811973
0.055368680 0.078928367 0.078928367
0.055368680 0.070811973 0.086284638
0.055368680 0.062013620 0.092809941
0.055368680 0.052618043 0.098441434
0.055368680 0.042715725 0.103124882
0.055368680 0.032402031 0.106815180
0.055368680 0.021776288 0.109476790
0.055368680 0.010940827 0.111084079
0.055368680 0.000000000 0.111621567
0.055368680 -0.010940827 0.111084079
0.055368680 -0.021776288 0.109476790
0.055368680 -0.032402031 0.106815180
0.055368680 -0.042715725 0.103124882
0.055368680 -0.052618043 0.098441434
0.055368680 -0.062013620 0.092809941
0.055368680 -0.070811973 0.086284638
0.055368680 -0.078928367 0.078928367
0.055368680 -0.086284638 0.070811973
0.055368680 -0.092809941 0.062013620
0.055368680 -0.098441434 0.052618043
0.055368680 -0.103124882 0.042715725
0.055368680 -0.106815180 0.032402031
0.055368680 -0.109476790 0.021776288
0.055368680 -0.111084079 0.010940827
0.055368680 -0.111621567 0.000000000
0.055368680 -0.111084079 -0.010940827
0.055368680 -0.109476790 -0.021776288
0.055368680 -0.106815180 -0.032402031
0.055368680 -0.103124882 -0.042715725
0.055368680 -0.098441434 -0.052618043
0.055368680 -0.092809941 -0.062013620
0.055368680 -0.086284638 -0.070811973
0.055368680 -0.078928367 -0.078928367
0.055368680 -0.070811973 -0.086284638
0.055368680 -0.062013620 -0.092809941
0.055368680 -0.052618043 -0.098441434
0.055368680 -0.042715725 -0.103124882
0.055368680 -0.032402031 -0.106815180
0.055368680 -0.021776288 -0.109476790
0.055368680 -0.010940827 -0.111084079
0.055368680 -0.000000000 -0.111621567
0.055368680 0.010940827 -0.111084079
0.055368680 0.021776288 -0.109476790
0.055368680 0.032402031 -0.106815180
0.055368680 0.042715725 -0.103124882
0.055368680 0.052618043 -0.098441434
0.055368680 0.062013620 -0.092809941
0.055368680 0.070811973 -0.086284638
0.055368680 0.078928367 -0.078928367
0.055368680 0.086284638 -0.070811973
0.055368680 0.092809941 -0.062013620
0.055368680 0.098441434 -0.052618043
0.055368680 0.103124882 -0.042715725
0.055368680 0.106815180 -0.032402031
0.055368680 0.109476790 -0.021776288
0.055368680 0.111084079 -0.010940827
#11
0.068059088 0.121327461 0.000000000
0.068059088 0.120743236 0.011892171
0.068059088 0.118996188 0.023669813
0.068059088 0.116103142 0.035219503
0.068059088 0.112091958 0.046430009
0.068059088 0.107001268 0.057193369
0.068059088 0.100880097 0.067405926
0.068059088 0.093787396 0.076969327
0.068059088 0.085791471 0.085791471
0.068059088 0.076969327 0.093787396
0.068059088 0.067405926 0.100880097
0.068059088 0.057193369 0.107001268
0.068059088 0.046430009 0.112091958
0.068059088 0.035219503 0.116103142
0.068059088 0.023669813 0.118996188
0.068059088 0.011892171 0.120743236
0.068059088 0.000000000 0.121327461
0.068059088 -0.011892171 0.120743236
0.068059088 -0.023669813 0.118996188
0.068059088 -0.035219503 0.116103142
0.068059088 -0.046430009 0.112091958
0.068059088 -0.057193369 0.107001268
0.068059088 -0.067405926 0.100880097
0.068059088 -0.076969327 0.093787396
0.068059088 -0.085791471 0.085791471
0.068059088 -0.093787396 0.076969327
0.068059088 -0.100880097 0.067405926
0.068059088 -0.107001268 0.057193369
0.068059088 -0.112091958 0.046430009
0.068059088 -0.116103142 0.035219503
0.068059088 -0.118996188 0.023669813
0.068059088 -0.120743236 0.011892171
0.068059088 -0.121327461 0.000000000
0.068059088 -0.120743236 -0.011892171
0.068059088 -0.118996188 -0.023669813
0.068059088 -0.116103142 -0.035219503
0.068059088 -0.112091958 -0.046430009
0.068059088 -0.107001268 -0.057193369
0.068059088 -0.100880097 -0.067405926
0.068059088 -0.093787396 -0.076969327
0.068059088 -0.085791471 -0.085791471
0.068059088 -0.076969327 -0.093787396
0.068059088 -0.067405926 -0.100880097
0.068059088 -0.057193369 -0.107001268
0.068059088 -0.046430009 -0.112091958
0.068059088 -0.035219503 -0.116103142
0.068059088 -0.023669813 -0.118996188
0.068059088 -0.011892171 -0.120743236
0.068059088 -0.000000000 -0.121327461
0.068059088 0.011892171 -0.120743236
0.068059088 0.023669813 -0.118996188
0.068059088 0.035219503 -0.116103142
0.068059088 0.046430009 -0.112091958
0.068059088 0.057193369 -0.107001268
0.068059088 0.067405926 -0.100880097
0.068059088 0.076969327 -0.093787396
0.068059088 0.085791471 -0.085791471
0.068059088 0.093787396 -0.076969327
0.068059088 0.100880097 -0.067405926
0.068059088 0.107001268 -0.057193369
0.068059088 0.112091958 -0.046430009
0.068059088 0.116103142 -0.035219503
0.068059088 0.118996188 -0.023669813
0.068059088 0.120743236 -0.011892171
#12
0.081955343 0.130440115 0.000000000
0.081955343 0.129812011 0.012785367
0.081955343 0.127933745 0.025447604
0.081955343 0.124823408 0.037864767
0.081955343 0.120510953 0.049917271
0.081955343 0.115037911 0.061489045
0.081955343 0.108456992 0.072468645
0.081955343 0.100831573 0.082750333
0.081955343 0.092235090 0.092235090
0.081955343 0.082750333 0.100831573
0.081955343 0.072468645 0.108456992
0.081955343 0.061489045 0.115037911
0.081955343 0.049917271 0.120510953
0.081955343 0.037864767 0.124823408
0.081955343 0.025447604 0.127933745
0.081955343 0.012785367 0.129812011
0.081955343 0.000000000 0.130440115
0.081955343 -0.012785367 0.129812011
0.081955343 -0.025447604 0.127933745
0.081955343 -0.037864767 0.124823408
0.081955343 -0.049917271 0.120510953
0.081955343 -0.061489045 0.115037911
0.081955343 -0.072468645 0.108456992
0.081955343 -0.082750333 0.100831573
0.081955343 -0.092235090 0.092235090
0.081955343 -0.100831573 0.082750333
0.081955343 -0.108456992 0.072468645
0.081955343 -0.115037911 0.061489045
0.081955343 -0.120510953 0.049917271
0.081955343 -0.124823408 0.037864767
0.081955343 -0.127933745 0.025447604
0.081955343 -0.129812011 0.012785367
0.081955343 -0.130440115 0.000000000
0.081955343 -0.129812011 -0.012785367
0.081955343 -0.127933745 -0.025447604
0.081955343 -0.124823408 -0.037864767
0.081955343 -0.120510953 -0.049917271
0.081955343 -0.115037911 -0.061489045
0.081955343 -0.108456992 -0.072468645
0.081955343 -0.100831573 -0.082750333
0.081955343 -0.092235090 -0.092235090
0.081955343 -0.082750333 -0.100831573
0.081955343 -0.072468645 -0.108456992
0.081955343 -0.061489045 -0.115037911
0.081955343 -0.049917271 -0.120510953
0.081955343 -0.037864767 -0.124823408
0.081955343 -0.025447604 -0.127933745
0.081955343 -0.012785367 -0.129812011
0.081955343 -0.000000000 -0.130440115
0.081955343 0.012785367 -0.129812011
0.081955343 0.025447604 -0.127933745
0.081955343 0.037864767 -0.124823408
0.081955343 0.049917271 -0.120510953
0.081955343 0.061489045 -0.115037911
0.081955343 0.072468645 -0.108456992
0.081955343 0.082750333 -0.100831573
0.081955343 0.092235090 -0.092235090
0.081955343 0.100831573 -0.082750333
0.081955343 0.108456992 -0.072468645
0.081955343 0.115037911 -0.061489045
0.081955343 0.120510953 -0.049917271
0.081955343 0.124823408 -0.037864767
0.081955343 0.127933745 -0.025447604
0.081955343 0.129812011 -0.012785367
#13
0.097019357 0.138960109 0.000000000
0.097019357 0.138290978 0.013620472
0.097019357 0.136290029 0.027109772
0.097019357 0.132976533 0.040337990
0.097019357 0.128382400 0.053177731
0.097019357 0.122551875 0.065505342
0.097019357 0.115541108 0.077202100
0.097019357 0.107417617 0.088155360
0.097019357 0.098259635 0.098259635
0.097019357 0.088155360 0.107417617
0.097019357 0.077202100 0.115541108
0.097019357 0.065505342 0.122551875
0.097019357 0.053177731 0.128382400
0.097019357 0.040337990 0.132976533
0.097019357 0.027109772 0.136290029
0.097019357 0.013620472 0.138290978
0.097019357 0.000000000 0.138960109
0.097019357 -0.013620472 0.138290978
0.097019357 -0.027109772 0.136290029
0.097019357 -0.040337990 0.132976533
0.097019357 -0.053177731 0.128382400
0.097019357 -0.065505342 0.122551875
0.097019357 -0.077202100 0.115541108
0.097019357 -0.088155360 0.107417617
0.097019357 -0.098259635 0.098259635
0.097019357 -0.107417617 0.088155360
0.097019357 -0.115541108 0.077202100
0.097019357 -0.122551875 0.065505342
0.097019357 -0.128382400 0.053177731
0.097019357 -0.132976533 0.040337990
0.097019357 -0.136290029 0.027109772
0.097019357 -0.138290978 0.013620472
0.097019357 -0.138960109 0.000000000
0.097019357 -0.138290978 -0.013620472
0.097019357 -0.136290029 -0.027109772
0.097019357 -0.132976533 -0.040337990
0.097019357 -0.128382400 -0.053177731
0.097019357 -0.122551875 -0.065505342
0.097019357 -0.115541108 -0.077202100
0.097019357 -0.107417617 -0.088155360
0.097019357 -0.098259635 -0.098259635
0.097019357 -0.088155360 -0.107417617
0.097019357 -0.077202100 -0.115541108
0.097019357 -0.065505342 -0.122551875
0.097019357 -0.053177731 -0.128382400
0.097019357 -0.040337990 -0.132976533
0.097019357 -0.027109772 -0.136290029
0.097019357 -0.013620472 -0.138290978
0.097019357 -0.000000000 -0.138960109
0.097019357 0.013620472 -0.138290978
0.097019357 0.027109772 -0.136290029
0.097019357 0.040337990 -0.132976533
0.097019357 0.053177731 -0.128382400
0.097019357 0.065505342 -0.122551875
0.097019357 0.077202100 -0.115541108
0.097019357 0.088155360 -0.107417617
0.097019357 0.098259635 -0.098259635
0.097019357 0.107417617 -0.088155360
0.097019357 0.115541108 -0.077202100
0.097019357 0.122551875 -0.065505342
0.097019357 0.128382400 -0.053177731
0.097019357 0.132976533 -0.040337990
0.097019357 0.136290029 -0.027109772
0.097019357 0.138290978 -0.013620472
#14
0.113209840 0.146896846 0.000000000
0.113209840 0.146189498 0.014398409
0.113209840 0.144074264 0.028658153
0.113209840 0.140571517 0.042641904
0.113209840 0.135714989 0.056214989
0.113209840 0.129551452 0.069246694
0.113209840 0.122140264 0.081611515
0.113209840 0.113552798 0.093190373
0.113209840 0.103871756 0.103871756
0.113209840 0.093190373 0.113552798
0.113209840 0.081611515 0.122140264
0.113209840 0.069246694 0.129551452
0.113209840 0.056214989 0.135714989
0.113209840 0.042641904 0.140571517
0.113209840 0.028658153 0.144074264
0.113209840 0.014398409 0.146189498
0.113209840 0.000000000 0.146896846
0.113209840 -0.014398409 0.146189498
0.113209840 -0.028658153 0.144074264
0.113209840 -0.042641904 0.140571517
0.113209840 -0.056214989 0.135714989
0.113209840 -0.069246694 0.129551452
0.113209840 -0.081611515 0.122140264
0.113209840 -0.093190373 0.113552798
0.113209840 -0.103871756 0.103871756
0.113209840 -0.113552798 0.093190373
0.113209840 -0.122140264 0.081611515
0.113209840 -0.129551452 0.069246694
0.113209840 -0.135714989 0.056214989
0.113209840 -0.140571517 0.042641904
0.113209840 -0.144074264 0.028658153
0.113209840 -0.146189498 0.014398409
0.113209840 -0.146896846 0.000000000
0.113209840 -0.146189498 -0.014398409
0.113209840 -0.144074264 -0.028658153
0.113209840 -0.140571517 -0.042641904
0.113209840 -0.135714989 -0.056214989
0.113209840 -0.129551452 -0.069246694
0.113209840 -0.122140264 -0.081611515
0.113209840 -0.113552798 -0.093190373
0.113209840 -0.103871756 -0.103871756
0.113209840 -0.093190373 -0.113552798
0.113209840 -0.081611515 -0.122140264
0.113209840 -0.069246694 -0.129551452
0.113209840 -0.056214989 -0.135714989
0.113209840 -0.042641904 -0.140571517
0.113209840 -0.028658153 -0.144074264
0.113209840 -0.014398409 -0.146189498
0.113209840 -0.000000000 -0.146896846
0.113209840 0.014398409 -0.146189498
0.113209840 0.028658153 -0.144074264
0.113209840 0.042641904 -0.140571517
0.113209840 0.056214989 -0.135714989
0.113209840 0.069246694 -0.129551452
0.113209840 0.081611515 -0.122140264
0.113209840 0.093190373 -0.113552798
0.113209840 0.103871756 -0.103871756
0.113209840 0.113552798 -0.093190373
0.113209840 0.122140264 -0.081611515
0.113209840 0.129551452 -0.069246694
0.113209840 0.135714989 -0.056214989
0.113209840 0.140571517 -0.042641904
0.113209840 0.144074264 -0.028658153
0.113209840 0.146189498 -0.014398409
#15
0.130482416 0.154268217 0.000000000
0.130482416 0.153525374 0.015120930
0.130482416 0.151303997 0.030096236
0.130482416 0.147625480 0.044781700
0.130482416 0.142525249 0.059035891
0.130482416 0.136052421 0.072721534
0.130482416 0.128269335 0.085706830
0.130482416 0.119250945 0.097866721
0.130482416 0.109084103 0.109084103
0.130482416 0.097866721 0.119250945
0.130482416 0.085706830 0.128269335
0.130482416 0.072721534 0.136052421
0.130482416 0.059035891 0.142525249
0.130482416 0.044781700 0.147625480
0.130482416 0.030096236 0.151303997
0.130482416 0.015120930 0.153525374
0.130482416 0.000000000 0.154268217
0.130482416 -0.015120930 0.153525374
0.130482416 -0.030096236 0.151303997
0.130482416 -0.044781700 0.147625480
0.130482416 -0.059035891 0.142525249
0.130482416 -0.072721534 0.136052421
0.130482416 -0.085706830 0.128269335
0.130482416 -0.097866721 0.119250945
0.130482416 -0.109084103 0.109084103
0.130482416 -0.119250945 0.097866721
0.130482416 -0.128269335 0.085706830
0.130482416 -0.136052421 0.072721534
0.130482416 -0.142525249 0.059035891
0.130482416 -0.147625480 0.044781700
0.130482416 -0.151303997 0.030096236
0.130482416 -0.153525374 0.015120930
0.130482416 -0.154268217 0.000000000
0.130482416 -0.153525374 -0.015120930
0.130482416 -0.151303997 -0.030096236
0.130482416 -0.147625480 -0.044781700
0.130482416 -0.142525249 -0.059035891
0.130482416 -0.136052421 -0.072721534
0.130482416 -0.128269335 -0.085706830
0.130482416 -0.119250945 -0.097866721
0.130482416 -0.109084103 -0.109084103
0.130482416 -0.097866721 -0.119250945
0.130482416 -0.085706830 -0.128269335
0.130482416 -0.072721534 -0.136052421
0.130482416 -0.059035891 -0.142525249
0.130482416 -0.044781700 -0.147625480
0.130482416 -0.030096236 -0.151303997
0.130482416 -0.015120930 -0.153525374
0.130482416 -0.000000000 -0.154268217
0.130482416 0.015120930 -0.153525374
0.130482416 0.030096236 -0.151303997
0.130482416 0.044781700 -0.147625480
0.130482416 0.059035891 -0.142525249
0.130482416 0.072721534 -0.136052421
0.130482416 0.085706830 -0.128269335
0.130482416 0.097866721 -0.119250945
0.130482416 0.109084103 -0.109084103
0.130482416 0.119250945 -0.097866721
0.130482416 0.128269335 -0.085706830
0.130482416 0.136052421 -0.072721534
0.130482416 0.142525249 -0.059035891
0.130482416 0.147625480 -0.044781700
0.130482416 0.151303997 -0.030096236
0.130482416 0.153525374 -0.015120930
#16
0.148789741 0.161099927 0.000000000
0.148789741 0.160324187 0.015790554
0.148789741 0.158004437 0.031429037
0.148789741 0.154163018 0.046764840
0.148789741 0.148836925 0.061650273
0.148789741 0.142077451 0.075941980
0.148789741 0.133949694 0.089502324
0.148789741 0.124531928 0.102200712
0.148789741 0.113914851 0.113914851
0.148789741 0.102200712 0.124531928
0.148789741 0.089502324 0.133949694
0.148789741 0.075941980 0.142077451
0.148789741 0.061650273 0.148836925
0.148789741 0.046764840 0.154163018
0.148789741 0.031429037 0.158004437
0.148789741 0.015790554 0.160324187
0.148789741 0.000000000 0.161099927
0.148789741 -0.015790554 0.160324187
0.148789741 -0.031429037 0.158004437
0.148789741 -0.046764840 0.154163018
0.148789741 -0.061650273 0.148836925
0.148789741 -0.075941980 0.142077451
0.148789741 -0.089502324 0.133949694
0.148789741 -0.102200712 0.124531928
0.148789741 -0.113914851 0.113914851
0.148789741 -0.124531928 0.102200712
0.148789741 -0.133949694 0.089502324
0.148789741 -0.142077451 0.075941980
0.148789741 -0.148836925 0.061650273
0.148789741 -0.154163018 0.046764840
0.148789741 -0.158004437 0.031429037
0.148789741 -0.160324187 0.015790554
0.148789741 -0.161099927 0.000000000
0.148789741 -0.160324187 -0.015790554
0.148789741 -0.158004437 -0.031429037
0.148789741 -0.154163018 -0.046764840
0.148789741 -0.148836925 -0.061650273
0.148789741 -0.142077451 -0.075941980
0.148789741 -0.133949694 -0.089502324
0.148789741 -0.124531928 -0.102200712
0.148789741 -0.113914851 -0.113914851
0.148789741 -0.102200712 -0.124531928
0.148789741 -0.089502324 -0.133949694
0.148789741 -0.075941980 -0.142077451
0.148789741 -0.061650273 -0.148836925
0.148789741 -0.046764840 -0.154163018
0.148789741 -0.031429037 -0.158004437
0.148789741 -0.015790554 -0.160324187
0.148789741 -0.000000000 -0.161099927
0.148789741 0.015790554 -0.160324187
0.148789741 0.031429037 -0.158004437
0.148789741 0.046764840 -0.154163018
0.148789741 0.061650273 -0.148836925
0.148789741 0.075941980 -0.142077451
0.148789741 0.089502324 -0.133949694
0.148789741 0.102200712 -0.124531928
0.148789741 0.113914851 -0.113914851
0.148789741 0.124531928 -0.102200712
0.148789741 0.133949694 -0.089502324
0.148789741 0.142077451 -0.075941980
0.148789741 0.148836925 -0.061650273
0.148789741 0.154163018 -0.046764840
0.148789741 0.158004437 -0.031429037
0.148789741 0.160324187 -0.015790554
#17
0.168081635 0.167424521 0.000000000
0.168081635 0.166618327 0.016410473
0.168081635 0.164207506 0.032662904
0.168081635 0.160215278 0.048600773
0.168081635 0.154680089 0.064070591
0.168081635 0.147655246 0.078923373
0.168081635 0.139208402 0.093016080
0.168081635 0.129420905 0.106212992
0.168081635 0.118387014 0.118387014
0.168081635 0.106212992 0.129420905
0.168081635 0.093016080 0.139208402
0.168081635 0.078923373 0.147655246
0.168081635 0.064070591 0.154680089
0.168081635 0.048600773 0.160215278
0.168081635 0.032662904 0.164207506
0.168081635 0.016410473 0.166618327
0.168081635 0.000000000 0.167424521
0.168081635 -0.016410473 0.166618327
0.168081635 -0.032662904 0.164207506
0.168081635 -0.048600773 0.160215278
0.168081635 -0.064070591 0.154680089
0.168081635 -0.078923373 0.147655246
0.168081635 -0.093016080 0.139208402
0.168081635 -0.106212992 0.129420905
0.168081635 -0.118387014 0.118387014
0.168081635 -0.129420905 0.106212992
0.168081635 -0.139208402 0.093016080
0.168081635 -0.147655246 0.078923373
0.168081635 -0.154680089 0.064070591
0.168081635 -0.160215278 0.048600773
0.168081635 -0.164207506 0.032662904
0.168081635 -0.166618327 0.016410473
0.168081635 -0.167424521 0.000000000
0.168081635 -0.166618327 -0.016410473
0.168081635 -0.164207506 -0.032662904
0.168081635 -0.160215278 -0.048600773
0.168081635 -0.154680089 -0.064070591
0.168081635 -0.147655246 -0.078923373
0.168081635 -0.139208402 -0.093016080
0.168081635 -0.129420905 -0.106212992
0.168081635 -0.118387014 -0.118387014
0.168081635 -0.106212992 -0.129420905
0.168081635 -0.093016080 -0.139208402
0.168081635 -0.078923373 -0.147655246
0.168081635 -0.064070591 -0.154680089
0.168081635 -0.048600773 -0.160215278
0.168081635 -0.032662904 -0.164207506
0.168081635 -0.016410473 -0.166618327
0.168081635 -0.000000000 -0.167424521
0.168081635 0.016410473 -0.166618327
0.168081635 0.032662904 -0.164207506
0.168081635 0.048600773 -0.160215278
0.168081635 0.064070591 -0.154680089
0.168081635 0.078923373 -0.147655246
0.168081635 0.093016080 -0.139208402
0.168081635 0.106212992 -0.129420905
0.168081635 0.118387014 -0.118387014
0.168081635 0.129420905 -0.106212992
0.168081635 0.139208402 -0.093016080
0.168081635 0.147655246 -0.078923373
0.168081635 0.154680089 -0.064070591
0.168081635 0.160215278 -0.048600773
0.168081635 0.164207506 -0.032662904
0.168081635 0.166618327 -0.016410473
#18
0.188305223 0.173280170 0.000000000
0.188305223 0.172445778 0.016984427
0.188305223 0.169950640 0.033805284
0.188305223 0.165818784 0.050300578
0.188305223 0.160090002 0.066311450
0.188305223 0.152819466 0.081683707
0.188305223 0.144077195 0.096269304
0.188305223 0.133947383 0.109927776
0.188305223 0.122527583 0.122527583
0.188305223 0.109927776 0.133947383
0.188305223 0.096269304 0.144077195
0.188305223 0.081683707 0.152819466
0.188305223 0.066311450 0.160090002
0.188305223 0.050300578 0.165818784
0.188305223 0.033805284 0.169950640
0.188305223 0.016984427 0.172445778
0.188305223 0.000000000 0.173280170
0.188305223 -0.016984427 0.172445778
0.188305223 -0.033805284 0.169950640
0.188305223 -0.050300578 0.165818784
0.188305223 -0.066311450 0.160090002
0.188305223 -0.081683707 0.152819466
0.188305223 -0.096269304 0.144077195
0.188305223 -0.109927776 0.133947383
0.188305223 -0.122527583 0.122527583
0.188305223 -0.133947383 0.109927776
0.188305223 -0.144077195 0.096269304
0.188305223 -0.152819466 0.081683707
0.188305223 -0.160090002 0.066311450
0.188305223 -0.165818784 0.050300578
0.188305223 -0.169950640 0.033805284
0.188305223 -0.172445778 0.016984427
0.188305223 -0.173280170 0.000000000
0.188305223 -0.172445778 -0.016984427
0.188305223 -0.169950640 -0.033805284
0.188305223 -0.165818784 -0.050300578
0.188305223 -0.160090002 -0.066311450
0.188305223 -0.152819466 -0.081683707
0.188305223 -0.144077195 -0.096269304
0.188305223 -0.133947383 -0.109927776
0.188305223 -0.122527583 -0.122527583
0.188305223 -0.109927776 -0.133947383
0.188305223 -0.096269304 -0.144077195
0.188305223 -0.081683707 -0.152819466
0.188305223 -0.066311450 -0.160090002
0.188305223 -0.050300578 -0.165818784
0.188305223 -0.033805284 -0.169950640
0.188305223 -0.016984427 -0.172445778
0.188305223 -0.000000000 -0.173280170
0.188305223 0.016984427 -0.172445778
0.188305223 0.033805284 -0.169950640
0.188305223 0.050300578 -0.165818784
0.188305223 0.066311450 -0.160090002
0.188305223 0.081683707 -0.152819466
0.188305223 0.096269304 -0.144077195
0.188305223 0.109927776 -0.133947383
0.188305223 0.122527583 -0.122527583
0.188305223 0.133947383 -0.109927776
0.188305223 0.144077195 -0.096269304
0.188305223 0.152819466 -0.081683707
0.188305223 0.160090002 -0.066311450
0.188305223 0.165818784 -0.050300578
0.188305223 0.169950640 -0.033805284
0.188305223 0.172445778 -0.016984427
#19
0.209405071 0.178709242 0.000000000
0.209405071 0.177848708 0.017516569
0.209405071 0.175275394 0.034864444
0.209405071 0.171014082 0.051876555
0.209405071 0.165105811 0.068389066
0.209405071 0.157607480 0.084242953
0.209405071 0.148591304 0.099285535
0.209405071 0.138144112 0.113371943
0.209405071 0.126366517 0.126366517
0.209405071 0.113371943 0.138144112
0.209405071 0.099285535 0.148591304
0.209405071 0.084242953 0.157607480
0.209405071 0.068389066 0.165105811
0.209405071 0.051876555 0.171014082
0.209405071 0.034864444 0.175275394
0.209405071 0.017516569 0.177848708
0.209405071 0.000000000 0.178709242
0.209405071 -0.017516569 0.177848708
0.209405071 -0.034864444 0.175275394
0.209405071 -0.051876555 0.171014082
0.209405071 -0.068389066 0.165105811
0.209405071 -0.084242953 0.157607480
0.209405071 -0.099285535 0.148591304
0.209405071 -0.113371943 0.138144112
0.209405071 -0.126366517 0.126366517
0.209405071 -0.138144112 0.113371943
0.209405071 -0.148591304 0.099285535
0.209405071 -0.157607480 0.084242953
0.209405071 -0.165105811 0.068389066
0.209405071 -0.171014082 0.051876555
0.209405071 -0.175275394 0.034864444
0.209405071 -0.177848708 0.017516569
0.209405071 -0.178709242 0.000000000
0.209405071 -0.177848708 -0.017516569
0.209405071 -0.175275394 -0.034864444
0.209405071 -0.171014082 -0.051876555
0.209405071 -0.165105811 -0.068389066
0.209405071 -0.157607480 -0.084242953
0.209405071 -0.148591304 -0.099285535
0.209405071 -0.138144112 -0.113371943
0.209405071 -0.126366517 -0.126366517
0.209405071 -0.113371943 -0.138144112
0.209405071 -0.099285535 -0.148591304
0.209405071 -0.084242953 -0.157607480
0.209405071 -0.068389066 -0.165105811
0.209405071 -0.051876555 -0.171014082
0.209405071 -0.034864444 -0.175275394
0.209405071 -0.017516569 -0.177848708
0.209405071 -0.000000000 -0.178709242
0.209405071 0.017516569 -0.177848708
0.209405071 0.034864444 -0.175275394
0.209405071 0.051876555 -0.171014082
0.209405071 0.068389066 -0.165105811
0.209405071 0.084242953 -0.157607480
0.209405071 0.099285535 -0.148591304
0.209405071 0.113371943 -0.138144112
0.209405071 0.126366517 -0.126366517
0.209405071 0.138144112 -0.113371943
0.209405071 0.148591304 -0.099285535
0.209405071 0.157607480 -0.084242953
0.209405071 0.165105811 -0.068389066
0.209405071 0.171014082 -0.051876555
0.209405071 0.175275394 -0.034864444
0.209405071 0.177848708 -0.017516569
#20
0.231323347 0.183756746 0.000000000
0.231323347 0.182871907 0.018011311
0.231323347 0.180225912 0.035849163
0.231323347 0.175844242 0.053341768
0.231323347 0.169769097 0.070320662
0.231323347 0.162058982 0.086622330
0.231323347 0.152788150 0.102089778
0.231323347 0.142045886 0.116574046
0.231323347 0.129935641 0.129935641
0.231323347 0.116574046 0.142045886
0.231323347 0.102089778 0.152788150
0.231323347 0.086622330 0.162058982
0.231323347 0.070320662 0.169769097
0.231323347 0.053341768 0.175844242
0.231323347 0.035849163 0.180225912
0.231323347 0.018011311 0.182871907
0.231323347 0.000000000 0.183756746
0.231323347 -0.018011311 0.182871907
0.231323347 -0.035849163 0.180225912
0.231323347 -0.053341768 0.175844242
0.231323347 -0.070320662 0.169769097
0.231323347 -0.086622330 0.162058982
0.231323347 -0.102089778 0.152788150
0.231323347 -0.116574046 0.142045886
0.231323347 -0.129935641 0.129935641
0.231323347 -0.142045886 0.116574046
0.231323347 -0.152788150 0.102089778
0.231323347 -0.162058982 0.086622330
0.231323347 -0.169769097 0.070320662
0.231323347 -0.175844242 0.053341768
0.231323347 -0.180225912 0.035849163
0.231323347 -0.182871907 0.018011311
0.231323347 -0.183756746 0.000000000
0.231323347 -0.182871907 -0.018011311
0.231323347 -0.180225912 -0.035849163
0.231323347 -0.175844242 -0.053341768
0.231323347 -0.169769097 -0.070320662
0.231323347 -0.162058982 -0.086622330
0.231323347 -0.152788150 -0.102089778
0.231323347 -0.142045886 -0.116574046
0.231323347 -0.129935641 -0.129935641
0.231323347 -0.116574046 -0.142045886
0.231323347 -0.102089778 -0.152788150
0.231323347 -0.086622330 -0.162058982
0.231323347 -0.070320662 -0.169769097
0.231323347 -0.053341768 -0.175844242
0.231323347 -0.035849163 -0.180225912
0.231323347 -0.018011311 -0.182871907
0.231323347 -0.000000000 -0.183756746
0.231323347 0.018011311 -0.182871907
0.231323347 0.035849163 -0.180225912
0.231323347 0.053341768 -0.175844242
0.231323347 0.070320662 -0.169769097
0.231323347 0.086622330 -0.162058982
0.231323347 0.102089778 -0.152788150
0.231323347 0.116574046 -0.142045886
0.231323347 0.129935641 -0.129935641
0.231323347 0.142045886 -0.116574046
0.231323347 0.152788150 -0.102089778
0.231323347 0.162058982 -0.086622330
0.231323347 0.169769097 -0.070320662
0.231323347 0.175844242 -0.053341768
0.231323347 0.180225912 -0.035849163
0.231323347 0.182871907 -0.018011311
#21
0.253999975 0.188468692 0.000000000
0.253999975 0.187561163 0.018473162
0.253999975 0.184847319 0.036768418
0.253999975 0.180353293 0.054709573
0.253999975 0.174122367 0.072123846
0.253999975 0.166214547 0.088843526
0.253999975 0.156705990 0.104707595
0.253999975 0.145688269 0.119563272
0.253999975 0.133267490 0.133267490
0.253999975 0.119563272 0.145688269
0.253999975 0.104707595 0.156705990
0.253999975 0.088843526 0.166214547
0.253999975 0.072123846 0.174122367
0.253999975 0.054709573 0.180353293
0.253999975 0.036768418 0.184847319
0.253999975 0.018473162 0.187561163
0.253999975 0.000000000 0.188468692
0.253999975 -0.018473162 0.187561163
0.253999975 -0.036768418 0.184847319
0.253999975 -0.054709573 0.180353293
0.253999975 -0.072123846 0.174122367
0.253999975 -0.088843526 0.166214547
0.253999975 -0.104707595 0.156705990
0.253999975 -0.119563272 0.145688269
0.253999975 -0.133267490 0.133267490
0.253999975 -0.145688269 0.119563272
0.253999975 -0.156705990 0.104707595
0.253999975 -0.166214547 0.088843526
0.253999975 -0.174122367 0.072123846
0.253999975 -0.180353293 0.054709573
0.253999975 -0.184847319 0.036768418
0.253999975 -0.187561163 0.018473162
0.253999975 -0.188468692 0.000000000
0.253999975 -0.187561163 -0.018473162
0.253999975 -0.184847319 -0.036768418
0.253999975 -0.180353293 -0.054709573
0.253999975 -0.174122367 -0.072123846
0.253999975 -0.166214547 -0.088843526
0.253999975 -0.156705990 -0.104707595
0.253999975 -0.145688269 -0.119563272
0.253999975 -0.133267490 -0.133267490
0.253999975 -0.119563272 -0.145688269
0.253999975 -0.104707595 -0.156705990
0.253999975 -0.088843526 -0.166214547
0.253999975 -0.072123846 -0.174122367
0.253999975 -0.054709573 -0.180353293
0.253999975 -0.036768418 -0.184847319
0.253999975 -0.018473162 -0.187561163
0.253999975 -0.000000000 -0.188468692
0.253999975 0.018473162 -0.187561163
0.253999975 0.036768418 -0.184847319
0.253999975 0.054709573 -0.180353293
0.253999975 0.072123846 -0.174122367
0.253999975 0.088843526 -0.166214547
0.253999975 0.104707595 -0.156705990
0.253999975 0.119563272 -0.145688269
0.253999975 0.133267490 -0.133267490
0.253999975 0.145688269 -0.119563272
0.253999975 0.156705990 -0.104707595
0.253999975 0.166214547 -0.088843526
0.253999975 0.174122367 -0.072123846
0.253999975 0.180353293 -0.054709573
0.253999975 0.184847319 -0.036768418
0.253999975 0.187561163 -0.018473162
#22
0.277372799 0.192890446 0.000000000
0.277372799 0.191961626 0.018906570
0.277372799 0.189184110 0.037631059
0.277372799 0.184584648 0.055993141
0.277372799 0.178207535 0.073815978
0.277372799 0.170114186 0.090927927
0.277372799 0.160382544 0.107164190
0.277372799 0.149106331 0.122368404
0.277372799 0.136394142 0.136394142
0.277372799 0.122368404 0.149106331
0.277372799 0.107164190 0.160382544
0.277372799 0.090927927 0.170114186
0.277372799 0.073815978 0.178207535
0.277372799 0.055993141 0.184584648
0.277372799 0.037631059 0.189184110
0.277372799 0.018906570 0.191961626
0.277372799 0.000000000 0.192890446
0.277372799 -0.018906570 0.191961626
0.277372799 -0.037631059 0.189184110
0.277372799 -0.055993141 0.184584648
0.277372799 -0.073815978 0.178207535
0.277372799 -0.090927927 0.170114186
0.277372799 -0.107164190 0.160382544
0.277372799 -0.122368404 0.149106331
0.277372799 -0.136394142 0.136394142
0.277372799 -0.149106331 0.122368404
0.277372799 -0.160382544 0.107164190
0.277372799 -0.170114186 0.090927927
0.277372799 -0.178207535 0.073815978
0.277372799 -0.184584648 0.055993141
0.277372799 -0.189184110 0.037631059
0.277372799 -0.191961626 0.018906570
0.277372799 -0.192890446 0.000000000
0.277372799 -0.191961626 -0.018906570
0.277372799 -0.189184110 -0.037631059
0.277372799 -0.184584648 -0.055993141
0.277372799 -0.178207535 -0.073815978
0.277372799 -0.170114186 -0.090927927
0.277372799 -0.160382544 -0.107164190
0.277372799 -0.149106331 -0.122368404
0.277372799 -0.136394142 -0.136394142
0.277372799 -0.122368404 -0.149106331
0.277372799 -0.107164190 -0.160382544
0.277372799 -0.090927927 -0.170114186
0.277372799 -0.073815978 -0.178207535
0.277372799 -0.055993141 -0.184584648
0.277372799 -0.037631059 -0.189184110
0.277372799 -0.018906570 -0.191961626
0.277372799 -0.000000000 -0.192890446
0.277372799 0.018906570 -0.191961626
0.277372799 0.037631059 -0.189184110
0.277372799 0.055993141 -0.184584648
0.277372799 0.073815978 -0.178207535
0.277372799 0.090927927 -0.170114186
0.277372799 0.107164190 -0.160382544
0.277372799 0.122368404 -0.149106331
0.277372799 0.136394142 -0.136394142
0.277372799 0.149106331 -0.122368404
0.277372799 0.160382544 -0.107164190
0.277372799 0.170114186 -0.090927927
0.277372799 0.178207535 -0.073815978
0.277372799 0.184584648 -0.055993141
0.277372799 0.189184110 -0.037631059
0.277372799 0.191961626 -0.018906570
#23
0.301377756 0.197065160 0.000000000
0.301377756 0.196116238 0.019315763
0.301377756 0.193278609 0.038445506
0.301377756 0.188579601 0.057204997
0.301377756 0.182064468 0.075413572
0.301377756 0.173795955 0.092895874
0.301377756 0.163853693 0.109483537
0.301377756 0.152333429 0.125016814
0.301377756 0.139346111 0.139346111
0.301377756 0.125016814 0.152333429
0.301377756 0.109483537 0.163853693
0.301377756 0.092895874 0.173795955
0.301377756 0.075413572 0.182064468
0.301377756 0.057204997 0.188579601
0.301377756 0.038445506 0.193278609
0.301377756 0.019315763 0.196116238
0.301377756 0.000000000 0.197065160
0.301377756 -0.019315763 0.196116238
0.301377756 -0.038445506 0.193278609
0.301377756 -0.057204997 0.188579601
0.301377756 -0.075413572 0.182064468
0.301377756 -0.092895874 0.173795955
0.301377756 -0.109483537 0.163853693
0.301377756 -0.125016814 0.152333429
0.301377756 -0.139346111 0.139346111
0.301377756 -0.152333429 0.125016814
0.301377756 -0.163853693 0.109483537
0.301377756 -0.173795955 0.092895874
0.301377756 -0.182064468 0.075413572
0.301377756 -0.188579601 0.057204997
0.301377756 -0.193278609 0.038445506
0.301377756 -0.196116238 0.019315763
0.301377756 -0.197065160 0.000000000
0.301377756 -0.196116238 -0.019315763
0.301377756 -0.193278609 -0.038445506
0.301377756 -0.188579601 -0.057204997
0.301377756 -0.182064468 -0.075413572
0.301377756 -0.173795955 -0.092895874
0.301377756 -0.163853693 -0.109483537
0.301377756 -0.152333429 -0.125016814
0.301377756 -0.139346111 -0.139346111
0.301377756 -0.125016814 -0.152333429
0.301377756 -0.109483537 -0.163853693
0.301377756 -0.092895874 -0.173795955
0.301377756 -0.075413572 -0.182064468
0.301377756 -0.057204997 -0.188579601
0.301377756 -0.038445506 -0.193278609
0.301377756 -0.019315763 -0.196116238
0.301377756 -0.000000000 -0.197065160
0.301377756 0.019315763 -0.196116238
0.301377756 0.038445506 -0.193278609
0.301377756 0.057204997 -0.188579601
0.301377756 0.075413572 -0.182064468
0.301377756 0.092895874 -0.173795955
0.301377756 0.109483537 -0.163853693
0.301377756 0.125016814 -0.152333429
0.301377756 0.139346111 -0.139346111
0.301377756 0.152333429 -0.125016814
0.301377756 0.163853693 -0.109483537
0.301377756 0.173795955 -0.092895874
0.301377756 0.182064468 -0.075413572
0.301377756 0.188579601 -0.057204997
0.301377756 0.193278609 -0.038445506
0.301377756 0.196116238 -0.019315763
#24
0.325949050 0.201032334 0.000000000
0.325949050 0.200064309 0.019704615
0.325949050 0.197169554 0.039219463
0.325949050 0.192375950 0.058356606
0.325949050 0.185729659 0.076931744
0.325949050 0.177294691 0.094765986
0.325949050 0.167152277 0.111687581
0.325949050 0.155400096 0.127533563
0.325949050 0.142151327 0.142151327
0.325949050 0.127533563 0.155400096
0.325949050 0.111687581 0.167152277
0.325949050 0.094765986 0.177294691
0.325949050 0.076931744 0.185729659
0.325949050 0.058356606 0.192375950
0.325949050 0.039219463 0.197169554
0.325949050 0.019704615 0.200064309
0.325949050 0.000000000 0.201032334
0.325949050 -0.019704615 0.200064309
0.325949050 -0.039219463 0.197169554
0.325949050 -0.058356606 0.192375950
0.325949050 -0.076931744 0.185729659
0.325949050 -0.094765986 0.177294691
0.325949050 -0.111687581 0.167152277
0.325949050 -0.127533563 0.155400096
0.325949050 -0.142151327 0.142151327
0.325949050 -0.155400096 0.127533563
0.325949050 -0.167152277 0.111687581
0.325949050 -0.177294691 0.094765986
0.325949050 -0.185729659 0.076931744
0.325949050 -0.192375950 0.058356606
0.325949050 -0.197169554 0.039219463
0.325949050 -0.200064309 0.019704615
0.325949050 -0.201032334 0.000000000
0.325949050 -0.200064309 -0.019704615
0.325949050 -0.197169554 -0.039219463
0.325949050 -0.192375950 -0.058356606
0.325949050 -0.185729659 -0.076931744
0.325949050 -0.177294691 -0.094765986
0.325949050 -0.167152277 -0.111687581
0.325949050 -0.155400096 -0.127533563
0.325949050 -0.142151327 -0.142151327
0.325949050 -0.127533563 -0.155400096
0.325949050 -0.111687581 -0.167152277
0.325949050 -0.094765986 -0.177294691
0.325949050 -0.076931744 -0.185729659
0.325949050 -0.058356606 -0.192375950
0.325949050 -0.039219463 -0.197169554
0.325949050 -0.019704615 -0.200064309
0.325949050 -0.000000000 -0.201032334
0.325949050 0.019704615 -0.200064309
0.325949050 0.039219463 -0.197169554
0.325949050 0.058356606 -0.192375950
0.325949050 0.076931744 -0.185729659
0.325949050 0.094765986 -0.177294691
0.325949050 0.111687581 -0.167152277
0.325949050 0.127533563 -0.155400096
0.325949050 0.142151327 -0.142151327
0.325949050 0.155400096 -0.127533563
0.325949050 0.167152277 -0.111687581
0.325949050 0.177294691 -0.094765986
0.325949050 0.185729659 -0.076931744
0.325949050 0.192375950 -0.058356606
0.325949050 0.197169554 -0.039219463
0.325949050 0.200064309 -0.019704615
#25
0.351019332 0.204826584 0.000000000
0.351019332 0.203840288 0.020076516
0.351019332 0.200890899 0.039959684
0.351019332 0.196006820 0.059458019
0.351019332 0.189235089 0.078383740
0.351019332 0.180640920 0.096554583
0.351019332 0.170307081 0.113795553
0.351019332 0.158333091 0.129940610
0.351019332 0.144834267 0.144834267
0.351019332 0.129940610 0.158333091
0.351019332 0.113795553 0.170307081
0.351019332 0.096554583 0.180640920
0.351019332 0.078383740 0.189235089
0.351019332 0.059458019 0.196006820
0.351019332 0.039959684 0.200890899
0.351019332 0.020076516 0.203840288
0.351019332 0.000000000 0.204826584
0.351019332 -0.020076516 0.203840288
0.351019332 -0.039959684 0.200890899
0.351019332 -0.059458019 0.196006820
0.351019332 -0.078383740 0.189235089
0.351019332 -0.096554583 0.180640920
0.351019332 -0.113795553 0.170307081
0.351019332 -0.129940610 0.158333091
0.351019332 -0.144834267 0.144834267
0.351019332 -0.158333091 0.129940610
0.351019332 -0.170307081 0.113795553
0.351019332 -0.180640920 0.096554583
0.351019332 -0.189235089 0.078383740
0.351019332 -0.196006820 0.059458019
0.351019332 -0.200890899 0.039959684
0.351019332 -0.203840288 0.020076516
0.351019332 -0.204826584 0.000000000
0.351019332 -0.203840288 -0.020076516
0.351019332 -0.200890899 -0.039959684
0.351019332 -0.196006820 -0.059458019
0.351019332 -0.189235089 -0.078383740
0.351019332 -0.180640920 -0.096554583
0.351019332 -0.170307081 -0.113795553
0.351019332 -0.158333091 -0.129940610
0.351019332 -0.144834267 -0.144834267
0.351019332 -0.129940610 -0.158333091
0.351019332 -0.113795553 -0.170307081
0.351019332 -0.096554583 -0.180640920
0.351019332 -0.078383740 -0.189235089
0.351019332 -0.059458019 -0.196006820
0.351019332 -0.039959684 -0.200890899
0.351019332 -0.020076516 -0.203840288
0.351019332 -0.000000000 -0.204826584
0.351019332 0.020076516 -0.203840288
0.351019332 0.039959684 -0.200890899
0.351019332 0.059458019 -0.196006820
0.351019332 0.078383740 -0.189235089
0.351019332 0.096554583 -0.180640920
0.351019332 0.113795553 -0.170307081
0.351019332 0.129940610 -0.158333091
0.351019332 0.144834267 -0.144834267
0.351019332 0.158333091 -0.129940610
0.351019332 0.170307081 -0.113795553
0.351019332 0.180640920 -0.096554583
0.351019332 0.189235089 -0.078383740
0.351019332 0.196006820 -0.059458019
0.351019332 0.200890899 -0.039959684
0.351019332 0.203840288 -0.020076516
#26
0.376519888 0.208476674 0.000000000
0.376519888 0.207472802 0.020434287
0.376519888 0.204470853 0.040671781
0.376519888 0.199499738 0.060517584
0.376519888 0.192607332 0.079780569
0.376519888 0.183860012 0.098275224
0.376519888 0.173342019 0.115823434
0.376519888 0.161154648 0.132256202
0.376519888 0.147415270 0.147415270
0.376519888 0.132256202 0.161154648
0.376519888 0.115823434 0.173342019
0.376519888 0.098275224 0.183860012
0.376519888 0.079780569 0.192607332
0.376519888 0.060517584 0.199499738
0.376519888 0.040671781 0.204470853
0.376519888 0.020434287 0.207472802
0.376519888 0.000000000 0.208476674
0.376519888 -0.020434287 0.207472802
0.376519888 -0.040671781 0.204470853
0.376519888 -0.060517584 0.199499738
0.376519888 -0.079780569 0.192607332
0.376519888 -0.098275224 0.183860012
0.376519888 -0.115823434 0.173342019
0.376519888 -0.132256202 0.161154648
0.376519888 -0.147415270 0.147415270
0.376519888 -0.161154648 0.132256202
0.376519888 -0.173342019 0.115823434
0.376519888 -0.183860012 0.098275224
0.376519888 -0.192607332 0.079780569
0.376519888 -0.199499738 0.060517584
0.376519888 -0.204470853 0.040671781
0.376519888 -0.207472802 0.020434287
0.376519888 -0.208476674 0.000000000
0.376519888 -0.207472802 -0.020434287
0.376519888 -0.204470853 -0.040671781
0.376519888 -0.199499738 -0.060517584
0.376519888 -0.192607332 -0.079780569
0.376519888 -0.183860012 -0.098275224
0.376519888 -0.173342019 -0.115823434
0.376519888 -0.161154648 -0.132256202
0.376519888 -0.147415270 -0.147415270
0.376519888 -0.132256202 -0.161154648
0.376519888 -0.115823434 -0.173342019
0.376519888 -0.098275224 -0.183860012
0.376519888 -0.079780569 -0.192607332
0.376519888 -0.060517584 -0.199499738
0.376519888 -0.040671781 -0.204470853
0.376519888 -0.020434287 -0.207472802
0.376519888 -0.000000000 -0.208476674
0.376519888 0.020434287 -0.207472802
0.376519888 0.040671781 -0.204470853
0.376519888 0.060517584 -0.199499738
0.376519888 0.079780569 -0.192607332
0.376519888 0.098275224 -0.183860012
0.376519888 0.115823434 -0.173342019
0.376519888 0.132256202 -0.161154648
0.376519888 0.147415270 -0.147415270
0.376519888 0.161154648 -0.132256202
0.376519888 0.173342019 -0.115823434
0.376519888 0.183860012 -0.098275224
0.376519888 0.192607332 -0.079780569
0.376519888 0.199499738 -0.060517584
0.376519888 0.204470853 -0.040671781
0.376519888 0.207472802 -0.020434287
#27
0.402380821 0.212004848 0.000000000
0.402380821 0.210983987 0.020780109
0.402380821 0.207931234 0.041360094
0.402380821 0.202875990 0.061541759
0.402380821 0.195866940 0.081130743
0.402380821 0.186971584 0.099938394
0.402380821 0.176275589 0.117783583
0.402380821 0.163881964 0.134494452
0.402380821 0.149910066 0.149910066
0.402380821 0.134494452 0.163881964
0.402380821 0.117783583 0.176275589
0.402380821 0.099938394 0.186971584
0.402380821 0.081130743 0.195866940
0.402380821 0.061541759 0.202875990
0.402380821 0.041360094 0.207931234
0.402380821 0.020780109 0.210983987
0.402380821 0.000000000 0.212004848
0.402380821 -0.020780109 0.210983987
0.402380821 -0.041360094 0.207931234
0.402380821 -0.061541759 0.202875990
0.402380821 -0.081130743 0.195866940
0.402380821 -0.099938394 0.186971584
0.402380821 -0.117783583 0.176275589
0.402380821 -0.134494452 0.163881964
0.402380821 -0.149910066 0.149910066
0.402380821 -0.163881964 0.134494452
0.402380821 -0.176275589 0.117783583
0.402380821 -0.186971584 0.099938394
0.402380821 -0.195866940 0.081130743
0.402380821 -0.202875990 0.061541759
0.402380821 -0.207931234 0.041360094
0.402380821 -0.210983987 0.020780109
0.402380821 -0.212004848 0.000000000
0.402380821 -0.210983987 -0.020780109
0.402380821 -0.207931234 -0.041360094
0.402380821 -0.202875990 -0.061541759
0.402380821 -0.195866940 -0.081130743
0.402380821 -0.186971584 -0.099938394
0.402380821 -0.176275589 -0.117783583
0.402380821 -0.163881964 -0.134494452
0.402380821 -0.149910066 -0.149910066
0.402380821 -0.134494452 -0.163881964
0.402380821 -0.117783583 -0.176275589
0.402380821 -0.099938394 -0.186971584
0.402380821 -0.081130743 -0.195866940
0.402380821 -0.061541759 -0.202875990
0.402380821 -0.041360094 -0.207931234
0.402380821 -0.020780109 -0.210983987
0.402380821 -0.000000000 -0.212004848
0.402380821 0.020780109 -0.210983987
0.402380821 0.041360094 -0.207931234
0.402380821 0.061541759 -0.202875990
0.402380821 0.081130743 -0.195866940
0.402380821 0.099938394 -0.186971584
0.402380821 0.117783583 -0.176275589
0.402380821 0.134494452 -0.163881964
0.402380821 0.149910066 -0.149910066
0.402380821 0.163881964 -0.134494452
0.402380821 0.176275589 -0.117783583
0.402380821 0.186971584 -0.099938394
0.402380821 0.195866940 -0.081130743
0.402380821 0.202875990 -0.061541759
0.402380821 0.207931234 -0.041360094
0.402380821 0.210983987 -0.020780109
#28
0.428531250 0.215426501 0.000000000
0.428531250 0.214389163 0.021115490
0.428531250 0.211287141 0.042027625
0.428531250 0.206150308 0.062535012
0.428531250 0.199028135 0.082440153
0.428531250 0.189989212 0.101551349
0.428531250 0.179120589 0.119684551
0.428531250 0.166526937 0.136665125
0.428531250 0.152329539 0.152329539
0.428531250 0.136665125 0.166526937
0.428531250 0.119684551 0.179120589
0.428531250 0.101551349 0.189989212
0.428531250 0.082440153 0.199028135
0.428531250 0.062535012 0.206150308
0.428531250 0.042027625 0.211287141
0.428531250 0.021115490 0.214389163
0.428531250 0.000000000 0.215426501
0.428531250 -0.021115490 0.214389163
0.428531250 -0.042027625 0.211287141
0.428531250 -0.062535012 0.206150308
0.428531250 -0.082440153 0.199028135
0.428531250 -0.101551349 0.189989212
0.428531250 -0.119684551 0.179120589
0.428531250 -0.136665125 0.166526937
0.428531250 -0.152329539 0.152329539
0.428531250 -0.166526937 0.136665125
0.428531250 -0.179120589 0.119684551
0.428531250 -0.189989212 0.101551349
0.428531250 -0.199028135 0.082440153
0.428531250 -0.206150308 0.062535012
0.428531250 -0.211287141 0.042027625
0.428531250 -0.214389163 0.021115490
0.428531250 -0.215426501 0.000000000
0.428531250 -0.214389163 -0.021115490
0.428531250 -0.211287141 -0.042027625
0.428531250 -0.206150308 -0.062535012
0.428531250 -0.199028135 -0.082440153
0.428531250 -0.189989212 -0.101551349
0.428531250 -0.179120589 -0.119684551
0.428531250 -0.166526937 -0.136665125
0.428531250 -0.152329539 -0.152329539
0.428531250 -0.136665125 -0.166526937
0.428531250 -0.119684551 -0.179120589
0.428531250 -0.101551349 -0.189989212
0.428531250 -0.082440153 -0.199028135
0.428531250 -0.062535012 -0.206150308
0.428531250 -0.042027625 -0.211287141
0.428531250 -0.021115490 -0.214389163
0.428531250 -0.000000000 -0.215426501
0.428531250 0.021115490 -0.214389163
0.428531250 0.042027625 -0.211287141
0.428531250 0.062535012 -0.206150308
0.428531250 0.082440153 -0.199028135
0.428531250 0.101551349 -0.189989212
0.428531250 0.119684551 -0.179120589
0.428531250 0.136665125 -0.166526937
0.428531250 0.152329539 -0.152329539
0.428531250 0.166526937 -0.136665125
0.428531250 0.179120589 -0.119684551
0.428531250 0.189989212 -0.101551349
0.428531250 0.199028135 -0.082440153
0.428531250 0.206150308 -0.062535012
0.428531250 0.211287141 -0.042027625
0.428531250 0.214389163 -0.021115490
#29
0.454899496 0.218750187 0.000000000
0.454899496 0.217696845 0.021441268
0.454899496 0.214546964 0.042676044
0.454899496 0.209330878 0.063499827
0.454899496 0.202098821 0.083712072
0.454899496 0.192920442 0.103118124
0.454899496 0.181884133 0.121531092
0.454899496 0.169096181 0.138773650
0.454899496 0.154679741 0.154679741
0.454899496 0.138773650 0.169096181
0.454899496 0.121531092 0.181884133
0.454899496 0.103118124 0.192920442
0.454899496 0.083712072 0.202098821
0.454899496 0.063499827 0.209330878
0.454899496 0.042676044 0.214546964
0.454899496 0.021441268 0.217696845
0.454899496 0.000000000 0.218750187
0.454899496 -0.021441268 0.217696845
0.454899496 -0.042676044 0.214546964
0.454899496 -0.063499827 0.209330878
0.454899496 -0.083712072 0.202098821
0.454899496 -0.103118124 0.192920442
0.454899496 -0.121531092 0.181884133
0.454899496 -0.138773650 0.169096181
0.454899496 -0.154679741 0.154679741
0.454899496 -0.169096181 0.138773650
0.454899496 -0.181884133 0.121531092
0.454899496 -0.192920442 0.103118124
0.454899496 -0.202098821 0.083712072
0.454899496 -0.209330878 0.063499827
0.454899496 -0.214546964 0.042676044
0.454899496 -0.217696845 0.021441268
0.454899496 -0.218750187 0.000000000
0.454899496 -0.217696845 -0.021441268
0.454899496 -0.214546964 -0.042676044
0.454899496 -0.209330878 -0.063499827
0.454899496 -0.202098821 -0.083712072
0.454899496 -0.192920442 -0.103118124
0.454899496 -0.181884133 -0.121531092
0.454899496 -0.169096181 -0.138773650
0.454899496 -0.154679741 -0.154679741
0.454899496 -0.138773650 -0.169096181
0.454899496 -0.121531092 -0.181884133
0.454899496 -0.103118124 -0.192920442
0.454899496 -0.083712072 -0.202098821
0.454899496 -0.063499827 -0.209330878
0.454899496 -0.042676044 -0.214546964
0.454899496 -0.021441268 -0.217696845
0.454899496 -0.000000000 -0.218750187
0.454899496 0.021441268 -0.217696845
0.454899496 0.042676044 -0.214546964
0.454899496 0.063499827 -0.209330878
0.454899496 0.083712072 -0.202098821
0.454899496 0.103118124 -0.192920442
0.454899496 0.121531092 -0.181884133
0.454899496 0.138773650 -0.169096181
0.454899496 0.154679741 -0.154679741
0.454899496 0.169096181 -0.138773650
0.454899496 0.181884133 -0.121531092
0.454899496 0.192920442 -0.103118124
0.454899496 0.202098821 -0.083712072
0.454899496 0.209330878 -0.063499827
0.454899496 0.214546964 -0.042676044
0.454899496 0.217696845 -0.021441268
#30
0.481413287 0.221977972 0.000000000
0.481413287 0.220909087 0.021757646
0.481413287 0.217712727 0.043305754
0.481413287 0.212419675 0.064436804
0.481413287 0.205080905 0.084947292
0.481413287 0.195767093 0.104639692
0.481413287 0.184567938 0.123324353
0.481413287 0.171591293 0.140821334
0.481413287 0.156962129 0.156962129
0.481413287 0.140821334 0.171591293
0.481413287 0.123324353 0.184567938
0.481413287 0.104639692 0.195767093
0.481413287 0.084947292 0.205080905
0.481413287 0.064436804 0.212419675
0.481413287 0.043305754 0.217712727
0.481413287 0.021757646 0.220909087
0.481413287 0.000000000 0.221977972
0.481413287 -0.021757646 0.220909087
0.481413287 -0.043305754 0.217712727
0.481413287 -0.064436804 0.212419675
0.481413287 -0.084947292 0.205080905
0.481413287 -0.104639692 0.195767093
0.481413287 -0.123324353 0.184567938
0.481413287 -0.140821334 0.171591293
0.481413287 -0.156962129 0.156962129
0.481413287 -0.171591293 0.140821334
0.481413287 -0.184567938 0.123324353
0.481413287 -0.195767093 0.104639692
0.481413287 -0.205080905 0.084947292
0.481413287 -0.212419675 0.064436804
0.481413287 -0.217712727 0.043305754
0.481413287 -0.220909087 0.021757646
0.481413287 -0.221977972 0.000000000
0.481413287 -0.220909087 -0.021757646
0.481413287 -0.217712727 -0.043305754
0.481413287 -0.212419675 -0.064436804
0.481413287 -0.205080905 -0.084947292
0.481413287 -0.195767093 -0.104639692
0.481413287 -0.184567938 -0.123324353
0.481413287 -0.171591293 -0.140821334
0.481413287 -0.156962129 -0.156962129
0.481413287 -0.140821334 -0.171591293
0.481413287 -0.123324353 -0.184567938
0.481413287 -0.104639692 -0.195767093
0.481413287 -0.084947292 -0.205080905
0.481413287 -0.064436804 -0.212419675
0.481413287 -0.043305754 -0.217712727
0.481413287 -0.021757646 -0.220909087
0.481413287 -0.000000000 -0.221977972
0.481413287 0.021757646 -0.220909087
0.481413287 0.043305754 -0.217712727
0.481413287 0.064436804 -0.212419675
0.481413287 0.084947292 -0.205080905
0.481413287 0.104639692 -0.195767093
0.481413287 0.123324353 -0.184567938
0.481413287 0.140821334 -0.171591293
0.481413287 0.156962129 -0.156962129
0.481413287 0.171591293 -0.140821334
0.481413287 0.184567938 -0.123324353
0.481413287 0.195767093 -0.104639692
0.481413287 0.205080905 -0.084947292
0.481413287 0.212419675 -0.064436804
0.481413287 0.217712727 -0.043305754
0.481413287 0.220909087 -0.021757646
#31
0.507999950 0.225106087 0.000000000
0.507999950 0.224022140 0.022064255
0.507999950 0.220780737 0.043916019
0.507999950 0.215413095 0.065344848
0.507999950 0.207970907 0.086144370
0.507999950 0.198525845 0.106114275
0.507999950 0.187168871 0.125062241
0.507999950 0.174009359 0.142805790
0.507999950 0.159174041 0.159174041
0.507999950 0.142805790 0.174009359
0.507999950 0.125062241 0.187168871
0.507999950 0.106114275 0.198525845
0.507999950 0.086144370 0.207970907
0.507999950 0.065344848 0.215413095
0.507999950 0.043916019 0.220780737
0.507999950 0.022064255 0.224022140
0.507999950 0.000000000 0.225106087
0.507999950 -0.022064255 0.224022140
0.507999950 -0.043916019 0.220780737
0.507999950 -0.065344848 0.215413095
0.507999950 -0.086144370 0.207970907
0.507999950 -0.106114275 0.198525845
0.507999950 -0.125062241 0.187168871
0.507999950 -0.142805790 0.174009359
0.507999950 -0.159174041 0.159174041
0.507999950 -0.174009359 0.142805790
0.507999950 -0.187168871 0.125062241
0.507999950 -0.198525845 0.106114275
0.507999950 -0.207970907 0.086144370
0.507999950 -0.215413095 0.065344848
0.507999950 -0.220780737 0.043916019
0.507999950 -0.224022140 0.022064255
0.507999950 -0.225106087 0.000000000
0.507999950 -0.224022140 -0.022064255
0.507999950 -0.220780737 -0.043916019
0.507999950 -0.215413095 -0.065344848
0.507999950 -0.207970907 -0.086144370
0.507999950 -0.198525845 -0.106114275
0.507999950 -0.187168871 -0.125062241
0.507999950 -0.174009359 -0.142805790
0.507999950 -0.159174041 -0.159174041
0.507999950 -0.142805790 -0.174009359
0.507999950 -0.125062241 -0.187168871
0.507999950 -0.106114275 -0.198525845
0.507999950 -0.086144370 -0.207970907
0.507999950 -0.065344848 -0.215413095
0.507999950 -0.043916019 -0.220780737
0.507999950 -0.022064255 -0.224022140
0.507999950 -0.000000000 -0.225106087
0.507999950 0.022064255 -0.224022140
0.507999950 0.043916019 -0.220780737
0.507999950 0.065344848 -0.215413095
0.507999950 0.086144370 -0.207970907
0.507999950 0.106114275 -0.198525845
0.507999950 0.125062241 -0.187168871
0.507999950 0.142805790 -0.174009359
0.507999950 0.159174041 -0.159174041
0.507999950 0.174009359 -0.142805790
0.507999950 0.187168871 -0.125062241
0.507999950 0.198525845 -0.106114275
0.507999950 0.207970907 -0.086144370
0.507999950 0.215413095 -0.065344848
0.507999950 0.220780737 -0.043916019
0.507999950 0.224022140 -0.022064255
#32
0.534586613 0.228125863 0.000000000
0.534586613 0.227027375 0.022360245
0.534586613 0.223742489 0.044505148
0.534586613 0.218302840 0.066221443
0.534586613 0.210760816 0.087299988
0.534586613 0.201189050 0.107537788
0.534586613 0.189679723 0.126739939
0.534586613 0.176343677 0.144721516
0.534586613 0.161309345 0.161309345
0.534586613 0.144721516 0.176343677
0.534586613 0.126739939 0.189679723
0.534586613 0.107537788 0.201189050
0.534586613 0.087299988 0.210760816
0.534586613 0.066221443 0.218302840
0.534586613 0.044505148 0.223742489
0.534586613 0.022360245 0.227027375
0.534586613 0.000000000 0.228125863
0.534586613 -0.022360245 0.227027375
0.534586613 -0.044505148 0.223742489
0.534586613 -0.066221443 0.218302840
0.534586613 -0.087299988 0.210760816
0.534586613 -0.107537788 0.201189050
0.534586613 -0.126739939 0.189679723
0.534586613 -0.144721516 0.176343677
0.534586613 -0.161309345 0.161309345
0.534586613 -0.176343677 0.144721516
0.534586613 -0.189679723 0.126739939
0.534586613 -0.201189050 0.107537788
0.534586613 -0.210760816 0.087299988
0.534586613 -0.218302840 0.066221443
0.534586613 -0.223742489 0.044505148
0.534586613 -0.227027375 0.022360245
0.534586613 -0.228125863 0.000000000
0.534586613 -0.227027375 -0.022360245
0.534586613 -0.223742489 -0.044505148
0.534586613 -0.218302840 -0.066221443
0.534586613 -0.210760816 -0.087299988
0.534586613 -0.201189050 -0.107537788
0.534586613 -0.189679723 -0.126739939
0.534586613 -0.176343677 -0.144721516
0.534586613 -0.161309345 -0.161309345
0.534586613 -0.144721516 -0.176343677
0.534586613 -0.126739939 -0.189679723
0.534586613 -0.107537788 -0.201189050
0.534586613 -0.087299988 -0.210760816
0.534586613 -0.066221443 -0.218302840
0.534586613 -0.044505148 -0.223742489
0.534586613 -0.022360245 -0.227027375
0.534586613 -0.000000000 -0.228125863
0.534586613 0.022360245 -0.227027375
0.534586613 0.044505148 -0.223742489
0.534586613 0.066221443 -0.218302840
0.534586613 0.087299988 -0.210760816
0.534586613 0.107537788 -0.201189050
0.534586613 0.126739939 -0.189679723
0.534586613 0.144721516 -0.176343677
0.534586613 0.161309345 -0.161309345
0.534586613 0.176343677 -0.144721516
0.534586613 0.189679723 -0.126739939
0.534586613 0.201189050 -0.107537788
0.534586613 0.210760816 -0.087299988
0.534586613 0.218302840 -0.066221443
0.534586613 0.223742489 -0.044505148
0.534586613 0.227027375 -0.022360245
#33
0.561100404 0.231024862 0.000000000
0.561100404 0.229912414 0.022644396
0.561100404 0.226585784 0.045070715
0.561100404 0.221077009 0.067062978
0.561100404 0.213439142 0.088409387
0.561100404 0.203745739 0.108904366
0.561100404 0.192090153 0.128350537
0.561100404 0.178584634 0.146560621
0.561100404 0.163359247 0.163359247
0.561100404 0.146560621 0.178584634
0.561100404 0.128350537 0.192090153
0.561100404 0.108904366 0.203745739
0.561100404 0.088409387 0.213439142
0.561100404 0.067062978 0.221077009
0.561100404 0.045070715 0.226585784
0.561100404 0.022644396 0.229912414
0.561100404 0.000000000 0.231024862
0.561100404 -0.022644396 0.229912414
0.561100404 -0.045070715 0.226585784
0.561100404 -0.067062978 0.221077009
0.561100404 -0.088409387 0.213439142
0.561100404 -0.108904366 0.203745739
0.561100404 -0.128350537 0.192090153
0.561100404 -0.146560621 0.178584634
0.561100404 -0.163359247 0.163359247
0.561100404 -0.178584634 0.146560621
0.561100404 -0.192090153 0.128350537
0.561100404 -0.203745739 0.108904366
0.561100404 -0.213439142 0.088409387
0.561100404 -0.221077009 0.067062978
0.561100404 -0.226585784 0.045070715
0.561100404 -0.229912414 0.022644396
0.561100404 -0.231024862 0.000000000
0.561100404 -0.229912414 -0.022644396
0.561100404 -0.226585784 -0.045070715
0.561100404 -0.221077009 -0.067062978
0.561100404 -0.213439142 -0.088409387
0.561100404 -0.203745739 -0.108904366
0.561100404 -0.192090153 -0.128350537
0.561100404 -0.178584634 -0.146560621
0.561100404 -0.163359247 -0.163359247
0.561100404 -0.146560621 -0.178584634
0.561100404 -0.128350537 -0.192090153
0.561100404 -0.108904366 -0.203745739
0.561100404 -0.088409387 -0.213439142
0.561100404 -0.067062978 -0.221077009
0.561100404 -0.045070715 -0.226585784
0.561100404 -0.022644396 -0.229912414
0.561100404 -0.000000000 -0.231024862
0.561100404 0.022644396 -0.229912414
0.561100404 0.045070715 -0.226585784
0.561100404 0.067062978 -0.221077009
0.561100404 0.088409387 -0.213439142
0.561100404 0.108904366 -0.203745739
0.561100404 0.128350537 -0.192090153
0.561100404 0.146560621 -0.178584634
0.561100404 0.163359247 -0.163359247
0.561100404 0.178584634 -0.146560621
0.561100404 0.192090153 -0.128350537
0.561100404 0.203745739 -0.108904366
0.561100404 0.213439142 -0.088409387
0.561100404 0.221077009 -0.067062978
0.561100404 0.226585784 -0.045070715
0.561100404 0.229912414 -0.022644396
#34
0.587468650 0.233788161 0.000000000
0.587468650 0.232662407 0.022915247
0.587468650 0.229295987 0.045609808
0.587468650 0.223721321 0.067865121
0.587468650 0.215992097 0.089466856
0.587468650 0.206182751 0.110206976
0.587468650 0.194387752 0.129885743
0.587468650 0.180720692 0.148313639
0.587468650 0.165313194 0.165313194
0.587468650 0.148313639 0.180720692
0.587468650 0.129885743 0.194387752
0.587468650 0.110206976 0.206182751
0.587468650 0.089466856 0.215992097
0.587468650 0.067865121 0.223721321
0.587468650 0.045609808 0.229295987
0.587468650 0.022915247 0.232662407
0.587468650 0.000000000 0.233788161
0.587468650 -0.022915247 0.232662407
0.587468650 -0.045609808 0.229295987
0.587468650 -0.067865121 0.223721321
0.587468650 -0.089466856 0.215992097
0.587468650 -0.110206976 0.206182751
0.587468650 -0.129885743 0.194387752
0.587468650 -0.148313639 0.180720692
0.587468650 -0.165313194 0.165313194
0.587468650 -0.180720692 0.148313639
0.587468650 -0.194387752 0.129885743
0.587468650 -0.206182751 0.110206976
0.587468650 -0.215992097 0.089466856
0.587468650 -0.223721321 0.067865121
0.587468650 -0.229295987 0.045609808
0.587468650 -0.232662407 0.022915247
0.587468650 -0.233788161 0.000000000
0.587468650 -0.232662407 -0.022915247
0.587468650 -0.229295987 -0.045609808
0.587468650 -0.223721321 -0.067865121
0.587468650 -0.215992097 -0.089466856
0.587468650 -0.206182751 -0.110206976
0.587468650 -0.194387752 -0.129885743
0.587468650 -0.180720692 -0.148313639
0.587468650 -0.165313194 -0.165313194
0.587468650 -0.148313639 -0.180720692
0.587468650 -0.129885743 -0.194387752
0.587468650 -0.110206976 -0.206182751
0.587468650 -0.089466856 -0.215992097
0.587468650 -0.067865121 -0.223721321
0.587468650 -0.045609808 -0.229295987
0.587468650 -0.022915247 -0.232662407
0.587468650 -0.000000000 -0.233788161
0.587468650 0.022915247 -0.232662407
0.587468650 0.045609808 -0.229295987
0.587468650 0.067865121 -0.223721321
0.587468650 0.089466856 -0.215992097
0.587468650 0.110206976 -0.206182751
0.587468650 0.129885743 -0.194387752
0.587468650 0.148313639 -0.180720692
0.587468650 0.165313194 -0.165313194
0.587468650 0.180720692 -0.148313639
0.587468650 0.194387752 -0.129885743
0.587468650 0.206182751 -0.110206976
0.587468650 0.215992097 -0.089466856
0.587468650 0.223721321 -0.067865121
0.587468650 0.229295987 -0.045609808
0.587468650 0.232662407 -0.022915247
#35
0.613619079 0.236399697 0.000000000
0.613619079 0.235261368 0.023171222
0.613619079 0.231857343 0.046119293
0.613619079 0.226220405 0.068623210
0.613619079 0.218404841 0.090466247
0.613619079 0.208485920 0.111438046
0.613619079 0.196559164 0.131336635
0.613619079 0.182739437 0.149970380
0.613619079 0.167159829 0.167159829
0.613619079 0.149970380 0.182739437
0.613619079 0.131336635 0.196559164
0.613619079 0.111438046 0.208485920
0.613619079 0.090466247 0.218404841
0.613619079 0.068623210 0.226220405
0.613619079 0.046119293 0.231857343
0.613619079 0.023171222 0.235261368
0.613619079 0.000000000 0.236399697
0.613619079 -0.023171222 0.235261368
0.613619079 -0.046119293 0.231857343
0.613619079 -0.068623210 0.226220405
0.613619079 -0.090466247 0.218404841
0.613619079 -0.111438046 0.208485920
0.613619079 -0.131336635 0.196559164
0.613619079 -0.149970380 0.182739437
0.613619079 -0.167159829 0.167159829
0.613619079 -0.182739437 0.149970380
0.613619079 -0.196559164 0.131336635
0.613619079 -0.208485920 0.111438046
0.613619079 -0.218404841 0.090466247
0.613619079 -0.226220405 0.068623210
0.613619079 -0.231857343 0.046119293
0.613619079 -0.235261368 0.023171222
0.613619079 -0.236399697 0.000000000
0.613619079 -0.235261368 -0.023171222
0.613619079 -0.231857343 -0.046119293
0.613619079 -0.226220405 -0.068623210
0.613619079 -0.218404841 -0.090466247
0.613619079 -0.208485920 -0.111438046
0.613619079 -0.196559164 -0.131336635
0.613619079 -0.182739437 -0.149970380
0.613619079 -0.167159829 -0.167159829
0.613619079 -0.149970380 -0.182739437
0.613619079 -0.131336635 -0.196559164
0.613619079 -0.111438046 -0.208485920
0.613619079 -0.090466247 -0.218404841
0.613619079 -0.068623210 -0.226220405
0.613619079 -0.046119293 -0.231857343
0.613619079 -0.023171222 -0.235261368
0.613619079 -0.000000000 -0.236399697
0.613619079 0.023171222 -0.235261368
0.613619079 0.046119293 -0.231857343
0.613619079 0.068623210 -0.226220405
0.613619079 0.090466247 -0.218404841
0.613619079 0.111438046 -0.208485920
0.613619079 0.131336635 -0.196559164
0.613619079 0.149970380 -0.182739437
0.613619079 0.167159829 -0.167159829
0.613619079 0.182739437 -0.149970380
0.613619079 0.196559164 -0.131336635
0.613619079 0.208485920 -0.111438046
0.613619079 0.218404841 -0.090466247
0.613619079 0.226220405 -0.068623210
0.613619079 0.231857343 -0.046119293
0.613619079 0.235261368 -0.023171222
#36
0.639480012 0.238843602 0.000000000
0.639480012 0.237693505 0.023410767
0.639480012 0.234254289 0.046596075
0.639480012 0.228559077 0.069332638
0.639480012 0.220662716 0.091401489
0.639480012 0.210641252 0.112590095
0.639480012 0.198591197 0.132694396
0.639480012 0.184628601 0.151520777
0.639480012 0.168887931 0.168887931
0.639480012 0.151520777 0.184628601
0.639480012 0.132694396 0.198591197
0.639480012 0.112590095 0.210641252
0.639480012 0.091401489 0.220662716
0.639480012 0.069332638 0.228559077
0.639480012 0.046596075 0.234254289
0.639480012 0.023410767 0.237693505
0.639480012 0.000000000 0.238843602
0.639480012 -0.023410767 0.237693505
0.639480012 -0.046596075 0.234254289
0.639480012 -0.069332638 0.228559077
0.639480012 -0.091401489 0.220662716
0.639480012 -0.112590095 0.210641252
0.639480012 -0.132694396 0.198591197
0.639480012 -0.151520777 0.184628601
0.639480012 -0.168887931 0.168887931
0.639480012 -0.184628601 0.151520777
0.639480012 -0.198591197 0.132694396
0.639480012 -0.210641252 0.112590095
0.639480012 -0.220662716 0.091401489
0.639480012 -0.228559077 0.069332638
0.639480012 -0.234254289 0.046596075
0.639480012 -0.237693505 0.023410767
0.639480012 -0.238843602 0.000000000
0.639480012 -0.237693505 -0.023410767
0.639480012 -0.234254289 -0.046596075
0.639480012 -0.228559077 -0.069332638
0.639480012 -0.220662716 -0.091401489
0.639480012 -0.210641252 -0.112590095
0.639480012 -0.198591197 -0.132694396
0.639480012 -0.184628601 -0.151520777
0.639480012 -0.168887931 -0.168887931
0.639480012 -0.151520777 -0.184628601
0.639480012 -0.132694396 -0.198591197
0.639480012 -0.112590095 -0.210641252
0.639480012 -0.091401489 -0.220662716
0.639480012 -0.069332638 -0.228559077
0.639480012 -0.046596075 -0.234254289
0.639480012 -0.023410767 -0.237693505
0.639480012 -0.000000000 -0.238843602
0.639480012 0.023410767 -0.237693505
0.639480012 0.046596075 -0.234254289
0.639480012 0.069332638 -0.228559077
0.639480012 0.091401489 -0.220662716
0.639480012 0.112590095 -0.210641252
0.639480012 0.132694396 -0.198591197
0.639480012 0.151520777 -0.184628601
0.639480012 0.168887931 -0.168887931
0.639480012 0.184628601 -0.151520777
0.639480012 0.198591197 -0.132694396
0.639480012 0.210641252 -0.112590095
0.639480012 0.220662716 -0.091401489
0.639480012 0.228559077 -0.069332638
0.639480012 0.234254289 -0.046596075
0.639480012 0.237693505 -0.023410767
#37
0.664980568 0.241105453 0.000000000
0.664980568 0.239944464 0.023632467
0.664980568 0.236472679 0.047037340
0.664980568 0.230723533 0.069989219
0.664980568 0.222752393 0.092267062
0.664980568 0.212636026 0.113656324
0.664980568 0.200471857 0.133951013
0.664980568 0.186377035 0.152955680
0.664980568 0.170487301 0.170487301
0.664980568 0.152955680 0.186377035
0.664980568 0.133951013 0.200471857
0.664980568 0.113656324 0.212636026
0.664980568 0.092267062 0.222752393
0.664980568 0.069989219 0.230723533
0.664980568 0.047037340 0.236472679
0.664980568 0.023632467 0.239944464
0.664980568 0.000000000 0.241105453
0.664980568 -0.023632467 0.239944464
0.664980568 -0.047037340 0.236472679
0.664980568 -0.069989219 0.230723533
0.664980568 -0.092267062 0.222752393
0.664980568 -0.113656324 0.212636026
0.664980568 -0.133951013 0.200471857
0.664980568 -0.152955680 0.186377035
0.664980568 -0.170487301 0.170487301
0.664980568 -0.186377035 0.152955680
0.664980568 -0.200471857 0.133951013
0.664980568 -0.212636026 0.113656324
0.664980568 -0.222752393 0.092267062
0.664980568 -0.230723533 0.069989219
0.664980568 -0.236472679 0.047037340
0.664980568 -0.239944464 0.023632467
0.664980568 -0.241105453 0.000000000
0.664980568 -0.239944464 -0.023632467
0.664980568 -0.236472679 -0.047037340
0.664980568 -0.230723533 -0.069989219
0.664980568 -0.222752393 -0.092267062
0.664980568 -0.212636026 -0.113656324
0.664980568 -0.200471857 -0.133951013
0.664980568 -0.186377035 -0.152955680
0.664980568 -0.170487301 -0.170487301
0.664980568 -0.152955680 -0.186377035
0.664980568 -0.133951013 -0.200471857
0.664980568 -0.113656324 -0.212636026
0.664980568 -0.092267062 -0.222752393
0.664980568 -0.069989219 -0.230723533
0.664980568 -0.047037340 -0.236472679
0.664980568 -0.023632467 -0.239944464
0.664980568 -0.000000000 -0.241105453
0.664980568 0.023632467 -0.239944464
0.664980568 0.047037340 -0.236472679
0.664980568 0.069989219 -0.230723533
0.664980568 0.092267062 -0.222752393
0.664980568 0.113656324 -0.212636026
0.664980568 0.133951013 -0.200471857
0.664980568 0.152955680 -0.186377035
0.664980568 0.170487301 -0.170487301
0.664980568 0.186377035 -0.152955680
0.664980568 0.200471857 -0.133951013
0.664980568 0.212636026 -0.113656324
0.664980568 0.222752393 -0.092267062
0.664980568 0.230723533 -0.069989219
0.664980568 0.236472679 -0.047037340
0.664980568 0.239944464 -0.023632467
#38
0.690050850 0.243173360 0.000000000
0.690050850 0.242002414 0.023835157
0.690050850 0.238500852 0.047440769
0.690050850 0.232702397 0.070589500
0.690050850 0.224662890 0.093058416
0.690050850 0.214459757 0.114631129
0.690050850 0.202191260 0.135099880
0.690050850 0.187975550 0.154267547
0.690050850 0.171949532 0.171949532
0.690050850 0.154267547 0.187975550
0.690050850 0.135099880 0.202191260
0.690050850 0.114631129 0.214459757
0.690050850 0.093058416 0.224662890
0.690050850 0.070589500 0.232702397
0.690050850 0.047440769 0.238500852
0.690050850 0.023835157 0.242002414
0.690050850 0.000000000 0.243173360
0.690050850 -0.023835157 0.242002414
0.690050850 -0.047440769 0.238500852
0.690050850 -0.070589500 0.232702397
0.690050850 -0.093058416 0.224662890
0.690050850 -0.114631129 0.214459757
0.690050850 -0.135099880 0.202191260
0.690050850 -0.154267547 0.187975550
0.690050850 -0.171949532 0.171949532
0.690050850 -0.187975550 0.154267547
0.690050850 -0.202191260 0.135099880
0.690050850 -0.214459757 0.114631129
0.690050850 -0.224662890 0.093058416
0.690050850 -0.232702397 0.070589500
0.690050850 -0.238500852 0.047440769
0.690050850 -0.242002414 0.023835157
0.690050850 -0.243173360 0.000000000
0.690050850 -0.242002414 -0.023835157
0.690050850 -0.238500852 -0.047440769
0.690050850 -0.232702397 -0.070589500
0.690050850 -0.224662890 -0.093058416
0.690050850 -0.214459757 -0.114631129
0.690050850 -0.202191260 -0.135099880
0.690050850 -0.187975550 -0.154267547
0.690050850 -0.171949532 -0.171949532
0.690050850 -0.154267547 -0.187975550
0.690050850 -0.135099880 -0.202191260
0.690050850 -0.114631129 -0.214459757
0.690050850 -0.093058416 -0.224662890
0.690050850 -0.070589500 -0.232702397
0.690050850 -0.047440769 -0.238500852
0.690050850 -0.023835157 -0.242002414
0.690050850 -0.000000000 -0.243173360
0.690050850 0.023835157 -0.242002414
0.690050850 0.047440769 -0.238500852
0.690050850 0.070589500 -0.232702397
0.690050850 0.093058416 -0.224662890
0.690050850 0.114631129 -0.214459757
0.690050850 0.135099880 -0.202191260
0.690050850 0.154267547 -0.187975550
0.690050850 0.171949532 -0.171949532
0.690050850 0.187975550 -0.154267547
0.690050850 0.202191260 -0.135099880
0.690050850 0.214459757 -0.114631129
0.690050850 0.224662890 -0.093058416
0.690050850 0.232702397 -0.070589500
0.690050850 0.238500852 -0.047440769
0.690050850 0.242002414 -0.023835157
#39
0.714622144 0.245038852 0.000000000
0.714622144 0.243858923 0.024018008
0.714622144 0.240330499 0.047804709
0.714622144 0.234487562 0.071131024
0.714622144 0.226386380 0.093772309
0.714622144 0.216104974 0.115510515
0.714622144 0.203742359 0.136136292
0.714622144 0.189417594 0.155451002
0.714622144 0.173268634 0.173268634
0.714622144 0.155451002 0.189417594
0.714622144 0.136136292 0.203742359
0.714622144 0.115510515 0.216104974
0.714622144 0.093772309 0.226386380
0.714622144 0.071131024 0.234487562
0.714622144 0.047804709 0.240330499
0.714622144 0.024018008 0.243858923
0.714622144 0.000000000 0.245038852
0.714622144 -0.024018008 0.243858923
0.714622144 -0.047804709 0.240330499
0.714622144 -0.071131024 0.234487562
0.714622144 -0.093772309 0.226386380
0.714622144 -0.115510515 0.216104974
0.714622144 -0.136136292 0.203742359
0.714622144 -0.155451002 0.189417594
0.714622144 -0.173268634 0.173268634
0.714622144 -0.189417594 0.155451002
0.714622144 -0.203742359 0.136136292
0.714622144 -0.216104974 0.115510515
0.714622144 -0.226386380 0.093772309
0.714622144 -0.234487562 0.071131024
0.714622144 -0.240330499 0.047804709
0.714622144 -0.243858923 0.024018008
0.714622144 -0.245038852 0.000000000
0.714622144 -0.243858923 -0.024018008
0.714622144 -0.240330499 -0.047804709
0.714622144 -0.234487562 -0.071131024
0.714622144 -0.226386380 -0.093772309
0.714622144 -0.216104974 -0.115510515
0.714622144 -0.203742359 -0.136136292
0.714622144 -0.189417594 -0.155451002
0.714622144 -0.173268634 -0.173268634
0.714622144 -0.155451002 -0.189417594
0.714622144 -0.136136292 -0.203742359
0.714622144 -0.115510515 -0.216104974
0.714622144 -0.093772309 -0.226386380
0.714622144 -0.071131024 -0.234487562
0.714622144 -0.047804709 -0.240330499
0.714622144 -0.024018008 -0.243858923
0.714622144 -0.000000000 -0.245038852
0.714622144 0.024018008 -0.243858923
0.714622144 0.047804709 -0.240330499
0.714622144 0.071131024 -0.234487562
0.714622144 0.093772309 -0.226386380
0.714622144 0.115510515 -0.216104974
0.714622144 0.136136292 -0.203742359
0.714622144 0.155451002 -0.189417594
0.714622144 0.173268634 -0.173268634
0.714622144 0.189417594 -0.155451002
0.714622144 0.203742359 -0.136136292
0.714622144 0.216104974 -0.115510515
0.714622144 0.226386380 -0.093772309
0.714622144 0.234487562 -0.071131024
0.714622144 0.240330499 -0.047804709
0.714622144 0.243858923 -0.024018008
#40
0.738627101 0.246697498 0.000000000
0.738627101 0.245509582 0.024180583
0.738627101 0.241957275 0.048128294
0.738627101 0.236074786 0.071612504
0.738627101 0.227918769 0.094407045
0.738627101 0.217567769 0.116292395
0.738627101 0.205121473 0.137057786
0.738627101 0.190699745 0.156503236
0.738627101 0.174441474 0.174441474
0.738627101 0.156503236 0.190699745
0.738627101 0.137057786 0.205121473
0.738627101 0.116292395 0.217567769
0.738627101 0.094407045 0.227918769
0.738627101 0.071612504 0.236074786
0.738627101 0.048128294 0.241957275
0.738627101 0.024180583 0.245509582
0.738627101 0.000000000 0.246697498
0.738627101 -0.024180583 0.245509582
0.738627101 -0.048128294 0.241957275
0.738627101 -0.071612504 0.236074786
0.738627101 -0.094407045 0.227918769
0.738627101 -0.116292395 0.217567769
0.738627101 -0.137057786 0.205121473
0.738627101 -0.156503236 0.190699745
0.738627101 -0.174441474 0.174441474
0.738627101 -0.190699745 0.156503236
0.738627101 -0.205121473 0.137057786
0.738627101 -0.217567769 0.116292395
0.738627101 -0.227918769 0.094407045
0.738627101 -0.236074786 0.071612504
0.738627101 -0.241957275 0.048128294
0.738627101 -0.245509582 0.024180583
0.738627101 -0.246697498 0.000000000
0.738627101 -0.245509582 -0.024180583
0.738627101 -0.241957275 -0.048128294
0.738627101 -0.236074786 -0.071612504
0.738627101 -0.227918769 -0.094407045
0.738627101 -0.217567769 -0.116292395
0.738627101 -0.205121473 -0.137057786
0.738627101 -0.190699745 -0.156503236
0.738627101 -0.174441474 -0.174441474
0.738627101 -0.156503236 -0.190699745
0.738627101 -0.137057786 -0.205121473
0.738627101 -0.116292395 -0.217567769
0.738627101 -0.094407045 -0.227918769
0.738627101 -0.071612504 -0.236074786
0.738627101 -0.048128294 -0.241957275
0.738627101 -0.024180583 -0.245509582
0.738627101 -0.000000000 -0.246697498
0.738627101 0.024180583 -0.245509582
0.738627101 0.048128294 -0.241957275
0.738627101 0.071612504 -0.236074786
0.738627101 0.094407045 -0.227918769
0.738627101 0.116292395 -0.217567769
0.738627101 0.137057786 -0.205121473
0.738627101 0.156503236 -0.190699745
0.738627101 0.174441474 -0.174441474
0.738627101 0.190699745 -0.156503236
0.738627101 0.205121473 -0.137057786
0.738627101 0.217567769 -0.116292395
0.738627101 0.227918769 -0.094407045
0.738627101 0.236074786 -0.071612504
0.738627101 0.241957275 -0.048128294
0.738627101 0.245509582 -0.024180583
#41
0.761999925 0.248149255 0.000000000
0.761999925 0.246954348 0.024322880
0.761999925 0.243381137 0.048411518
0.761999925 0.237464031 0.072033926
0.761999925 0.229260018 0.094962609
0.761999925 0.218848105 0.116976749
0.761999925 0.206328565 0.137864339
0.761999925 0.191821968 0.157424221
0.761999925 0.175468021 0.175468021
0.761999925 0.157424221 0.191821968
0.761999925 0.137864339 0.206328565
0.761999925 0.116976749 0.218848105
0.761999925 0.094962609 0.229260018
0.761999925 0.072033926 0.237464031
0.761999925 0.048411518 0.243381137
0.761999925 0.024322880 0.246954348
0.761999925 0.000000000 0.248149255
0.761999925 -0.024322880 0.246954348
0.761999925 -0.048411518 0.243381137
0.761999925 -0.072033926 0.237464031
0.761999925 -0.094962609 0.229260018
0.761999925 -0.116976749 0.218848105
0.761999925 -0.137864339 0.206328565
0.761999925 -0.157424221 0.191821968
0.761999925 -0.175468021 0.175468021
0.761999925 -0.191821968 0.157424221
0.761999925 -0.206328565 0.137864339
0.761999925 -0.218848105 0.116976749
0.761999925 -0.229260018 0.094962609
0.761999925 -0.237464031 0.072033926
0.761999925 -0.243381137 0.048411518
0.761999925 -0.246954348 0.024322880
0.761999925 -0.248149255 0.000000000
0.761999925 -0.246954348 -0.024322880
0.761999925 -0.243381137 -0.048411518
0.761999925 -0.237464031 -0.072033926
0.761999925 -0.229260018 -0.094962609
0.761999925 -0.218848105 -0.116976749
0.761999925 -0.206328565 -0.137864339
0.761999925 -0.191821968 -0.157424221
0.761999925 -0.175468021 -0.175468021
0.761999925 -0.157424221 -0.191821968
0.761999925 -0.137864339 -0.206328565
0.761999925 -0.116976749 -0.218848105
0.761999925 -0.094962609 -0.229260018
0.761999925 -0.072033926 -0.237464031
0.761999925 -0.048411518 -0.243381137
0.761999925 -0.024322880 -0.246954348
0.761999925 -0.000000000 -0.248149255
0.761999925 0.024322880 -0.246954348
0.761999925 0.048411518 -0.243381137
0.761999925 0.072033926 -0.237464031
0.761999925 0.094962609 -0.229260018
0.761999925 0.116976749 -0.218848105
0.761999925 0.137864339 -0.206328565
0.761999925 0.157424221 -0.191821968
0.761999925 0.175468021 -0.175468021
0.761999925 0.191821968 -0.157424221
0.761999925 0.206328565 -0.137864339
0.761999925 0.218848105 -0.116976749
0.761999925 0.229260018 -0.094962609
0.761999925 0.237464031 -0.072033926
0.761999925 0.243381137 -0.048411518
0.761999925 0.246954348 -0.024322880
#42
0.784676553 0.249398530 0.000000000
0.784676553 0.248197608 0.024445331
0.784676553 0.244606407 0.048655240
0.784676553 0.238659513 0.072396572
0.784676553 0.230414197 0.095440686
0.784676553 0.219949867 0.117565653
0.784676553 0.207367299 0.138558399
0.784676553 0.192787671 0.158216753
0.784676553 0.176351392 0.176351392
0.784676553 0.158216753 0.192787671
0.784676553 0.138558399 0.207367299
0.784676553 0.117565653 0.219949867
0.784676553 0.095440686 0.230414197
0.784676553 0.072396572 0.238659513
0.784676553 0.048655240 0.244606407
0.784676553 0.024445331 0.248197608
0.784676553 0.000000000 0.249398530
0.784676553 -0.024445331 0.248197608
0.784676553 -0.048655240 0.244606407
0.784676553 -0.072396572 0.238659513
0.784676553 -0.095440686 0.230414197
0.784676553 -0.117565653 0.219949867
0.784676553 -0.138558399 0.207367299
0.784676553 -0.158216753 0.192787671
0.784676553 -0.176351392 0.176351392
0.784676553 -0.192787671 0.158216753
0.784676553 -0.207367299 0.138558399
0.784676553 -0.219949867 0.117565653
0.784676553 -0.230414197 0.095440686
0.784676553 -0.238659513 0.072396572
0.784676553 -0.244606407 0.048655240
0.784676553 -0.248197608 0.024445331
0.784676553 -0.249398530 0.000000000
0.784676553 -0.248197608 -0.024445331
0.784676553 -0.244606407 -0.048655240
0.784676553 -0.238659513 -0.072396572
0.784676553 -0.230414197 -0.095440686
0.784676553 -0.219949867 -0.117565653
0.784676553 -0.207367299 -0.138558399
0.784676553 -0.192787671 -0.158216753
0.784676553 -0.176351392 -0.176351392
0.784676553 -0.158216753 -0.192787671
0.784676553 -0.138558399 -0.207367299
0.784676553 -0.117565653 -0.219949867
0.784676553 -0.095440686 -0.230414197
0.784676553 -0.072396572 -0.238659513
0.784676553 -0.048655240 -0.244606407
0.784676553 -0.024445331 -0.248197608
0.784676553 -0.000000000 -0.249398530
0.784676553 0.024445331 -0.248197608
0.784676553 0.048655240 -0.244606407
0.784676553 0.072396572 -0.238659513
0.784676553 0.095440686 -0.230414197
0.784676553 0.117565653 -0.219949867
0.784676553 0.138558399 -0.207367299
0.784676553 0.158216753 -0.192787671
0.784676553 0.176351392 -0.176351392
0.784676553 0.192787671 -0.158216753
0.784676553 0.207367299 -0.138558399
0.784676553 0.219949867 -0.117565653
0.784676553 0.230414197 -0.095440686
0.784676553 0.238659513 -0.072396572
0.784676553 0.244606407 -0.048655240
0.784676553 0.248197608 -0.024445331
#43
0.806594829 0.250453967 0.000000000
0.806594829 0.249247963 0.024548782
0.806594829 0.245641564 0.048861145
0.806594829 0.239669503 0.072702949
0.806594829 0.231389294 0.095844584
0.806594829 0.220880679 0.118063183
0.806594829 0.208244863 0.139144769
0.806594829 0.193603535 0.158886315
0.806594829 0.177097698 0.177097698
0.806594829 0.158886315 0.193603535
0.806594829 0.139144769 0.208244863
0.806594829 0.118063183 0.220880679
0.806594829 0.095844584 0.231389294
0.806594829 0.072702949 0.239669503
0.806594829 0.048861145 0.245641564
0.806594829 0.024548782 0.249247963
0.806594829 0.000000000 0.250453967
0.806594829 -0.024548782 0.249247963
0.806594829 -0.048861145 0.245641564
0.806594829 -0.072702949 0.239669503
0.806594829 -0.095844584 0.231389294
0.806594829 -0.118063183 0.220880679
0.806594829 -0.139144769 0.208244863
0.806594829 -0.158886315 0.193603535
0.806594829 -0.177097698 0.177097698
0.806594829 -0.193603535 0.158886315
0.806594829 -0.208244863 0.139144769
0.806594829 -0.220880679 0.118063183
0.806594829 -0.231389294 0.095844584
0.806594829 -0.239669503 0.072702949
0.806594829 -0.245641564 0.048861145
0.806594829 -0.249247963 0.024548782
0.806594829 -0.250453967 0.000000000
0.806594829 -0.249247963 -0.024548782
0.806594829 -0.245641564 -0.048861145
0.806594829 -0.239669503 -0.072702949
0.806594829 -0.231389294 -0.095844584
0.806594829 -0.220880679 -0.118063183
0.806594829 -0.208244863 -0.139144769
0.806594829 -0.193603535 -0.158886315
0.806594829 -0.177097698 -0.177097698
0.806594829 -0.158886315 -0.193603535
0.806594829 -0.139144769 -0.208244863
0.806594829 -0.118063183 -0.220880679
0.806594829 -0.095844584 -0.231389294
0.806594829 -0.072702949 -0.239669503
0.806594829 -0.048861145 -0.245641564
0.806594829 -0.024548782 -0.249247963
0.806594829 -0.000000000 -0.250453967
0.806594829 0.024548782 -0.249247963
0.806594829 0.048861145 -0.245641564
0.806594829 0.072702949 -0.239669503
0.806594829 0.095844584 -0.231389294
0.806594829 0.118063183 -0.220880679
0.806594829 0.139144769 -0.208244863
0.806594829 0.158886315 -0.193603535
0.806594829 0.177097698 -0.177097698
0.806594829 0.193603535 -0.158886315
0.806594829 0.208244863 -0.139144769
0.806594829 0.220880679 -0.118063183
0.806594829 0.231389294 -0.095844584
0.806594829 0.239669503 -0.072702949
0.806594829 0.245641564 -0.048861145
0.806594829 0.249247963 -0.024548782
#44
0.827694677 0.251327989 0.000000000
0.827694677 0.250117776 0.024634451
0.827694677 0.246498792 0.049031658
0.827694677 0.240505890 0.072956664
0.827694677 0.232196785 0.096179057
0.827694677 0.221651498 0.118475194
0.827694677 0.208971585 0.139630349
0.827694677 0.194279163 0.159440788
0.827694677 0.177715725 0.177715725
0.827694677 0.159440788 0.194279163
0.827694677 0.139630349 0.208971585
0.827694677 0.118475194 0.221651498
0.827694677 0.096179057 0.232196785
0.827694677 0.072956664 0.240505890
0.827694677 0.049031658 0.246498792
0.827694677 0.024634451 0.250117776
0.827694677 0.000000000 0.251327989
0.827694677 -0.024634451 0.250117776
0.827694677 -0.049031658 0.246498792
0.827694677 -0.072956664 0.240505890
0.827694677 -0.096179057 0.232196785
0.827694677 -0.118475194 0.221651498
0.827694677 -0.139630349 0.208971585
0.827694677 -0.159440788 0.194279163
0.827694677 -0.177715725 0.177715725
0.827694677 -0.194279163 0.159440788
0.827694677 -0.208971585 0.139630349
0.827694677 -0.221651498 0.118475194
0.827694677 -0.232196785 0.096179057
0.827694677 -0.240505890 0.072956664
0.827694677 -0.246498792 0.049031658
0.827694677 -0.250117776 0.024634451
0.827694677 -0.251327989 0.000000000
0.827694677 -0.250117776 -0.024634451
0.827694677 -0.246498792 -0.049031658
0.827694677 -0.240505890 -0.072956664
0.827694677 -0.232196785 -0.096179057
0.827694677 -0.221651498 -0.118475194
0.827694677 -0.208971585 -0.139630349
0.827694677 -0.194279163 -0.159440788
0.827694677 -0.177715725 -0.177715725
0.827694677 -0.159440788 -0.194279163
0.827694677 -0.139630349 -0.208971585
0.827694677 -0.118475194 -0.221651498
0.827694677 -0.096179057 -0.232196785
0.827694677 -0.072956664 -0.240505890
0.827694677 -0.049031658 -0.246498792
0.827694677 -0.024634451 -0.250117776
0.827694677 -0.000000000 -0.251327989
0.827694677 0.024634451 -0.250117776
0.827694677 0.049031658 -0.246498792
0.827694677 0.072956664 -0.240505890
0.827694677 0.096179057 -0.232196785
0.827694677 0.118475194 -0.221651498
0.827694677 0.139630349 -0.208971585
0.827694677 0.159440788 -0.194279163
0.827694677 0.177715725 -0.177715725
0.827694677 0.194279163 -0.159440788
0.827694677 0.208971585 -0.139630349
0.827694677 0.221651498 -0.118475194
0.827694677 0.232196785 -0.096179057
0.827694677 0.240505890 -0.072956664
0.827694677 0.246498792 -0.049031658
0.827694677 0.250117776 -0.024634451
#45
0.847918265 0.252036140 0.000000000
0.847918265 0.250822517 0.024703862
0.847918265 0.247193337 0.049169812
0.847918265 0.241183549 0.073162230
0.847918265 0.232851032 0.096450055
0.847918265 0.222276032 0.118809014
0.847918265 0.209560392 0.140023777
0.847918265 0.194826571 0.159890035
0.847918265 0.178216464 0.178216464
0.847918265 0.159890035 0.194826571
0.847918265 0.140023777 0.209560392
0.847918265 0.118809014 0.222276032
0.847918265 0.096450055 0.232851032
0.847918265 0.073162230 0.241183549
0.847918265 0.049169812 0.247193337
0.847918265 0.024703862 0.250822517
0.847918265 0.000000000 0.252036140
0.847918265 -0.024703862 0.250822517
0.847918265 -0.049169812 0.247193337
0.847918265 -0.073162230 0.241183549
0.847918265 -0.096450055 0.232851032
0.847918265 -0.118809014 0.222276032
0.847918265 -0.140023777 0.209560392
0.847918265 -0.159890035 0.194826571
0.847918265 -0.178216464 0.178216464
0.847918265 -0.194826571 0.159890035
0.847918265 -0.209560392 0.140023777
0.847918265 -0.222276032 0.118809014
0.847918265 -0.232851032 0.096450055
0.847918265 -0.241183549 0.073162230
0.847918265 -0.247193337 0.049169812
0.847918265 -0.250822517 0.024703862
0.847918265 -0.252036140 0.000000000
0.847918265 -0.250822517 -0.024703862
0.847918265 -0.247193337 -0.049169812
0.847918265 -0.241183549 -0.073162230
0.847918265 -0.232851032 -0.096450055
0.847918265 -0.222276032 -0.118809014
0.847918265 -0.209560392 -0.140023777
0.847918265 -0.194826571 -0.159890035
0.847918265 -0.178216464 -0.178216464
0.847918265 -0.159890035 -0.194826571
0.847918265 -0.140023777 -0.209560392
0.847918265 -0.118809014 -0.222276032
0.847918265 -0.096450055 -0.232851032
0.847918265 -0.073162230 -0.241183549
0.847918265 -0.049169812 -0.247193337
0.847918265 -0.024703862 -0.250822517
0.847918265 -0.000000000 -0.252036140
0.847918265 0.024703862 -0.250822517
0.847918265 0.049169812 -0.247193337
0.847918265 0.073162230 -0.241183549
0.847918265 0.096450055 -0.232851032
0.847918265 0.118809014 -0.222276032
0.847918265 0.140023777 -0.209560392
0.847918265 0.159890035 -0.194826571
0.847918265 0.178216464 -0.178216464
0.847918265 0.194826571 -0.159890035
0.847918265 0.209560392 -0.140023777
0.847918265 0.222276032 -0.118809014
0.847918265 0.232851032 -0.096450055
0.847918265 0.241183549 -0.073162230
0.847918265 0.247193337 -0.049169812
0.847918265 0.250822517 -0.024703862
#46
0.867210159 0.252596286 0.000000000
0.867210159 0.251379966 0.024758766
0.867210159 0.247742719 0.049279091
0.867210159 0.241719575 0.073324831
0.867210159 0.233368539 0.096664414
0.867210159 0.222770036 0.119073065
0.867210159 0.210026136 0.140334978
0.867210159 0.195259570 0.160245388
0.867210159 0.178612547 0.178612547
0.867210159 0.160245388 0.195259570
0.867210159 0.140334978 0.210026136
0.867210159 0.119073065 0.222770036
0.867210159 0.096664414 0.233368539
0.867210159 0.073324831 0.241719575
0.867210159 0.049279091 0.247742719
0.867210159 0.024758766 0.251379966
0.867210159 0.000000000 0.252596286
0.867210159 -0.024758766 0.251379966
0.867210159 -0.049279091 0.247742719
0.867210159 -0.073324831 0.241719575
0.867210159 -0.096664414 0.233368539
0.867210159 -0.119073065 0.222770036
0.867210159 -0.140334978 0.210026136
0.867210159 -0.160245388 0.195259570
0.867210159 -0.178612547 0.178612547
0.867210159 -0.195259570 0.160245388
0.867210159 -0.210026136 0.140334978
0.867210159 -0.222770036 0.119073065
0.867210159 -0.233368539 0.096664414
0.867210159 -0.241719575 0.073324831
0.867210159 -0.247742719 0.049279091
0.867210159 -0.251379966 0.024758766
0.867210159 -0.252596286 0.000000000
0.867210159 -0.251379966 -0.024758766
0.867210159 -0.247742719 -0.049279091
0.867210159 -0.241719575 -0.073324831
0.867210159 -0.233368539 -0.096664414
0.867210159 -0.222770036 -0.119073065
0.867210159 -0.210026136 -0.140334978
0.867210159 -0.195259570 -0.160245388
0.867210159 -0.178612547 -0.178612547
0.867210159 -0.160245388 -0.195259570
0.867210159 -0.140334978 -0.210026136
0.867210159 -0.119073065 -0.222770036
0.867210159 -0.096664414 -0.233368539
0.867210159 -0.073324831 -0.241719575
0.867210159 -0.049279091 -0.247742719
0.867210159 -0.024758766 -0.251379966
0.867210159 -0.000000000 -0.252596286
0.867210159 0.024758766 -0.251379966
0.867210159 0.049279091 -0.247742719
0.867210159 0.073324831 -0.241719575
0.867210159 0.096664414 -0.233368539
0.867210159 0.119073065 -0.222770036
0.867210159 0.140334978 -0.210026136
0.867210159 0.160245388 -0.195259570
0.867210159 0.178612547 -0.178612547
0.867210159 0.195259570 -0.160245388
0.867210159 0.210026136 -0.140334978
0.867210159 0.222770036 -0.119073065
0.867210159 0.233368539 -0.096664414
0.867210159 0.241719575 -0.073324831
0.867210159 0.247742719 -0.049279091
0.867210159 0.251379966 -0.024758766
#47
0.885517484 0.253027723 0.000000000
0.885517484 0.251809325 0.024801054
0.885517484 0.248165866 0.049363260
0.885517484 0.242132434 0.073450071
0.885517484 0.233767134 0.096829517
0.885517484 0.223150529 0.119276443
0.885517484 0.210384863 0.140574671
0.885517484 0.195593075 0.160519088
0.885517484 0.178917619 0.178917619
0.885517484 0.160519088 0.195593075
0.885517484 0.140574671 0.210384863
0.885517484 0.119276443 0.223150529
0.885517484 0.096829517 0.233767134
0.885517484 0.073450071 0.242132434
0.885517484 0.049363260 0.248165866
0.885517484 0.024801054 0.251809325
0.885517484 0.000000000 0.253027723
0.885517484 -0.024801054 0.251809325
0.885517484 -0.049363260 0.248165866
0.885517484 -0.073450071 0.242132434
0.885517484 -0.096829517 0.233767134
0.885517484 -0.119276443 0.223150529
0.885517484 -0.140574671 0.210384863
0.885517484 -0.160519088 0.195593075
0.885517484 -0.178917619 0.178917619
0.885517484 -0.195593075 0.160519088
0.885517484 -0.210384863 0.140574671
0.885517484 -0.223150529 0.119276443
0.885517484 -0.233767134 0.096829517
0.885517484 -0.242132434 0.073450071
0.885517484 -0.248165866 0.049363260
0.885517484 -0.251809325 0.024801054
0.885517484 -0.253027723 0.000000000
0.885517484 -0.251809325 -0.024801054
0.885517484 -0.248165866 -0.049363260
0.885517484 -0.242132434 -0.073450071
0.885517484 -0.233767134 -0.096829517
0.885517484 -0.223150529 -0.119276443
0.885517484 -0.210384863 -0.140574671
0.885517484 -0.195593075 -0.160519088
0.885517484 -0.178917619 -0.178917619
0.885517484 -0.160519088 -0.195593075
0.885517484 -0.140574671 -0.210384863
0.885517484 -0.119276443 -0.223150529
0.885517484 -0.096829517 -0.233767134
0.885517484 -0.073450071 -0.242132434
0.885517484 -0.049363260 -0.248165866
0.885517484 -0.024801054 -0.251809325
0.885517484 -0.000000000 -0.253027723
0.885517484 0.024801054 -0.251809325
0.885517484 0.049363260 -0.248165866
0.885517484 0.073450071 -0.242132434
0.885517484 0.096829517 -0.233767134
0.885517484 0.119276443 -0.223150529
0.885517484 0.140574671 -0.210384863
0.885517484 0.160519088 -0.195593075
0.885517484 0.178917619 -0.178917619
0.885517484 0.195593075 -0.160519088
0.885517484 0.210384863 -0.140574671
0.885517484 0.223150529 -0.119276443
0.885517484 0.233767134 -0.096829517
0.885517484 0.242132434 -0.073450071
0.885517484 0.248165866 -0.049363260
0.885517484 0.251809325 -0.024801054
#48
0.902790060 0.253350273 0.000000000
0.902790060 0.252130323 0.024832669
0.902790060 0.248482219 0.049426186
0.902790060 0.242441096 0.073543702
0.902790060 0.234065132 0.096952952
0.902790060 0.223434993 0.119428492
0.902790060 0.210653054 0.140753870
0.902790060 0.195842410 0.160723712
0.902790060 0.179145696 0.179145696
0.902790060 0.160723712 0.195842410
0.902790060 0.140753870 0.210653054
0.902790060 0.119428492 0.223434993
0.902790060 0.096952952 0.234065132
0.902790060 0.073543702 0.242441096
0.902790060 0.049426186 0.248482219
0.902790060 0.024832669 0.252130323
0.902790060 0.000000000 0.253350273
0.902790060 -0.024832669 0.252130323
0.902790060 -0.049426186 0.248482219
0.902790060 -0.073543702 0.242441096
0.902790060 -0.096952952 0.234065132
0.902790060 -0.119428492 0.223434993
0.902790060 -0.140753870 0.210653054
0.902790060 -0.160723712 0.195842410
0.902790060 -0.179145696 0.179145696
0.902790060 -0.195842410 0.160723712
0.902790060 -0.210653054 0.140753870
0.902790060 -0.223434993 0.119428492
0.902790060 -0.234065132 0.096952952
0.902790060 -0.242441096 0.073543702
0.902790060 -0.248482219 0.049426186
0.902790060 -0.252130323 0.024832669
0.902790060 -0.253350273 0.000000000
0.902790060 -0.252130323 -0.024832669
0.902790060 -0.248482219 -0.049426186
0.902790060 -0.242441096 -0.073543702
0.902790060 -0.234065132 -0.096952952
0.902790060 -0.223434993 -0.119428492
0.902790060 -0.210653054 -0.140753870
0.902790060 -0.195842410 -0.160723712
0.902790060 -0.179145696 -0.179145696
0.902790060 -0.160723712 -0.195842410
0.902790060 -0.140753870 -0.210653054
0.902790060 -0.119428492 -0.223434993
0.902790060 -0.096952952 -0.234065132
0.902790060 -0.073543702 -0.242441096
0.902790060 -0.049426186 -0.248482219
0.902790060 -0.024832669 -0.252130323
0.902790060 -0.000000000 -0.253350273
0.902790060 0.024832669 -0.252130323
0.902790060 0.049426186 -0.248482219
0.902790060 0.073543702 -0.242441096
0.902790060 0.096952952 -0.234065132
0.902790060 0.119428492 -0.223434993
0.902790060 0.140753870 -0.210653054
0.902790060 0.160723712 -0.195842410
0.902790060 0.179145696 -0.179145696
0.902790060 0.195842410 -0.160723712
0.902790060 0.210653054 -0.140753870
0.902790060 0.223434993 -0.119428492
0.902790060 0.234065132 -0.096952952
0.902790060 0.242441096 -0.073543702
0.902790060 0.248482219 -0.049426186
0.902790060 0.252130323 -0.024832669
#49
0.918980543 0.253583424 0.000000000
0.918980543 0.252362350 0.024855522
0.918980543 0.248710889 0.049471672
0.918980543 0.242664207 0.073611382
0.918980543 0.234280535 0.097042175
0.918980543 0.223640614 0.119538398
0.918980543 0.210846911 0.140883402
0.918980543 0.196022637 0.160871621
0.918980543 0.179310559 0.179310559
0.918980543 0.160871621 0.196022637
0.918980543 0.140883402 0.210846911
0.918980543 0.119538398 0.223640614
0.918980543 0.097042175 0.234280535
0.918980543 0.073611382 0.242664207
0.918980543 0.049471672 0.248710889
0.918980543 0.024855522 0.252362350
0.918980543 0.000000000 0.253583424
0.918980543 -0.024855522 0.252362350
0.918980543 -0.049471672 0.248710889
0.918980543 -0.073611382 0.242664207
0.918980543 -0.097042175 0.234280535
0.918980543 -0.119538398 0.223640614
0.918980543 -0.140883402 0.210846911
0.918980543 -0.160871621 0.196022637
0.918980543 -0.179310559 0.179310559
0.918980543 -0.196022637 0.160871621
0.918980543 -0.210846911 0.140883402
0.918980543 -0.223640614 0.119538398
0.918980543 -0.234280535 0.097042175
0.918980543 -0.242664207 0.073611382
0.918980543 -0.248710889 0.049471672
0.918980543 -0.252362350 0.024855522
0.918980543 -0.253583424 0.000000000
0.918980543 -0.252362350 -0.024855522
0.918980543 -0.248710889 -0.049471672
0.918980543 -0.242664207 -0.073611382
0.918980543 -0.234280535 -0.097042175
0.918980543 -0.223640614 -0.119538398
0.918980543 -0.210846911 -0.140883402
0.918980543 -0.196022637 -0.160871621
0.918980543 -0.179310559 -0.179310559
0.918980543 -0.160871621 -0.196022637
0.918980543 -0.140883402 -0.210846911
0.918980543 -0.119538398 -0.223640614
0.918980543 -0.097042175 -0.234280535
0.918980543 -0.073611382 -0.242664207
0.918980543 -0.049471672 -0.248710889
0.918980543 -0.024855522 -0.252362350
0.918980543 -0.000000000 -0.253583424
0.918980543 0.024855522 -0.252362350
0.918980543 0.049471672 -0.248710889
0.918980543 0.073611382 -0.242664207
0.918980543 0.097042175 -0.234280535
0.918980543 0.119538398 -0.223640614
0.918980543 0.140883402 -0.210846911
0.918980543 0.160871621 -0.196022637
0.918980543 0.179310559 -0.179310559
0.918980543 0.196022637 -0.160871621
0.918980543 0.210846911 -0.140883402
0.918980543 0.223640614 -0.119538398
0.918980543 0.234280535 -0.097042175
0.918980543 0.242664207 -0.073611382
0.918980543 0.248710889 -0.049471672
0.918980543 0.252362350 -0.024855522
#50
0.934044557 0.253745558 0.000000000
0.934044557 0.252523704 0.024871414
0.934044557 0.248869908 0.049503303
0.934044557 0.242819359 0.073658447
0.934044557 0.234430327 0.097104221
0.934044557 0.223783603 0.119614828
0.934044557 0.210981721 0.140973479
0.934044557 0.196147969 0.160974478
0.934044557 0.179425205 0.179425205
0.934044557 0.160974478 0.196147969
0.934044557 0.140973479 0.210981721
0.934044557 0.119614828 0.223783603
0.934044557 0.097104221 0.234430327
0.934044557 0.073658447 0.242819359
0.934044557 0.049503303 0.248869908
0.934044557 0.024871414 0.252523704
0.934044557 0.000000000 0.253745558
0.934044557 -0.024871414 0.252523704
0.934044557 -0.049503303 0.248869908
0.934044557 -0.073658447 0.242819359
0.934044557 -0.097104221 0.234430327
0.934044557 -0.119614828 0.223783603
0.934044557 -0.140973479 0.210981721
0.934044557 -0.160974478 0.196147969
0.934044557 -0.179425205 0.179425205
0.934044557 -0.196147969 0.160974478
0.934044557 -0.210981721 0.140973479
0.934044557 -0.223783603 0.119614828
0.934044557 -0.234430327 0.097104221
0.934044557 -0.242819359 0.073658447
0.934044557 -0.248869908 0.049503303
0.934044557 -0.252523704 0.024871414
0.934044557 -0.253745558 0.000000000
0.934044557 -0.252523704 -0.024871414
0.934044557 -0.248869908 -0.049503303
0.934044557 -0.242819359 -0.073658447
0.934044557 -0.234430327 -0.097104221
0.934044557 -0.223783603 -0.119614828
0.934044557 -0.210981721 -0.140973479
0.934044557 -0.196147969 -0.160974478
0.934044557 -0.179425205 -0.179425205
0.934044557 -0.160974478 -0.196147969
0.934044557 -0.140973479 -0.210981721
0.934044557 -0.119614828 -0.223783603
0.934044557 -0.097104221 -0.234430327
0.934044557 -0.073658447 -0.242819359
0.934044557 -0.049503303 -0.248869908
0.934044557 -0.024871414 -0.252523704
0.934044557 -0.000000000 -0.253745558
0.934044557 0.024871414 -0.252523704
0.934044557 0.049503303 -0.248869908
0.934044557 0.073658447 -0.242819359
0.934044557 0.097104221 -0.234430327
0.934044557 0.119614828 -0.223783603
0.934044557 0.140973479 -0.210981721
0.934044557 0.160974478 -0.196147969
0.934044557 0.179425205 -0.179425205
0.934044557 0.196147969 -0.160974478
0.934044557 0.210981721 -0.140973479
0.934044557 0.223783603 -0.119614828
0.934044557 0.234430327 -0.097104221
0.934044557 0.242819359 -0.073658447
0.934044557 0.248869908 -0.049503303
0.934044557 0.252523704 -0.024871414
#51
0.947940812 0.253853333 0.000000000
0.947940812 0.252630960 0.024881978
0.947940812 0.248975613 0.049524329
0.947940812 0.242922494 0.073689733
0.947940812 0.234529899 0.097145465
0.947940812 0.223878653 0.119665633
0.947940812 0.211071333 0.141033356
0.947940812 0.196231280 0.161042850
0.947940812 0.179501413 0.179501413
0.947940812 0.161042850 0.196231280
0.947940812 0.141033356 0.211071333
0.947940812 0.119665633 0.223878653
0.947940812 0.097145465 0.234529899
0.947940812 0.073689733 0.242922494
0.947940812 0.049524329 0.248975613
0.947940812 0.024881978 0.252630960
0.947940812 0.000000000 0.253853333
0.947940812 -0.024881978 0.252630960
0.947940812 -0.049524329 0.248975613
0.947940812 -0.073689733 0.242922494
0.947940812 -0.097145465 0.234529899
0.947940812 -0.119665633 0.223878653
0.947940812 -0.141033356 0.211071333
0.947940812 -0.161042850 0.196231280
0.947940812 -0.179501413 0.179501413
0.947940812 -0.196231280 0.161042850
0.947940812 -0.211071333 0.141033356
0.947940812 -0.223878653 0.119665633
0.947940812 -0.234529899 0.097145465
0.947940812 -0.242922494 0.073689733
0.947940812 -0.248975613 0.049524329
0.947940812 -0.252630960 0.024881978
0.947940812 -0.253853333 0.000000000
0.947940812 -0.252630960 -0.024881978
0.947940812 -0.248975613 -0.049524329
0.947940812 -0.242922494 -0.073689733
0.947940812 -0.234529899 -0.097145465
0.947940812 -0.223878653 -0.119665633
0.947940812 -0.211071333 -0.141033356
0.947940812 -0.196231280 -0.161042850
0.947940812 -0.179501413 -0.179501413
0.947940812 -0.161042850 -0.196231280
0.947940812 -0.141033356 -0.211071333
0.947940812 -0.119665633 -0.223878653
0.947940812 -0.097145465 -0.234529899
0.947940812 -0.073689733 -0.242922494
0.947940812 -0.049524329 -0.248975613
0.947940812 -0.024881978 -0.252630960
0.947940812 -0.000000000 -0.253853333
0.947940812 0.024881978 -0.252630960
0.947940812 0.049524329 -0.248975613
0.947940812 0.073689733 -0.242922494
0.947940812 0.097145465 -0.234529899
0.947940812 0.119665633 -0.223878653
0.947940812 0.141033356 -0.211071333
0.947940812 0.161042850 -0.196231280
0.947940812 0.179501413 -0.179501413
0.947940812 0.196231280 -0.161042850
0.947940812 0.211071333 -0.141033356
0.947940812 0.223878653 -0.119665633
0.947940812 0.234529899 -0.097145465
0.947940812 0.242922494 -0.073689733
0.947940812 0.248975613 -0.049524329
0.947940812 0.252630960 -0.024881978
#52
0.960631220 0.253921233 0.000000000
0.960631220 0.252698532 0.024888633
0.960631220 0.249042207 0.049537575
0.960631220 0.242987470 0.073709443
0.960631220 0.234592630 0.097171449
0.960631220 0.223938534 0.119697640
0.960631220 0.211127789 0.141071078
0.960631220 0.196283767 0.161085925
0.960631220 0.179549425 0.179549425
0.960631220 0.161085925 0.196283767
0.960631220 0.141071078 0.211127789
0.960631220 0.119697640 0.223938534
0.960631220 0.097171449 0.234592630
0.960631220 0.073709443 0.242987470
0.960631220 0.049537575 0.249042207
0.960631220 0.024888633 0.252698532
0.960631220 0.000000000 0.253921233
0.960631220 -0.024888633 0.252698532
0.960631220 -0.049537575 0.249042207
0.960631220 -0.073709443 0.242987470
0.960631220 -0.097171449 0.234592630
0.960631220 -0.119697640 0.223938534
0.960631220 -0.141071078 0.211127789
0.960631220 -0.161085925 0.196283767
0.960631220 -0.179549425 0.179549425
0.960631220 -0.196283767 0.161085925
0.960631220 -0.211127789 0.141071078
0.960631220 -0.223938534 0.119697640
0.960631220 -0.234592630 0.097171449
0.960631220 -0.242987470 0.073709443
0.960631220 -0.249042207 0.049537575
0.960631220 -0.252698532 0.024888633
0.960631220 -0.253921233 0.000000000
0.960631220 -0.252698532 -0.024888633
0.960631220 -0.249042207 -0.049537575
0.960631220 -0.242987470 -0.073709443
0.960631220 -0.234592630 -0.097171449
0.960631220 -0.223938534 -0.119697640
0.960631220 -0.211127789 -0.141071078
0.960631220 -0.196283767 -0.161085925
0.960631220 -0.179549425 -0.179549425
0.960631220 -0.161085925 -0.196283767
0.960631220 -0.141071078 -0.211127789
0.960631220 -0.119697640 -0.223938534
0.960631220 -0.097171449 -0.234592630
0.960631220 -0.073709443 -0.242987470
0.960631220 -0.049537575 -0.249042207
0.960631220 -0.024888633 -0.252698532
0.960631220 -0.000000000 -0.253921233
0.960631220 0.024888633 -0.252698532
0.960631220 0.049537575 -0.249042207
0.960631220 0.073709443 -0.242987470
0.960631220 0.097171449 -0.234592630
0.960631220 0.119697640 -0.223938534
0.960631220 0.141071078 -0.211127789
0.960631220 0.161085925 -0.196283767
0.960631220 0.179549425 -0.179549425
0.960631220 0.196283767 -0.161085925
0.960631220 0.211127789 -0.141071078
0.960631220 0.223938534 -0.119697640
0.960631220 0.234592630 -0.097171449
0.960631220 0.242987470 -0.073709443
0.960631220 0.249042207 -0.049537575
0.960631220 0.252698532 -0.024888633
#53
0.972080997 0.253961303 0.000000000
0.972080997 0.252738410 0.024892561
0.972080997 0.249081508 0.049545392
0.972080997 0.243025814 0.073721075
0.972080997 0.234629650 0.097186783
0.972080997 0.223973873 0.119716529
0.972080997 0.211161106 0.141093340
0.972080997 0.196314742 0.161111345
0.972080997 0.179577759 0.179577759
0.972080997 0.161111345 0.196314742
0.972080997 0.141093340 0.211161106
0.972080997 0.119716529 0.223973873
0.972080997 0.097186783 0.234629650
0.972080997 0.073721075 0.243025814
0.972080997 0.049545392 0.249081508
0.972080997 0.024892561 0.252738410
0.972080997 0.000000000 0.253961303
0.972080997 -0.024892561 0.252738410
0.972080997 -0.049545392 0.249081508
0.972080997 -0.073721075 0.243025814
0.972080997 -0.097186783 0.234629650
0.972080997 -0.119716529 0.223973873
0.972080997 -0.141093340 0.211161106
0.972080997 -0.161111345 0.196314742
0.972080997 -0.179577759 0.179577759
0.972080997 -0.196314742 0.161111345
0.972080997 -0.211161106 0.141093340
0.972080997 -0.223973873 0.119716529
0.972080997 -0.234629650 0.097186783
0.972080997 -0.243025814 0.073721075
0.972080997 -0.249081508 0.049545392
0.972080997 -0.252738410 0.024892561
0.972080997 -0.253961303 0.000000000
0.972080997 -0.252738410 -0.024892561
0.972080997 -0.249081508 -0.049545392
0.972080997 -0.243025814 -0.073721075
0.972080997 -0.234629650 -0.097186783
0.972080997 -0.223973873 -0.119716529
0.972080997 -0.211161106 -0.141093340
0.972080997 -0.196314742 -0.161111345
0.972080997 -0.179577759 -0.179577759
0.972080997 -0.161111345 -0.196314742
0.972080997 -0.141093340 -0.211161106
0.972080997 -0.119716529 -0.223973873
0.972080997 -0.097186783 -0.234629650
0.972080997 -0.073721075 -0.243025814
0.972080997 -0.049545392 -0.249081508
0.972080997 -0.024892561 -0.252738410
0.972080997 -0.000000000 -0.253961303
0.972080997 0.024892561 -0.252738410
0.972080997 0.049545392 -0.249081508
0.972080997 0.073721075 -0.243025814
0.972080997 0.097186783 -0.234629650
0.972080997 0.119716529 -0.223973873
0.972080997 0.141093340 -0.211161106
0.972080997 0.161111345 -0.196314742
0.972080997 0.179577759 -0.179577759
0.972080997 0.196314742 -0.161111345
0.972080997 0.211161106 -0.141093340
0.972080997 0.223973873 -0.119716529
0.972080997 0.234629650 -0.097186783
0.972080997 0.243025814 -0.073721075
0.972080997 0.249081508 -0.049545392
0.972080997 0.252738410 -0.024892561
#54
0.982258760 0.253983085 0.000000000
0.982258760 0.252760087 0.024894696
0.982258760 0.249102871 0.049549642
0.982258760 0.243046659 0.073727398
0.982258760 0.234649774 0.097195119
0.982258760 0.223993083 0.119726797
0.982258760 0.211179217 0.141105442
0.982258760 0.196331580 0.161125163
0.982258760 0.179593162 0.179593162
0.982258760 0.161125163 0.196331580
0.982258760 0.141105442 0.211179217
0.982258760 0.119726797 0.223993083
0.982258760 0.097195119 0.234649774
0.982258760 0.073727398 0.243046659
0.982258760 0.049549642 0.249102871
0.982258760 0.024894696 0.252760087
0.982258760 0.000000000 0.253983085
0.982258760 -0.024894696 0.252760087
0.982258760 -0.049549642 0.249102871
0.982258760 -0.073727398 0.243046659
0.982258760 -0.097195119 0.234649774
0.982258760 -0.119726797 0.223993083
0.982258760 -0.141105442 0.211179217
0.982258760 -0.161125163 0.196331580
0.982258760 -0.179593162 0.179593162
0.982258760 -0.196331580 0.161125163
0.982258760 -0.211179217 0.141105442
0.982258760 -0.223993083 0.119726797
0.982258760 -0.234649774 0.097195119
0.982258760 -0.243046659 0.073727398
0.982258760 -0.249102871 0.049549642
0.982258760 -0.252760087 0.024894696
0.982258760 -0.253983085 0.000000000
0.982258760 -0.252760087 -0.024894696
0.982258760 -0.249102871 -0.049549642
0.982258760 -0.243046659 -0.073727398
0.982258760 -0.234649774 -0.097195119
0.982258760 -0.223993083 -0.119726797
0.982258760 -0.211179217 -0.141105442
0.982258760 -0.196331580 -0.161125163
0.982258760 -0.179593162 -0.179593162
0.982258760 -0.161125163 -0.196331580
0.982258760 -0.141105442 -0.211179217
0.982258760 -0.119726797 -0.223993083
0.982258760 -0.097195119 -0.234649774
0.982258760 -0.073727398 -0.243046659
0.982258760 -0.049549642 -0.249102871
0.982258760 -0.024894696 -0.252760087
0.982258760 -0.000000000 -0.253983085
0.982258760 0.024894696 -0.252760087
0.982258760 0.049549642 -0.249102871
0.982258760 0.073727398 -0.243046659
0.982258760 0.097195119 -0.234649774
0.982258760 0.119726797 -0.223993083
0.982258760 0.141105442 -0.211179217
0.982258760 0.161125163 -0.196331580
0.982258760 0.179593162 -0.179593162
0.982258760 0.196331580 -0.161125163
0.982258760 0.211179217 -0.141105442
0.982258760 0.223993083 -0.119726797
0.982258760 0.234649774 -0.097195119
0.982258760 0.243046659 -0.073727398
0.982258760 0.249102871 -0.049549642
0.982258760 0.252760087 -0.024894696
#55
0.991136613 0.253993718 0.000000000
0.991136613 0.252770669 0.024895738
0.991136613 0.249113300 0.049551716
0.991136613 0.243056834 0.073730484
0.991136613 0.234659597 0.097199188
0.991136613 0.224002461 0.119731810
0.991136613 0.211188058 0.141111349
0.991136613 0.196339799 0.161131909
0.991136613 0.179600680 0.179600680
0.991136613 0.161131909 0.196339799
0.991136613 0.141111349 0.211188058
0.991136613 0.119731810 0.224002461
0.991136613 0.097199188 0.234659597
0.991136613 0.073730484 0.243056834
0.991136613 0.049551716 0.249113300
0.991136613 0.024895738 0.252770669
0.991136613 0.000000000 0.253993718
0.991136613 -0.024895738 0.252770669
0.991136613 -0.049551716 0.249113300
0.991136613 -0.073730484 0.243056834
0.991136613 -0.097199188 0.234659597
0.991136613 -0.119731810 0.224002461
0.991136613 -0.141111349 0.211188058
0.991136613 -0.161131909 0.196339799
0.991136613 -0.179600680 0.179600680
0.991136613 -0.196339799 0.161131909
0.991136613 -0.211188058 0.141111349
0.991136613 -0.224002461 0.119731810
0.991136613 -0.234659597 0.097199188
0.991136613 -0.243056834 0.073730484
0.991136613 -0.249113300 0.049551716
0.991136613 -0.252770669 0.024895738
0.991136613 -0.253993718 0.000000000
0.991136613 -0.252770669 -0.024895738
0.991136613 -0.249113300 -0.049551716
0.991136613 -0.243056834 -0.073730484
0.991136613 -0.234659597 -0.097199188
0.991136613 -0.224002461 -0.119731810
0.991136613 -0.211188058 -0.141111349
0.991136613 -0.196339799 -0.161131909
0.991136613 -0.179600680 -0.179600680
0.991136613 -0.161131909 -0.196339799
0.991136613 -0.141111349 -0.211188058
0.991136613 -0.119731810 -0.224002461
0.991136613 -0.097199188 -0.234659597
0.991136613 -0.073730484 -0.243056834
0.991136613 -0.049551716 -0.249113300
0.991136613 -0.024895738 -0.252770669
0.991136613 -0.000000000 -0.253993718
0.991136613 0.024895738 -0.252770669
0.991136613 0.049551716 -0.249113300
0.991136613 0.073730484 -0.243056834
0.991136613 0.097199188 -0.234659597
0.991136613 0.119731810 -0.224002461
0.991136613 0.141111349 -0.211188058
0.991136613 0.161131909 -0.196339799
0.991136613 0.179600680 -0.179600680
0.991136613 0.196339799 -0.161131909
0.991136613 0.211188058 -0.141111349
0.991136613 0.224002461 -0.119731810
0.991136613 0.234659597 -0.097199188
0.991136613 0.243056834 -0.073730484
0.991136613 0.249113300 -0.049551716
0.991136613 0.252770669 -0.024895738
#56
0.998690221 0.253998187 0.000000000
0.998690221 0.252775116 0.024896176
0.998690221 0.249117683 0.049552588
0.998690221 0.243061110 0.073731782
0.998690221 0.234663726 0.097200898
0.998690221 0.224006402 0.119733916
0.998690221 0.211191774 0.141113832
0.998690221 0.196343254 0.161134744
0.998690221 0.179603840 0.179603840
0.998690221 0.161134744 0.196343254
0.998690221 0.141113832 0.211191774
0.998690221 0.119733916 0.224006402
0.998690221 0.097200898 0.234663726
0.998690221 0.073731782 0.243061110
0.998690221 0.049552588 0.249117683
0.998690221 0.024896176 0.252775116
0.998690221 0.000000000 0.253998187
0.998690221 -0.024896176 0.252775116
0.998690221 -0.049552588 0.249117683
0.998690221 -0.073731782 0.243061110
0.998690221 -0.097200898 0.234663726
0.998690221 -0.119733916 0.224006402
0.998690221 -0.141113832 0.211191774
0.998690221 -0.161134744 0.196343254
0.998690221 -0.179603840 0.179603840
0.998690221 -0.196343254 0.161134744
0.998690221 -0.211191774 0.141113832
0.998690221 -0.224006402 0.119733916
0.998690221 -0.234663726 0.097200898
0.998690221 -0.243061110 0.073731782
0.998690221 -0.249117683 0.049552588
0.998690221 -0.252775116 0.024896176
0.998690221 -0.253998187 0.000000000
0.998690221 -0.252775116 -0.024896176
0.998690221 -0.249117683 -0.049552588
0.998690221 -0.243061110 -0.073731782
0.998690221 -0.234663726 -0.097200898
0.998690221 -0.224006402 -0.119733916
0.998690221 -0.211191774 -0.141113832
0.998690221 -0.196343254 -0.161134744
0.998690221 -0.179603840 -0.179603840
0.998690221 -0.161134744 -0.196343254
0.998690221 -0.141113832 -0.211191774
0.998690221 -0.119733916 -0.224006402
0.998690221 -0.097200898 -0.234663726
0.998690221 -0.073731782 -0.243061110
0.998690221 -0.049552588 -0.249117683
0.998690221 -0.024896176 -0.252775116
0.998690221 -0.000000000 -0.253998187
0.998690221 0.024896176 -0.252775116
0.998690221 0.049552588 -0.249117683
0.998690221 0.073731782 -0.243061110
0.998690221 0.097200898 -0.234663726
0.998690221 0.119733916 -0.224006402
0.998690221 0.141113832 -0.211191774
0.998690221 0.161134744 -0.196343254
0.998690221 0.179603840 -0.179603840
0.998690221 0.196343254 -0.161134744
0.998690221 0.211191774 -0.141113832
0.998690221 0.224006402 -0.119733916
0.998690221 0.234663726 -0.097200898
0.998690221 0.243061110 -0.073731782
0.998690221 0.249117683 -0.049552588
0.998690221 0.252775116 -0.024896176
#57
1.004898882 0.253999681 0.000000000
1.004898882 0.252776603 0.024896322
1.004898882 0.249119148 0.049552879
1.004898882 0.243062540 0.073732215
1.004898882 0.234665106 0.097201470
1.004898882 0.224007719 0.119734621
1.004898882 0.211193016 0.141114662
1.004898882 0.196344408 0.161135692
1.004898882 0.179604897 0.179604897
1.004898882 0.161135692 0.196344408
1.004898882 0.141114662 0.211193016
1.004898882 0.119734621 0.224007719
1.004898882 0.097201470 0.234665106
1.004898882 0.073732215 0.243062540
1.004898882 0.049552879 0.249119148
1.004898882 0.024896322 0.252776603
1.004898882 0.000000000 0.253999681
1.004898882 -0.024896322 0.252776603
1.004898882 -0.049552879 0.249119148
1.004898882 -0.073732215 0.243062540
1.004898882 -0.097201470 0.234665106
1.004898882 -0.119734621 0.224007719
1.004898882 -0.141114662 0.211193016
1.004898882 -0.161135692 0.196344408
1.004898882 -0.179604897 0.179604897
1.004898882 -0.196344408 0.161135692
1.004898882 -0.211193016 0.141114662
1.004898882 -0.224007719 0.119734621
1.004898882 -0.234665106 0.097201470
1.004898882 -0.243062540 0.073732215
1.004898882 -0.249119148 0.049552879
1.004898882 -0.252776603 0.024896322
1.004898882 -0.253999681 0.000000000
1.004898882 -0.252776603 -0.024896322
1.004898882 -0.249119148 -0.049552879
1.004898882 -0.243062540 -0.073732215
1.004898882 -0.234665106 -0.097201470
1.004898882 -0.224007719 -0.119734621
1.004898882 -0.211193016 -0.141114662
1.004898882 -0.196344408 -0.161135692
1.004898882 -0.179604897 -0.179604897
1.004898882 -0.161135692 -0.196344408
1.004898882 -0.141114662 -0.211193016
1.004898882 -0.119734621 -0.224007719
1.004898882 -0.097201470 -0.234665106
1.004898882 -0.073732215 -0.243062540
1.004898882 -0.049552879 -0.249119148
1.004898882 -0.024896322 -0.252776603
1.004898882 -0.000000000 -0.253999681
1.004898882 0.024896322 -0.252776603
1.004898882 0.049552879 -0.249119148
1.004898882 0.073732215 -0.243062540
1.004898882 0.097201470 -0.234665106
1.004898882 0.119734621 -0.224007719
1.004898882 0.141114662 -0.211193016
1.004898882 0.161135692 -0.196344408
1.004898882 0.179604897 -0.179604897
1.004898882 0.196344408 -0.161135692
1.004898882 0.211193016 -0.141114662
1.004898882 0.224007719 -0.119734621
1.004898882 0.234665106 -0.097201470
1.004898882 0.243062540 -0.073732215
1.004898882 0.249119148 -0.049552879
1.004898882 0.252776603 -0.024896322
#58
1.009745578 0.254000006 0.000000000
1.009745578 0.252776927 0.024896354
1.009745578 0.249119467 0.049552943
1.009745578 0.243062851 0.073732310
1.009745578 0.234665407 0.097201594
1.009745578 0.224008007 0.119734774
1.009745578 0.211193287 0.141114843
1.009745578 0.196344660 0.161135898
1.009745578 0.179605127 0.179605127
1.009745578 0.161135898 0.196344660
1.009745578 0.141114843 0.211193287
1.009745578 0.119734774 0.224008007
1.009745578 0.097201594 0.234665407
1.009745578 0.073732310 0.243062851
1.009745578 0.049552943 0.249119467
1.009745578 0.024896354 0.252776927
1.009745578 0.000000000 0.254000006
1.009745578 -0.024896354 0.252776927
1.009745578 -0.049552943 0.249119467
1.009745578 -0.073732310 0.243062851
1.009745578 -0.097201594 0.234665407
1.009745578 -0.119734774 0.224008007
1.009745578 -0.141114843 0.211193287
1.009745578 -0.161135898 0.196344660
1.009745578 -0.179605127 0.179605127
1.009745578 -0.196344660 0.161135898
1.009745578 -0.211193287 0.141114843
1.009745578 -0.224008007 0.119734774
1.009745578 -0.234665407 0.097201594
1.009745578 -0.243062851 0.073732310
1.009745578 -0.249119467 0.049552943
1.009745578 -0.252776927 0.024896354
1.009745578 -0.254000006 0.000000000
1.009745578 -0.252776927 -0.024896354
1.009745578 -0.249119467 -0.049552943
1.009745578 -0.243062851 -0.073732310
1.009745578 -0.234665407 -0.097201594
1.009745578 -0.224008007 -0.119734774
1.009745578 -0.211193287 -0.141114843
1.009745578 -0.196344660 -0.161135898
1.009745578 -0.179605127 -0.179605127
1.009745578 -0.161135898 -0.196344660
1.009745578 -0.141114843 -0.211193287
1.009745578 -0.119734774 -0.224008007
1.009745578 -0.097201594 -0.234665407
1.009745578 -0.073732310 -0.243062851
1.009745578 -0.049552943 -0.249119467
1.009745578 -0.024896354 -0.252776927
1.009745578 -0.000000000 -0.254000006
1.009745578 0.024896354 -0.252776927
1.009745578 0.049552943 -0.249119467
1.009745578 0.073732310 -0.243062851
1.009745578 0.097201594 -0.234665407
1.009745578 0.119734774 -0.224008007
1.009745578 0.141114843 -0.211193287
1.009745578 0.161135898 -0.196344660
1.009745578 0.179605127 -0.179605127
1.009745578 0.196344660 -0.161135898
1.009745578 0.211193287 -0.141114843
1.009745578 0.224008007 -0.119734774
1.009745578 0.234665407 -0.097201594
1.009745578 0.243062851 -0.073732310
1.009745578 0.249119467 -0.049552943
1.009745578 0.252776927 -0.024896354
#59
1.013217023 0.254000017 0.000000000
1.013217023 0.252776937 0.024896355
1.013217023 0.249119478 0.049552945
1.013217023 0.243062861 0.073732313
1.013217023 0.234665417 0.097201598
1.013217023 0.224008016 0.119734779
1.013217023 0.211193295 0.141114848
1.013217023 0.196344668 0.161135905
1.013217023 0.179605134 0.179605134
1.013217023 0.161135905 0.196344668
1.013217023 0.141114848 0.211193295
1.013217023 0.119734779 0.224008016
1.013217023 0.097201598 0.234665417
1.013217023 0.073732313 0.243062861
1.013217023 0.049552945 0.249119478
1.013217023 0.024896355 0.252776937
1.013217023 0.000000000 0.254000017
1.013217023 -0.024896355 0.252776937
1.013217023 -0.049552945 0.249119478
1.013217023 -0.073732313 0.243062861
1.013217023 -0.097201598 0.234665417
1.013217023 -0.119734779 0.224008016
1.013217023 -0.141114848 0.211193295
1.013217023 -0.161135905 0.196344668
1.013217023 -0.179605134 0.179605134
1.013217023 -0.196344668 0.161135905
1.013217023 -0.211193295 0.141114848
1.013217023 -0.224008016 0.119734779
1.013217023 -0.234665417 0.097201598
1.013217023 -0.243062861 0.073732313
1.013217023 -0.249119478 0.049552945
1.013217023 -0.252776937 0.024896355
1.013217023 -0.254000017 0.000000000
1.013217023 -0.252776937 -0.024896355
1.013217023 -0.249119478 -0.049552945
1.013217023 -0.243062861 -0.073732313
1.013217023 -0.234665417 -0.097201598
1.013217023 -0.224008016 -0.119734779
1.013217023 -0.211193295 -0.141114848
1.013217023 -0.196344668 -0.161135905
1.013217023 -0.179605134 -0.179605134
1.013217023 -0.161135905 -0.196344668
1.013217023 -0.141114848 -0.211193295
1.013217023 -0.119734779 -0.224008016
1.013217023 -0.097201598 -0.234665417
1.013217023 -0.073732313 -0.243062861
1.013217023 -0.049552945 -0.249119478
1.013217023 -0.024896355 -0.252776937
1.013217023 -0.000000000 -0.254000017
1.013217023 0.024896355 -0.252776937
1.013217023 0.049552945 -0.249119478
1.013217023 0.073732313 -0.243062861
1.013217023 0.097201598 -0.234665417
1.013217023 0.119734779 -0.224008016
1.013217023 0.141114848 -0.211193295
1.013217023 0.161135905 -0.196344668
1.013217023 0.179605134 -0.179605134
1.013217023 0.196344668 -0.161135905
1.013217023 0.211193295 -0.141114848
1.013217023 0.224008016 -0.119734779
1.013217023 0.234665417 -0.097201598
1.013217023 0.243062861 -0.073732313
1.013217023 0.249119478 -0.049552945
1.013217023 0.252776937 -0.024896355
#60
1.015303704 0.254000002 0.000000000
1.015303704 0.252776922 0.024896354
1.015303704 0.249119463 0.049552942
1.015303704 0.243062847 0.073732308
1.015303704 0.234665403 0.097201592
1.015303704 0.224008003 0.119734772
1.015303704 0.211193283 0.141114840
1.015303704 0.196344656 0.161135895
1.015303704 0.179605124 0.179605124
1.015303704 0.161135895 0.196344656
1.015303704 0.141114840 0.211193283
1.015303704 0.119734772 0.224008003
1.015303704 0.097201592 0.234665403
1.015303704 0.073732308 0.243062847
1.015303704 0.049552942 0.249119463
1.015303704 0.024896354 0.252776922
1.015303704 0.000000000 0.254000002
1.015303704 -0.024896354 0.252776922
1.015303704 -0.049552942 0.249119463
1.015303704 -0.073732308 0.243062847
1.015303704 -0.097201592 0.234665403
1.015303704 -0.119734772 0.224008003
1.015303704 -0.141114840 0.211193283
1.015303704 -0.161135895 0.196344656
1.015303704 -0.179605124 0.179605124
1.015303704 -0.196344656 0.161135895
1.015303704 -0.211193283 0.141114840
1.015303704 -0.224008003 0.119734772
1.015303704 -0.234665403 0.097201592
1.015303704 -0.243062847 0.073732308
1.015303704 -0.249119463 0.049552942
1.015303704 -0.252776922 0.024896354
1.015303704 -0.254000002 0.000000000
1.015303704 -0.252776922 -0.024896354
1.015303704 -0.249119463 -0.049552942
1.015303704 -0.243062847 -0.073732308
1.015303704 -0.234665403 -0.097201592
1.015303704 -0.224008003 -0.119734772
1.015303704 -0.211193283 -0.141114840
1.015303704 -0.196344656 -0.161135895
1.015303704 -0.179605124 -0.179605124
1.015303704 -0.161135895 -0.196344656
1.015303704 -0.141114840 -0.211193283
1.015303704 -0.119734772 -0.224008003
1.015303704 -0.097201592 -0.234665403
1.015303704 -0.073732308 -0.243062847
1.015303704 -0.049552942 -0.249119463
1.015303704 -0.024896354 -0.252776922
1.015303704 -0.000000000 -0.254000002
1.015303704 0.024896354 -0.252776922
1.015303704 0.049552942 -0.249119463
1.015303704 0.073732308 -0.243062847
1.015303704 0.097201592 -0.234665403
1.015303704 0.119734772 -0.224008003
1.015303704 0.141114840 -0.211193283
1.015303704 0.161135895 -0.196344656
1.015303704 0.179605124 -0.179605124
1.015303704 0.196344656 -0.161135895
1.015303704 0.211193283 -0.141114840
1.015303704 0.224008003 -0.119734772
1.015303704 0.234665403 -0.097201592
1.015303704 0.243062847 -0.073732308
1.015303704 0.249119463 -0.049552942
1.015303704 0.252776922 -0.024896354
#61
1.015999900 0.254000000 0.000000000
1.015999900 0.252776921 0.024896354
1.015999900 0.249119461 0.049552942
1.015999900 0.243062845 0.073732308
1.015999900 0.234665401 0.097201592
1.015999900 0.224008001 0.119734771
1.015999900 0.211193282 0.141114839
1.015999900 0.196344655 0.161135894
1.015999900 0.179605122 0.179605122
1.015999900 0.161135894 0.196344655
1.015999900 0.141114839 0.211193282
1.015999900 0.119734771 0.224008001
1.015999900 0.097201592 0.234665401
1.015999900 0.073732308 0.243062845
1.015999900 0.049552942 0.249119461
1.015999900 0.024896354 0.252776921
1.015999900 0.000000000 0.254000000
1.015999900 -0.024896354 0.252776921
1.015999900 -0.049552942 0.249119461
1.015999900 -0.073732308 0.243062845
1.015999900 -0.097201592 0.234665401
1.015999900 -0.119734771 0.224008001
1.015999900 -0.141114839 0.211193282
1.015999900 -0.161135894 0.196344655
1.015999900 -0.179605122 0.179605122
1.015999900 -0.196344655 0.161135894
1.015999900 -0.211193282 0.141114839
1.015999900 -0.224008001 0.119734771
1.015999900 -0.234665401 0.097201592
1.015999900 -0.243062845 0.073732308
1.015999900 -0.249119461 0.049552942
1.015999900 -0.252776921 0.024896354
1.015999900 -0.254000000 0.000000000
1.015999900 -0.252776921 -0.024896354
1.015999900 -0.249119461 -0.049552942
1.015999900 -0.243062845 -0.073732308
1.015999900 -0.234665401 -0.097201592
1.015999900 -0.224008001 -0.119734771
1.015999900 -0.211193282 -0.141114839
1.015999900 -0.196344655 -0.161135894
1.015999900 -0.179605122 -0.179605122
1.015999900 -0.161135894 -0.196344655
1.015999900 -0.141114839 -0.211193282
1.015999900 -0.119734771 -0.224008001
1.015999900 -0.097201592 -0.234665401
1.015999900 -0.073732308 -0.243062845
1.015999900 -0.049552942 -0.249119461
1.015999900 -0.024896354 -0.252776921
1.015999900 -0.000000000 -0.254000000
1.015999900 0.024896354 -0.252776921
1.015999900 0.049552942 -0.249119461
1.015999900 0.073732308 -0.243062845
1.015999900 0.097201592 -0.234665401
1.015999900 0.119734771 -0.224008001
1.015999900 0.141114839 -0.211193282
1.015999900 0.161135894 -0.196344655
1.015999900 0.179605122 -0.179605122
1.015999900 0.196344655 -0.161135894
1.015999900 0.211193282 -0.141114839
1.015999900 0.224008001 -0.119734771
1.015999900 0.234665401 -0.097201592
1.015999900 0.243062845 -0.073732308
1.015999900 0.249119461 -0.049552942
1.015999900 0.252776921 -0.024896354
#62
1.573212400 0.254000000 0.000000000
1.573212400 0.252776921 0.024896354
1.573212400 0.249119461 0.049552942
1.573212400 0.243062845 0.073732308
1.573212400 0.234665401 0.097201592
1.573212400 0.224008001 0.119734771
1.573212400 0.211193282 0.141114839
1.573212400 0.196344655 0.161135894
1.573212400 0.179605122 0.179605122
1.573212400 0.161135894 0.196344655
1.573212400 0.141114839 0.211193282
1.573212400 0.119734771 0.224008001
1.573212400 0.097201592 0.234665401
1.573212400 0.073732308 0.243062845
1.573212400 0.049552942 0.249119461
1.573212400 0.024896354 0.252776921
1.573212400 0.000000000 0.254000000
1.573212400 -0.024896354 0.252776921
1.573212400 -0.049552942 0.249119461
1.573212400 -0.073732308 0.243062845
1.573212400 -0.097201592 0.234665401
1.573212400 -0.119734771 0.224008001
1.573212400 -0.141114839 0.211193282
1.573212400 -0.161135894 0.196344655
1.573212400 -0.179605122 0.179605122
1.573212400 -0.196344655 0.161135894
1.573212400 -0.211193282 0.141114839
1.573212400 -0.224008001 0.119734771
1.573212400 -0.234665401 0.097201592
1.573212400 -0.243062845 0.073732308
1.573212400 -0.249119461 0.049552942
1.573212400 -0.252776921 0.024896354
1.573212400 -0.254000000 0.000000000
1.573212400 -0.252776921 -0.024896354
1.573212400 -0.249119461 -0.049552942
1.573212400 -0.243062845 -0.073732308
1.573212400 -0.234665401 -0.097201592
1.573212400 -0.224008001 -0.119734771
1.573212400 -0.211193282 -0.141114839
1.573212400 -0.196344655 -0.161135894
1.573212400 -0.179605122 -0.179605122
1.573212400 -0.161135894 -0.196344655
1.573212400 -0.141114839 -0.211193282
1.573212400 -0.119734771 -0.224008001
1.573212400 -0.097201592 -0.234665401
1.573212400 -0.073732308 -0.243062845
1.573212400 -0.049552942 -0.249119461
1.573212400 -0.024896354 -0.252776921
1.573212400 -0.000000000 -0.254000000
1.573212400 0.024896354 -0.252776921
1.573212400 0.049552942 -0.249119461
1.573212400 0.073732308 -0.243062845
1.573212400 0.097201592 -0.234665401
1.573212400 0.119734771 -0.224008001
1.573212400 0.141114839 -0.211193282
1.573212400 0.161135894 -0.196344655
1.573212400 0.179605122 -0.179605122
1.573212400 0.196344655 -0.161135894
1.573212400 0.211193282 -0.141114839
1.573212400 0.224008001 -0.119734771
1.573212400 0.234665401 -0.097201592
1.573212400 0.243062845 -0.073732308
1.573212400 0.249119461 -0.049552942
1.573212400 0.252776921 -0.024896354
#63
2.130424900 0.254000000 0.000000000
2.130424900 0.252776921 0.024896354
2.130424900 0.249119461 0.049552942
2.130424900 0.243062845 0.073732308
2.130424900 0.234665401 0.097201592
2.130424900 0.224008001 0.119734771
2.130424900 0.211193282 0.141114839
2.130424900 0.196344655 0.161135894
2.130424900 0.179605122 0.179605122
2.130424900 0.161135894 0.196344655
2.130424900 0.141114839 0.211193282
2.130424900 0.119734771 0.224008001
2.130424900 0.097201592 0.234665401
2.130424900 0.073732308 0.243062845
2.130424900 0.049552942 0.249119461
2.130424900 0.024896354 0.252776921
2.130424900 0.000000000 0.254000000
2.130424900 -0.024896354 0.252776921
2.130424900 -0.049552942 0.249119461
2.130424900 -0.073732308 0.243062845
2.130424900 -0.097201592 0.234665401
2.130424900 -0.119734771 0.224008001
2.130424900 -0.141114839 0.211193282
2.130424900 -0.161135894 0.196344655
2.130424900 -0.179605122 0.179605122
2.130424900 -0.196344655 0.161135894
2.130424900 -0.211193282 0.141114839
2.130424900 -0.224008001 0.119734771
2.130424900 -0.234665401 0.097201592
2.130424900 -0.243062845 0.073732308
2.130424900 -0.249119461 0.049552942
2.130424900 -0.252776921 0.024896354
2.130424900 -0.254000000 0.000000000
2.130424900 -0.252776921 -0.024896354
2.130424900 -0.249119461 -0.049552942
2.130424900 -0.243062845 -0.073732308
2.130424900 -0.234665401 -0.097201592
2.130424900 -0.224008001 -0.119734771
2.130424900 -0.211193282 -0.141114839
2.130424900 -0.196344655 -0.161135894
2.130424900 -0.179605122 -0.179605122
2.130424900 -0.161135894 -0.196344655
2.130424900 -0.141114839 -0.211193282
2.130424900 -0.119734771 -0.224008001
2.130424900 -0.097201592 -0.234665401
2.130424900 -0.073732308 -0.243062845
2.130424900 -0.049552942 -0.249119461
2.130424900 -0.024896354 -0.252776921
2.130424900 -0.000000000 -0.254000000
2.130424900 0.024896354 -0.252776921
2.130424900 0.049552942 -0.249119461
2.130424900 0.073732308 -0.243062845
2.130424900 0.097201592 -0.234665401
2.130424900 0.119734771 -0.224008001
2.130424900 0.141114839 -0.211193282
2.130424900 0.161135894 -0.196344655
2.130424900 0.179605122 -0.179605122
2.130424900 0.196344655 -0.161135894
2.130424900 0.211193282 -0.141114839
2.130424900 0.224008001 -0.119734771
2.130424900 0.234665401 -0.097201592
2.130424900 0.243062845 -0.073732308
2.130424900 0.249119461 -0.049552942
2.130424900 0.252776921 -0.024896354
#64
2.687637400 0.254000000 0.000000000
2.687637400 0.252776921 0.024896354
2.687637400 0.249119461 0.049552942
2.687637400 0.243062845 0.073732308
2.687637400 0.234665401 0.097201592
2.687637400 0.224008001 0.119734771
2.687637400 0.211193282 0.141114839
2.687637400 0.196344655 0.161135894
2.687637400 0.179605122 0.179605122
2.687637400 0.161135894 0.196344655
2.687637400 0.141114839 0.211193282
2.687637400 0.119734771 0.224008001
2.687637400 0.097201592 0.234665401
2.687637400 0.073732308 0.243062845
2.687637400 0.049552942 0.249119461
2.687637400 0.024896354 0.252776921
2.687637400 0.000000000 0.254000000
2.687637400 -0.024896354 0.252776921
2.687637400 -0.049552942 0.249119461
2.687637400 -0.073732308 0.243062845
2.687637400 -0.097201592 0.234665401
2.687637400 -0.119734771 0.224008001
2.687637400 -0.141114839 0.211193282
2.687637400 -0.161135894 0.196344655
2.687637400 -0.179605122 0.179605122
2.687637400 -0.196344655 0.161135894
2.687637400 -0.211193282 0.141114839
2.687637400 -0.224008001 0.119734771
2.687637400 -0.234665401 0.097201592
2.687637400 -0.243062845 0.073732308
2.687637400 -0.249119461 0.049552942
2.687637400 -0.252776921 0.024896354
2.687637400 -0.254000000 0.000000000
2.687637400 -0.252776921 -0.024896354
2.687637400 -0.249119461 -0.049552942
2.687637400 -0.243062845 -0.073732308
2.687637400 -0.234665401 -0.097201592
2.687637400 -0.224008001 -0.119734771
2.687637400 -0.211193282 -0.141114839
2.687637400 -0.196344655 -0.161135894
2.687637400 -0.179605122 -0.179605122
2.687637400 -0.161135894 -0.196344655
2.687637400 -0.141114839 -0.211193282
2.687637400 -0.119734771 -0.224008001
2.687637400 -0.097201592 -0.234665401
2.687637400 -0.073732308 -0.243062845
2.687637400 -0.049552942 -0.249119461
2.687637400 -0.024896354 -0.252776921
2.687637400 -0.000000000 -0.254000000
2.687637400 0.024896354 -0.252776921
2.687637400 0.049552942 -0.249119461
2.687637400 0.073732308 -0.243062845
2.687637400 0.097201592 -0.234665401
2.687637400 0.119734771 -0.224008001
2.687637400 0.141114839 -0.211193282
2.687637400 0.161135894 -0.196344655
2.687637400 0.179605122 -0.179605122
2.687637400 0.196344655 -0.161135894
2.687637400 0.211193282 -0.141114839
2.687637400 0.224008001 -0.119734771
2.687637400 0.234665401 -0.097201592
2.687637400 0.243062845 -0.073732308
2.687637400 0.249119461 -0.049552942
2.687637400 0.252776921 -0.024896354
#65
3.244849900 0.254000000 0.000000000
3.244849900 0.252776921 0.024896354
3.244849900 0.249119461 0.049552942
3.244849900 0.243062845 0.073732308
3.244849900 0.234665401 0.097201592
3.244849900 0.224008001 0.119734771
3.244849900 0.211193282 0.141114839
3.244849900 0.196344655 0.161135894
3.244849900 0.179605122 0.179605122
3.244849900 0.161135894 0.196344655
3.244849900 0.141114839 0.211193282
3.244849900 0.119734771 0.224008001
3.244849900 0.097201592 0.234665401
3.244849900 0.073732308 0.243062845
3.244849900 0.049552942 0.249119461
3.244849900 0.024896354 0.252776921
3.244849900 0.000000000 0.254000000
3.244849900 -0.024896354 0.252776921
3.244849900 -0.049552942 0.249119461
3.244849900 -0.073732308 0.243062845
3.244849900 -0.097201592 0.234665401
3.244849900 -0.119734771 0.224008001
3.244849900 -0.141114839 0.211193282
3.244849900 -0.161135894 0.196344655
3.244849900 -0.179605122 0.179605122
3.244849900 -0.196344655 0.161135894
3.244849900 -0.211193282 0.141114839
3.244849900 -0.224008001 0.119734771
3.244849900 -0.234665401 0.097201592
3.244849900 -0.243062845 0.073732308
3.244849900 -0.249119461 0.049552942
3.244849900 -0.252776921 0.024896354
3.244849900 -0.254000000 0.000000000
3.244849900 -0.252776921 -0.024896354
3.244849900 -0.249119461 -0.049552942
3.244849900 -0.243062845 -0.073732308
3.244849900 -0.234665401 -0.097201592
3.244849900 -0.224008001 -0.119734771
3.244849900 -0.211193282 -0.141114839
3.244849900 -0.196344655 -0.161135894
3.244849900 -0.179605122 -0.179605122
3.244849900 -0.161135894 -0.196344655
3.244849900 -0.141114839 -0.211193282
3.244849900 -0.119734771 -0.224008001
3.244849900 -0.097201592 -0.234665401
3.244849900 -0.073732308 -0.243062845
3.244849900 -0.049552942 -0.249119461
3.244849900 -0.024896354 -0.252776921
3.244849900 -0.000000000 -0.254000000
3.244849900 0.024896354 -0.252776921
3.244849900 0.049552942 -0.249119461
3.244849900 0.073732308 -0.243062845
3.244849900 0.097201592 -0.234665401
3.244849900 0.119734771 -0.224008001
3.244849900 0.141114839 -0.211193282
3.244849900 0.161135894 -0.196344655
3.244849900 0.179605122 -0.179605122
3.244849900 0.196344655 -0.161135894
3.244849900 0.211193282 -0.141114839
3.244849900 0.224008001 -0.119734771
3.244849900 0.234665401 -0.097201592
3.244849900 0.243062845 -0.073732308
3.244849900 0.249119461 -0.049552942
3.244849900 0.252776921 -0.024896354
#66
3.245546096 0.253999986 0.000000000
3.245546096 0.252776906 0.024896352
3.245546096 0.249119447 0.049552939
3.245546096 0.243062832 0.073732304
3.245546096 0.234665388 0.097201586
3.245546096 0.224007989 0.119734764
3.245546096 0.211193270 0.141114831
3.245546096 0.196344644 0.161135885
3.245546096 0.179605112 0.179605112
3.245546096 0.161135885 0.196344644
3.245546096 0.141114831 0.211193270
3.245546096 0.119734764 0.224007989
3.245546096 0.097201586 0.234665388
3.245546096 0.073732304 0.243062832
3.245546096 0.049552939 0.249119447
3.245546096 0.024896352 0.252776906
3.245546096 0.000000000 0.253999986
3.245546096 -0.024896352 0.252776906
3.245546096 -0.049552939 0.249119447
3.245546096 -0.073732304 0.243062832
3.245546096 -0.097201586 0.234665388
3.245546096 -0.119734764 0.224007989
3.245546096 -0.141114831 0.211193270
3.245546096 -0.161135885 0.196344644
3.245546096 -0.179605112 0.179605112
3.245546096 -0.196344644 0.161135885
3.245546096 -0.211193270 0.141114831
3.245546096 -0.224007989 0.119734764
3.245546096 -0.234665388 0.097201586
3.245546096 -0.243062832 0.073732304
3.245546096 -0.249119447 0.049552939
3.245546096 -0.252776906 0.024896352
3.245546096 -0.253999986 0.000000000
3.245546096 -0.252776906 -0.024896352
3.245546096 -0.249119447 -0.049552939
3.245546096 -0.243062832 -0.073732304
3.245546096 -0.234665388 -0.097201586
3.245546096 -0.224007989 -0.119734764
3.245546096 -0.211193270 -0.141114831
3.245546096 -0.196344644 -0.161135885
3.245546096 -0.179605112 -0.179605112
3.245546096 -0.161135885 -0.196344644
3.245546096 -0.141114831 -0.211193270
3.245546096 -0.119734764 -0.224007989
3.245546096 -0.097201586 -0.234665388
3.245546096 -0.073732304 -0.243062832
3.245546096 -0.049552939 -0.249119447
3.245546096 -0.024896352 -0.252776906
3.245546096 -0.000000000 -0.253999986
3.245546096 0.024896352 -0.252776906
3.245546096 0.049552939 -0.249119447
3.245546096 0.073732304 -0.243062832
3.245546096 0.097201586 -0.234665388
3.245546096 0.119734764 -0.224007989
3.245546096 0.141114831 -0.211193270
3.245546096 0.161135885 -0.196344644
3.245546096 0.179605112 -0.179605112
3.245546096 0.196344644 -0.161135885
3.245546096 0.211193270 -0.141114831
3.245546096 0.224007989 -0.119734764
3.245546096 0.234665388 -0.097201586
3.245546096 0.243062832 -0.073732304
3.245546096 0.249119447 -0.049552939
3.245546096 0.252776906 -0.024896352
#67
3.247632778 0.253999748 0.000000000
3.247632778 0.252776669 0.024896329
3.247632778 0.249119214 0.049552893
3.247632778 0.243062604 0.073732235
3.247632778 0.234665168 0.097201495
3.247632778 0.224007779 0.119734652
3.247632778 0.211193072 0.141114699
3.247632778 0.196344460 0.161135734
3.247632778 0.179604944 0.179604944
3.247632778 0.161135734 0.196344460
3.247632778 0.141114699 0.211193072
3.247632778 0.119734652 0.224007779
3.247632778 0.097201495 0.234665168
3.247632778 0.073732235 0.243062604
3.247632778 0.049552893 0.249119214
3.247632778 0.024896329 0.252776669
3.247632778 0.000000000 0.253999748
3.247632778 -0.024896329 0.252776669
3.247632778 -0.049552893 0.249119214
3.247632778 -0.073732235 0.243062604
3.247632778 -0.097201495 0.234665168
3.247632778 -0.119734652 0.224007779
3.247632778 -0.141114699 0.211193072
3.247632778 -0.161135734 0.196344460
3.247632778 -0.179604944 0.179604944
3.247632778 -0.196344460 0.161135734
3.247632778 -0.211193072 0.141114699
3.247632778 -0.224007779 0.119734652
3.247632778 -0.234665168 0.097201495
3.247632778 -0.243062604 0.073732235
3.247632778 -0.249119214 0.049552893
3.247632778 -0.252776669 0.024896329
3.247632778 -0.253999748 0.000000000
3.247632778 -0.252776669 -0.024896329
3.247632778 -0.249119214 -0.049552893
3.247632778 -0.243062604 -0.073732235
3.247632778 -0.234665168 -0.097201495
3.247632778 -0.224007779 -0.119734652
3.247632778 -0.211193072 -0.141114699
3.247632778 -0.196344460 -0.161135734
3.247632778 -0.179604944 -0.179604944
3.247632778 -0.161135734 -0.196344460
3.247632778 -0.141114699 -0.211193072
3.247632778 -0.119734652 -0.224007779
3.247632778 -0.097201495 -0.234665168
3.247632778 -0.073732235 -0.243062604
3.247632778 -0.049552893 -0.249119214
3.247632778 -0.024896329 -0.252776669
3.247632778 -0.000000000 -0.253999748
3.247632778 0.024896329 -0.252776669
3.247632778 0.049552893 -0.249119214
3.247632778 0.073732235 -0.243062604
3.247632778 0.097201495 -0.234665168
3.247632778 0.119734652 -0.224007779
3.247632778 0.141114699 -0.211193072
3.247632778 0.161135734 -0.196344460
3.247632778 0.179604944 -0.179604944
3.247632778 0.196344460 -0.161135734
3.247632778 0.211193072 -0.141114699
3.247632778 0.224007779 -0.119734652
3.247632778 0.234665168 -0.097201495
3.247632778 0.243062604 -0.073732235
3.247632778 0.249119214 -0.049552893
3.247632778 0.252776669 -0.024896329
#68
3.251104224 0.253998530 0.000000000
3.251104224 0.252775457 0.024896210
3.251104224 0.249118019 0.049552655
3.251104224 0.243061438 0.073731881
3.251104224 0.234664043 0.097201029
3.251104224 0.224006704 0.119734078
3.251104224 0.211192059 0.141114022
3.251104224 0.196343519 0.161134961
3.251104224 0.179604083 0.179604083
3.251104224 0.161134961 0.196343519
3.251104224 0.141114022 0.211192059
3.251104224 0.119734078 0.224006704
3.251104224 0.097201029 0.234664043
3.251104224 0.073731881 0.243061438
3.251104224 0.049552655 0.249118019
3.251104224 0.024896210 0.252775457
3.251104224 0.000000000 0.253998530
3.251104224 -0.024896210 0.252775457
3.251104224 -0.049552655 0.249118019
3.251104224 -0.073731881 0.243061438
3.251104224 -0.097201029 0.234664043
3.251104224 -0.119734078 0.224006704
3.251104224 -0.141114022 0.211192059
3.251104224 -0.161134961 0.196343519
3.251104224 -0.179604083 0.179604083
3.251104224 -0.196343519 0.161134961
3.251104224 -0.211192059 0.141114022
3.251104224 -0.224006704 0.119734078
3.251104224 -0.234664043 0.097201029
3.251104224 -0.243061438 0.073731881
3.251104224 -0.249118019 0.049552655
3.251104224 -0.252775457 0.024896210
3.251104224 -0.253998530 0.000000000
3.251104224 -0.252775457 -0.024896210
3.251104224 -0.249118019 -0.049552655
3.251104224 -0.243061438 -0.073731881
3.251104224 -0.234664043 -0.097201029
3.251104224 -0.224006704 -0.119734078
3.251104224 -0.211192059 -0.141114022
3.251104224 -0.196343519 -0.161134961
3.251104224 -0.179604083 -0.179604083
3.251104224 -0.161134961 -0.196343519
3.251104224 -0.141114022 -0.211192059
3.251104224 -0.119734078 -0.224006704
3.251104224 -0.097201029 -0.234664043
3.251104224 -0.073731881 -0.243061438
3.251104224 -0.049552655 -0.249118019
3.251104224 -0.024896210 -0.252775457
3.251104224 -0.000000000 -0.253998530
3.251104224 0.024896210 -0.252775457
3.251104224 0.049552655 -0.249118019
3.251104224 0.073731881 -0.243061438
3.251104224 0.097201029 -0.234664043
3.251104224 0.119734078 -0.224006704
3.251104224 0.141114022 -0.211192059
3.251104224 0.161134961 -0.196343519
3.251104224 0.179604083 -0.179604083
3.251104224 0.196343519 -0.161134961
3.251104224 0.211192059 -0.141114022
3.251104224 0.224006704 -0.119734078
3.251104224 0.234664043 -0.097201029
3.251104224 0.243061438 -0.073731881
3.251104224 0.249118019 -0.049552655
3.251104224 0.252775457 -0.024896210
#69
3.255950921 0.253994517 0.000000000
3.255950921 0.252771464 0.024895816
3.255950921 0.249114084 0.049551872
3.255950921 0.243057598 0.073730716
3.255950921 0.234660336 0.097199494
3.255950921 0.224003166 0.119732187
3.255950921 0.211188723 0.141111793
3.255950921 0.196340417 0.161132416
3.255950921 0.179601245 0.179601245
3.255950921 0.161132416 0.196340417
3.255950921 0.141111793 0.211188723
3.255950921 0.119732187 0.224003166
3.255950921 0.097199494 0.234660336
3.255950921 0.073730716 0.243057598
3.255950921 0.049551872 0.249114084
3.255950921 0.024895816 0.252771464
3.255950921 0.000000000 0.253994517
3.255950921 -0.024895816 0.252771464
3.255950921 -0.049551872 0.249114084
3.255950921 -0.073730716 0.243057598
3.255950921 -0.097199494 0.234660336
3.255950921 -0.119732187 0.224003166
3.255950921 -0.141111793 0.211188723
3.255950921 -0.161132416 0.196340417
3.255950921 -0.179601245 0.179601245
3.255950921 -0.196340417 0.161132416
3.255950921 -0.211188723 0.141111793
3.255950921 -0.224003166 0.119732187
3.255950921 -0.234660336 0.097199494
3.255950921 -0.243057598 0.073730716
3.255950921 -0.249114084 0.049551872
3.255950921 -0.252771464 0.024895816
3.255950921 -0.253994517 0.000000000
3.255950921 -0.252771464 -0.024895816
3.255950921 -0.249114084 -0.049551872
3.255950921 -0.243057598 -0.073730716
3.255950921 -0.234660336 -0.097199494
3.255950921 -0.224003166 -0.119732187
3.255950921 -0.211188723 -0.141111793
3.255950921 -0.196340417 -0.161132416
3.255950921 -0.179601245 -0.179601245
3.255950921 -0.161132416 -0.196340417
3.255950921 -0.141111793 -0.211188723
3.255950921 -0.119732187 -0.224003166
3.255950921 -0.097199494 -0.234660336
3.255950921 -0.073730716 -0.243057598
3.255950921 -0.049551872 -0.249114084
3.255950921 -0.024895816 -0.252771464
3.255950921 -0.000000000 -0.253994517
3.255950921 0.024895816 -0.252771464
3.255950921 0.049551872 -0.249114084
3.255950921 0.073730716 -0.243057598
3.255950921 0.097199494 -0.234660336
3.255950921 0.119732187 -0.224003166
3.255950921 0.141111793 -0.211188723
3.255950921 0.161132416 -0.196340417
3.255950921 0.179601245 -0.179601245
3.255950921 0.196340417 -0.161132416
3.255950921 0.211188723 -0.141111793
3.255950921 0.224003166 -0.119732187
3.255950921 0.234660336 -0.097199494
3.255950921 0.243057598 -0.073730716
3.255950921 0.249114084 -0.049551872
3.255950921 0.252771464 -0.024895816
#70
3.262159584 0.253984067 0.000000000
3.262159584 0.252761065 0.024894792
3.262159584 0.249103835 0.049549833
3.262159584 0.243047599 0.073727683
3.262159584 0.234650681 0.097195495
3.262159584 0.223993950 0.119727261
3.262159584 0.211180034 0.141105987
3.262159584 0.196332339 0.161125787
3.262159584 0.179593856 0.179593856
3.262159584 0.161125787 0.196332339
3.262159584 0.141105987 0.211180034
3.262159584 0.119727261 0.223993950
3.262159584 0.097195495 0.234650681
3.262159584 0.073727683 0.243047599
3.262159584 0.049549833 0.249103835
3.262159584 0.024894792 0.252761065
3.262159584 0.000000000 0.253984067
3.262159584 -0.024894792 0.252761065
3.262159584 -0.049549833 0.249103835
3.262159584 -0.073727683 0.243047599
3.262159584 -0.097195495 0.234650681
3.262159584 -0.119727261 0.223993950
3.262159584 -0.141105987 0.211180034
3.262159584 -0.161125787 0.196332339
3.262159584 -0.179593856 0.179593856
3.262159584 -0.196332339 0.161125787
3.262159584 -0.211180034 0.141105987
3.262159584 -0.223993950 0.119727261
3.262159584 -0.234650681 0.097195495
3.262159584 -0.243047599 0.073727683
3.262159584 -0.249103835 0.049549833
3.262159584 -0.252761065 0.024894792
3.262159584 -0.253984067 0.000000000
3.262159584 -0.252761065 -0.024894792
3.262159584 -0.249103835 -0.049549833
3.262159584 -0.243047599 -0.073727683
3.262159584 -0.234650681 -0.097195495
3.262159584 -0.223993950 -0.119727261
3.262159584 -0.211180034 -0.141105987
3.262159584 -0.196332339 -0.161125787
3.262159584 -0.179593856 -0.179593856
3.262159584 -0.161125787 -0.196332339
3.262159584 -0.141105987 -0.211180034
3.262159584 -0.119727261 -0.223993950
3.262159584 -0.097195495 -0.234650681
3.262159584 -0.073727683 -0.243047599
3.262159584 -0.049549833 -0.249103835
3.262159584 -0.024894792 -0.252761065
3.262159584 -0.000000000 -0.253984067
3.262159584 0.024894792 -0.252761065
3.262159584 0.049549833 -0.249103835
3.262159584 0.073727683 -0.243047599
3.262159584 0.097195495 -0.234650681
3.262159584 0.119727261 -0.223993950
3.262159584 0.141105987 -0.211180034
3.262159584 0.161125787 -0.196332339
3.262159584 0.179593856 -0.179593856
3.262159584 0.196332339 -0.161125787
3.262159584 0.211180034 -0.141105987
3.262159584 0.223993950 -0.119727261
3.262159584 0.234650681 -0.097195495
3.262159584 0.243047599 -0.073727683
3.262159584 0.249103835 -0.049549833
3.262159584 0.252761065 -0.024894792
#71
3.269713195 0.253960744 0.000000000
3.269713195 0.252737853 0.024892506
3.269713195 0.249080959 0.049545283
3.269713195 0.243025279 0.073720913
3.269713195 0.234629133 0.097186569
3.269713195 0.223973380 0.119716266
3.269713195 0.211160641 0.141093030
3.269713195 0.196314310 0.161110990
3.269713195 0.179577364 0.179577364
3.269713195 0.161110990 0.196314310
3.269713195 0.141093030 0.211160641
3.269713195 0.119716266 0.223973380
3.269713195 0.097186569 0.234629133
3.269713195 0.073720913 0.243025279
3.269713195 0.049545283 0.249080959
3.269713195 0.024892506 0.252737853
3.269713195 0.000000000 0.253960744
3.269713195 -0.024892506 0.252737853
3.269713195 -0.049545283 0.249080959
3.269713195 -0.073720913 0.243025279
3.269713195 -0.097186569 0.234629133
3.269713195 -0.119716266 0.223973380
3.269713195 -0.141093030 0.211160641
3.269713195 -0.161110990 0.196314310
3.269713195 -0.179577364 0.179577364
3.269713195 -0.196314310 0.161110990
3.269713195 -0.211160641 0.141093030
3.269713195 -0.223973380 0.119716266
3.269713195 -0.234629133 0.097186569
3.269713195 -0.243025279 0.073720913
3.269713195 -0.249080959 0.049545283
3.269713195 -0.252737853 0.024892506
3.269713195 -0.253960744 0.000000000
3.269713195 -0.252737853 -0.024892506
3.269713195 -0.249080959 -0.049545283
3.269713195 -0.243025279 -0.073720913
3.269713195 -0.234629133 -0.097186569
3.269713195 -0.223973380 -0.119716266
3.269713195 -0.211160641 -0.141093030
3.269713195 -0.196314310 -0.161110990
3.269713195 -0.179577364 -0.179577364
3.269713195 -0.161110990 -0.196314310
3.269713195 -0.141093030 -0.211160641
3.269713195 -0.119716266 -0.223973380
3.269713195 -0.097186569 -0.234629133
3.269713195 -0.073720913 -0.243025279
3.269713195 -0.049545283 -0.249080959
3.269713195 -0.024892506 -0.252737853
3.269713195 -0.000000000 -0.253960744
3.269713195 0.024892506 -0.252737853
3.269713195 0.049545283 -0.249080959
3.269713195 0.073720913 -0.243025279
3.269713195 0.097186569 -0.234629133
3.269713195 0.119716266 -0.223973380
3.269713195 0.141093030 -0.211160641
3.269713195 0.161110990 -0.196314310
3.269713195 0.179577364 -0.179577364
3.269713195 0.196314310 -0.161110990
3.269713195 0.211160641 -0.141093030
3.269713195 0.223973380 -0.119716266
3.269713195 0.234629133 -0.097186569
3.269713195 0.243025279 -0.073720913
3.269713195 0.249080959 -0.049545283
3.269713195 0.252737853 -0.024892506
#72
3.278591050 0.253914260 0.000000000
3.278591050 0.252691593 0.024887950
3.278591050 0.249035368 0.049536215
3.278591050 0.242980797 0.073707419
3.278591050 0.234586187 0.097168780
3.278591050 0.223932385 0.119694353
3.278591050 0.211121991 0.141067204
3.278591050 0.196278377 0.161081501
3.278591050 0.179544495 0.179544495
3.278591050 0.161081501 0.196278377
3.278591050 0.141067204 0.211121991
3.278591050 0.119694353 0.223932385
3.278591050 0.097168780 0.234586187
3.278591050 0.073707419 0.242980797
3.278591050 0.049536215 0.249035368
3.278591050 0.024887950 0.252691593
3.278591050 0.000000000 0.253914260
3.278591050 -0.024887950 0.252691593
3.278591050 -0.049536215 0.249035368
3.278591050 -0.073707419 0.242980797
3.278591050 -0.097168780 0.234586187
3.278591050 -0.119694353 0.223932385
3.278591050 -0.141067204 0.211121991
3.278591050 -0.161081501 0.196278377
3.278591050 -0.179544495 0.179544495
3.278591050 -0.196278377 0.161081501
3.278591050 -0.211121991 0.141067204
3.278591050 -0.223932385 0.119694353
3.278591050 -0.234586187 0.097168780
3.278591050 -0.242980797 0.073707419
3.278591050 -0.249035368 0.049536215
3.278591050 -0.252691593 0.024887950
3.278591050 -0.253914260 0.000000000
3.278591050 -0.252691593 -0.024887950
3.278591050 -0.249035368 -0.049536215
3.278591050 -0.242980797 -0.073707419
3.278591050 -0.234586187 -0.097168780
3.278591050 -0.223932385 -0.119694353
3.278591050 -0.211121991 -0.141067204
3.278591050 -0.196278377 -0.161081501
3.278591050 -0.179544495 -0.179544495
3.278591050 -0.161081501 -0.196278377
3.278591050 -0.141067204 -0.211121991
3.278591050 -0.119694353 -0.223932385
3.278591050 -0.097168780 -0.234586187
3.278591050 -0.073707419 -0.242980797
3.278591050 -0.049536215 -0.249035368
3.278591050 -0.024887950 -0.252691593
3.278591050 -0.000000000 -0.253914260
3.278591050 0.024887950 -0.252691593
3.278591050 0.049536215 -0.249035368
3.278591050 0.073707419 -0.242980797
3.278591050 0.097168780 -0.234586187
3.278591050 0.119694353 -0.223932385
3.278591050 0.141067204 -0.211121991
3.278591050 0.161081501 -0.196278377
3.278591050 0.179544495 -0.179544495
3.278591050 0.196278377 -0.161081501
3.278591050 0.211121991 -0.141067204
3.278591050 0.223932385 -0.119694353
3.278591050 0.234586187 -0.097168780
3.278591050 0.242980797 -0.073707419
3.278591050 0.249035368 -0.049536215
3.278591050 0.252691593 -0.024887950
#73
3.288768816 0.253829447 0.000000000
3.288768816 0.252607189 0.024879637
3.288768816 0.248952185 0.049519669
3.288768816 0.242899636 0.073682799
3.288768816 0.234507831 0.097136324
3.288768816 0.223857587 0.119654373
3.288768816 0.211051472 0.141020085
3.288768816 0.196212816 0.161027697
3.288768816 0.179484523 0.179484523
3.288768816 0.161027697 0.196212816
3.288768816 0.141020085 0.211051472
3.288768816 0.119654373 0.223857587
3.288768816 0.097136324 0.234507831
3.288768816 0.073682799 0.242899636
3.288768816 0.049519669 0.248952185
3.288768816 0.024879637 0.252607189
3.288768816 0.000000000 0.253829447
3.288768816 -0.024879637 0.252607189
3.288768816 -0.049519669 0.248952185
3.288768816 -0.073682799 0.242899636
3.288768816 -0.097136324 0.234507831
3.288768816 -0.119654373 0.223857587
3.288768816 -0.141020085 0.211051472
3.288768816 -0.161027697 0.196212816
3.288768816 -0.179484523 0.179484523
3.288768816 -0.196212816 0.161027697
3.288768816 -0.211051472 0.141020085
3.288768816 -0.223857587 0.119654373
3.288768816 -0.234507831 0.097136324
3.288768816 -0.242899636 0.073682799
3.288768816 -0.248952185 0.049519669
3.288768816 -0.252607189 0.024879637
3.288768816 -0.253829447 0.000000000
3.288768816 -0.252607189 -0.024879637
3.288768816 -0.248952185 -0.049519669
3.288768816 -0.242899636 -0.073682799
3.288768816 -0.234507831 -0.097136324
3.288768816 -0.223857587 -0.119654373
3.288768816 -0.211051472 -0.141020085
3.288768816 -0.196212816 -0.161027697
3.288768816 -0.179484523 -0.179484523
3.288768816 -0.161027697 -0.196212816
3.288768816 -0.141020085 -0.211051472
3.288768816 -0.119654373 -0.223857587
3.288768816 -0.097136324 -0.234507831
3.288768816 -0.073682799 -0.242899636
3.288768816 -0.049519669 -0.248952185
3.288768816 -0.024879637 -0.252607189
3.288768816 -0.000000000 -0.253829447
3.288768816 0.024879637 -0.252607189
3.288768816 0.049519669 -0.248952185
3.288768816 0.073682799 -0.242899636
3.288768816 0.097136324 -0.234507831
3.288768816 0.119654373 -0.223857587
3.288768816 0.141020085 -0.211051472
3.288768816 0.161027697 -0.196212816
3.288768816 0.179484523 -0.179484523
3.288768816 0.196212816 -0.161027697
3.288768816 0.211051472 -0.141020085
3.288768816 0.223857587 -0.119654373
3.288768816 0.234507831 -0.097136324
3.288768816 0.242899636 -0.073682799
3.288768816 0.248952185 -0.049519669
3.288768816 0.252607189 -0.024879637
#74
3.300218597 0.253685372 0.000000000
3.300218597 0.252463807 0.024865515
3.300218597 0.248810879 0.049491561
3.300218597 0.242761765 0.073640976
3.300218597 0.234374723 0.097081189
3.300218597 0.223730524 0.119586456
3.300218597 0.210931678 0.140940041
3.300218597 0.196101444 0.160936296
3.300218597 0.179382647 0.179382647
3.300218597 0.160936296 0.196101444
3.300218597 0.140940041 0.210931678
3.300218597 0.119586456 0.223730524
3.300218597 0.097081189 0.234374723
3.300218597 0.073640976 0.242761765
3.300218597 0.049491561 0.248810879
3.300218597 0.024865515 0.252463807
3.300218597 0.000000000 0.253685372
3.300218597 -0.024865515 0.252463807
3.300218597 -0.049491561 0.248810879
3.300218597 -0.073640976 0.242761765
3.300218597 -0.097081189 0.234374723
3.300218597 -0.119586456 0.223730524
3.300218597 -0.140940041 0.210931678
3.300218597 -0.160936296 0.196101444
3.300218597 -0.179382647 0.179382647
3.300218597 -0.196101444 0.160936296
3.300218597 -0.210931678 0.140940041
3.300218597 -0.223730524 0.119586456
3.300218597 -0.234374723 0.097081189
3.300218597 -0.242761765 0.073640976
3.300218597 -0.248810879 0.049491561
3.300218597 -0.252463807 0.024865515
3.300218597 -0.253685372 0.000000000
3.300218597 -0.252463807 -0.024865515
3.300218597 -0.248810879 -0.049491561
3.300218597 -0.242761765 -0.073640976
3.300218597 -0.234374723 -0.097081189
3.300218597 -0.223730524 -0.119586456
3.300218597 -0.210931678 -0.140940041
3.300218597 -0.196101444 -0.160936296
3.300218597 -0.179382647 -0.179382647
3.300218597 -0.160936296 -0.196101444
3.300218597 -0.140940041 -0.210931678
3.300218597 -0.119586456 -0.223730524
3.300218597 -0.097081189 -0.234374723
3.300218597 -0.073640976 -0.242761765
3.300218597 -0.049491561 -0.248810879
3.300218597 -0.024865515 -0.252463807
3.300218597 -0.000000000 -0.253685372
3.300218597 0.024865515 -0.252463807
3.300218597 0.049491561 -0.248810879
3.300218597 0.073640976 -0.242761765
3.300218597 0.097081189 -0.234374723
3.300218597 0.119586456 -0.223730524
3.300218597 0.140940041 -0.210931678
3.300218597 0.160936296 -0.196101444
3.300218597 0.179382647 -0.179382647
3.300218597 0.196101444 -0.160936296
3.300218597 0.210931678 -0.140940041
3.300218597 0.223730524 -0.119586456
3.300218597 0.234374723 -0.097081189
3.300218597 0.242761765 -0.073640976
3.300218597 0.248810879 -0.049491561
3.300218597 0.252463807 -0.024865515
#75
3.312909008 0.253454710 0.000000000
3.312909008 0.252234256 0.024842906
3.312909008 0.248584649 0.049446561
3.312909008 0.242541035 0.073574019
3.312909008 0.234161619 0.096992918
3.312909008 0.223527098 0.119477723
3.312909008 0.210739889 0.140811892
3.312909008 0.195923140 0.160789966
3.312909008 0.179219544 0.179219544
3.312909008 0.160789966 0.195923140
3.312909008 0.140811892 0.210739889
3.312909008 0.119477723 0.223527098
3.312909008 0.096992918 0.234161619
3.312909008 0.073574019 0.242541035
3.312909008 0.049446561 0.248584649
3.312909008 0.024842906 0.252234256
3.312909008 0.000000000 0.253454710
3.312909008 -0.024842906 0.252234256
3.312909008 -0.049446561 0.248584649
3.312909008 -0.073574019 0.242541035
3.312909008 -0.096992918 0.234161619
3.312909008 -0.119477723 0.223527098
3.312909008 -0.140811892 0.210739889
3.312909008 -0.160789966 0.195923140
3.312909008 -0.179219544 0.179219544
3.312909008 -0.195923140 0.160789966
3.312909008 -0.210739889 0.140811892
3.312909008 -0.223527098 0.119477723
3.312909008 -0.234161619 0.096992918
3.312909008 -0.242541035 0.073574019
3.312909008 -0.248584649 0.049446561
3.312909008 -0.252234256 0.024842906
3.312909008 -0.253454710 0.000000000
3.312909008 -0.252234256 -0.024842906
3.312909008 -0.248584649 -0.049446561
3.312909008 -0.242541035 -0.073574019
3.312909008 -0.234161619 -0.096992918
3.312909008 -0.223527098 -0.119477723
3.312909008 -0.210739889 -0.140811892
3.312909008 -0.195923140 -0.160789966
3.312909008 -0.179219544 -0.179219544
3.312909008 -0.160789966 -0.195923140
3.312909008 -0.140811892 -0.210739889
3.312909008 -0.119477723 -0.223527098
3.312909008 -0.096992918 -0.234161619
3.312909008 -0.073574019 -0.242541035
3.312909008 -0.049446561 -0.248584649
3.312909008 -0.024842906 -0.252234256
3.312909008 -0.000000000 -0.253454710
3.312909008 0.024842906 -0.252234256
3.312909008 0.049446561 -0.248584649
3.312909008 0.073574019 -0.242541035
3.312909008 0.096992918 -0.234161619
3.312909008 0.119477723 -0.223527098
3.312909008 0.140811892 -0.210739889
3.312909008 0.160789966 -0.195923140
3.312909008 0.179219544 -0.179219544
3.312909008 0.195923140 -0.160789966
3.312909008 0.210739889 -0.140811892
3.312909008 0.223527098 -0.119477723
3.312909008 0.234161619 -0.096992918
3.312909008 0.242541035 -0.073574019
3.312909008 0.248584649 -0.049446561
3.312909008 0.252234256 -0.024842906
#76
3.326805268 0.253103483 0.000000000
3.326805268 0.251884720 0.024808480
3.326805268 0.248240170 0.049378040
3.326805268 0.242204932 0.073472063
3.326805268 0.233837127 0.096858509
3.326805268 0.223217343 0.119312156
3.326805268 0.210447855 0.140616761
3.326805268 0.195651638 0.160567150
3.326805268 0.178971189 0.178971189
3.326805268 0.160567150 0.195651638
3.326805268 0.140616761 0.210447855
3.326805268 0.119312156 0.223217343
3.326805268 0.096858509 0.233837127
3.326805268 0.073472063 0.242204932
3.326805268 0.049378040 0.248240170
3.326805268 0.024808480 0.251884720
3.326805268 0.000000000 0.253103483
3.326805268 -0.024808480 0.251884720
3.326805268 -0.049378040 0.248240170
3.326805268 -0.073472063 0.242204932
3.326805268 -0.096858509 0.233837127
3.326805268 -0.119312156 0.223217343
3.326805268 -0.140616761 0.210447855
3.326805268 -0.160567150 0.195651638
3.326805268 -0.178971189 0.178971189
3.326805268 -0.195651638 0.160567150
3.326805268 -0.210447855 0.140616761
3.326805268 -0.223217343 0.119312156
3.326805268 -0.233837127 0.096858509
3.326805268 -0.242204932 0.073472063
3.326805268 -0.248240170 0.049378040
3.326805268 -0.251884720 0.024808480
3.326805268 -0.253103483 0.000000000
3.326805268 -0.251884720 -0.024808480
3.326805268 -0.248240170 -0.049378040
3.326805268 -0.242204932 -0.073472063
3.326805268 -0.233837127 -0.096858509
3.326805268 -0.223217343 -0.119312156
3.326805268 -0.210447855 -0.140616761
3.326805268 -0.195651638 -0.160567150
3.326805268 -0.178971189 -0.178971189
3.326805268 -0.160567150 -0.195651638
3.326805268 -0.140616761 -0.210447855
3.326805268 -0.119312156 -0.223217343
3.326805268 -0.096858509 -0.233837127
3.326805268 -0.073472063 -0.242204932
3.326805268 -0.049378040 -0.248240170
3.326805268 -0.024808480 -0.251884720
3.326805268 -0.000000000 -0.253103483
3.326805268 0.024808480 -0.251884720
3.326805268 0.049378040 -0.248240170
3.326805268 0.073472063 -0.242204932
3.326805268 0.096858509 -0.233837127
3.326805268 0.119312156 -0.223217343
3.326805268 0.140616761 -0.210447855
3.326805268 0.160567150 -0.195651638
3.326805268 0.178971189 -0.178971189
3.326805268 0.195651638 -0.160567150
3.326805268 0.210447855 -0.140616761
3.326805268 0.223217343 -0.119312156
3.326805268 0.233837127 -0.096858509
3.326805268 0.242204932 -0.073472063
3.326805268 0.248240170 -0.049378040
3.326805268 0.251884720 -0.024808480
#77
3.341869286 0.252591228 0.000000000
3.341869286 0.251374932 0.024758270
3.341869286 0.247737759 0.049278104
3.341869286 0.241714735 0.073323363
3.341869286 0.233363866 0.096662478
3.341869286 0.222765575 0.119070681
3.341869286 0.210021931 0.140332168
3.341869286 0.195255660 0.160242179
3.341869286 0.178608970 0.178608970
3.341869286 0.160242179 0.195255660
3.341869286 0.140332168 0.210021931
3.341869286 0.119070681 0.222765575
3.341869286 0.096662478 0.233363866
3.341869286 0.073323363 0.241714735
3.341869286 0.049278104 0.247737759
3.341869286 0.024758270 0.251374932
3.341869286 0.000000000 0.252591228
3.341869286 -0.024758270 0.251374932
3.341869286 -0.049278104 0.247737759
3.341869286 -0.073323363 0.241714735
3.341869286 -0.096662478 0.233363866
3.341869286 -0.119070681 0.222765575
3.341869286 -0.140332168 0.210021931
3.341869286 -0.160242179 0.195255660
3.341869286 -0.178608970 0.178608970
3.341869286 -0.195255660 0.160242179
3.341869286 -0.210021931 0.140332168
3.341869286 -0.222765575 0.119070681
3.341869286 -0.233363866 0.096662478
3.341869286 -0.241714735 0.073323363
3.341869286 -0.247737759 0.049278104
3.341869286 -0.251374932 0.024758270
3.341869286 -0.252591228 0.000000000
3.341869286 -0.251374932 -0.024758270
3.341869286 -0.247737759 -0.049278104
3.341869286 -0.241714735 -0.073323363
3.341869286 -0.233363866 -0.096662478
3.341869286 -0.222765575 -0.119070681
3.341869286 -0.210021931 -0.140332168
3.341869286 -0.195255660 -0.160242179
3.341869286 -0.178608970 -0.178608970
3.341869286 -0.160242179 -0.195255660
3.341869286 -0.140332168 -0.210021931
3.341869286 -0.119070681 -0.222765575
3.341869286 -0.096662478 -0.233363866
3.341869286 -0.073323363 -0.241714735
3.341869286 -0.049278104 -0.247737759
3.341869286 -0.024758270 -0.251374932
3.341869286 -0.000000000 -0.252591228
3.341869286 0.024758270 -0.251374932
3.341869286 0.049278104 -0.247737759
3.341869286 0.073323363 -0.241714735
3.341869286 0.096662478 -0.233363866
3.341869286 0.119070681 -0.222765575
3.341869286 0.140332168 -0.210021931
3.341869286 0.160242179 -0.195255660
3.341869286 0.178608970 -0.178608970
3.341869286 0.195255660 -0.160242179
3.341869286 0.210021931 -0.140332168
3.341869286 0.222765575 -0.119070681
3.341869286 0.233363866 -0.096662478
3.341869286 0.241714735 -0.073323363
3.341869286 0.247737759 -0.049278104
3.341869286 0.251374932 -0.024758270
#78
3.358059774 0.251871644 0.000000000
3.358059774 0.250658814 0.024687738
3.358059774 0.247032001 0.049137720
3.358059774 0.241026136 0.073114479
3.358059774 0.232699057 0.096387105
3.358059774 0.222130959 0.118731471
3.358059774 0.209423619 0.139932388
3.358059774 0.194699414 0.159785680
3.358059774 0.178100148 0.178100148
3.358059774 0.159785680 0.194699414
3.358059774 0.139932388 0.209423619
3.358059774 0.118731471 0.222130959
3.358059774 0.096387105 0.232699057
3.358059774 0.073114479 0.241026136
3.358059774 0.049137720 0.247032001
3.358059774 0.024687738 0.250658814
3.358059774 0.000000000 0.251871644
3.358059774 -0.024687738 0.250658814
3.358059774 -0.049137720 0.247032001
3.358059774 -0.073114479 0.241026136
3.358059774 -0.096387105 0.232699057
3.358059774 -0.118731471 0.222130959
3.358059774 -0.139932388 0.209423619
3.358059774 -0.159785680 0.194699414
3.358059774 -0.178100148 0.178100148
3.358059774 -0.194699414 0.159785680
3.358059774 -0.209423619 0.139932388
3.358059774 -0.222130959 0.118731471
3.358059774 -0.232699057 0.096387105
3.358059774 -0.241026136 0.073114479
3.358059774 -0.247032001 0.049137720
3.358059774 -0.250658814 0.024687738
3.358059774 -0.251871644 0.000000000
3.358059774 -0.250658814 -0.024687738
3.358059774 -0.247032001 -0.049137720
3.358059774 -0.241026136 -0.073114479
3.358059774 -0.232699057 -0.096387105
3.358059774 -0.222130959 -0.118731471
3.358059774 -0.209423619 -0.139932388
3.358059774 -0.194699414 -0.159785680
3.358059774 -0.178100148 -0.178100148
3.358059774 -0.159785680 -0.194699414
3.358059774 -0.139932388 -0.209423619
3.358059774 -0.118731471 -0.222130959
3.358059774 -0.096387105 -0.232699057
3.358059774 -0.073114479 -0.241026136
3.358059774 -0.049137720 -0.247032001
3.358059774 -0.024687738 -0.250658814
3.358059774 -0.000000000 -0.251871644
3.358059774 0.024687738 -0.250658814
3.358059774 0.049137720 -0.247032001
3.358059774 0.073114479 -0.241026136
3.358059774 0.096387105 -0.232699057
3.358059774 0.118731471 -0.222130959
3.358059774 0.139932388 -0.209423619
3.358059774 0.159785680 -0.194699414
3.358059774 0.178100148 -0.178100148
3.358059774 0.194699414 -0.159785680
3.358059774 0.209423619 -0.139932388
3.358059774 0.222130959 -0.118731471
3.358059774 0.232699057 -0.096387105
3.358059774 0.241026136 -0.073114479
3.358059774 0.247032001 -0.049137720
3.358059774 0.250658814 -0.024687738
#79
3.375332354 0.250893713 0.000000000
3.375332354 0.249685591 0.024591884
3.375332354 0.246072861 0.048946935
3.375332354 0.240090314 0.072830601
3.375332354 0.231795566 0.096012867
3.375332354 0.221268501 0.118270478
3.375332354 0.208610498 0.139389079
3.375332354 0.193943463 0.159165287
3.375332354 0.177408646 0.177408646
3.375332354 0.159165287 0.193943463
3.375332354 0.139389079 0.208610498
3.375332354 0.118270478 0.221268501
3.375332354 0.096012867 0.231795566
3.375332354 0.072830601 0.240090314
3.375332354 0.048946935 0.246072861
3.375332354 0.024591884 0.249685591
3.375332354 0.000000000 0.250893713
3.375332354 -0.024591884 0.249685591
3.375332354 -0.048946935 0.246072861
3.375332354 -0.072830601 0.240090314
3.375332354 -0.096012867 0.231795566
3.375332354 -0.118270478 0.221268501
3.375332354 -0.139389079 0.208610498
3.375332354 -0.159165287 0.193943463
3.375332354 -0.177408646 0.177408646
3.375332354 -0.193943463 0.159165287
3.375332354 -0.208610498 0.139389079
3.375332354 -0.221268501 0.118270478
3.375332354 -0.231795566 0.096012867
3.375332354 -0.240090314 0.072830601
3.375332354 -0.246072861 0.048946935
3.375332354 -0.249685591 0.024591884
3.375332354 -0.250893713 0.000000000
3.375332354 -0.249685591 -0.024591884
3.375332354 -0.246072861 -0.048946935
3.375332354 -0.240090314 -0.072830601
3.375332354 -0.231795566 -0.096012867
3.375332354 -0.221268501 -0.118270478
3.375332354 -0.208610498 -0.139389079
3.375332354 -0.193943463 -0.159165287
3.375332354 -0.177408646 -0.177408646
3.375332354 -0.159165287 -0.193943463
3.375332354 -0.139389079 -0.208610498
3.375332354 -0.118270478 -0.221268501
3.375332354 -0.096012867 -0.231795566
3.375332354 -0.072830601 -0.240090314
3.375332354 -0.048946935 -0.246072861
3.375332354 -0.024591884 -0.249685591
3.375332354 -0.000000000 -0.250893713
3.375332354 0.024591884 -0.249685591
3.375332354 0.048946935 -0.246072861
3.375332354 0.072830601 -0.240090314
3.375332354 0.096012867 -0.231795566
3.375332354 0.118270478 -0.221268501
3.375332354 0.139389079 -0.208610498
3.375332354 0.159165287 -0.193943463
3.375332354 0.177408646 -0.177408646
3.375332354 0.193943463 -0.159165287
3.375332354 0.208610498 -0.139389079
3.375332354 0.221268501 -0.118270478
3.375332354 0.231795566 -0.096012867
3.375332354 0.240090314 -0.072830601
3.375332354 0.246072861 -0.048946935
3.375332354 0.249685591 -0.024591884
#80
3.393639684 0.249603270 0.000000000
3.393639684 0.248401362 0.024465399
3.393639684 0.244807213 0.048695182
3.393639684 0.238855437 0.072456005
3.393639684 0.230603352 0.095519036
3.393639684 0.220130431 0.117662167
3.393639684 0.207537534 0.138672147
3.393639684 0.192945937 0.158346638
3.393639684 0.176496165 0.176496165
3.393639684 0.158346638 0.192945937
3.393639684 0.138672147 0.207537534
3.393639684 0.117662167 0.220130431
3.393639684 0.095519036 0.230603352
3.393639684 0.072456005 0.238855437
3.393639684 0.048695182 0.244807213
3.393639684 0.024465399 0.248401362
3.393639684 0.000000000 0.249603270
3.393639684 -0.024465399 0.248401362
3.393639684 -0.048695182 0.244807213
3.393639684 -0.072456005 0.238855437
3.393639684 -0.095519036 0.230603352
3.393639684 -0.117662167 0.220130431
3.393639684 -0.138672147 0.207537534
3.393639684 -0.158346638 0.192945937
3.393639684 -0.176496165 0.176496165
3.393639684 -0.192945937 0.158346638
3.393639684 -0.207537534 0.138672147
3.393639684 -0.220130431 0.117662167
3.393639684 -0.230603352 0.095519036
3.393639684 -0.238855437 0.072456005
3.393639684 -0.244807213 0.048695182
3.393639684 -0.248401362 0.024465399
3.393639684 -0.249603270 0.000000000
3.393639684 -0.248401362 -0.024465399
3.393639684 -0.244807213 -0.048695182
3.393639684 -0.238855437 -0.072456005
3.393639684 -0.230603352 -0.095519036
3.393639684 -0.220130431 -0.117662167
3.393639684 -0.207537534 -0.138672147
3.393639684 -0.192945937 -0.158346638
3.393639684 -0.176496165 -0.176496165
3.393639684 -0.158346638 -0.192945937
3.393639684 -0.138672147 -0.207537534
3.393639684 -0.117662167 -0.220130431
3.393639684 -0.095519036 -0.230603352
3.393639684 -0.072456005 -0.238855437
3.393639684 -0.048695182 -0.244807213
3.393639684 -0.024465399 -0.248401362
3.393639684 -0.000000000 -0.249603270
3.393639684 0.024465399 -0.248401362
3.393639684 0.048695182 -0.244807213
3.393639684 0.072456005 -0.238855437
3.393639684 0.095519036 -0.230603352
3.393639684 0.117662167 -0.220130431
3.393639684 0.138672147 -0.207537534
3.393639684 0.158346638 -0.192945937
3.393639684 0.176496165 -0.176496165
3.393639684 0.192945937 -0.158346638
3.393639684 0.207537534 -0.138672147
3.393639684 0.220130431 -0.117662167
3.393639684 0.230603352 -0.095519036
3.393639684 0.238855437 -0.072456005
3.393639684 0.244807213 -0.048695182
3.393639684 0.248401362 -0.024465399
#81
3.412931585 0.247944949 0.000000000
3.412931585 0.246751027 0.024302855
3.412931585 0.243180757 0.048371660
3.412931585 0.237268523 0.071974620
3.412931585 0.229071264 0.094884424
3.412931585 0.218667923 0.116880440
3.412931585 0.206158691 0.137750833
3.412931585 0.191664038 0.157294611
3.412931585 0.175323555 0.175323555
3.412931585 0.157294611 0.191664038
3.412931585 0.137750833 0.206158691
3.412931585 0.116880440 0.218667923
3.412931585 0.094884424 0.229071264
3.412931585 0.071974620 0.237268523
3.412931585 0.048371660 0.243180757
3.412931585 0.024302855 0.246751027
3.412931585 0.000000000 0.247944949
3.412931585 -0.024302855 0.246751027
3.412931585 -0.048371660 0.243180757
3.412931585 -0.071974620 0.237268523
3.412931585 -0.094884424 0.229071264
3.412931585 -0.116880440 0.218667923
3.412931585 -0.137750833 0.206158691
3.412931585 -0.157294611 0.191664038
3.412931585 -0.175323555 0.175323555
3.412931585 -0.191664038 0.157294611
3.412931585 -0.206158691 0.137750833
3.412931585 -0.218667923 0.116880440
3.412931585 -0.229071264 0.094884424
3.412931585 -0.237268523 0.071974620
3.412931585 -0.243180757 0.048371660
3.412931585 -0.246751027 0.024302855
3.412931585 -0.247944949 0.000000000
3.412931585 -0.246751027 -0.024302855
3.412931585 -0.243180757 -0.048371660
3.412931585 -0.237268523 -0.071974620
3.412931585 -0.229071264 -0.094884424
3.412931585 -0.218667923 -0.116880440
3.412931585 -0.206158691 -0.137750833
3.412931585 -0.191664038 -0.157294611
3.412931585 -0.175323555 -0.175323555
3.412931585 -0.157294611 -0.191664038
3.412931585 -0.137750833 -0.206158691
3.412931585 -0.116880440 -0.218667923
3.412931585 -0.094884424 -0.229071264
3.412931585 -0.071974620 -0.237268523
3.412931585 -0.048371660 -0.243180757
3.412931585 -0.024302855 -0.246751027
3.412931585 -0.000000000 -0.247944949
3.412931585 0.024302855 -0.246751027
3.412931585 0.048371660 -0.243180757
3.412931585 0.071974620 -0.237268523
3.412931585 0.094884424 -0.229071264
3.412931585 0.116880440 -0.218667923
3.412931585 0.137750833 -0.206158691
3.412931585 0.157294611 -0.191664038
3.412931585 0.175323555 -0.175323555
3.412931585 0.191664038 -0.157294611
3.412931585 0.206158691 -0.137750833
3.412931585 0.218667923 -0.116880440
3.412931585 0.229071264 -0.094884424
3.412931585 0.237268523 -0.071974620
3.412931585 0.243180757 -0.048371660
3.412931585 0.246751027 -0.024302855
#82
3.433155178 0.245864404 0.000000000
3.433155178 0.244680500 0.024098926
3.433155178 0.241140189 0.047965766
3.433155178 0.235277566 0.071370669
3.433155178 0.227149091 0.094088234
3.433155178 0.216833046 0.115899678
3.433155178 0.204428781 0.136594944
3.433155178 0.190055755 0.155974727
3.433155178 0.173852388 0.173852388
3.433155178 0.155974727 0.190055755
3.433155178 0.136594944 0.204428781
3.433155178 0.115899678 0.216833046
3.433155178 0.094088234 0.227149091
3.433155178 0.071370669 0.235277566
3.433155178 0.047965766 0.241140189
3.433155178 0.024098926 0.244680500
3.433155178 0.000000000 0.245864404
3.433155178 -0.024098926 0.244680500
3.433155178 -0.047965766 0.241140189
3.433155178 -0.071370669 0.235277566
3.433155178 -0.094088234 0.227149091
3.433155178 -0.115899678 0.216833046
3.433155178 -0.136594944 0.204428781
3.433155178 -0.155974727 0.190055755
3.433155178 -0.173852388 0.173852388
3.433155178 -0.190055755 0.155974727
3.433155178 -0.204428781 0.136594944
3.433155178 -0.216833046 0.115899678
3.433155178 -0.227149091 0.094088234
3.433155178 -0.235277566 0.071370669
3.433155178 -0.241140189 0.047965766
3.433155178 -0.244680500 0.024098926
3.433155178 -0.245864404 0.000000000
3.433155178 -0.244680500 -0.024098926
3.433155178 -0.241140189 -0.047965766
3.433155178 -0.235277566 -0.071370669
3.433155178 -0.227149091 -0.094088234
3.433155178 -0.216833046 -0.115899678
3.433155178 -0.204428781 -0.136594944
3.433155178 -0.190055755 -0.155974727
3.433155178 -0.173852388 -0.173852388
3.433155178 -0.155974727 -0.190055755
3.433155178 -0.136594944 -0.204428781
3.433155178 -0.115899678 -0.216833046
3.433155178 -0.094088234 -0.227149091
3.433155178 -0.071370669 -0.235277566
3.433155178 -0.047965766 -0.241140189
3.433155178 -0.024098926 -0.244680500
3.433155178 -0.000000000 -0.245864404
3.433155178 0.024098926 -0.244680500
3.433155178 0.047965766 -0.241140189
3.433155178 0.071370669 -0.235277566
3.433155178 0.094088234 -0.227149091
3.433155178 0.115899678 -0.216833046
3.433155178 0.136594944 -0.204428781
3.433155178 0.155974727 -0.190055755
3.433155178 0.173852388 -0.173852388
3.433155178 0.190055755 -0.155974727
3.433155178 0.204428781 -0.136594944
3.433155178 0.216833046 -0.115899678
3.433155178 0.227149091 -0.094088234
3.433155178 0.235277566 -0.071370669
3.433155178 0.241140189 -0.047965766
3.433155178 0.244680500 -0.024098926
#83
3.454255033 0.243310667 0.000000000
3.454255033 0.242139060 0.023848616
3.454255033 0.238635521 0.047467556
3.454255033 0.232833792 0.070629359
3.454255033 0.224789746 0.093110961
3.454255033 0.214580851 0.114695855
3.454255033 0.202305426 0.135176164
3.454255033 0.188081689 0.154354653
3.454255033 0.172046623 0.172046623
3.454255033 0.154354653 0.188081689
3.454255033 0.135176164 0.202305426
3.454255033 0.114695855 0.214580851
3.454255033 0.093110961 0.224789746
3.454255033 0.070629359 0.232833792
3.454255033 0.047467556 0.238635521
3.454255033 0.023848616 0.242139060
3.454255033 0.000000000 0.243310667
3.454255033 -0.023848616 0.242139060
3.454255033 -0.047467556 0.238635521
3.454255033 -0.070629359 0.232833792
3.454255033 -0.093110961 0.224789746
3.454255033 -0.114695855 0.214580851
3.454255033 -0.135176164 0.202305426
3.454255033 -0.154354653 0.188081689
3.454255033 -0.172046623 0.172046623
3.454255033 -0.188081689 0.154354653
3.454255033 -0.202305426 0.135176164
3.454255033 -0.214580851 0.114695855
3.454255033 -0.224789746 0.093110961
3.454255033 -0.232833792 0.070629359
3.454255033 -0.238635521 0.047467556
3.454255033 -0.242139060 0.023848616
3.454255033 -0.243310667 0.000000000
3.454255033 -0.242139060 -0.023848616
3.454255033 -0.238635521 -0.047467556
3.454255033 -0.232833792 -0.070629359
3.454255033 -0.224789746 -0.093110961
3.454255033 -0.214580851 -0.114695855
3.454255033 -0.202305426 -0.135176164
3.454255033 -0.188081689 -0.154354653
3.454255033 -0.172046623 -0.172046623
3.454255033 -0.154354653 -0.188081689
3.454255033 -0.135176164 -0.202305426
3.454255033 -0.114695855 -0.214580851
3.454255033 -0.093110961 -0.224789746
3.454255033 -0.070629359 -0.232833792
3.454255033 -0.047467556 -0.238635521
3.454255033 -0.023848616 -0.242139060
3.454255033 -0.000000000 -0.243310667
3.454255033 0.023848616 -0.242139060
3.454255033 0.047467556 -0.238635521
3.454255033 0.070629359 -0.232833792
3.454255033 0.093110961 -0.224789746
3.454255033 0.114695855 -0.214580851
3.454255033 0.135176164 -0.202305426
3.454255033 0.154354653 -0.188081689
3.454255033 0.172046623 -0.172046623
3.454255033 0.188081689 -0.154354653
3.454255033 0.202305426 -0.135176164
3.454255033 0.214580851 -0.114695855
3.454255033 0.224789746 -0.093110961
3.454255033 0.232833792 -0.070629359
3.454255033 0.238635521 -0.047467556
3.454255033 0.242139060 -0.023848616
#84
3.476173316 0.240238520 0.000000000
3.476173316 0.239081706 0.023547493
3.476173316 0.235622405 0.046868210
3.476173316 0.229893930 0.069737561
3.476173316 0.221951452 0.091935302
3.476173316 0.211871460 0.113247655
3.476173316 0.199751029 0.133469371
3.476173316 0.185706888 0.152405704
3.476173316 0.169874287 0.169874287
3.476173316 0.152405704 0.185706888
3.476173316 0.133469371 0.199751029
3.476173316 0.113247655 0.211871460
3.476173316 0.091935302 0.221951452
3.476173316 0.069737561 0.229893930
3.476173316 0.046868210 0.235622405
3.476173316 0.023547493 0.239081706
3.476173316 0.000000000 0.240238520
3.476173316 -0.023547493 0.239081706
3.476173316 -0.046868210 0.235622405
3.476173316 -0.069737561 0.229893930
3.476173316 -0.091935302 0.221951452
3.476173316 -0.113247655 0.211871460
3.476173316 -0.133469371 0.199751029
3.476173316 -0.152405704 0.185706888
3.476173316 -0.169874287 0.169874287
3.476173316 -0.185706888 0.152405704
3.476173316 -0.199751029 0.133469371
3.476173316 -0.211871460 0.113247655
3.476173316 -0.221951452 0.091935302
3.476173316 -0.229893930 0.069737561
3.476173316 -0.235622405 0.046868210
3.476173316 -0.239081706 0.023547493
3.476173316 -0.240238520 0.000000000
3.476173316 -0.239081706 -0.023547493
3.476173316 -0.235622405 -0.046868210
3.476173316 -0.229893930 -0.069737561
3.476173316 -0.221951452 -0.091935302
3.476173316 -0.211871460 -0.113247655
3.476173316 -0.199751029 -0.133469371
3.476173316 -0.185706888 -0.152405704
3.476173316 -0.169874287 -0.169874287
3.476173316 -0.152405704 -0.185706888
3.476173316 -0.133469371 -0.199751029
3.476173316 -0.113247655 -0.211871460
3.476173316 -0.091935302 -0.221951452
3.476173316 -0.069737561 -0.229893930
3.476173316 -0.046868210 -0.235622405
3.476173316 -0.023547493 -0.239081706
3.476173316 -0.000000000 -0.240238520
3.476173316 0.023547493 -0.239081706
3.476173316 0.046868210 -0.235622405
3.476173316 0.069737561 -0.229893930
3.476173316 0.091935302 -0.221951452
3.476173316 0.113247655 -0.211871460
3.476173316 0.133469371 -0.199751029
3.476173316 0.152405704 -0.185706888
3.476173316 0.169874287 -0.169874287
3.476173316 0.185706888 -0.152405704
3.476173316 0.199751029 -0.133469371
3.476173316 0.211871460 -0.113247655
3.476173316 0.221951452 -0.091935302
3.476173316 0.229893930 -0.069737561
3.476173316 0.235622405 -0.046868210
3.476173316 0.239081706 -0.023547493
#85
3.498849950 0.236610717 0.000000000
3.498849950 0.235471371 0.023191906
3.498849950 0.232064308 0.046160461
3.498849950 0.226422339 0.068684465
3.498849950 0.218599798 0.090547001
3.498849950 0.208672022 0.111537520
3.498849950 0.196734621 0.131453871
3.498849950 0.182902557 0.150104250
3.498849950 0.167309042 0.167309042
3.498849950 0.150104250 0.182902557
3.498849950 0.131453871 0.196734621
3.498849950 0.111537520 0.208672022
3.498849950 0.090547001 0.218599798
3.498849950 0.068684465 0.226422339
3.498849950 0.046160461 0.232064308
3.498849950 0.023191906 0.235471371
3.498849950 0.000000000 0.236610717
3.498849950 -0.023191906 0.235471371
3.498849950 -0.046160461 0.232064308
3.498849950 -0.068684465 0.226422339
3.498849950 -0.090547001 0.218599798
3.498849950 -0.111537520 0.208672022
3.498849950 -0.131453871 0.196734621
3.498849950 -0.150104250 0.182902557
3.498849950 -0.167309042 0.167309042
3.498849950 -0.182902557 0.150104250
3.498849950 -0.196734621 0.131453871
3.498849950 -0.208672022 0.111537520
3.498849950 -0.218599798 0.090547001
3.498849950 -0.226422339 0.068684465
3.498849950 -0.232064308 0.046160461
3.498849950 -0.235471371 0.023191906
3.498849950 -0.236610717 0.000000000
3.498849950 -0.235471371 -0.023191906
3.498849950 -0.232064308 -0.046160461
3.498849950 -0.226422339 -0.068684465
3.498849950 -0.218599798 -0.090547001
3.498849950 -0.208672022 -0.111537520
3.498849950 -0.196734621 -0.131453871
3.498849950 -0.182902557 -0.150104250
3.498849950 -0.167309042 -0.167309042
3.498849950 -0.150104250 -0.182902557
3.498849950 -0.131453871 -0.196734621
3.498849950 -0.111537520 -0.208672022
3.498849950 -0.090547001 -0.218599798
3.498849950 -0.068684465 -0.226422339
3.498849950 -0.046160461 -0.232064308
3.498849950 -0.023191906 -0.235471371
3.498849950 -0.000000000 -0.236610717
3.498849950 0.023191906 -0.235471371
3.498849950 0.046160461 -0.232064308
3.498849950 0.068684465 -0.226422339
3.498849950 0.090547001 -0.218599798
3.498849950 0.111537520 -0.208672022
3.498849950 0.131453871 -0.196734621
3.498849950 0.150104250 -0.182902557
3.498849950 0.167309042 -0.167309042
3.498849950 0.182902557 -0.150104250
3.498849950 0.196734621 -0.131453871
3.498849950 0.208672022 -0.111537520
3.498849950 0.218599798 -0.090547001
3.498849950 0.226422339 -0.068684465
3.498849950 0.232064308 -0.046160461
3.498849950 0.235471371 -0.023191906
#86
3.522222781 0.232399925 0.000000000
3.522222781 0.231280856 0.022779176
3.522222781 0.227934425 0.045338976
3.522222781 0.222392862 0.067462137
3.522222781 0.214709534 0.088935601
3.522222781 0.204958435 0.109552566
3.522222781 0.193233475 0.129114480
3.522222781 0.179647571 0.147432951
3.522222781 0.164331563 0.164331563
3.522222781 0.147432951 0.179647571
3.522222781 0.129114480 0.193233475
3.522222781 0.109552566 0.204958435
3.522222781 0.088935601 0.214709534
3.522222781 0.067462137 0.222392862
3.522222781 0.045338976 0.227934425
3.522222781 0.022779176 0.231280856
3.522222781 0.000000000 0.232399925
3.522222781 -0.022779176 0.231280856
3.522222781 -0.045338976 0.227934425
3.522222781 -0.067462137 0.222392862
3.522222781 -0.088935601 0.214709534
3.522222781 -0.109552566 0.204958435
3.522222781 -0.129114480 0.193233475
3.522222781 -0.147432951 0.179647571
3.522222781 -0.164331563 0.164331563
3.522222781 -0.179647571 0.147432951
3.522222781 -0.193233475 0.129114480
3.522222781 -0.204958435 0.109552566
3.522222781 -0.214709534 0.088935601
3.522222781 -0.222392862 0.067462137
3.522222781 -0.227934425 0.045338976
3.522222781 -0.231280856 0.022779176
3.522222781 -0.232399925 0.000000000
3.522222781 -0.231280856 -0.022779176
3.522222781 -0.227934425 -0.045338976
3.522222781 -0.222392862 -0.067462137
3.522222781 -0.214709534 -0.088935601
3.522222781 -0.204958435 -0.109552566
3.522222781 -0.193233475 -0.129114480
3.522222781 -0.179647571 -0.147432951
3.522222781 -0.164331563 -0.164331563
3.522222781 -0.147432951 -0.179647571
3.522222781 -0.129114480 -0.193233475
3.522222781 -0.109552566 -0.204958435
3.522222781 -0.088935601 -0.214709534
3.522222781 -0.067462137 -0.222392862
3.522222781 -0.045338976 -0.227934425
3.522222781 -0.022779176 -0.231280856
3.522222781 -0.000000000 -0.232399925
3.522222781 0.022779176 -0.231280856
3.522222781 0.045338976 -0.227934425
3.522222781 0.067462137 -0.222392862
3.522222781 0.088935601 -0.214709534
3.522222781 0.109552566 -0.204958435
3.522222781 0.129114480 -0.193233475
3.522222781 0.147432951 -0.179647571
3.522222781 0.164331563 -0.164331563
3.522222781 0.179647571 -0.147432951
3.522222781 0.193233475 -0.129114480
3.522222781 0.204958435 -0.109552566
3.522222781 0.214709534 -0.088935601
3.522222781 0.222392862 -0.067462137
3.522222781 0.227934425 -0.045338976
3.522222781 0.231280856 -0.022779176
#87
3.546227745 0.227590270 0.000000000
3.546227745 0.226494360 0.022307747
3.546227745 0.223217186 0.044400659
3.546227745 0.217790309 0.066065968
3.546227745 0.210265992 0.087095026
3.546227745 0.200716698 0.107285310
3.546227745 0.189234393 0.126442379
3.546227745 0.175929657 0.144381739
3.546227745 0.160930623 0.160930623
3.546227745 0.144381739 0.175929657
3.546227745 0.126442379 0.189234393
3.546227745 0.107285310 0.200716698
3.546227745 0.087095026 0.210265992
3.546227745 0.066065968 0.217790309
3.546227745 0.044400659 0.223217186
3.546227745 0.022307747 0.226494360
3.546227745 0.000000000 0.227590270
3.546227745 -0.022307747 0.226494360
3.546227745 -0.044400659 0.223217186
3.546227745 -0.066065968 0.217790309
3.546227745 -0.087095026 0.210265992
3.546227745 -0.107285310 0.200716698
3.546227745 -0.126442379 0.189234393
3.546227745 -0.144381739 0.175929657
3.546227745 -0.160930623 0.160930623
3.546227745 -0.175929657 0.144381739
3.546227745 -0.189234393 0.126442379
3.546227745 -0.200716698 0.107285310
3.546227745 -0.210265992 0.087095026
3.546227745 -0.217790309 0.066065968
3.546227745 -0.223217186 0.044400659
3.546227745 -0.226494360 0.022307747
3.546227745 -0.227590270 0.000000000
3.546227745 -0.226494360 -0.022307747
3.546227745 -0.223217186 -0.044400659
3.546227745 -0.217790309 -0.066065968
3.546227745 -0.210265992 -0.087095026
3.546227745 -0.200716698 -0.107285310
3.546227745 -0.189234393 -0.126442379
3.546227745 -0.175929657 -0.144381739
3.546227745 -0.160930623 -0.160930623
3.546227745 -0.144381739 -0.175929657
3.546227745 -0.126442379 -0.189234393
3.546227745 -0.107285310 -0.200716698
3.546227745 -0.087095026 -0.210265992
3.546227745 -0.066065968 -0.217790309
3.546227745 -0.044400659 -0.223217186
3.546227745 -0.022307747 -0.226494360
3.546227745 -0.000000000 -0.227590270
3.546227745 0.022307747 -0.226494360
3.546227745 0.044400659 -0.223217186
3.546227745 0.066065968 -0.217790309
3.546227745 0.087095026 -0.210265992
3.546227745 0.107285310 -0.200716698
3.546227745 0.126442379 -0.189234393
3.546227745 0.144381739 -0.175929657
3.546227745 0.160930623 -0.160930623
3.546227745 0.175929657 -0.144381739
3.546227745 0.189234393 -0.126442379
3.546227745 0.200716698 -0.107285310
3.546227745 0.210265992 -0.087095026
3.546227745 0.217790309 -0.066065968
3.546227745 0.223217186 -0.044400659
3.546227745 0.226494360 -0.022307747
#88
3.570799046 0.222178381 0.000000000
3.570799046 0.221108531 0.021777290
3.570799046 0.217909285 0.043344852
3.570799046 0.212611454 0.064494980
3.570799046 0.205266058 0.085023985
3.570799046 0.195943838 0.104734164
3.570799046 0.184734572 0.123435695
3.570799046 0.171746211 0.140948473
3.570799046 0.157103840 0.157103840
3.570799046 0.140948473 0.171746211
3.570799046 0.123435695 0.184734572
3.570799046 0.104734164 0.195943838
3.570799046 0.085023985 0.205266058
3.570799046 0.064494980 0.212611454
3.570799046 0.043344852 0.217909285
3.570799046 0.021777290 0.221108531
3.570799046 0.000000000 0.222178381
3.570799046 -0.021777290 0.221108531
3.570799046 -0.043344852 0.217909285
3.570799046 -0.064494980 0.212611454
3.570799046 -0.085023985 0.205266058
3.570799046 -0.104734164 0.195943838
3.570799046 -0.123435695 0.184734572
3.570799046 -0.140948473 0.171746211
3.570799046 -0.157103840 0.157103840
3.570799046 -0.171746211 0.140948473
3.570799046 -0.184734572 0.123435695
3.570799046 -0.195943838 0.104734164
3.570799046 -0.205266058 0.085023985
3.570799046 -0.212611454 0.064494980
3.570799046 -0.217909285 0.043344852
3.570799046 -0.221108531 0.021777290
3.570799046 -0.222178381 0.000000000
3.570799046 -0.221108531 -0.021777290
3.570799046 -0.217909285 -0.043344852
3.570799046 -0.212611454 -0.064494980
3.570799046 -0.205266058 -0.085023985
3.570799046 -0.195943838 -0.104734164
3.570799046 -0.184734572 -0.123435695
3.570799046 -0.171746211 -0.140948473
3.570799046 -0.157103840 -0.157103840
3.570799046 -0.140948473 -0.171746211
3.570799046 -0.123435695 -0.184734572
3.570799046 -0.104734164 -0.195943838
3.570799046 -0.085023985 -0.205266058
3.570799046 -0.064494980 -0.212611454
3.570799046 -0.043344852 -0.217909285
3.570799046 -0.021777290 -0.221108531
3.570799046 -0.000000000 -0.222178381
3.570799046 0.021777290 -0.221108531
3.570799046 0.043344852 -0.217909285
3.570799046 0.064494980 -0.212611454
3.570799046 0.085023985 -0.205266058
3.570799046 0.104734164 -0.195943838
3.570799046 0.123435695 -0.184734572
3.570799046 0.140948473 -0.171746211
3.570799046 0.157103840 -0.157103840
3.570799046 0.171746211 -0.140948473
3.570799046 0.184734572 -0.123435695
3.570799046 0.195943838 -0.104734164
3.570799046 0.205266058 -0.085023985
3.570799046 0.212611454 -0.064494980
3.570799046 0.217909285 -0.043344852
3.570799046 0.221108531 -0.021777290
#89
3.595869336 0.216173892 0.000000000
3.595869336 0.215132956 0.021188747
3.595869336 0.212020171 0.042173434
3.595869336 0.206865517 0.062751968
3.595869336 0.199718634 0.082726167
3.595869336 0.190648352 0.101903667
3.595869336 0.179742022 0.120099779
3.595869336 0.167104678 0.137139265
3.595869336 0.152858025 0.152858025
3.595869336 0.137139265 0.167104678
3.595869336 0.120099779 0.179742022
3.595869336 0.101903667 0.190648352
3.595869336 0.082726167 0.199718634
3.595869336 0.062751968 0.206865517
3.595869336 0.042173434 0.212020171
3.595869336 0.021188747 0.215132956
3.595869336 0.000000000 0.216173892
3.595869336 -0.021188747 0.215132956
3.595869336 -0.042173434 0.212020171
3.595869336 -0.062751968 0.206865517
3.595869336 -0.082726167 0.199718634
3.595869336 -0.101903667 0.190648352
3.595869336 -0.120099779 0.179742022
3.595869336 -0.137139265 0.167104678
3.595869336 -0.152858025 0.152858025
3.595869336 -0.167104678 0.137139265
3.595869336 -0.179742022 0.120099779
3.595869336 -0.190648352 0.101903667
3.595869336 -0.199718634 0.082726167
3.595869336 -0.206865517 0.062751968
3.595869336 -0.212020171 0.042173434
3.595869336 -0.215132956 0.021188747
3.595869336 -0.216173892 0.000000000
3.595869336 -0.215132956 -0.021188747
3.595869336 -0.212020171 -0.042173434
3.595869336 -0.206865517 -0.062751968
3.595869336 -0.199718634 -0.082726167
3.595869336 -0.190648352 -0.101903667
3.595869336 -0.179742022 -0.120099779
3.595869336 -0.167104678 -0.137139265
3.595869336 -0.152858025 -0.152858025
3.595869336 -0.137139265 -0.167104678
3.595869336 -0.120099779 -0.179742022
3.595869336 -0.101903667 -0.190648352
3.595869336 -0.082726167 -0.199718634
3.595869336 -0.062751968 -0.206865517
3.595869336 -0.042173434 -0.212020171
3.595869336 -0.021188747 -0.215132956
3.595869336 -0.000000000 -0.216173892
3.595869336 0.021188747 -0.215132956
3.595869336 0.042173434 -0.212020171
3.595869336 0.062751968 -0.206865517
3.595869336 0.082726167 -0.199718634
3.595869336 0.101903667 -0.190648352
3.595869336 0.120099779 -0.179742022
3.595869336 0.137139265 -0.167104678
3.595869336 0.152858025 -0.152858025
3.595869336 0.167104678 -0.137139265
3.595869336 0.179742022 -0.120099779
3.595869336 0.190648352 -0.101903667
3.595869336 0.199718634 -0.082726167
3.595869336 0.206865517 -0.062751968
3.595869336 0.212020171 -0.042173434
3.595869336 0.215132956 -0.021188747
#90
3.621369899 0.209599376 0.000000000
3.621369899 0.208590098 0.020544331
3.621369899 0.205571983 0.040890810
3.621369899 0.200574098 0.060843487
3.621369899 0.193644574 0.080210209
3.621369899 0.184850147 0.098804462
3.621369899 0.174275512 0.116447174
3.621369899 0.162022509 0.132968437
3.621369899 0.148209140 0.148209140
3.621369899 0.132968437 0.162022509
3.621369899 0.116447174 0.174275512
3.621369899 0.098804462 0.184850147
3.621369899 0.080210209 0.193644574
3.621369899 0.060843487 0.200574098
3.621369899 0.040890810 0.205571983
3.621369899 0.020544331 0.208590098
3.621369899 0.000000000 0.209599376
3.621369899 -0.020544331 0.208590098
3.621369899 -0.040890810 0.205571983
3.621369899 -0.060843487 0.200574098
3.621369899 -0.080210209 0.193644574
3.621369899 -0.098804462 0.184850147
3.621369899 -0.116447174 0.174275512
3.621369899 -0.132968437 0.162022509
3.621369899 -0.148209140 0.148209140
3.621369899 -0.162022509 0.132968437
3.621369899 -0.174275512 0.116447174
3.621369899 -0.184850147 0.098804462
3.621369899 -0.193644574 0.080210209
3.621369899 -0.200574098 0.060843487
3.621369899 -0.205571983 0.040890810
3.621369899 -0.208590098 0.020544331
3.621369899 -0.209599376 0.000000000
3.621369899 -0.208590098 -0.020544331
3.621369899 -0.205571983 -0.040890810
3.621369899 -0.200574098 -0.060843487
3.621369899 -0.193644574 -0.080210209
3.621369899 -0.184850147 -0.098804462
3.621369899 -0.174275512 -0.116447174
3.621369899 -0.162022509 -0.132968437
3.621369899 -0.148209140 -0.148209140
3.621369899 -0.132968437 -0.162022509
3.621369899 -0.116447174 -0.174275512
3.621369899 -0.098804462 -0.184850147
3.621369899 -0.080210209 -0.193644574
3.621369899 -0.060843487 -0.200574098
3.621369899 -0.040890810 -0.205571983
3.621369899 -0.020544331 -0.208590098
3.621369899 -0.000000000 -0.209599376
3.621369899 0.020544331 -0.208590098
3.621369899 0.040890810 -0.205571983
3.621369899 0.060843487 -0.200574098
3.621369899 0.080210209 -0.193644574
3.621369899 0.098804462 -0.184850147
3.621369899 0.116447174 -0.174275512
3.621369899 0.132968437 -0.162022509
3.621369899 0.148209140 -0.148209140
3.621369899 0.162022509 -0.132968437
3.621369899 0.174275512 -0.116447174
3.621369899 0.184850147 -0.098804462
3.621369899 0.193644574 -0.080210209
3.621369899 0.200574098 -0.060843487
3.621369899 0.205571983 -0.040890810
3.621369899 0.208590098 -0.020544331
#91
3.647230840 0.202489740 0.000000000
3.647230840 0.201514696 0.019847465
3.647230840 0.198598956 0.039503789
3.647230840 0.193770599 0.058779669
3.647230840 0.187076126 0.077489469
3.647230840 0.178580007 0.095453002
3.647230840 0.168364065 0.112497272
3.647230840 0.156526685 0.128458131
3.647230840 0.143181868 0.143181868
3.647230840 0.128458131 0.156526685
3.647230840 0.112497272 0.168364065
3.647230840 0.095453002 0.178580007
3.647230840 0.077489469 0.187076126
3.647230840 0.058779669 0.193770599
3.647230840 0.039503789 0.198598956
3.647230840 0.019847465 0.201514696
3.647230840 0.000000000 0.202489740
3.647230840 -0.019847465 0.201514696
3.647230840 -0.039503789 0.198598956
3.647230840 -0.058779669 0.193770599
3.647230840 -0.077489469 0.187076126
3.647230840 -0.095453002 0.178580007
3.647230840 -0.112497272 0.168364065
3.647230840 -0.128458131 0.156526685
3.647230840 -0.143181868 0.143181868
3.647230840 -0.156526685 0.128458131
3.647230840 -0.168364065 0.112497272
3.647230840 -0.178580007 0.095453002
3.647230840 -0.187076126 0.077489469
3.647230840 -0.193770599 0.058779669
3.647230840 -0.198598956 0.039503789
3.647230840 -0.201514696 0.019847465
3.647230840 -0.202489740 0.000000000
3.647230840 -0.201514696 -0.019847465
3.647230840 -0.198598956 -0.039503789
3.647230840 -0.193770599 -0.058779669
3.647230840 -0.187076126 -0.077489469
3.647230840 -0.178580007 -0.095453002
3.647230840 -0.168364065 -0.112497272
3.647230840 -0.156526685 -0.128458131
3.647230840 -0.143181868 -0.143181868
3.647230840 -0.128458131 -0.156526685
3.647230840 -0.112497272 -0.168364065
3.647230840 -0.095453002 -0.178580007
3.647230840 -0.077489469 -0.187076126
3.647230840 -0.058779669 -0.193770599
3.647230840 -0.039503789 -0.198598956
3.647230840 -0.019847465 -0.201514696
3.647230840 -0.000000000 -0.202489740
3.647230840 0.019847465 -0.201514696
3.647230840 0.039503789 -0.198598956
3.647230840 0.058779669 -0.193770599
3.647230840 0.077489469 -0.187076126
3.647230840 0.095453002 -0.178580007
3.647230840 0.112497272 -0.168364065
3.647230840 0.128458131 -0.156526685
3.647230840 0.143181868 -0.143181868
3.647230840 0.156526685 -0.128458131
3.647230840 0.168364065 -0.112497272
3.647230840 0.178580007 -0.095453002
3.647230840 0.187076126 -0.077489469
3.647230840 0.193770599 -0.058779669
3.647230840 0.198598956 -0.039503789
3.647230840 0.201514696 -0.019847465
#92
3.673381276 0.194891134 0.000000000
3.673381276 0.193952680 0.019102672
3.673381276 0.191146356 0.038021374
3.673381276 0.186499187 0.056573910
3.673381276 0.180055930 0.074581608
3.673381276 0.171878635 0.091871045
3.673381276 0.162046056 0.108275713
3.673381276 0.150652884 0.123637627
3.673381276 0.137808843 0.137808843
3.673381276 0.123637627 0.150652884
3.673381276 0.108275713 0.162046056
3.673381276 0.091871045 0.171878635
3.673381276 0.074581608 0.180055930
3.673381276 0.056573910 0.186499187
3.673381276 0.038021374 0.191146356
3.673381276 0.019102672 0.193952680
3.673381276 0.000000000 0.194891134
3.673381276 -0.019102672 0.193952680
3.673381276 -0.038021374 0.191146356
3.673381276 -0.056573910 0.186499187
3.673381276 -0.074581608 0.180055930
3.673381276 -0.091871045 0.171878635
3.673381276 -0.108275713 0.162046056
3.673381276 -0.123637627 0.150652884
3.673381276 -0.137808843 0.137808843
3.673381276 -0.150652884 0.123637627
3.673381276 -0.162046056 0.108275713
3.673381276 -0.171878635 0.091871045
3.673381276 -0.180055930 0.074581608
3.673381276 -0.186499187 0.056573910
3.673381276 -0.191146356 0.038021374
3.673381276 -0.193952680 0.019102672
3.673381276 -0.194891134 0.000000000
3.673381276 -0.193952680 -0.019102672
3.673381276 -0.191146356 -0.038021374
3.673381276 -0.186499187 -0.056573910
3.673381276 -0.180055930 -0.074581608
3.673381276 -0.171878635 -0.091871045
3.673381276 -0.162046056 -0.108275713
3.673381276 -0.150652884 -0.123637627
3.673381276 -0.137808843 -0.137808843
3.673381276 -0.123637627 -0.150652884
3.673381276 -0.108275713 -0.162046056
3.673381276 -0.091871045 -0.171878635
3.673381276 -0.074581608 -0.180055930
3.673381276 -0.056573910 -0.186499187
3.673381276 -0.038021374 -0.191146356
3.673381276 -0.019102672 -0.193952680
3.673381276 -0.000000000 -0.194891134
3.673381276 0.019102672 -0.193952680
3.673381276 0.038021374 -0.191146356
3.673381276 0.056573910 -0.186499187
3.673381276 0.074581608 -0.180055930
3.673381276 0.091871045 -0.171878635
3.673381276 0.108275713 -0.162046056
3.673381276 0.123637627 -0.150652884
3.673381276 0.137808843 -0.137808843
3.673381276 0.150652884 -0.123637627
3.673381276 0.162046056 -0.108275713
3.673381276 0.171878635 -0.091871045
3.673381276 0.180055930 -0.074581608
3.673381276 0.186499187 -0.056573910
3.673381276 0.191146356 -0.038021374
3.673381276 0.193952680 -0.019102672
#93
3.699749530 0.186859484 0.000000000
3.699749530 0.185959705 0.018315432
3.699749530 0.183269032 0.036454477
3.699749530 0.178813378 0.054242445
3.699749530 0.172635653 0.071508029
3.699749530 0.164795353 0.088084951
3.699749530 0.155367983 0.103813567
3.699749530 0.144444335 0.118542402
3.699749530 0.132129608 0.132129608
3.699749530 0.118542402 0.144444335
3.699749530 0.103813567 0.155367983
3.699749530 0.088084951 0.164795353
3.699749530 0.071508029 0.172635653
3.699749530 0.054242445 0.178813378
3.699749530 0.036454477 0.183269032
3.699749530 0.018315432 0.185959705
3.699749530 0.000000000 0.186859484
3.699749530 -0.018315432 0.185959705
3.699749530 -0.036454477 0.183269032
3.699749530 -0.054242445 0.178813378
3.699749530 -0.071508029 0.172635653
3.699749530 -0.088084951 0.164795353
3.699749530 -0.103813567 0.155367983
3.699749530 -0.118542402 0.144444335
3.699749530 -0.132129608 0.132129608
3.699749530 -0.144444335 0.118542402
3.699749530 -0.155367983 0.103813567
3.699749530 -0.164795353 0.088084951
3.699749530 -0.172635653 0.071508029
3.699749530 -0.178813378 0.054242445
3.699749530 -0.183269032 0.036454477
3.699749530 -0.185959705 0.018315432
3.699749530 -0.186859484 0.000000000
3.699749530 -0.185959705 -0.018315432
3.699749530 -0.183269032 -0.036454477
3.699749530 -0.178813378 -0.054242445
3.699749530 -0.172635653 -0.071508029
3.699749530 -0.164795353 -0.088084951
3.699749530 -0.155367983 -0.103813567
3.699749530 -0.144444335 -0.118542402
3.699749530 -0.132129608 -0.132129608
3.699749530 -0.118542402 -0.144444335
3.699749530 -0.103813567 -0.155367983
3.699749530 -0.088084951 -0.164795353
3.699749530 -0.071508029 -0.172635653
3.699749530 -0.054242445 -0.178813378
3.699749530 -0.036454477 -0.183269032
3.699749530 -0.018315432 -0.185959705
3.699749530 -0.000000000 -0.186859484
3.699749530 0.018315432 -0.185959705
3.699749530 0.036454477 -0.183269032
3.699749530 0.054242445 -0.178813378
3.699749530 0.071508029 -0.172635653
3.699749530 0.088084951 -0.164795353
3.699749530 0.103813567 -0.155367983
3.699749530 0.118542402 -0.144444335
3.699749530 0.132129608 -0.132129608
3.699749530 0.144444335 -0.118542402
3.699749530 0.155367983 -0.103813567
3.699749530 0.164795353 -0.088084951
3.699749530 0.172635653 -0.071508029
3.699749530 0.178813378 -0.054242445
3.699749530 0.183269032 -0.036454477
3.699749530 0.185959705 -0.018315432
#94
3.726263329 0.178458739 0.000000000
3.726263329 0.177599411 0.017492015
3.726263329 0.175029704 0.034815573
3.726263329 0.170774366 0.051803837
3.726263329 0.164874376 0.068293203
3.726263329 0.157386557 0.084124867
3.726263329 0.148383019 0.099146363
3.726263329 0.137950471 0.113213026
3.726263329 0.126189385 0.126189385
3.726263329 0.113213026 0.137950471
3.726263329 0.099146363 0.148383019
3.726263329 0.084124867 0.157386557
3.726263329 0.068293203 0.164874376
3.726263329 0.051803837 0.170774366
3.726263329 0.034815573 0.175029704
3.726263329 0.017492015 0.177599411
3.726263329 0.000000000 0.178458739
3.726263329 -0.017492015 0.177599411
3.726263329 -0.034815573 0.175029704
3.726263329 -0.051803837 0.170774366
3.726263329 -0.068293203 0.164874376
3.726263329 -0.084124867 0.157386557
3.726263329 -0.099146363 0.148383019
3.726263329 -0.113213026 0.137950471
3.726263329 -0.126189385 0.126189385
3.726263329 -0.137950471 0.113213026
3.726263329 -0.148383019 0.099146363
3.726263329 -0.157386557 0.084124867
3.726263329 -0.164874376 0.068293203
3.726263329 -0.170774366 0.051803837
3.726263329 -0.175029704 0.034815573
3.726263329 -0.177599411 0.017492015
3.726263329 -0.178458739 0.000000000
3.726263329 -0.177599411 -0.017492015
3.726263329 -0.175029704 -0.034815573
3.726263329 -0.170774366 -0.051803837
3.726263329 -0.164874376 -0.068293203
3.726263329 -0.157386557 -0.084124867
3.726263329 -0.148383019 -0.099146363
3.726263329 -0.137950471 -0.113213026
3.726263329 -0.126189385 -0.126189385
3.726263329 -0.113213026 -0.137950471
3.726263329 -0.099146363 -0.148383019
3.726263329 -0.084124867 -0.157386557
3.726263329 -0.068293203 -0.164874376
3.726263329 -0.051803837 -0.170774366
3.726263329 -0.034815573 -0.175029704
3.726263329 -0.017492015 -0.177599411
3.726263329 -0.000000000 -0.178458739
3.726263329 0.017492015 -0.177599411
3.726263329 0.034815573 -0.175029704
3.726263329 0.051803837 -0.170774366
3.726263329 0.068293203 -0.164874376
3.726263329 0.084124867 -0.157386557
3.726263329 0.099146363 -0.148383019
3.726263329 0.113213026 -0.137950471
3.726263329 0.126189385 -0.126189385
3.726263329 0.137950471 -0.113213026
3.726263329 0.148383019 -0.099146363
3.726263329 0.157386557 -0.084124867
3.726263329 0.164874376 -0.068293203
3.726263329 0.170774366 -0.051803837
3.726263329 0.175029704 -0.034815573
3.726263329 0.177599411 -0.017492015
#95
3.752850000 0.169758974 0.000000000
3.752850000 0.168941538 0.016639289
3.752850000 0.166497103 0.033118333
3.752850000 0.162449210 0.049278429
3.752850000 0.156836842 0.064963947
3.752850000 0.149714049 0.080023826
3.752850000 0.141149428 0.094313033
3.752850000 0.131225462 0.107693953
3.752850000 0.120037722 0.120037722
3.752850000 0.107693953 0.131225462
3.752850000 0.094313033 0.141149428
3.752850000 0.080023826 0.149714049
3.752850000 0.064963947 0.156836842
3.752850000 0.049278429 0.162449210
3.752850000 0.033118333 0.166497103
3.752850000 0.016639289 0.168941538
3.752850000 0.000000000 0.169758974
3.752850000 -0.016639289 0.168941538
3.752850000 -0.033118333 0.166497103
3.752850000 -0.049278429 0.162449210
3.752850000 -0.064963947 0.156836842
3.752850000 -0.080023826 0.149714049
3.752850000 -0.094313033 0.141149428
3.752850000 -0.107693953 0.131225462
3.752850000 -0.120037722 0.120037722
3.752850000 -0.131225462 0.107693953
3.752850000 -0.141149428 0.094313033
3.752850000 -0.149714049 0.080023826
3.752850000 -0.156836842 0.064963947
3.752850000 -0.162449210 0.049278429
3.752850000 -0.166497103 0.033118333
3.752850000 -0.168941538 0.016639289
3.752850000 -0.169758974 0.000000000
3.752850000 -0.168941538 -0.016639289
3.752850000 -0.166497103 -0.033118333
3.752850000 -0.162449210 -0.049278429
3.752850000 -0.156836842 -0.064963947
3.752850000 -0.149714049 -0.080023826
3.752850000 -0.141149428 -0.094313033
3.752850000 -0.131225462 -0.107693953
3.752850000 -0.120037722 -0.120037722
3.752850000 -0.107693953 -0.131225462
3.752850000 -0.094313033 -0.141149428
3.752850000 -0.080023826 -0.149714049
3.752850000 -0.064963947 -0.156836842
3.752850000 -0.049278429 -0.162449210
3.752850000 -0.033118333 -0.166497103
3.752850000 -0.016639289 -0.168941538
3.752850000 -0.000000000 -0.169758974
3.752850000 0.016639289 -0.168941538
3.752850000 0.033118333 -0.166497103
3.752850000 0.049278429 -0.162449210
3.752850000 0.064963947 -0.156836842
3.752850000 0.080023826 -0.149714049
3.752850000 0.094313033 -0.141149428
3.752850000 0.107693953 -0.131225462
3.752850000 0.120037722 -0.120037722
3.752850000 0.131225462 -0.107693953
3.752850000 0.141149428 -0.094313033
3.752850000 0.149714049 -0.080023826
3.752850000 0.156836842 -0.064963947
3.752850000 0.162449210 -0.049278429
3.752850000 0.166497103 -0.033118333
3.752850000 0.168941538 -0.016639289
#96
3.779436671 0.160834469 0.000000000
3.779436671 0.160060007 0.015764535
3.779436671 0.157744080 0.031377248
3.779436671 0.153908991 0.046687782
3.779436671 0.148591674 0.061548687
3.779436671 0.141843339 0.075816844
3.779436671 0.133728974 0.089354844
3.779436671 0.124326726 0.102032307
3.779436671 0.113727144 0.113727144
3.779436671 0.102032307 0.124326726
3.779436671 0.089354844 0.133728974
3.779436671 0.075816844 0.141843339
3.779436671 0.061548687 0.148591674
3.779436671 0.046687782 0.153908991
3.779436671 0.031377248 0.157744080
3.779436671 0.015764535 0.160060007
3.779436671 0.000000000 0.160834469
3.779436671 -0.015764535 0.160060007
3.779436671 -0.031377248 0.157744080
3.779436671 -0.046687782 0.153908991
3.779436671 -0.061548687 0.148591674
3.779436671 -0.075816844 0.141843339
3.779436671 -0.089354844 0.133728974
3.779436671 -0.102032307 0.124326726
3.779436671 -0.113727144 0.113727144
3.779436671 -0.124326726 0.102032307
3.779436671 -0.133728974 0.089354844
3.779436671 -0.141843339 0.075816844
3.779436671 -0.148591674 0.061548687
3.779436671 -0.153908991 0.046687782
3.779436671 -0.157744080 0.031377248
3.779436671 -0.160060007 0.015764535
3.779436671 -0.160834469 0.000000000
3.779436671 -0.160060007 -0.015764535
3.779436671 -0.157744080 -0.031377248
3.779436671 -0.153908991 -0.046687782
3.779436671 -0.148591674 -0.061548687
3.779436671 -0.141843339 -0.075816844
3.779436671 -0.133728974 -0.089354844
3.779436671 -0.124326726 -0.102032307
3.779436671 -0.113727144 -0.113727144
3.779436671 -0.102032307 -0.124326726
3.779436671 -0.089354844 -0.133728974
3.779436671 -0.075816844 -0.141843339
3.779436671 -0.061548687 -0.148591674
3.779436671 -0.046687782 -0.153908991
3.779436671 -0.031377248 -0.157744080
3.779436671 -0.015764535 -0.160060007
3.779436671 -0.000000000 -0.160834469
3.779436671 0.015764535 -0.160060007
3.779436671 0.031377248 -0.157744080
3.779436671 0.046687782 -0.153908991
3.779436671 0.061548687 -0.148591674
3.779436671 0.075816844 -0.141843339
3.779436671 0.089354844 -0.133728974
3.779436671 0.102032307 -0.124326726
3.779436671 0.113727144 -0.113727144
3.779436671 0.124326726 -0.102032307
3.779436671 0.133728974 -0.089354844
3.779436671 0.141843339 -0.075816844
3.779436671 0.148591674 -0.061548687
3.779436671 0.153908991 -0.046687782
3.779436671 0.157744080 -0.031377248
3.779436671 0.160060007 -0.015764535
#97
3.805950470 0.151761871 0.000000000
3.805950470 0.151031096 0.014875265
3.805950470 0.148845809 0.029607272
3.805950470 0.145227055 0.044054146
3.805950470 0.140209686 0.058076754
3.805950470 0.133842021 0.071540051
3.805950470 0.126185384 0.084314378
3.805950470 0.117313512 0.096276711
3.805950470 0.107311848 0.107311848
3.805950470 0.096276711 0.117313512
3.805950470 0.084314378 0.126185384
3.805950470 0.071540051 0.133842021
3.805950470 0.058076754 0.140209686
3.805950470 0.044054146 0.145227055
3.805950470 0.029607272 0.148845809
3.805950470 0.014875265 0.151031096
3.805950470 0.000000000 0.151761871
3.805950470 -0.014875265 0.151031096
3.805950470 -0.029607272 0.148845809
3.805950470 -0.044054146 0.145227055
3.805950470 -0.058076754 0.140209686
3.805950470 -0.071540051 0.133842021
3.805950470 -0.084314378 0.126185384
3.805950470 -0.096276711 0.117313512
3.805950470 -0.107311848 0.107311848
3.805950470 -0.117313512 0.096276711
3.805950470 -0.126185384 0.084314378
3.805950470 -0.133842021 0.071540051
3.805950470 -0.140209686 0.058076754
3.805950470 -0.145227055 0.044054146
3.805950470 -0.148845809 0.029607272
3.805950470 -0.151031096 0.014875265
3.805950470 -0.151761871 0.000000000
3.805950470 -0.151031096 -0.014875265
3.805950470 -0.148845809 -0.029607272
3.805950470 -0.145227055 -0.044054146
3.805950470 -0.140209686 -0.058076754
3.805950470 -0.133842021 -0.071540051
3.805950470 -0.126185384 -0.084314378
3.805950470 -0.117313512 -0.096276711
3.805950470 -0.107311848 -0.107311848
3.805950470 -0.096276711 -0.117313512
3.805950470 -0.084314378 -0.126185384
3.805950470 -0.071540051 -0.133842021
3.805950470 -0.058076754 -0.140209686
3.805950470 -0.044054146 -0.145227055
3.805950470 -0.029607272 -0.148845809
3.805950470 -0.014875265 -0.151031096
3.805950470 -0.000000000 -0.151761871
3.805950470 0.014875265 -0.151031096
3.805950470 0.029607272 -0.148845809
3.805950470 0.044054146 -0.145227055
3.805950470 0.058076754 -0.140209686
3.805950470 0.071540051 -0.133842021
3.805950470 0.084314378 -0.126185384
3.805950470 0.096276711 -0.117313512
3.805950470 0.107311848 -0.107311848
3.805950470 0.117313512 -0.096276711
3.805950470 0.126185384 -0.084314378
3.805950470 0.133842021 -0.071540051
3.805950470 0.140209686 -0.058076754
3.805950470 0.145227055 -0.044054146
3.805950470 0.148845809 -0.029607272
3.805950470 0.151031096 -0.014875265
#98
3.832318724 0.142618528 0.000000000
3.832318724 0.141931781 0.013979060
3.832318724 0.139878153 0.027823495
3.832318724 0.136477422 0.041399973
3.832318724 0.131762339 0.054577748
3.832318724 0.125778312 0.067229909
3.832318724 0.118582972 0.079234609
3.832318724 0.110245613 0.090476236
3.832318724 0.100846528 0.100846528
3.832318724 0.090476236 0.110245613
3.832318724 0.079234609 0.118582972
3.832318724 0.067229909 0.125778312
3.832318724 0.054577748 0.131762339
3.832318724 0.041399973 0.136477422
3.832318724 0.027823495 0.139878153
3.832318724 0.013979060 0.141931781
3.832318724 0.000000000 0.142618528
3.832318724 -0.013979060 0.141931781
3.832318724 -0.027823495 0.139878153
3.832318724 -0.041399973 0.136477422
3.832318724 -0.054577748 0.131762339
3.832318724 -0.067229909 0.125778312
3.832318724 -0.079234609 0.118582972
3.832318724 -0.090476236 0.110245613
3.832318724 -0.100846528 0.100846528
3.832318724 -0.110245613 0.090476236
3.832318724 -0.118582972 0.079234609
3.832318724 -0.125778312 0.067229909
3.832318724 -0.131762339 0.054577748
3.832318724 -0.136477422 0.041399973
3.832318724 -0.139878153 0.027823495
3.832318724 -0.141931781 0.013979060
3.832318724 -0.142618528 0.000000000
3.832318724 -0.141931781 -0.013979060
3.832318724 -0.139878153 -0.027823495
3.832318724 -0.136477422 -0.041399973
3.832318724 -0.131762339 -0.054577748
3.832318724 -0.125778312 -0.067229909
3.832318724 -0.118582972 -0.079234609
3.832318724 -0.110245613 -0.090476236
3.832318724 -0.100846528 -0.100846528
3.832318724 -0.090476236 -0.110245613
3.832318724 -0.079234609 -0.118582972
3.832318724 -0.067229909 -0.125778312
3.832318724 -0.054577748 -0.131762339
3.832318724 -0.041399973 -0.136477422
3.832318724 -0.027823495 -0.139878153
3.832318724 -0.013979060 -0.141931781
3.832318724 -0.000000000 -0.142618528
3.832318724 0.013979060 -0.141931781
3.832318724 0.027823495 -0.139878153
3.832318724 0.041399973 -0.136477422
3.832318724 0.054577748 -0.131762339
3.832318724 0.067229909 -0.125778312
3.832318724 0.079234609 -0.118582972
3.832318724 0.090476236 -0.110245613
3.832318724 0.100846528 -0.100846528
3.832318724 0.110245613 -0.090476236
3.832318724 0.118582972 -0.079234609
3.832318724 0.125778312 -0.067229909
3.832318724 0.131762339 -0.054577748
3.832318724 0.136477422 -0.041399973
3.832318724 0.139878153 -0.027823495
3.832318724 0.141931781 -0.013979060
#99
3.858469160 0.133481067 0.000000000
3.858469160 0.132838319 0.013083432
3.858469160 0.130916265 0.026040864
3.858469160 0.127733417 0.038747508
3.858469160 0.123320425 0.051080993
3.858469160 0.117719791 0.062922539
3.858469160 0.110985451 0.074158107
3.858469160 0.103182260 0.084679492
3.858469160 0.094385367 0.094385367
3.858469160 0.084679492 0.103182260
3.858469160 0.074158107 0.110985451
3.858469160 0.062922539 0.117719791
3.858469160 0.051080993 0.123320425
3.858469160 0.038747508 0.127733417
3.858469160 0.026040864 0.130916265
3.858469160 0.013083432 0.132838319
3.858469160 0.000000000 0.133481067
3.858469160 -0.013083432 0.132838319
3.858469160 -0.026040864 0.130916265
3.858469160 -0.038747508 0.127733417
3.858469160 -0.051080993 0.123320425
3.858469160 -0.062922539 0.117719791
3.858469160 -0.074158107 0.110985451
3.858469160 -0.084679492 0.103182260
3.858469160 -0.094385367 0.094385367
3.858469160 -0.103182260 0.084679492
3.858469160 -0.110985451 0.074158107
3.858469160 -0.117719791 0.062922539
3.858469160 -0.123320425 0.051080993
3.858469160 -0.127733417 0.038747508
3.858469160 -0.130916265 0.026040864
3.858469160 -0.132838319 0.013083432
3.858469160 -0.133481067 0.000000000
3.858469160 -0.132838319 -0.013083432
3.858469160 -0.130916265 -0.026040864
3.858469160 -0.127733417 -0.038747508
3.858469160 -0.123320425 -0.051080993
3.858469160 -0.117719791 -0.062922539
3.858469160 -0.110985451 -0.074158107
3.858469160 -0.103182260 -0.084679492
3.858469160 -0.094385367 -0.094385367
3.858469160 -0.084679492 -0.103182260
3.858469160 -0.074158107 -0.110985451
3.858469160 -0.062922539 -0.117719791
3.858469160 -0.051080993 -0.123320425
3.858469160 -0.038747508 -0.127733417
3.858469160 -0.026040864 -0.130916265
3.858469160 -0.013083432 -0.132838319
3.858469160 -0.000000000 -0.133481067
3.858469160 0.013083432 -0.132838319
3.858469160 0.026040864 -0.130916265
3.858469160 0.038747508 -0.127733417
3.858469160 0.051080993 -0.123320425
3.858469160 0.062922539 -0.117719791
3.858469160 0.074158107 -0.110985451
3.858469160 0.084679492 -0.103182260
3.858469160 0.094385367 -0.094385367
3.858469160 0.103182260 -0.084679492
3.858469160 0.110985451 -0.074158107
3.858469160 0.117719791 -0.062922539
3.858469160 0.123320425 -0.051080993
3.858469160 0.127733417 -0.038747508
3.858469160 0.130916265 -0.026040864
3.858469160 0.132838319 -0.013083432
#100
3.884330101 0.124424218 0.000000000
3.884330101 0.123825082 0.012195706
3.884330101 0.122033442 0.024273961
3.884330101 0.119066553 0.036118444
3.884330101 0.114952989 0.047615087
3.884330101 0.109732364 0.058653170
3.884330101 0.103454957 0.069126392
3.884330101 0.096181221 0.078933888
3.884330101 0.087981208 0.087981208
3.884330101 0.078933888 0.096181221
3.884330101 0.069126392 0.103454957
3.884330101 0.058653170 0.109732364
3.884330101 0.047615087 0.114952989
3.884330101 0.036118444 0.119066553
3.884330101 0.024273961 0.122033442
3.884330101 0.012195706 0.123825082
3.884330101 0.000000000 0.124424218
3.884330101 -0.012195706 0.123825082
3.884330101 -0.024273961 0.122033442
3.884330101 -0.036118444 0.119066553
3.884330101 -0.047615087 0.114952989
3.884330101 -0.058653170 0.109732364
3.884330101 -0.069126392 0.103454957
3.884330101 -0.078933888 0.096181221
3.884330101 -0.087981208 0.087981208
3.884330101 -0.096181221 0.078933888
3.884330101 -0.103454957 0.069126392
3.884330101 -0.109732364 0.058653170
3.884330101 -0.114952989 0.047615087
3.884330101 -0.119066553 0.036118444
3.884330101 -0.122033442 0.024273961
3.884330101 -0.123825082 0.012195706
3.884330101 -0.124424218 0.000000000
3.884330101 -0.123825082 -0.012195706
3.884330101 -0.122033442 -0.024273961
3.884330101 -0.119066553 -0.036118444
3.884330101 -0.114952989 -0.047615087
3.884330101 -0.109732364 -0.058653170
3.884330101 -0.103454957 -0.069126392
3.884330101 -0.096181221 -0.078933888
3.884330101 -0.087981208 -0.087981208
3.884330101 -0.078933888 -0.096181221
3.884330101 -0.069126392 -0.103454957
3.884330101 -0.058653170 -0.109732364
3.884330101 -0.047615087 -0.114952989
3.884330101 -0.036118444 -0.119066553
3.884330101 -0.024273961 -0.122033442
3.884330101 -0.012195706 -0.123825082
3.884330101 -0.000000000 -0.124424218
3.884330101 0.012195706 -0.123825082
3.884330101 0.024273961 -0.122033442
3.884330101 0.036118444 -0.119066553
3.884330101 0.047615087 -0.114952989
3.884330101 0.058653170 -0.109732364
3.884330101 0.069126392 -0.103454957
3.884330101 0.078933888 -0.096181221
3.884330101 0.087981208 -0.087981208
3.884330101 0.096181221 -0.078933888
3.884330101 0.103454957 -0.069126392
3.884330101 0.109732364 -0.058653170
3.884330101 0.114952989 -0.047615087
3.884330101 0.119066553 -0.036118444
3.884330101 0.122033442 -0.024273961
3.884330101 0.123825082 -0.012195706
#101
3.909830664 0.115519905 0.000000000
3.909830664 0.114963645 0.011322931
3.909830664 0.113300223 0.022536816
3.909830664 0.110545657 0.033533658
3.909830664 0.106726476 0.044207554
3.909830664 0.101879461 0.054455706
3.909830664 0.096051291 0.064179421
3.909830664 0.089298094 0.073285052
3.909830664 0.081684908 0.081684908
3.909830664 0.073285052 0.089298094
3.909830664 0.064179421 0.096051291
3.909830664 0.054455706 0.101879461
3.909830664 0.044207554 0.106726476
3.909830664 0.033533658 0.110545657
3.909830664 0.022536816 0.113300223
3.909830664 0.011322931 0.114963645
3.909830664 0.000000000 0.115519905
3.909830664 -0.011322931 0.114963645
3.909830664 -0.022536816 0.113300223
3.909830664 -0.033533658 0.110545657
3.909830664 -0.044207554 0.106726476
3.909830664 -0.054455706 0.101879461
3.909830664 -0.064179421 0.096051291
3.909830664 -0.073285052 0.089298094
3.909830664 -0.081684908 0.081684908
3.909830664 -0.089298094 0.073285052
3.909830664 -0.096051291 0.064179421
3.909830664 -0.101879461 0.054455706
3.909830664 -0.106726476 0.044207554
3.909830664 -0.110545657 0.033533658
3.909830664 -0.113300223 0.022536816
3.909830664 -0.114963645 0.011322931
3.909830664 -0.115519905 0.000000000
3.909830664 -0.114963645 -0.011322931
3.909830664 -0.113300223 -0.022536816
3.909830664 -0.110545657 -0.033533658
3.909830664 -0.106726476 -0.044207554
3.909830664 -0.101879461 -0.054455706
3.909830664 -0.096051291 -0.064179421
3.909830664 -0.089298094 -0.073285052
3.909830664 -0.081684908 -0.081684908
3.909830664 -0.073285052 -0.089298094
3.909830664 -0.064179421 -0.096051291
3.909830664 -0.054455706 -0.101879461
3.909830664 -0.044207554 -0.106726476
3.909830664 -0.033533658 -0.110545657
3.909830664 -0.022536816 -0.113300223
3.909830664 -0.011322931 -0.114963645
3.909830664 -0.000000000 -0.115519905
3.909830664 0.011322931 -0.114963645
3.909830664 0.022536816 -0.113300223
3.909830664 0.033533658 -0.110545657
3.909830664 0.044207554 -0.106726476
3.909830664 0.054455706 -0.101879461
3.909830664 0.064179421 -0.096051291
3.909830664 0.073285052 -0.089298094
3.909830664 0.081684908 -0.081684908
3.909830664 0.089298094 -0.073285052
3.909830664 0.096051291 -0.064179421
3.909830664 0.101879461 -0.054455706
3.909830664 0.106726476 -0.044207554
3.909830664 0.110545657 -0.033533658
3.909830664 0.113300223 -0.022536816
3.909830664 0.114963645 -0.011322931
#102
3.934900954 0.106836540 0.000000000
3.934900954 0.106322092 0.010471812
3.934900954 0.104783705 0.020842775
3.934900954 0.102236194 0.031013010
3.934900954 0.098704092 0.040884574
3.934900954 0.094221416 0.050362396
3.934900954 0.088831336 0.059355201
3.934900954 0.082585762 0.067776383
3.934900954 0.075544842 0.075544842
3.934900954 0.067776383 0.082585762
3.934900954 0.059355201 0.088831336
3.934900954 0.050362396 0.094221416
3.934900954 0.040884574 0.098704092
3.934900954 0.031013010 0.102236194
3.934900954 0.020842775 0.104783705
3.934900954 0.010471812 0.106322092
3.934900954 0.000000000 0.106836540
3.934900954 -0.010471812 0.106322092
3.934900954 -0.020842775 0.104783705
3.934900954 -0.031013010 0.102236194
3.934900954 -0.040884574 0.098704092
3.934900954 -0.050362396 0.094221416
3.934900954 -0.059355201 0.088831336
3.934900954 -0.067776383 0.082585762
3.934900954 -0.075544842 0.075544842
3.934900954 -0.082585762 0.067776383
3.934900954 -0.088831336 0.059355201
3.934900954 -0.094221416 0.050362396
3.934900954 -0.098704092 0.040884574
3.934900954 -0.102236194 0.031013010
3.934900954 -0.104783705 0.020842775
3.934900954 -0.106322092 0.010471812
3.934900954 -0.106836540 0.000000000
3.934900954 -0.106322092 -0.010471812
3.934900954 -0.104783705 -0.020842775
3.934900954 -0.102236194 -0.031013010
3.934900954 -0.098704092 -0.040884574
3.934900954 -0.094221416 -0.050362396
3.934900954 -0.088831336 -0.059355201
3.934900954 -0.082585762 -0.067776383
3.934900954 -0.075544842 -0.075544842
3.934900954 -0.067776383 -0.082585762
3.934900954 -0.059355201 -0.088831336
3.934900954 -0.050362396 -0.094221416
3.934900954 -0.040884574 -0.098704092
3.934900954 -0.031013010 -0.102236194
3.934900954 -0.020842775 -0.104783705
3.934900954 -0.010471812 -0.106322092
3.934900954 -0.000000000 -0.106836540
3.934900954 0.010471812 -0.106322092
3.934900954 0.020842775 -0.104783705
3.934900954 0.031013010 -0.102236194
3.934900954 0.040884574 -0.098704092
3.934900954 0.050362396 -0.094221416
3.934900954 0.059355201 -0.088831336
3.934900954 0.067776383 -0.082585762
3.934900954 0.075544842 -0.075544842
3.934900954 0.082585762 -0.067776383
3.934900954 0.088831336 -0.059355201
3.934900954 0.094221416 -0.050362396
3.934900954 0.098704092 -0.040884574
3.934900954 0.102236194 -0.031013010
3.934900954 0.104783705 -0.020842775
3.934900954 0.106322092 -0.010471812
#103
3.959472255 0.098438474 0.000000000
3.959472255 0.097964466 0.009648658
3.959472255 0.096547007 0.019204394
3.959472255 0.094199747 0.028575181
3.959472255 0.090945292 0.037670773
3.959472255 0.086814984 0.046403576
3.959472255 0.081848600 0.054689486
3.959472255 0.076093970 0.062448707
3.959472255 0.069606513 0.069606513
3.959472255 0.062448707 0.076093970
3.959472255 0.054689486 0.081848600
3.959472255 0.046403576 0.086814984
3.959472255 0.037670773 0.090945292
3.959472255 0.028575181 0.094199747
3.959472255 0.019204394 0.096547007
3.959472255 0.009648658 0.097964466
3.959472255 0.000000000 0.098438474
3.959472255 -0.009648658 0.097964466
3.959472255 -0.019204394 0.096547007
3.959472255 -0.028575181 0.094199747
3.959472255 -0.037670773 0.090945292
3.959472255 -0.046403576 0.086814984
3.959472255 -0.054689486 0.081848600
3.959472255 -0.062448707 0.076093970
3.959472255 -0.069606513 0.069606513
3.959472255 -0.076093970 0.062448707
3.959472255 -0.081848600 0.054689486
3.959472255 -0.086814984 0.046403576
3.959472255 -0.090945292 0.037670773
3.959472255 -0.094199747 0.028575181
3.959472255 -0.096547007 0.019204394
3.959472255 -0.097964466 0.009648658
3.959472255 -0.098438474 0.000000000
3.959472255 -0.097964466 -0.009648658
3.959472255 -0.096547007 -0.019204394
3.959472255 -0.094199747 -0.028575181
3.959472255 -0.090945292 -0.037670773
3.959472255 -0.086814984 -0.046403576
3.959472255 -0.081848600 -0.054689486
3.959472255 -0.076093970 -0.062448707
3.959472255 -0.069606513 -0.069606513
3.959472255 -0.062448707 -0.076093970
3.959472255 -0.054689486 -0.081848600
3.959472255 -0.046403576 -0.086814984
3.959472255 -0.037670773 -0.090945292
3.959472255 -0.028575181 -0.094199747
3.959472255 -0.019204394 -0.096547007
3.959472255 -0.009648658 -0.097964466
3.959472255 -0.000000000 -0.098438474
3.959472255 0.009648658 -0.097964466
3.959472255 0.019204394 -0.096547007
3.959472255 0.028575181 -0.094199747
3.959472255 0.037670773 -0.090945292
3.959472255 0.046403576 -0.086814984
3.959472255 0.054689486 -0.081848600
3.959472255 0.062448707 -0.076093970
3.959472255 0.069606513 -0.069606513
3.959472255 0.076093970 -0.062448707
3.959472255 0.081848600 -0.054689486
3.959472255 0.086814984 -0.046403576
3.959472255 0.090945292 -0.037670773
3.959472255 0.094199747 -0.028575181
3.959472255 0.096547007 -0.019204394
3.959472255 0.097964466 -0.009648658
#104
3.983477219 0.090385537 0.000000000
3.983477219 0.089950306 0.008859332
3.983477219 0.088648804 0.017633344
3.983477219 0.086493566 0.026237536
3.983477219 0.083505348 0.034589048
3.983477219 0.079712927 0.042607447
3.983477219 0.075152827 0.050215514
3.983477219 0.069868965 0.057339978
3.983477219 0.063912226 0.063912226
3.983477219 0.057339978 0.069868965
3.983477219 0.050215514 0.075152827
3.983477219 0.042607447 0.079712927
3.983477219 0.034589048 0.083505348
3.983477219 0.026237536 0.086493566
3.983477219 0.017633344 0.088648804
3.983477219 0.008859332 0.089950306
3.983477219 0.000000000 0.090385537
3.983477219 -0.008859332 0.089950306
3.983477219 -0.017633344 0.088648804
3.983477219 -0.026237536 0.086493566
3.983477219 -0.034589048 0.083505348
3.983477219 -0.042607447 0.079712927
3.983477219 -0.050215514 0.075152827
3.983477219 -0.057339978 0.069868965
3.983477219 -0.063912226 0.063912226
3.983477219 -0.069868965 0.057339978
3.983477219 -0.075152827 0.050215514
3.983477219 -0.079712927 0.042607447
3.983477219 -0.083505348 0.034589048
3.983477219 -0.086493566 0.026237536
3.983477219 -0.088648804 0.017633344
3.983477219 -0.089950306 0.008859332
3.983477219 -0.090385537 0.000000000
3.983477219 -0.089950306 -0.008859332
3.983477219 -0.088648804 -0.017633344
3.983477219 -0.086493566 -0.026237536
3.983477219 -0.083505348 -0.034589048
3.983477219 -0.079712927 -0.042607447
3.983477219 -0.075152827 -0.050215514
3.983477219 -0.069868965 -0.057339978
3.983477219 -0.063912226 -0.063912226
3.983477219 -0.057339978 -0.069868965
3.983477219 -0.050215514 -0.075152827
3.983477219 -0.042607447 -0.079712927
3.983477219 -0.034589048 -0.083505348
3.983477219 -0.026237536 -0.086493566
3.983477219 -0.017633344 -0.088648804
3.983477219 -0.008859332 -0.089950306
3.983477219 -0.000000000 -0.090385537
3.983477219 0.008859332 -0.089950306
3.983477219 0.017633344 -0.088648804
3.983477219 0.026237536 -0.086493566
3.983477219 0.034589048 -0.083505348
3.983477219 0.042607447 -0.079712927
3.983477219 0.050215514 -0.075152827
3.983477219 0.057339978 -0.069868965
3.983477219 0.063912226 -0.063912226
3.983477219 0.069868965 -0.057339978
3.983477219 0.075152827 -0.050215514
3.983477219 0.079712927 -0.042607447
3.983477219 0.083505348 -0.034589048
3.983477219 0.086493566 -0.026237536
3.983477219 0.088648804 -0.017633344
3.983477219 0.089950306 -0.008859332
#105
4.006850050 0.082732566 0.000000000
4.006850050 0.082334186 0.008109210
4.006850050 0.081142883 0.016140323
4.006850050 0.079170130 0.024015996
4.006850050 0.076434924 0.031660382
4.006850050 0.072963609 0.038999862
4.006850050 0.068789615 0.045963751
4.006850050 0.063953138 0.052484984
4.006850050 0.058500758 0.058500758
4.006850050 0.052484984 0.063953138
4.006850050 0.045963751 0.068789615
4.006850050 0.038999862 0.072963609
4.006850050 0.031660382 0.076434924
4.006850050 0.024015996 0.079170130
4.006850050 0.016140323 0.081142883
4.006850050 0.008109210 0.082334186
4.006850050 0.000000000 0.082732566
4.006850050 -0.008109210 0.082334186
4.006850050 -0.016140323 0.081142883
4.006850050 -0.024015996 0.079170130
4.006850050 -0.031660382 0.076434924
4.006850050 -0.038999862 0.072963609
4.006850050 -0.045963751 0.068789615
4.006850050 -0.052484984 0.063953138
4.006850050 -0.058500758 0.058500758
4.006850050 -0.063953138 0.052484984
4.006850050 -0.068789615 0.045963751
4.006850050 -0.072963609 0.038999862
4.006850050 -0.076434924 0.031660382
4.006850050 -0.079170130 0.024015996
4.006850050 -0.081142883 0.016140323
4.006850050 -0.082334186 0.008109210
4.006850050 -0.082732566 0.000000000
4.006850050 -0.082334186 -0.008109210
4.006850050 -0.081142883 -0.016140323
4.006850050 -0.079170130 -0.024015996
4.006850050 -0.076434924 -0.031660382
4.006850050 -0.072963609 -0.038999862
4.006850050 -0.068789615 -0.045963751
4.006850050 -0.063953138 -0.052484984
4.006850050 -0.058500758 -0.058500758
4.006850050 -0.052484984 -0.063953138
4.006850050 -0.045963751 -0.068789615
4.006850050 -0.038999862 -0.072963609
4.006850050 -0.031660382 -0.076434924
4.006850050 -0.024015996 -0.079170130
4.006850050 -0.016140323 -0.081142883
4.006850050 -0.008109210 -0.082334186
4.006850050 -0.000000000 -0.082732566
4.006850050 0.008109210 -0.082334186
4.006850050 0.016140323 -0.081142883
4.006850050 0.024015996 -0.079170130
4.006850050 0.031660382 -0.076434924
4.006850050 0.038999862 -0.072963609
4.006850050 0.045963751 -0.068789615
4.006850050 0.052484984 -0.063953138
4.006850050 0.058500758 -0.058500758
4.006850050 0.063953138 -0.052484984
4.006850050 0.068789615 -0.045963751
4.006850050 0.072963609 -0.038999862
4.006850050 0.076434924 -0.031660382
4.006850050 0.079170130 -0.024015996
4.006850050 0.081142883 -0.016140323
4.006850050 0.082334186 -0.008109210
#106
4.029526684 0.075528885 0.000000000
4.029526684 0.075165193 0.007403125
4.029526684 0.074077618 0.014734954
4.029526684 0.072276636 0.021924878
4.029526684 0.069779591 0.028903653
4.029526684 0.066610530 0.035604070
4.029526684 0.062799973 0.041961600
4.029526684 0.058384618 0.047915017
4.029526684 0.053406987 0.053406987
4.029526684 0.047915017 0.058384618
4.029526684 0.041961600 0.062799973
4.029526684 0.035604070 0.066610530
4.029526684 0.028903653 0.069779591
4.029526684 0.021924878 0.072276636
4.029526684 0.014734954 0.074077618
4.029526684 0.007403125 0.075165193
4.029526684 0.000000000 0.075528885
4.029526684 -0.007403125 0.075165193
4.029526684 -0.014734954 0.074077618
4.029526684 -0.021924878 0.072276636
4.029526684 -0.028903653 0.069779591
4.029526684 -0.035604070 0.066610530
4.029526684 -0.041961600 0.062799973
4.029526684 -0.047915017 0.058384618
4.029526684 -0.053406987 0.053406987
4.029526684 -0.058384618 0.047915017
4.029526684 -0.062799973 0.041961600
4.029526684 -0.066610530 0.035604070
4.029526684 -0.069779591 0.028903653
4.029526684 -0.072276636 0.021924878
4.029526684 -0.074077618 0.014734954
4.029526684 -0.075165193 0.007403125
4.029526684 -0.075528885 0.000000000
4.029526684 -0.075165193 -0.007403125
4.029526684 -0.074077618 -0.014734954
4.029526684 -0.072276636 -0.021924878
4.029526684 -0.069779591 -0.028903653
4.029526684 -0.066610530 -0.035604070
4.029526684 -0.062799973 -0.041961600
4.029526684 -0.058384618 -0.047915017
4.029526684 -0.053406987 -0.053406987
4.029526684 -0.047915017 -0.058384618
4.029526684 -0.041961600 -0.062799973
4.029526684 -0.035604070 -0.066610530
4.029526684 -0.028903653 -0.069779591
4.029526684 -0.021924878 -0.072276636
4.029526684 -0.014734954 -0.074077618
4.029526684 -0.007403125 -0.075165193
4.029526684 -0.000000000 -0.075528885
4.029526684 0.007403125 -0.075165193
4.029526684 0.014734954 -0.074077618
4.029526684 0.021924878 -0.072276636
4.029526684 0.028903653 -0.069779591
4.029526684 0.035604070 -0.066610530
4.029526684 0.041961600 -0.062799973
4.029526684 0.047915017 -0.058384618
4.029526684 0.053406987 -0.053406987
4.029526684 0.058384618 -0.047915017
4.029526684 0.062799973 -0.041961600
4.029526684 0.066610530 -0.035604070
4.029526684 0.069779591 -0.028903653
4.029526684 0.072276636 -0.021924878
4.029526684 0.074077618 -0.014734954
4.029526684 0.075165193 -0.007403125
#107
4.051444967 0.068817666 0.000000000
4.051444967 0.068486291 0.006745311
4.051444967 0.067495354 0.013425661
4.051444967 0.065854401 0.019976714
4.051444967 0.063579234 0.026335381
4.051444967 0.060691763 0.032440423
4.051444967 0.057219798 0.038233047
4.051444967 0.053196776 0.043657465
4.051444967 0.048661439 0.048661439
4.051444967 0.043657465 0.053196776
4.051444967 0.038233047 0.057219798
4.051444967 0.032440423 0.060691763
4.051444967 0.026335381 0.063579234
4.051444967 0.019976714 0.065854401
4.051444967 0.013425661 0.067495354
4.051444967 0.006745311 0.068486291
4.051444967 0.000000000 0.068817666
4.051444967 -0.006745311 0.068486291
4.051444967 -0.013425661 0.067495354
4.051444967 -0.019976714 0.065854401
4.051444967 -0.026335381 0.063579234
4.051444967 -0.032440423 0.060691763
4.051444967 -0.038233047 0.057219798
4.051444967 -0.043657465 0.053196776
4.051444967 -0.048661439 0.048661439
4.051444967 -0.053196776 0.043657465
4.051444967 -0.057219798 0.038233047
4.051444967 -0.060691763 0.032440423
4.051444967 -0.063579234 0.026335381
4.051444967 -0.065854401 0.019976714
4.051444967 -0.067495354 0.013425661
4.051444967 -0.068486291 0.006745311
4.051444967 -0.068817666 0.000000000
4.051444967 -0.068486291 -0.006745311
4.051444967 -0.067495354 -0.013425661
4.051444967 -0.065854401 -0.019976714
4.051444967 -0.063579234 -0.026335381
4.051444967 -0.060691763 -0.032440423
4.051444967 -0.057219798 -0.038233047
4.051444967 -0.053196776 -0.043657465
4.051444967 -0.048661439 -0.048661439
4.051444967 -0.043657465 -0.053196776
4.051444967 -0.038233047 -0.057219798
4.051444967 -0.032440423 -0.060691763
4.051444967 -0.026335381 -0.063579234
4.051444967 -0.019976714 -0.065854401
4.051444967 -0.013425661 -0.067495354
4.051444967 -0.006745311 -0.068486291
4.051444967 -0.000000000 -0.068817666
4.051444967 0.006745311 -0.068486291
4.051444967 0.013425661 -0.067495354
4.051444967 0.019976714 -0.065854401
4.051444967 0.026335381 -0.063579234
4.051444967 0.032440423 -0.060691763
4.051444967 0.038233047 -0.057219798
4.051444967 0.043657465 -0.053196776
4.051444967 0.048661439 -0.048661439
4.051444967 0.053196776 -0.043657465
4.051444967 0.057219798 -0.038233047
4.051444967 0.060691763 -0.032440423
4.051444967 0.063579234 -0.026335381
4.051444967 0.065854401 -0.019976714
4.051444967 0.067495354 -0.013425661
4.051444967 0.068486291 -0.006745311
#108
4.072544822 0.062635173 0.000000000
4.072544822 0.062333568 0.006139321
4.072544822 0.061431656 0.012219516
4.072544822 0.059938123 0.018182031
4.072544822 0.057867354 0.023969443
4.072544822 0.055239291 0.029526016
4.072544822 0.052079243 0.034798238
4.072544822 0.048417643 0.039735333
4.072544822 0.044289756 0.044289756
4.072544822 0.039735333 0.048417643
4.072544822 0.034798238 0.052079243
4.072544822 0.029526016 0.055239291
4.072544822 0.023969443 0.057867354
4.072544822 0.018182031 0.059938123
4.072544822 0.012219516 0.061431656
4.072544822 0.006139321 0.062333568
4.072544822 0.000000000 0.062635173
4.072544822 -0.006139321 0.062333568
4.072544822 -0.012219516 0.061431656
4.072544822 -0.018182031 0.059938123
4.072544822 -0.023969443 0.057867354
4.072544822 -0.029526016 0.055239291
4.072544822 -0.034798238 0.052079243
4.072544822 -0.039735333 0.048417643
4.072544822 -0.044289756 0.044289756
4.072544822 -0.048417643 0.039735333
4.072544822 -0.052079243 0.034798238
4.072544822 -0.055239291 0.029526016
4.072544822 -0.057867354 0.023969443
4.072544822 -0.059938123 0.018182031
4.072544822 -0.061431656 0.012219516
4.072544822 -0.062333568 0.006139321
4.072544822 -0.062635173 0.000000000
4.072544822 -0.062333568 -0.006139321
4.072544822 -0.061431656 -0.012219516
4.072544822 -0.059938123 -0.018182031
4.072544822 -0.057867354 -0.023969443
4.072544822 -0.055239291 -0.029526016
4.072544822 -0.052079243 -0.034798238
4.072544822 -0.048417643 -0.039735333
4.072544822 -0.044289756 -0.044289756
4.072544822 -0.039735333 -0.048417643
4.072544822 -0.034798238 -0.052079243
4.072544822 -0.029526016 -0.055239291
4.072544822 -0.023969443 -0.057867354
4.072544822 -0.018182031 -0.059938123
4.072544822 -0.012219516 -0.061431656
4.072544822 -0.006139321 -0.062333568
4.072544822 -0.000000000 -0.062635173
4.072544822 0.006139321 -0.062333568
4.072544822 0.012219516 -0.061431656
4.072544822 0.018182031 -0.059938123
4.072544822 0.023969443 -0.057867354
4.072544822 0.029526016 -0.055239291
4.072544822 0.034798238 -0.052079243
4.072544822 0.039735333 -0.048417643
4.072544822 0.044289756 -0.044289756
4.072544822 0.048417643 -0.039735333
4.072544822 0.052079243 -0.034798238
4.072544822 0.055239291 -0.029526016
4.072544822 0.057867354 -0.023969443
4.072544822 0.059938123 -0.018182031
4.072544822 0.061431656 -0.012219516
4.072544822 0.062333568 -0.006139321
#109
4.092768415 0.057009883 0.000000000
4.092768415 0.056735365 0.005587946
4.092768415 0.055914454 0.011122076
4.092768415 0.054555057 0.016549096
4.092768415 0.052670264 0.021816738
4.092768415 0.050278228 0.026874273
4.092768415 0.047401986 0.031672994
4.092768415 0.044069236 0.036166687
4.092768415 0.040312075 0.040312075
4.092768415 0.036166687 0.044069236
4.092768415 0.031672994 0.047401986
4.092768415 0.026874273 0.050278228
4.092768415 0.021816738 0.052670264
4.092768415 0.016549096 0.054555057
4.092768415 0.011122076 0.055914454
4.092768415 0.005587946 0.056735365
4.092768415 0.000000000 0.057009883
4.092768415 -0.005587946 0.056735365
4.092768415 -0.011122076 0.055914454
4.092768415 -0.016549096 0.054555057
4.092768415 -0.021816738 0.052670264
4.092768415 -0.026874273 0.050278228
4.092768415 -0.031672994 0.047401986
4.092768415 -0.036166687 0.044069236
4.092768415 -0.040312075 0.040312075
4.092768415 -0.044069236 0.036166687
4.092768415 -0.047401986 0.031672994
4.092768415 -0.050278228 0.026874273
4.092768415 -0.052670264 0.021816738
4.092768415 -0.054555057 0.016549096
4.092768415 -0.055914454 0.011122076
4.092768415 -0.056735365 0.005587946
4.092768415 -0.057009883 0.000000000
4.092768415 -0.056735365 -0.005587946
4.092768415 -0.055914454 -0.011122076
4.092768415 -0.054555057 -0.016549096
4.092768415 -0.052670264 -0.021816738
4.092768415 -0.050278228 -0.026874273
4.092768415 -0.047401986 -0.031672994
4.092768415 -0.044069236 -0.036166687
4.092768415 -0.040312075 -0.040312075
4.092768415 -0.036166687 -0.044069236
4.092768415 -0.031672994 -0.047401986
4.092768415 -0.026874273 -0.050278228
4.092768415 -0.021816738 -0.052670264
4.092768415 -0.016549096 -0.054555057
4.092768415 -0.011122076 -0.055914454
4.092768415 -0.005587946 -0.056735365
4.092768415 -0.000000000 -0.057009883
4.092768415 0.005587946 -0.056735365
4.092768415 0.011122076 -0.055914454
4.092768415 0.016549096 -0.054555057
4.092768415 0.021816738 -0.052670264
4.092768415 0.026874273 -0.050278228
4.092768415 0.031672994 -0.047401986
4.092768415 0.036166687 -0.044069236
4.092768415 0.040312075 -0.040312075
4.092768415 0.044069236 -0.036166687
4.092768415 0.047401986 -0.031672994
4.092768415 0.050278228 -0.026874273
4.092768415 0.052670264 -0.021816738
4.092768415 0.054555057 -0.016549096
4.092768415 0.055914454 -0.011122076
4.092768415 0.056735365 -0.005587946
#110
4.112060316 0.051961560 0.000000000
4.112060316 0.051711351 0.005093124
4.112060316 0.050963133 0.010137197
4.112060316 0.049724113 0.015083645
4.112060316 0.048006222 0.019884828
4.112060316 0.045826005 0.024494510
4.112060316 0.043204458 0.028868296
4.112060316 0.040166829 0.032964065
4.112060316 0.036742372 0.036742372
4.112060316 0.032964065 0.040166829
4.112060316 0.028868296 0.043204458
4.112060316 0.024494510 0.045826005
4.112060316 0.019884828 0.048006222
4.112060316 0.015083645 0.049724113
4.112060316 0.010137197 0.050963133
4.112060316 0.005093124 0.051711351
4.112060316 0.000000000 0.051961560
4.112060316 -0.005093124 0.051711351
4.112060316 -0.010137197 0.050963133
4.112060316 -0.015083645 0.049724113
4.112060316 -0.019884828 0.048006222
4.112060316 -0.024494510 0.045826005
4.112060316 -0.028868296 0.043204458
4.112060316 -0.032964065 0.040166829
4.112060316 -0.036742372 0.036742372
4.112060316 -0.040166829 0.032964065
4.112060316 -0.043204458 0.028868296
4.112060316 -0.045826005 0.024494510
4.112060316 -0.048006222 0.019884828
4.112060316 -0.049724113 0.015083645
4.112060316 -0.050963133 0.010137197
4.112060316 -0.051711351 0.005093124
4.112060316 -0.051961560 0.000000000
4.112060316 -0.051711351 -0.005093124
4.112060316 -0.050963133 -0.010137197
4.112060316 -0.049724113 -0.015083645
4.112060316 -0.048006222 -0.019884828
4.112060316 -0.045826005 -0.024494510
4.112060316 -0.043204458 -0.028868296
4.112060316 -0.040166829 -0.032964065
4.112060316 -0.036742372 -0.036742372
4.112060316 -0.032964065 -0.040166829
4.112060316 -0.028868296 -0.043204458
4.112060316 -0.024494510 -0.045826005
4.112060316 -0.019884828 -0.048006222
4.112060316 -0.015083645 -0.049724113
4.112060316 -0.010137197 -0.050963133
4.112060316 -0.005093124 -0.051711351
4.112060316 -0.000000000 -0.051961560
4.112060316 0.005093124 -0.051711351
4.112060316 0.010137197 -0.050963133
4.112060316 0.015083645 -0.049724113
4.112060316 0.019884828 -0.048006222
4.112060316 0.024494510 -0.045826005
4.112060316 0.028868296 -0.043204458
4.112060316 0.032964065 -0.040166829
4.112060316 0.036742372 -0.036742372
4.112060316 0.040166829 -0.032964065
4.112060316 0.043204458 -0.028868296
4.112060316 0.045826005 -0.024494510
4.112060316 0.048006222 -0.019884828
4.112060316 0.049724113 -0.015083645
4.112060316 0.050963133 -0.010137197
4.112060316 0.051711351 -0.005093124
#111
4.130367646 0.047500338 0.000000000
4.130367646 0.047271611 0.004655847
4.130367646 0.046587632 0.009266856
4.130367646 0.045454989 0.013788620
4.130367646 0.043884590 0.018177592
4.130367646 0.041891558 0.022391504
4.130367646 0.039495088 0.026389774
4.130367646 0.036718258 0.030133895
4.130367646 0.033587811 0.033587811
4.130367646 0.030133895 0.036718258
4.130367646 0.026389774 0.039495088
4.130367646 0.022391504 0.041891558
4.130367646 0.018177592 0.043884590
4.130367646 0.013788620 0.045454989
4.130367646 0.009266856 0.046587632
4.130367646 0.004655847 0.047271611
4.130367646 0.000000000 0.047500338
4.130367646 -0.004655847 0.047271611
4.130367646 -0.009266856 0.046587632
4.130367646 -0.013788620 0.045454989
4.130367646 -0.018177592 0.043884590
4.130367646 -0.022391504 0.041891558
4.130367646 -0.026389774 0.039495088
4.130367646 -0.030133895 0.036718258
4.130367646 -0.033587811 0.033587811
4.130367646 -0.036718258 0.030133895
4.130367646 -0.039495088 0.026389774
4.130367646 -0.041891558 0.022391504
4.130367646 -0.043884590 0.018177592
4.130367646 -0.045454989 0.013788620
4.130367646 -0.046587632 0.009266856
4.130367646 -0.047271611 0.004655847
4.130367646 -0.047500338 0.000000000
4.130367646 -0.047271611 -0.004655847
4.130367646 -0.046587632 -0.009266856
4.130367646 -0.045454989 -0.013788620
4.130367646 -0.043884590 -0.018177592
4.130367646 -0.041891558 -0.022391504
4.130367646 -0.039495088 -0.026389774
4.130367646 -0.036718258 -0.030133895
4.130367646 -0.033587811 -0.033587811
4.130367646 -0.030133895 -0.036718258
4.130367646 -0.026389774 -0.039495088
4.130367646 -0.022391504 -0.041891558
4.130367646 -0.018177592 -0.043884590
4.130367646 -0.013788620 -0.045454989
4.130367646 -0.009266856 -0.046587632
4.130367646 -0.004655847 -0.047271611
4.130367646 -0.000000000 -0.047500338
4.130367646 0.004655847 -0.047271611
4.130367646 0.009266856 -0.046587632
4.130367646 0.013788620 -0.045454989
4.130367646 0.018177592 -0.043884590
4.130367646 0.022391504 -0.041891558
4.130367646 0.026389774 -0.039495088
4.130367646 0.030133895 -0.036718258
4.130367646 0.033587811 -0.033587811
4.130367646 0.036718258 -0.030133895
4.130367646 0.039495088 -0.026389774
4.130367646 0.041891558 -0.022391504
4.130367646 0.043884590 -0.018177592
4.130367646 0.045454989 -0.013788620
4.130367646 0.046587632 -0.009266856
4.130367646 0.047271611 -0.004655847
#112
4.147640226 0.043625936 0.000000000
4.147640226 0.043415865 0.004276090
4.147640226 0.042787676 0.008510998
4.147640226 0.041747418 0.012663941
4.147640226 0.040305110 0.016694923
4.147640226 0.038474641 0.020565124
4.147640226 0.036273640 0.024237272
4.147640226 0.033723305 0.027676001
4.147640226 0.030848195 0.030848195
4.147640226 0.027676001 0.033723305
4.147640226 0.024237272 0.036273640
4.147640226 0.020565124 0.038474641
4.147640226 0.016694923 0.040305110
4.147640226 0.012663941 0.041747418
4.147640226 0.008510998 0.042787676
4.147640226 0.004276090 0.043415865
4.147640226 0.000000000 0.043625936
4.147640226 -0.004276090 0.043415865
4.147640226 -0.008510998 0.042787676
4.147640226 -0.012663941 0.041747418
4.147640226 -0.016694923 0.040305110
4.147640226 -0.020565124 0.038474641
4.147640226 -0.024237272 0.036273640
4.147640226 -0.027676001 0.033723305
4.147640226 -0.030848195 0.030848195
4.147640226 -0.033723305 0.027676001
4.147640226 -0.036273640 0.024237272
4.147640226 -0.038474641 0.020565124
4.147640226 -0.040305110 0.016694923
4.147640226 -0.041747418 0.012663941
4.147640226 -0.042787676 0.008510998
4.147640226 -0.043415865 0.004276090
4.147640226 -0.043625936 0.000000000
4.147640226 -0.043415865 -0.004276090
4.147640226 -0.042787676 -0.008510998
4.147640226 -0.041747418 -0.012663941
4.147640226 -0.040305110 -0.016694923
4.147640226 -0.038474641 -0.020565124
4.147640226 -0.036273640 -0.024237272
4.147640226 -0.033723305 -0.027676001
4.147640226 -0.030848195 -0.030848195
4.147640226 -0.027676001 -0.033723305
4.147640226 -0.024237272 -0.036273640
4.147640226 -0.020565124 -0.038474641
4.147640226 -0.016694923 -0.040305110
4.147640226 -0.012663941 -0.041747418
4.147640226 -0.008510998 -0.042787676
4.147640226 -0.004276090 -0.043415865
4.147640226 -0.000000000 -0.043625936
4.147640226 0.004276090 -0.043415865
4.147640226 0.008510998 -0.042787676
4.147640226 0.012663941 -0.041747418
4.147640226 0.016694923 -0.040305110
4.147640226 0.020565124 -0.038474641
4.147640226 0.024237272 -0.036273640
4.147640226 0.027676001 -0.033723305
4.147640226 0.030848195 -0.030848195
4.147640226 0.033723305 -0.027676001
4.147640226 0.036273640 -0.024237272
4.147640226 0.038474641 -0.020565124
4.147640226 0.040305110 -0.016694923
4.147640226 0.041747418 -0.012663941
4.147640226 0.042787676 -0.008510998
4.147640226 0.043415865 -0.004276090
#113
4.163830714 0.040327115 0.000000000
4.163830714 0.040132929 0.003952749
4.163830714 0.039552241 0.007867430
4.163830714 0.038590643 0.011706344
4.163830714 0.037257396 0.015432519
4.163830714 0.035565340 0.019010071
4.163830714 0.033530771 0.022404545
4.163830714 0.031173282 0.025583251
4.163830714 0.028515577 0.028515577
4.163830714 0.025583251 0.031173282
4.163830714 0.022404545 0.033530771
4.163830714 0.019010071 0.035565340
4.163830714 0.015432519 0.037257396
4.163830714 0.011706344 0.038590643
4.163830714 0.007867430 0.039552241
4.163830714 0.003952749 0.040132929
4.163830714 0.000000000 0.040327115
4.163830714 -0.003952749 0.040132929
4.163830714 -0.007867430 0.039552241
4.163830714 -0.011706344 0.038590643
4.163830714 -0.015432519 0.037257396
4.163830714 -0.019010071 0.035565340
4.163830714 -0.022404545 0.033530771
4.163830714 -0.025583251 0.031173282
4.163830714 -0.028515577 0.028515577
4.163830714 -0.031173282 0.025583251
4.163830714 -0.033530771 0.022404545
4.163830714 -0.035565340 0.019010071
4.163830714 -0.037257396 0.015432519
4.163830714 -0.038590643 0.011706344
4.163830714 -0.039552241 0.007867430
4.163830714 -0.040132929 0.003952749
4.163830714 -0.040327115 0.000000000
4.163830714 -0.040132929 -0.003952749
4.163830714 -0.039552241 -0.007867430
4.163830714 -0.038590643 -0.011706344
4.163830714 -0.037257396 -0.015432519
4.163830714 -0.035565340 -0.019010071
4.163830714 -0.033530771 -0.022404545
4.163830714 -0.031173282 -0.025583251
4.163830714 -0.028515577 -0.028515577
4.163830714 -0.025583251 -0.031173282
4.163830714 -0.022404545 -0.033530771
4.163830714 -0.019010071 -0.035565340
4.163830714 -0.015432519 -0.037257396
4.163830714 -0.011706344 -0.038590643
4.163830714 -0.007867430 -0.039552241
4.163830714 -0.003952749 -0.040132929
4.163830714 -0.000000000 -0.040327115
4.163830714 0.003952749 -0.040132929
4.163830714 0.007867430 -0.039552241
4.163830714 0.011706344 -0.038590643
4.163830714 0.015432519 -0.037257396
4.163830714 0.019010071 -0.035565340
4.163830714 0.022404545 -0.033530771
4.163830714 0.025583251 -0.031173282
4.163830714 0.028515577 -0.028515577
4.163830714 0.031173282 -0.025583251
4.163830714 0.033530771 -0.022404545
4.163830714 0.035565340 -0.019010071
4.163830714 0.037257396 -0.015432519
4.163830714 0.038590643 -0.011706344
4.163830714 0.039552241 -0.007867430
4.163830714 0.040132929 -0.003952749
#114
4.178894732 0.037581494 0.000000000
4.178894732 0.037400529 0.003683631
4.178894732 0.036859376 0.007331786
4.178894732 0.035963248 0.010909332
4.178894732 0.034720773 0.014381815
4.178894732 0.033143919 0.017715794
4.178894732 0.031247871 0.020879160
4.178894732 0.029050888 0.023841448
4.178894732 0.026574129 0.026574129
4.178894732 0.023841448 0.029050888
4.178894732 0.020879160 0.031247871
4.178894732 0.017715794 0.033143919
4.178894732 0.014381815 0.034720773
4.178894732 0.010909332 0.035963248
4.178894732 0.007331786 0.036859376
4.178894732 0.003683631 0.037400529
4.178894732 0.000000000 0.037581494
4.178894732 -0.003683631 0.037400529
4.178894732 -0.007331786 0.036859376
4.178894732 -0.010909332 0.035963248
4.178894732 -0.014381815 0.034720773
4.178894732 -0.017715794 0.033143919
4.178894732 -0.020879160 0.031247871
4.178894732 -0.023841448 0.029050888
4.178894732 -0.026574129 0.026574129
4.178894732 -0.029050888 0.023841448
4.178894732 -0.031247871 0.020879160
4.178894732 -0.033143919 0.017715794
4.178894732 -0.034720773 0.014381815
4.178894732 -0.035963248 0.010909332
4.178894732 -0.036859376 0.007331786
4.178894732 -0.037400529 0.003683631
4.178894732 -0.037581494 0.000000000
4.178894732 -0.037400529 -0.003683631
4.178894732 -0.036859376 -0.007331786
4.178894732 -0.035963248 -0.010909332
4.178894732 -0.034720773 -0.014381815
4.178894732 -0.033143919 -0.017715794
4.178894732 -0.031247871 -0.020879160
4.178894732 -0.029050888 -0.023841448
4.178894732 -0.026574129 -0.026574129
4.178894732 -0.023841448 -0.029050888
4.178894732 -0.020879160 -0.031247871
4.178894732 -0.017715794 -0.033143919
4.178894732 -0.014381815 -0.034720773
4.178894732 -0.010909332 -0.035963248
4.178894732 -0.007331786 -0.036859376
4.178894732 -0.003683631 -0.037400529
4.178894732 -0.000000000 -0.037581494
4.178894732 0.003683631 -0.037400529
4.178894732 0.007331786 -0.036859376
4.178894732 0.010909332 -0.035963248
4.178894732 0.014381815 -0.034720773
4.178894732 0.017715794 -0.033143919
4.178894732 0.020879160 -0.031247871
4.178894732 0.023841448 -0.029050888
4.178894732 0.026574129 -0.026574129
4.178894732 0.029050888 -0.023841448
4.178894732 0.031247871 -0.020879160
4.178894732 0.033143919 -0.017715794
4.178894732 0.034720773 -0.014381815
4.178894732 0.035963248 -0.010909332
4.178894732 0.036859376 -0.007331786
4.178894732 0.037400529 -0.003683631
#115
4.192790992 0.035355836 0.000000000
4.192790992 0.035185588 0.003465478
4.192790992 0.034676483 0.006897581
4.192790992 0.033833425 0.010263257
4.192790992 0.032664533 0.013530092
4.192790992 0.031181063 0.016666626
4.192790992 0.029397303 0.019642650
4.192790992 0.027330430 0.022429505
4.192790992 0.025000351 0.025000351
4.192790992 0.022429505 0.027330430
4.192790992 0.019642650 0.029397303
4.192790992 0.016666626 0.031181063
4.192790992 0.013530092 0.032664533
4.192790992 0.010263257 0.033833425
4.192790992 0.006897581 0.034676483
4.192790992 0.003465478 0.035185588
4.192790992 0.000000000 0.035355836
4.192790992 -0.003465478 0.035185588
4.192790992 -0.006897581 0.034676483
4.192790992 -0.010263257 0.033833425
4.192790992 -0.013530092 0.032664533
4.192790992 -0.016666626 0.031181063
4.192790992 -0.019642650 0.029397303
4.192790992 -0.022429505 0.027330430
4.192790992 -0.025000351 0.025000351
4.192790992 -0.027330430 0.022429505
4.192790992 -0.029397303 0.019642650
4.192790992 -0.031181063 0.016666626
4.192790992 -0.032664533 0.013530092
4.192790992 -0.033833425 0.010263257
4.192790992 -0.034676483 0.006897581
4.192790992 -0.035185588 0.003465478
4.192790992 -0.035355836 0.000000000
4.192790992 -0.035185588 -0.003465478
4.192790992 -0.034676483 -0.006897581
4.192790992 -0.033833425 -0.010263257
4.192790992 -0.032664533 -0.013530092
4.192790992 -0.031181063 -0.016666626
4.192790992 -0.029397303 -0.019642650
4.192790992 -0.027330430 -0.022429505
4.192790992 -0.025000351 -0.025000351
4.192790992 -0.022429505 -0.027330430
4.192790992 -0.019642650 -0.029397303
4.192790992 -0.016666626 -0.031181063
4.192790992 -0.013530092 -0.032664533
4.192790992 -0.010263257 -0.033833425
4.192790992 -0.006897581 -0.034676483
4.192790992 -0.003465478 -0.035185588
4.192790992 -0.000000000 -0.035355836
4.192790992 0.003465478 -0.035185588
4.192790992 0.006897581 -0.034676483
4.192790992 0.010263257 -0.033833425
4.192790992 0.013530092 -0.032664533
4.192790992 0.016666626 -0.031181063
4.192790992 0.019642650 -0.029397303
4.192790992 0.022429505 -0.027330430
4.192790992 0.025000351 -0.025000351
4.192790992 0.027330430 -0.022429505
4.192790992 0.029397303 -0.019642650
4.192790992 0.031181063 -0.016666626
4.192790992 0.032664533 -0.013530092
4.192790992 0.033833425 -0.010263257
4.192790992 0.034676483 -0.006897581
4.192790992 0.035185588 -0.003465478
#116
4.205481403 0.033606869 0.000000000
4.205481403 0.033445043 0.003294049
4.205481403 0.032961122 0.006556375
4.205481403 0.032159768 0.009755559
4.205481403 0.031048698 0.012860792
4.205481403 0.029638612 0.015842168
4.205481403 0.027943090 0.018670976
4.205481403 0.025978461 0.021319972
4.205481403 0.023763645 0.023763645
4.205481403 0.021319972 0.025978461
4.205481403 0.018670976 0.027943090
4.205481403 0.015842168 0.029638612
4.205481403 0.012860792 0.031048698
4.205481403 0.009755559 0.032159768
4.205481403 0.006556375 0.032961122
4.205481403 0.003294049 0.033445043
4.205481403 0.000000000 0.033606869
4.205481403 -0.003294049 0.033445043
4.205481403 -0.006556375 0.032961122
4.205481403 -0.009755559 0.032159768
4.205481403 -0.012860792 0.031048698
4.205481403 -0.015842168 0.029638612
4.205481403 -0.018670976 0.027943090
4.205481403 -0.021319972 0.025978461
4.205481403 -0.023763645 0.023763645
4.205481403 -0.025978461 0.021319972
4.205481403 -0.027943090 0.018670976
4.205481403 -0.029638612 0.015842168
4.205481403 -0.031048698 0.012860792
4.205481403 -0.032159768 0.009755559
4.205481403 -0.032961122 0.006556375
4.205481403 -0.033445043 0.003294049
4.205481403 -0.033606869 0.000000000
4.205481403 -0.033445043 -0.003294049
4.205481403 -0.032961122 -0.006556375
4.205481403 -0.032159768 -0.009755559
4.205481403 -0.031048698 -0.012860792
4.205481403 -0.029638612 -0.015842168
4.205481403 -0.027943090 -0.018670976
4.205481403 -0.025978461 -0.021319972
4.205481403 -0.023763645 -0.023763645
4.205481403 -0.021319972 -0.025978461
4.205481403 -0.018670976 -0.027943090
4.205481403 -0.015842168 -0.029638612
4.205481403 -0.012860792 -0.031048698
4.205481403 -0.009755559 -0.032159768
4.205481403 -0.006556375 -0.032961122
4.205481403 -0.003294049 -0.033445043
4.205481403 -0.000000000 -0.033606869
4.205481403 0.003294049 -0.033445043
4.205481403 0.006556375 -0.032961122
4.205481403 0.009755559 -0.032159768
4.205481403 0.012860792 -0.031048698
4.205481403 0.015842168 -0.029638612
4.205481403 0.018670976 -0.027943090
4.205481403 0.021319972 -0.025978461
4.205481403 0.023763645 -0.023763645
4.205481403 0.025978461 -0.021319972
4.205481403 0.027943090 -0.018670976
4.205481403 0.029638612 -0.015842168
4.205481403 0.031048698 -0.012860792
4.205481403 0.032159768 -0.009755559
4.205481403 0.032961122 -0.006556375
4.205481403 0.033445043 -0.003294049
#117
4.216931184 0.032282698 0.000000000
4.216931184 0.032127248 0.003164258
4.216931184 0.031662395 0.006298042
4.216931184 0.030892615 0.009371172
4.216931184 0.029825324 0.012354053
4.216931184 0.028470797 0.015217958
4.216931184 0.026842082 0.017935306
4.216931184 0.024954863 0.020479927
4.216931184 0.022827314 0.022827314
4.216931184 0.020479927 0.024954863
4.216931184 0.017935306 0.026842082
4.216931184 0.015217958 0.028470797
4.216931184 0.012354053 0.029825324
4.216931184 0.009371172 0.030892615
4.216931184 0.006298042 0.031662395
4.216931184 0.003164258 0.032127248
4.216931184 0.000000000 0.032282698
4.216931184 -0.003164258 0.032127248
4.216931184 -0.006298042 0.031662395
4.216931184 -0.009371172 0.030892615
4.216931184 -0.012354053 0.029825324
4.216931184 -0.015217958 0.028470797
4.216931184 -0.017935306 0.026842082
4.216931184 -0.020479927 0.024954863
4.216931184 -0.022827314 0.022827314
4.216931184 -0.024954863 0.020479927
4.216931184 -0.026842082 0.017935306
4.216931184 -0.028470797 0.015217958
4.216931184 -0.029825324 0.012354053
4.216931184 -0.030892615 0.009371172
4.216931184 -0.031662395 0.006298042
4.216931184 -0.032127248 0.003164258
4.216931184 -0.032282698 0.000000000
4.216931184 -0.032127248 -0.003164258
4.216931184 -0.031662395 -0.006298042
4.216931184 -0.030892615 -0.009371172
4.216931184 -0.029825324 -0.012354053
4.216931184 -0.028470797 -0.015217958
4.216931184 -0.026842082 -0.017935306
4.216931184 -0.024954863 -0.020479927
4.216931184 -0.022827314 -0.022827314
4.216931184 -0.020479927 -0.024954863
4.216931184 -0.017935306 -0.026842082
4.216931184 -0.015217958 -0.028470797
4.216931184 -0.012354053 -0.029825324
4.216931184 -0.009371172 -0.030892615
4.216931184 -0.006298042 -0.031662395
4.216931184 -0.003164258 -0.032127248
4.216931184 -0.000000000 -0.032282698
4.216931184 0.003164258 -0.032127248
4.216931184 0.006298042 -0.031662395
4.216931184 0.009371172 -0.030892615
4.216931184 0.012354053 -0.029825324
4.216931184 0.015217958 -0.028470797
4.216931184 0.017935306 -0.026842082
4.216931184 0.020479927 -0.024954863
4.216931184 0.022827314 -0.022827314
4.216931184 0.024954863 -0.020479927
4.216931184 0.026842082 -0.017935306
4.216931184 0.028470797 -0.015217958
4.216931184 0.029825324 -0.012354053
4.216931184 0.030892615 -0.009371172
4.216931184 0.031662395 -0.006298042
4.216931184 0.032127248 -0.003164258
#118
4.227108950 0.031324776 0.000000000
4.227108950 0.031173938 0.003070365
4.227108950 0.030722879 0.006111161
4.227108950 0.029975941 0.009093102
4.227108950 0.028940319 0.011987473
4.227108950 0.027625986 0.014766397
4.227108950 0.026045599 0.017403113
4.227108950 0.024214379 0.019872227
4.227108950 0.022149961 0.022149961
4.227108950 0.019872227 0.024214379
4.227108950 0.017403113 0.026045599
4.227108950 0.014766397 0.027625986
4.227108950 0.011987473 0.028940319
4.227108950 0.009093102 0.029975941
4.227108950 0.006111161 0.030722879
4.227108950 0.003070365 0.031173938
4.227108950 0.000000000 0.031324776
4.227108950 -0.003070365 0.031173938
4.227108950 -0.006111161 0.030722879
4.227108950 -0.009093102 0.029975941
4.227108950 -0.011987473 0.028940319
4.227108950 -0.014766397 0.027625986
4.227108950 -0.017403113 0.026045599
4.227108950 -0.019872227 0.024214379
4.227108950 -0.022149961 0.022149961
4.227108950 -0.024214379 0.019872227
4.227108950 -0.026045599 0.017403113
4.227108950 -0.027625986 0.014766397
4.227108950 -0.028940319 0.011987473
4.227108950 -0.029975941 0.009093102
4.227108950 -0.030722879 0.006111161
4.227108950 -0.031173938 0.003070365
4.227108950 -0.031324776 0.000000000
4.227108950 -0.031173938 -0.003070365
4.227108950 -0.030722879 -0.006111161
4.227108950 -0.029975941 -0.009093102
4.227108950 -0.028940319 -0.011987473
4.227108950 -0.027625986 -0.014766397
4.227108950 -0.026045599 -0.017403113
4.227108950 -0.024214379 -0.019872227
4.227108950 -0.022149961 -0.022149961
4.227108950 -0.019872227 -0.024214379
4.227108950 -0.017403113 -0.026045599
4.227108950 -0.014766397 -0.027625986
4.227108950 -0.011987473 -0.028940319
4.227108950 -0.009093102 -0.029975941
4.227108950 -0.006111161 -0.030722879
4.227108950 -0.003070365 -0.031173938
4.227108950 -0.000000000 -0.031324776
4.227108950 0.003070365 -0.031173938
4.227108950 0.006111161 -0.030722879
4.227108950 0.009093102 -0.029975941
4.227108950 0.011987473 -0.028940319
4.227108950 0.014766397 -0.027625986
4.227108950 0.017403113 -0.026045599
4.227108950 0.019872227 -0.024214379
4.227108950 0.022149961 -0.022149961
4.227108950 0.024214379 -0.019872227
4.227108950 0.026045599 -0.017403113
4.227108950 0.027625986 -0.014766397
4.227108950 0.028940319 -0.011987473
4.227108950 0.029975941 -0.009093102
4.227108950 0.030722879 -0.006111161
4.227108950 0.031173938 -0.003070365
#119
4.235986805 0.030670397 0.000000000
4.235986805 0.030522710 0.003006225
4.235986805 0.030081074 0.005983498
4.235986805 0.029349740 0.008903146
4.235986805 0.028335752 0.011737053
4.235986805 0.027048875 0.014457925
4.235986805 0.025501503 0.017039560
4.235986805 0.023708537 0.019457094
4.235986805 0.021687246 0.021687246
4.235986805 0.019457094 0.023708537
4.235986805 0.017039560 0.025501503
4.235986805 0.014457925 0.027048875
4.235986805 0.011737053 0.028335752
4.235986805 0.008903146 0.029349740
4.235986805 0.005983498 0.030081074
4.235986805 0.003006225 0.030522710
4.235986805 0.000000000 0.030670397
4.235986805 -0.003006225 0.030522710
4.235986805 -0.005983498 0.030081074
4.235986805 -0.008903146 0.029349740
4.235986805 -0.011737053 0.028335752
4.235986805 -0.014457925 0.027048875
4.235986805 -0.017039560 0.025501503
4.235986805 -0.019457094 0.023708537
4.235986805 -0.021687246 0.021687246
4.235986805 -0.023708537 0.019457094
4.235986805 -0.025501503 0.017039560
4.235986805 -0.027048875 0.014457925
4.235986805 -0.028335752 0.011737053
4.235986805 -0.029349740 0.008903146
4.235986805 -0.030081074 0.005983498
4.235986805 -0.030522710 0.003006225
4.235986805 -0.030670397 0.000000000
4.235986805 -0.030522710 -0.003006225
4.235986805 -0.030081074 -0.005983498
4.235986805 -0.029349740 -0.008903146
4.235986805 -0.028335752 -0.011737053
4.235986805 -0.027048875 -0.014457925
4.235986805 -0.025501503 -0.017039560
4.235986805 -0.023708537 -0.019457094
4.235986805 -0.021687246 -0.021687246
4.235986805 -0.019457094 -0.023708537
4.235986805 -0.017039560 -0.025501503
4.235986805 -0.014457925 -0.027048875
4.235986805 -0.011737053 -0.028335752
4.235986805 -0.008903146 -0.029349740
4.235986805 -0.005983498 -0.030081074
4.235986805 -0.003006225 -0.030522710
4.235986805 -0.000000000 -0.030670397
4.235986805 0.003006225 -0.030522710
4.235986805 0.005983498 -0.030081074
4.235986805 0.008903146 -0.029349740
4.235986805 0.011737053 -0.028335752
4.235986805 0.014457925 -0.027048875
4.235986805 0.017039560 -0.025501503
4.235986805 0.019457094 -0.023708537
4.235986805 0.021687246 -0.021687246
4.235986805 0.023708537 -0.019457094
4.235986805 0.025501503 -0.017039560
4.235986805 0.027048875 -0.014457925
4.235986805 0.028335752 -0.011737053
4.235986805 0.029349740 -0.008903146
4.235986805 0.030081074 -0.005983498
4.235986805 0.030522710 -0.003006225
#120
4.243540416 0.030255592 0.000000000
4.243540416 0.030109903 0.002965567
4.243540416 0.029674239 0.005902573
4.243540416 0.028952796 0.008782735
4.243540416 0.027952522 0.011578314
4.243540416 0.026683050 0.014262387
4.243540416 0.025156605 0.016809106
4.243540416 0.023387889 0.019193944
4.243540416 0.021393934 0.021393934
4.243540416 0.019193944 0.023387889
4.243540416 0.016809106 0.025156605
4.243540416 0.014262387 0.026683050
4.243540416 0.011578314 0.027952522
4.243540416 0.008782735 0.028952796
4.243540416 0.005902573 0.029674239
4.243540416 0.002965567 0.030109903
4.243540416 0.000000000 0.030255592
4.243540416 -0.002965567 0.030109903
4.243540416 -0.005902573 0.029674239
4.243540416 -0.008782735 0.028952796
4.243540416 -0.011578314 0.027952522
4.243540416 -0.014262387 0.026683050
4.243540416 -0.016809106 0.025156605
4.243540416 -0.019193944 0.023387889
4.243540416 -0.021393934 0.021393934
4.243540416 -0.023387889 0.019193944
4.243540416 -0.025156605 0.016809106
4.243540416 -0.026683050 0.014262387
4.243540416 -0.027952522 0.011578314
4.243540416 -0.028952796 0.008782735
4.243540416 -0.029674239 0.005902573
4.243540416 -0.030109903 0.002965567
4.243540416 -0.030255592 0.000000000
4.243540416 -0.030109903 -0.002965567
4.243540416 -0.029674239 -0.005902573
4.243540416 -0.028952796 -0.008782735
4.243540416 -0.027952522 -0.011578314
4.243540416 -0.026683050 -0.014262387
4.243540416 -0.025156605 -0.016809106
4.243540416 -0.023387889 -0.019193944
4.243540416 -0.021393934 -0.021393934
4.243540416 -0.019193944 -0.023387889
4.243540416 -0.016809106 -0.025156605
4.243540416 -0.014262387 -0.026683050
4.243540416 -0.011578314 -0.027952522
4.243540416 -0.008782735 -0.028952796
4.243540416 -0.005902573 -0.029674239
4.243540416 -0.002965567 -0.030109903
4.243540416 -0.000000000 -0.030255592
4.243540416 0.002965567 -0.030109903
4.243540416 0.005902573 -0.029674239
4.243540416 0.008782735 -0.028952796
4.243540416 0.011578314 -0.027952522
4.243540416 0.014262387 -0.026683050
4.243540416 0.016809106 -0.025156605
4.243540416 0.019193944 -0.023387889
4.243540416 0.021393934 -0.021393934
4.243540416 0.023387889 -0.019193944
4.243540416 0.025156605 -0.016809106
4.243540416 0.026683050 -0.014262387
4.243540416 0.027952522 -0.011578314
4.243540416 0.028952796 -0.008782735
4.243540416 0.029674239 -0.005902573
4.243540416 0.030109903 -0.002965567
#121
4.249749079 0.030018279 0.000000000
4.249749079 0.029873733 0.002942306
4.249749079 0.029441486 0.005856276
4.249749079 0.028725702 0.008713846
4.249749079 0.027733273 0.011487498
4.249749079 0.026473758 0.014150519
4.249749079 0.024959287 0.016677262
4.249749079 0.023204443 0.019043394
4.249749079 0.021226128 0.021226128
4.249749079 0.019043394 0.023204443
4.249749079 0.016677262 0.024959287
4.249749079 0.014150519 0.026473758
4.249749079 0.011487498 0.027733273
4.249749079 0.008713846 0.028725702
4.249749079 0.005856276 0.029441486
4.249749079 0.002942306 0.029873733
4.249749079 0.000000000 0.030018279
4.249749079 -0.002942306 0.029873733
4.249749079 -0.005856276 0.029441486
4.249749079 -0.008713846 0.028725702
4.249749079 -0.011487498 0.027733273
4.249749079 -0.014150519 0.026473758
4.249749079 -0.016677262 0.024959287
4.249749079 -0.019043394 0.023204443
4.249749079 -0.021226128 0.021226128
4.249749079 -0.023204443 0.019043394
4.249749079 -0.024959287 0.016677262
4.249749079 -0.026473758 0.014150519
4.249749079 -0.027733273 0.011487498
4.249749079 -0.028725702 0.008713846
4.249749079 -0.029441486 0.005856276
4.249749079 -0.029873733 0.002942306
4.249749079 -0.030018279 0.000000000
4.249749079 -0.029873733 -0.002942306
4.249749079 -0.029441486 -0.005856276
4.249749079 -0.028725702 -0.008713846
4.249749079 -0.027733273 -0.011487498
4.249749079 -0.026473758 -0.014150519
4.249749079 -0.024959287 -0.016677262
4.249749079 -0.023204443 -0.019043394
4.249749079 -0.021226128 -0.021226128
4.249749079 -0.019043394 -0.023204443
4.249749079 -0.016677262 -0.024959287
4.249749079 -0.014150519 -0.026473758
4.249749079 -0.011487498 -0.027733273
4.249749079 -0.008713846 -0.028725702
4.249749079 -0.005856276 -0.029441486
4.249749079 -0.002942306 -0.029873733
4.249749079 -0.000000000 -0.030018279
4.249749079 0.002942306 -0.029873733
4.249749079 0.005856276 -0.029441486
4.249749079 0.008713846 -0.028725702
4.249749079 0.011487498 -0.027733273
4.249749079 0.014150519 -0.026473758
4.249749079 0.016677262 -0.024959287
4.249749079 0.019043394 -0.023204443
4.249749079 0.021226128 -0.021226128
4.249749079 0.023204443 -0.019043394
4.249749079 0.024959287 -0.016677262
4.249749079 0.026473758 -0.014150519
4.249749079 0.027733273 -0.011487498
4.249749079 0.028725702 -0.008713846
4.249749079 0.029441486 -0.005856276
4.249749079 0.029873733 -0.002942306
#122
4.254595776 0.029901500 0.000000000
4.254595776 0.029757516 0.002930859
4.254595776 0.029326951 0.005833493
4.254595776 0.028613951 0.008679947
4.254595776 0.027625383 0.011442808
4.254595776 0.026370768 0.014095469
4.254595776 0.024862188 0.016612383
4.254595776 0.023114172 0.018969310
4.254595776 0.021143553 0.021143553
4.254595776 0.018969310 0.023114172
4.254595776 0.016612383 0.024862188
4.254595776 0.014095469 0.026370768
4.254595776 0.011442808 0.027625383
4.254595776 0.008679947 0.028613951
4.254595776 0.005833493 0.029326951
4.254595776 0.002930859 0.029757516
4.254595776 0.000000000 0.029901500
4.254595776 -0.002930859 0.029757516
4.254595776 -0.005833493 0.029326951
4.254595776 -0.008679947 0.028613951
4.254595776 -0.011442808 0.027625383
4.254595776 -0.014095469 0.026370768
4.254595776 -0.016612383 0.024862188
4.254595776 -0.018969310 0.023114172
4.254595776 -0.021143553 0.021143553
4.254595776 -0.023114172 0.018969310
4.254595776 -0.024862188 0.016612383
4.254595776 -0.026370768 0.014095469
4.254595776 -0.027625383 0.011442808
4.254595776 -0.028613951 0.008679947
4.254595776 -0.029326951 0.005833493
4.254595776 -0.029757516 0.002930859
4.254595776 -0.029901500 0.000000000
4.254595776 -0.029757516 -0.002930859
4.254595776 -0.029326951 -0.005833493
4.254595776 -0.028613951 -0.008679947
4.254595776 -0.027625383 -0.011442808
4.254595776 -0.026370768 -0.014095469
4.254595776 -0.024862188 -0.016612383
4.254595776 -0.023114172 -0.018969310
4.254595776 -0.021143553 -0.021143553
4.254595776 -0.018969310 -0.023114172
4.254595776 -0.016612383 -0.024862188
4.254595776 -0.014095469 -0.026370768
4.254595776 -0.011442808 -0.027625383
4.254595776 -0.008679947 -0.028613951
4.254595776 -0.005833493 -0.029326951
4.254595776 -0.002930859 -0.029757516
4.254595776 -0.000000000 -0.029901500
4.254595776 0.002930859 -0.029757516
4.254595776 0.005833493 -0.029326951
4.254595776 0.008679947 -0.028613951
4.254595776 0.011442808 -0.027625383
4.254595776 0.014095469 -0.026370768
4.254595776 0.016612383 -0.024862188
4.254595776 0.018969310 -0.023114172
4.254595776 0.021143553 -0.021143553
4.254595776 0.023114172 -0.018969310
4.254595776 0.024862188 -0.016612383
4.254595776 0.026370768 -0.014095469
4.254595776 0.027625383 -0.011442808
4.254595776 0.028613951 -0.008679947
4.254595776 0.029326951 -0.005833493
4.254595776 0.029757516 -0.002930859
#123
4.258067222 0.029856539 0.000000000
4.258067222 0.029712771 0.002926453
4.258067222 0.029282854 0.005824722
4.258067222 0.028570926 0.008666896
4.258067222 0.027583845 0.011425603
4.258067222 0.026331116 0.014074275
4.258067222 0.024824805 0.016587404
4.258067222 0.023079416 0.018940788
4.258067222 0.021111761 0.021111761
4.258067222 0.018940788 0.023079416
4.258067222 0.016587404 0.024824805
4.258067222 0.014074275 0.026331116
4.258067222 0.011425603 0.027583845
4.258067222 0.008666896 0.028570926
4.258067222 0.005824722 0.029282854
4.258067222 0.002926453 0.029712771
4.258067222 0.000000000 0.029856539
4.258067222 -0.002926453 0.029712771
4.258067222 -0.005824722 0.029282854
4.258067222 -0.008666896 0.028570926
4.258067222 -0.011425603 0.027583845
4.258067222 -0.014074275 0.026331116
4.258067222 -0.016587404 0.024824805
4.258067222 -0.018940788 0.023079416
4.258067222 -0.021111761 0.021111761
4.258067222 -0.023079416 0.018940788
4.258067222 -0.024824805 0.016587404
4.258067222 -0.026331116 0.014074275
4.258067222 -0.027583845 0.011425603
4.258067222 -0.028570926 0.008666896
4.258067222 -0.029282854 0.005824722
4.258067222 -0.029712771 0.002926453
4.258067222 -0.029856539 0.000000000
4.258067222 -0.029712771 -0.002926453
4.258067222 -0.029282854 -0.005824722
4.258067222 -0.028570926 -0.008666896
4.258067222 -0.027583845 -0.011425603
4.258067222 -0.026331116 -0.014074275
4.258067222 -0.024824805 -0.016587404
4.258067222 -0.023079416 -0.018940788
4.258067222 -0.021111761 -0.021111761
4.258067222 -0.018940788 -0.023079416
4.258067222 -0.016587404 -0.024824805
4.258067222 -0.014074275 -0.026331116
4.258067222 -0.011425603 -0.027583845
4.258067222 -0.008666896 -0.028570926
4.258067222 -0.005824722 -0.029282854
4.258067222 -0.002926453 -0.029712771
4.258067222 -0.000000000 -0.029856539
4.258067222 0.002926453 -0.029712771
4.258067222 0.005824722 -0.029282854
4.258067222 0.008666896 -0.028570926
4.258067222 0.011425603 -0.027583845
4.258067222 0.014074275 -0.026331116
4.258067222 0.016587404 -0.024824805
4.258067222 0.018940788 -0.023079416
4.258067222 0.021111761 -0.021111761
4.258067222 0.023079416 -0.018940788
4.258067222 0.024824805 -0.016587404
4.258067222 0.026331116 -0.014074275
4.258067222 0.027583845 -0.011425603
4.258067222 0.028570926 -0.008666896
4.258067222 0.029282854 -0.005824722
4.258067222 0.029712771 -0.002926453
#124
4.260153904 0.029845756 0.000000000
4.260153904 0.029702040 0.002925396
4.260153904 0.029272278 0.005822618
4.260153904 0.028560607 0.008663766
4.260153904 0.027573883 0.011421476
4.260153904 0.026321606 0.014069192
4.260153904 0.024815839 0.016581413
4.260153904 0.023071081 0.018933947
4.260153904 0.021104136 0.021104136
4.260153904 0.018933947 0.023071081
4.260153904 0.016581413 0.024815839
4.260153904 0.014069192 0.026321606
4.260153904 0.011421476 0.027573883
4.260153904 0.008663766 0.028560607
4.260153904 0.005822618 0.029272278
4.260153904 0.002925396 0.029702040
4.260153904 0.000000000 0.029845756
4.260153904 -0.002925396 0.029702040
4.260153904 -0.005822618 0.029272278
4.260153904 -0.008663766 0.028560607
4.260153904 -0.011421476 0.027573883
4.260153904 -0.014069192 0.026321606
4.260153904 -0.016581413 0.024815839
4.260153904 -0.018933947 0.023071081
4.260153904 -0.021104136 0.021104136
4.260153904 -0.023071081 0.018933947
4.260153904 -0.024815839 0.016581413
4.260153904 -0.026321606 0.014069192
4.260153904 -0.027573883 0.011421476
4.260153904 -0.028560607 0.008663766
4.260153904 -0.029272278 0.005822618
4.260153904 -0.029702040 0.002925396
4.260153904 -0.029845756 0.000000000
4.260153904 -0.029702040 -0.002925396
4.260153904 -0.029272278 -0.005822618
4.260153904 -0.028560607 -0.008663766
4.260153904 -0.027573883 -0.011421476
4.260153904 -0.026321606 -0.014069192
4.260153904 -0.024815839 -0.016581413
4.260153904 -0.023071081 -0.018933947
4.260153904 -0.021104136 -0.021104136
4.260153904 -0.018933947 -0.023071081
4.260153904 -0.016581413 -0.024815839
4.260153904 -0.014069192 -0.026321606
4.260153904 -0.011421476 -0.027573883
4.260153904 -0.008663766 -0.028560607
4.260153904 -0.005822618 -0.029272278
4.260153904 -0.002925396 -0.029702040
4.260153904 -0.000000000 -0.029845756
4.260153904 0.002925396 -0.029702040
4.260153904 0.005822618 -0.029272278
4.260153904 0.008663766 -0.028560607
4.260153904 0.011421476 -0.027573883
4.260153904 0.014069192 -0.026321606
4.260153904 0.016581413 -0.024815839
4.260153904 0.018933947 -0.023071081
4.260153904 0.021104136 -0.021104136
4.260153904 0.023071081 -0.018933947
4.260153904 0.024815839 -0.016581413
4.260153904 0.026321606 -0.014069192
4.260153904 0.027573883 -0.011421476
4.260153904 0.028560607 -0.008663766
4.260153904 0.029272278 -0.005822618
4.260153904 0.029702040 -0.002925396
#125
4.260850100 0.029845000 0.000000000
4.260850100 0.029701288 0.002925322
4.260850100 0.029271537 0.005822471
4.260850100 0.028559884 0.008663546
4.260850100 0.027573185 0.011421187
4.260850100 0.026320940 0.014068836
4.260850100 0.024815211 0.016580994
4.260850100 0.023070497 0.018933468
4.260850100 0.021103602 0.021103602
4.260850100 0.018933468 0.023070497
4.260850100 0.016580994 0.024815211
4.260850100 0.014068836 0.026320940
4.260850100 0.011421187 0.027573185
4.260850100 0.008663546 0.028559884
4.260850100 0.005822471 0.029271537
4.260850100 0.002925322 0.029701288
4.260850100 0.000000000 0.029845000
4.260850100 -0.002925322 0.029701288
4.260850100 -0.005822471 0.029271537
4.260850100 -0.008663546 0.028559884
4.260850100 -0.011421187 0.027573185
4.260850100 -0.014068836 0.026320940
4.260850100 -0.016580994 0.024815211
4.260850100 -0.018933468 0.023070497
4.260850100 -0.021103602 0.021103602
4.260850100 -0.023070497 0.018933468
4.260850100 -0.024815211 0.016580994
4.260850100 -0.026320940 0.014068836
4.260850100 -0.027573185 0.011421187
4.260850100 -0.028559884 0.008663546
4.260850100 -0.029271537 0.005822471
4.260850100 -0.029701288 0.002925322
4.260850100 -0.029845000 0.000000000
4.260850100 -0.029701288 -0.002925322
4.260850100 -0.029271537 -0.005822471
4.260850100 -0.028559884 -0.008663546
4.260850100 -0.027573185 -0.011421187
4.260850100 -0.026320940 -0.014068836
4.260850100 -0.024815211 -0.016580994
4.260850100 -0.023070497 -0.018933468
4.260850100 -0.021103602 -0.021103602
4.260850100 -0.018933468 -0.023070497
4.260850100 -0.016580994 -0.024815211
4.260850100 -0.014068836 -0.026320940
4.260850100 -0.011421187 -0.027573185
4.260850100 -0.008663546 -0.028559884
4.260850100 -0.005822471 -0.029271537
4.260850100 -0.002925322 -0.029701288
4.260850100 -0.000000000 -0.029845000
4.260850100 0.002925322 -0.029701288
4.260850100 0.005822471 -0.029271537
4.260850100 0.008663546 -0.028559884
4.260850100 0.011421187 -0.027573185
4.260850100 0.014068836 -0.026320940
4.260850100 0.016580994 -0.024815211
4.260850100 0.018933468 -0.023070497
4.260850100 0.021103602 -0.021103602
4.260850100 0.023070497 -0.018933468
4.260850100 0.024815211 -0.016580994
4.260850100 0.026320940 -0.014068836
4.260850100 0.027573185 -0.011421187
4.260850100 0.028559884 -0.008663546
4.260850100 0.029271537 -0.005822471
4.260850100 0.029701288 -0.002925322
#126
4.263343454 0.029834773 0.000000000
4.263343454 0.029691110 0.002924319
4.263343454 0.029261506 0.005820475
4.263343454 0.028550098 0.008660577
4.263343454 0.027563736 0.011417273
4.263343454 0.026311921 0.014064015
4.263343454 0.024806707 0.016575312
4.263343454 0.023062591 0.018926980
4.263343454 0.021096370 0.021096370
4.263343454 0.018926980 0.023062591
4.263343454 0.016575312 0.024806707
4.263343454 0.014064015 0.026311921
4.263343454 0.011417273 0.027563736
4.263343454 0.008660577 0.028550098
4.263343454 0.005820475 0.029261506
4.263343454 0.002924319 0.029691110
4.263343454 0.000000000 0.029834773
4.263343454 -0.002924319 0.029691110
4.263343454 -0.005820475 0.029261506
4.263343454 -0.008660577 0.028550098
4.263343454 -0.011417273 0.027563736
4.263343454 -0.014064015 0.026311921
4.263343454 -0.016575312 0.024806707
4.263343454 -0.018926980 0.023062591
4.263343454 -0.021096370 0.021096370
4.263343454 -0.023062591 0.018926980
4.263343454 -0.024806707 0.016575312
4.263343454 -0.026311921 0.014064015
4.263343454 -0.027563736 0.011417273
4.263343454 -0.028550098 0.008660577
4.263343454 -0.029261506 0.005820475
4.263343454 -0.029691110 0.002924319
4.263343454 -0.029834773 0.000000000
4.263343454 -0.029691110 -0.002924319
4.263343454 -0.029261506 -0.005820475
4.263343454 -0.028550098 -0.008660577
4.263343454 -0.027563736 -0.011417273
4.263343454 -0.026311921 -0.014064015
4.263343454 -0.024806707 -0.016575312
4.263343454 -0.023062591 -0.018926980
4.263343454 -0.021096370 -0.021096370
4.263343454 -0.018926980 -0.023062591
4.263343454 -0.016575312 -0.024806707
4.263343454 -0.014064015 -0.026311921
4.263343454 -0.011417273 -0.027563736
4.263343454 -0.008660577 -0.028550098
4.263343454 -0.005820475 -0.029261506
4.263343454 -0.002924319 -0.029691110
4.263343454 -0.000000000 -0.029834773
4.263343454 0.002924319 -0.029691110
4.263343454 0.005820475 -0.029261506
4.263343454 0.008660577 -0.028550098
4.263343454 0.011417273 -0.027563736
4.263343454 0.014064015 -0.026311921
4.263343454 0.016575312 -0.024806707
4.263343454 0.018926980 -0.023062591
4.263343454 0.021096370 -0.021096370
4.263343454 0.023062591 -0.018926980
4.263343454 0.024806707 -0.016575312
4.263343454 0.026311921 -0.014064015
4.263343454 0.027563736 -0.011417273
4.263343454 0.028550098 -0.008660577
4.263343454 0.029261506 -0.005820475
4.263343454 0.029691110 -0.002924319
#127
4.265835100 0.029804098 0.000000000
4.265835100 0.029660584 0.002921313
4.265835100 0.029231421 0.005814491
4.265835100 0.028520744 0.008651673
4.265835100 0.027535397 0.011405535
4.265835100 0.026284868 0.014049555
4.265835100 0.024781202 0.016558270
4.265835100 0.023038880 0.018907520
4.265835100 0.021074680 0.021074680
4.265835100 0.018907520 0.023038880
4.265835100 0.016558270 0.024781202
4.265835100 0.014049555 0.026284868
4.265835100 0.011405535 0.027535397
4.265835100 0.008651673 0.028520744
4.265835100 0.005814491 0.029231421
4.265835100 0.002921313 0.029660584
4.265835100 0.000000000 0.029804098
4.265835100 -0.002921313 0.029660584
4.265835100 -0.005814491 0.029231421
4.265835100 -0.008651673 0.028520744
4.265835100 -0.011405535 0.027535397
4.265835100 -0.014049555 0.026284868
4.265835100 -0.016558270 0.024781202
4.265835100 -0.018907520 0.023038880
4.265835100 -0.021074680 0.021074680
4.265835100 -0.023038880 0.018907520
4.265835100 -0.024781202 0.016558270
4.265835100 -0.026284868 0.014049555
4.265835100 -0.027535397 0.011405535
4.265835100 -0.028520744 0.008651673
4.265835100 -0.029231421 0.005814491
4.265835100 -0.029660584 0.002921313
4.265835100 -0.029804098 0.000000000
4.265835100 -0.029660584 -0.002921313
4.265835100 -0.029231421 -0.005814491
4.265835100 -0.028520744 -0.008651673
4.265835100 -0.027535397 -0.011405535
4.265835100 -0.026284868 -0.014049555
4.265835100 -0.024781202 -0.016558270
4.265835100 -0.023038880 -0.018907520
4.265835100 -0.021074680 -0.021074680
4.265835100 -0.018907520 -0.023038880
4.265835100 -0.016558270 -0.024781202
4.265835100 -0.014049555 -0.026284868
4.265835100 -0.011405535 -0.027535397
4.265835100 -0.008651673 -0.028520744
4.265835100 -0.005814491 -0.029231421
4.265835100 -0.002921313 -0.029660584
4.265835100 -0.000000000 -0.029804098
4.265835100 0.002921313 -0.029660584
4.265835100 0.005814491 -0.029231421
4.265835100 0.008651673 -0.028520744
4.265835100 0.011405535 -0.027535397
4.265835100 0.014049555 -0.026284868
4.265835100 0.016558270 -0.024781202
4.265835100 0.018907520 -0.023038880
4.265835100 0.021074680 -0.021074680
4.265835100 0.023038880 -0.018907520
4.265835100 0.024781202 -0.016558270
4.265835100 0.026284868 -0.014049555
4.265835100 0.027535397 -0.011405535
4.265835100 0.028520744 -0.008651673
4.265835100 0.029231421 -0.005814491
4.265835100 0.029660584 -0.002921313
#128
4.268323329 0.029752998 0.000000000
4.268323329 0.029609729 0.002916304
4.268323329 0.029181302 0.005804522
4.268323329 0.028471844 0.008636839
4.268323329 0.027488186 0.011385979
4.268323329 0.026239801 0.014025466
4.268323329 0.024738714 0.016529880
4.268323329 0.022999378 0.018875102
4.268323329 0.021038547 0.021038547
4.268323329 0.018875102 0.022999378
4.268323329 0.016529880 0.024738714
4.268323329 0.014025466 0.026239801
4.268323329 0.011385979 0.027488186
4.268323329 0.008636839 0.028471844
4.268323329 0.005804522 0.029181302
4.268323329 0.002916304 0.029609729
4.268323329 0.000000000 0.029752998
4.268323329 -0.002916304 0.029609729
4.268323329 -0.005804522 0.029181302
4.268323329 -0.008636839 0.028471844
4.268323329 -0.011385979 0.027488186
4.268323329 -0.014025466 0.026239801
4.268323329 -0.016529880 0.024738714
4.268323329 -0.018875102 0.022999378
4.268323329 -0.021038547 0.021038547
4.268323329 -0.022999378 0.018875102
4.268323329 -0.024738714 0.016529880
4.268323329 -0.026239801 0.014025466
4.268323329 -0.027488186 0.011385979
4.268323329 -0.028471844 0.008636839
4.268323329 -0.029181302 0.005804522
4.268323329 -0.029609729 0.002916304
4.268323329 -0.029752998 0.000000000
4.268323329 -0.029609729 -0.002916304
4.268323329 -0.029181302 -0.005804522
4.268323329 -0.028471844 -0.008636839
4.268323329 -0.027488186 -0.011385979
4.268323329 -0.026239801 -0.014025466
4.268323329 -0.024738714 -0.016529880
4.268323329 -0.022999378 -0.018875102
4.268323329 -0.021038547 -0.021038547
4.268323329 -0.018875102 -0.022999378
4.268323329 -0.016529880 -0.024738714
4.268323329 -0.014025466 -0.026239801
4.268323329 -0.011385979 -0.027488186
4.268323329 -0.008636839 -0.028471844
4.268323329 -0.005804522 -0.029181302
4.268323329 -0.002916304 -0.029609729
4.268323329 -0.000000000 -0.029752998
4.268323329 0.002916304 -0.029609729
4.268323329 0.005804522 -0.029181302
4.268323329 0.008636839 -0.028471844
4.268323329 0.011385979 -0.027488186
4.268323329 0.014025466 -0.026239801
4.268323329 0.016529880 -0.024738714
4.268323329 0.018875102 -0.022999378
4.268323329 0.021038547 -0.021038547
4.268323329 0.022999378 -0.018875102
4.268323329 0.024738714 -0.016529880
4.268323329 0.026239801 -0.014025466
4.268323329 0.027488186 -0.011385979
4.268323329 0.028471844 -0.008636839
4.268323329 0.029181302 -0.005804522
4.268323329 0.029609729 -0.002916304
#129
4.270806436 0.029681506 0.000000000
4.270806436 0.029538581 0.002909296
4.270806436 0.029111184 0.005790575
4.270806436 0.028403430 0.008616086
4.270806436 0.027422136 0.011358621
4.270806436 0.026176751 0.013991765
4.270806436 0.024679270 0.016490161
4.270806436 0.022944114 0.018829748
4.270806436 0.020987994 0.020987994
4.270806436 0.018829748 0.022944114
4.270806436 0.016490161 0.024679270
4.270806436 0.013991765 0.026176751
4.270806436 0.011358621 0.027422136
4.270806436 0.008616086 0.028403430
4.270806436 0.005790575 0.029111184
4.270806436 0.002909296 0.029538581
4.270806436 0.000000000 0.029681506
4.270806436 -0.002909296 0.029538581
4.270806436 -0.005790575 0.029111184
4.270806436 -0.008616086 0.028403430
4.270806436 -0.011358621 0.027422136
4.270806436 -0.013991765 0.026176751
4.270806436 -0.016490161 0.024679270
4.270806436 -0.018829748 0.022944114
4.270806436 -0.020987994 0.020987994
4.270806436 -0.022944114 0.018829748
4.270806436 -0.024679270 0.016490161
4.270806436 -0.026176751 0.013991765
4.270806436 -0.027422136 0.011358621
4.270806436 -0.028403430 0.008616086
4.270806436 -0.029111184 0.005790575
4.270806436 -0.029538581 0.002909296
4.270806436 -0.029681506 0.000000000
4.270806436 -0.029538581 -0.002909296
4.270806436 -0.029111184 -0.005790575
4.270806436 -0.028403430 -0.008616086
4.270806436 -0.027422136 -0.011358621
4.270806436 -0.026176751 -0.013991765
4.270806436 -0.024679270 -0.016490161
4.270806436 -0.022944114 -0.018829748
4.270806436 -0.020987994 -0.020987994
4.270806436 -0.018829748 -0.022944114
4.270806436 -0.016490161 -0.024679270
4.270806436 -0.013991765 -0.026176751
4.270806436 -0.011358621 -0.027422136
4.270806436 -0.008616086 -0.028403430
4.270806436 -0.005790575 -0.029111184
4.270806436 -0.002909296 -0.029538581
4.270806436 -0.000000000 -0.029681506
4.270806436 0.002909296 -0.029538581
4.270806436 0.005790575 -0.029111184
4.270806436 0.008616086 -0.028403430
4.270806436 0.011358621 -0.027422136
4.270806436 0.013991765 -0.026176751
4.270806436 0.016490161 -0.024679270
4.270806436 0.018829748 -0.022944114
4.270806436 0.020987994 -0.020987994
4.270806436 0.022944114 -0.018829748
4.270806436 0.024679270 -0.016490161
4.270806436 0.026176751 -0.013991765
4.270806436 0.027422136 -0.011358621
4.270806436 0.028403430 -0.008616086
4.270806436 0.029111184 -0.005790575
4.270806436 0.029538581 -0.002909296
#130
4.273282720 0.029589672 0.000000000
4.273282720 0.029447190 0.002900295
4.273282720 0.029021115 0.005772659
4.273282720 0.028315551 0.008589428
4.273282720 0.027337292 0.011323477
4.273282720 0.026095761 0.013948475
4.273282720 0.024602913 0.016439141
4.273282720 0.022873126 0.018771489
4.273282720 0.020923058 0.020923058
4.273282720 0.018771489 0.022873126
4.273282720 0.016439141 0.024602913
4.273282720 0.013948475 0.026095761
4.273282720 0.011323477 0.027337292
4.273282720 0.008589428 0.028315551
4.273282720 0.005772659 0.029021115
4.273282720 0.002900295 0.029447190
4.273282720 0.000000000 0.029589672
4.273282720 -0.002900295 0.029447190
4.273282720 -0.005772659 0.029021115
4.273282720 -0.008589428 0.028315551
4.273282720 -0.011323477 0.027337292
4.273282720 -0.013948475 0.026095761
4.273282720 -0.016439141 0.024602913
4.273282720 -0.018771489 0.022873126
4.273282720 -0.020923058 0.020923058
4.273282720 -0.022873126 0.018771489
4.273282720 -0.024602913 0.016439141
4.273282720 -0.026095761 0.013948475
4.273282720 -0.027337292 0.011323477
4.273282720 -0.028315551 0.008589428
4.273282720 -0.029021115 0.005772659
4.273282720 -0.029447190 0.002900295
4.273282720 -0.029589672 0.000000000
4.273282720 -0.029447190 -0.002900295
4.273282720 -0.029021115 -0.005772659
4.273282720 -0.028315551 -0.008589428
4.273282720 -0.027337292 -0.011323477
4.273282720 -0.026095761 -0.013948475
4.273282720 -0.024602913 -0.016439141
4.273282720 -0.022873126 -0.018771489
4.273282720 -0.020923058 -0.020923058
4.273282720 -0.018771489 -0.022873126
4.273282720 -0.016439141 -0.024602913
4.273282720 -0.013948475 -0.026095761
4.273282720 -0.011323477 -0.027337292
4.273282720 -0.008589428 -0.028315551
4.273282720 -0.005772659 -0.029021115
4.273282720 -0.002900295 -0.029447190
4.273282720 -0.000000000 -0.029589672
4.273282720 0.002900295 -0.029447190
4.273282720 0.005772659 -0.029021115
4.273282720 0.008589428 -0.028315551
4.273282720 0.011323477 -0.027337292
4.273282720 0.013948475 -0.026095761
4.273282720 0.016439141 -0.024602913
4.273282720 0.018771489 -0.022873126
4.273282720 0.020923058 -0.020923058
4.273282720 0.022873126 -0.018771489
4.273282720 0.024602913 -0.016439141
4.273282720 0.026095761 -0.013948475
4.273282720 0.027337292 -0.011323477
4.273282720 0.028315551 -0.008589428
4.273282720 0.029021115 -0.005772659
4.273282720 0.029447190 -0.002900295
#131
4.275750483 0.029477559 0.000000000
4.275750483 0.029335616 0.002889306
4.275750483 0.028911156 0.005750786
4.275750483 0.028208265 0.008556884
4.275750483 0.027233713 0.011280573
4.275750483 0.025996886 0.013895625
4.275750483 0.024509694 0.016376854
4.275750483 0.022786461 0.018700365
4.275750483 0.020843782 0.020843782
4.275750483 0.018700365 0.022786461
4.275750483 0.016376854 0.024509694
4.275750483 0.013895625 0.025996886
4.275750483 0.011280573 0.027233713
4.275750483 0.008556884 0.028208265
4.275750483 0.005750786 0.028911156
4.275750483 0.002889306 0.029335616
4.275750483 0.000000000 0.029477559
4.275750483 -0.002889306 0.029335616
4.275750483 -0.005750786 0.028911156
4.275750483 -0.008556884 0.028208265
4.275750483 -0.011280573 0.027233713
4.275750483 -0.013895625 0.025996886
4.275750483 -0.016376854 0.024509694
4.275750483 -0.018700365 0.022786461
4.275750483 -0.020843782 0.020843782
4.275750483 -0.022786461 0.018700365
4.275750483 -0.024509694 0.016376854
4.275750483 -0.025996886 0.013895625
4.275750483 -0.027233713 0.011280573
4.275750483 -0.028208265 0.008556884
4.275750483 -0.028911156 0.005750786
4.275750483 -0.029335616 0.002889306
4.275750483 -0.029477559 0.000000000
4.275750483 -0.029335616 -0.002889306
4.275750483 -0.028911156 -0.005750786
4.275750483 -0.028208265 -0.008556884
4.275750483 -0.027233713 -0.011280573
4.275750483 -0.025996886 -0.013895625
4.275750483 -0.024509694 -0.016376854
4.275750483 -0.022786461 -0.018700365
4.275750483 -0.020843782 -0.020843782
4.275750483 -0.018700365 -0.022786461
4.275750483 -0.016376854 -0.024509694
4.275750483 -0.013895625 -0.025996886
4.275750483 -0.011280573 -0.027233713
4.275750483 -0.008556884 -0.028208265
4.275750483 -0.005750786 -0.028911156
4.275750483 -0.002889306 -0.029335616
4.275750483 -0.000000000 -0.029477559
4.275750483 0.002889306 -0.029335616
4.275750483 0.005750786 -0.028911156
4.275750483 0.008556884 -0.028208265
4.275750483 0.011280573 -0.027233713
4.275750483 0.013895625 -0.025996886
4.275750483 0.016376854 -0.024509694
4.275750483 0.018700365 -0.022786461
4.275750483 0.020843782 -0.020843782
4.275750483 0.022786461 -0.018700365
4.275750483 0.024509694 -0.016376854
4.275750483 0.025996886 -0.013895625
4.275750483 0.027233713 -0.011280573
4.275750483 0.028208265 -0.008556884
4.275750483 0.028911156 -0.005750786
4.275750483 0.029335616 -0.002889306
#132
4.278208034 0.029345243 0.000000000
4.278208034 0.029203937 0.002876337
4.278208034 0.028781382 0.005724973
4.278208034 0.028081646 0.008518474
4.278208034 0.027111469 0.011229938
4.278208034 0.025880194 0.013833252
4.278208034 0.024399678 0.016303343
4.278208034 0.022684179 0.018616425
4.278208034 0.020750220 0.020750220
4.278208034 0.018616425 0.022684179
4.278208034 0.016303343 0.024399678
4.278208034 0.013833252 0.025880194
4.278208034 0.011229938 0.027111469
4.278208034 0.008518474 0.028081646
4.278208034 0.005724973 0.028781382
4.278208034 0.002876337 0.029203937
4.278208034 0.000000000 0.029345243
4.278208034 -0.002876337 0.029203937
4.278208034 -0.005724973 0.028781382
4.278208034 -0.008518474 0.028081646
4.278208034 -0.011229938 0.027111469
4.278208034 -0.013833252 0.025880194
4.278208034 -0.016303343 0.024399678
4.278208034 -0.018616425 0.022684179
4.278208034 -0.020750220 0.020750220
4.278208034 -0.022684179 0.018616425
4.278208034 -0.024399678 0.016303343
4.278208034 -0.025880194 0.013833252
4.278208034 -0.027111469 0.011229938
4.278208034 -0.028081646 0.008518474
4.278208034 -0.028781382 0.005724973
4.278208034 -0.029203937 0.002876337
4.278208034 -0.029345243 0.000000000
4.278208034 -0.029203937 -0.002876337
4.278208034 -0.028781382 -0.005724973
4.278208034 -0.028081646 -0.008518474
4.278208034 -0.027111469 -0.011229938
4.278208034 -0.025880194 -0.013833252
4.278208034 -0.024399678 -0.016303343
4.278208034 -0.022684179 -0.018616425
4.278208034 -0.020750220 -0.020750220
4.278208034 -0.018616425 -0.022684179
4.278208034 -0.016303343 -0.024399678
4.278208034 -0.013833252 -0.025880194
4.278208034 -0.011229938 -0.027111469
4.278208034 -0.008518474 -0.028081646
4.278208034 -0.005724973 -0.028781382
4.278208034 -0.002876337 -0.029203937
4.278208034 -0.000000000 -0.029345243
4.278208034 0.002876337 -0.029203937
4.278208034 0.005724973 -0.028781382
4.278208034 0.008518474 -0.028081646
4.278208034 0.011229938 -0.027111469
4.278208034 0.013833252 -0.025880194
4.278208034 0.016303343 -0.024399678
4.278208034 0.018616425 -0.022684179
4.278208034 0.020750220 -0.020750220
4.278208034 0.022684179 -0.018616425
4.278208034 0.024399678 -0.016303343
4.278208034 0.025880194 -0.013833252
4.278208034 0.027111469 -0.011229938
4.278208034 0.028081646 -0.008518474
4.278208034 0.028781382 -0.005724973
4.278208034 0.029203937 -0.002876337
#133
4.280653689 0.029192815 0.000000000
4.280653689 0.029052244 0.002861396
4.280653689 0.028631883 0.005695236
4.280653689 0.027935782 0.008474227
4.280653689 0.026970644 0.011171607
4.280653689 0.025745764 0.013761398
4.280653689 0.024272939 0.016218659
4.280653689 0.022566351 0.018519726
4.280653689 0.020642438 0.020642438
4.280653689 0.018519726 0.022566351
4.280653689 0.016218659 0.024272939
4.280653689 0.013761398 0.025745764
4.280653689 0.011171607 0.026970644
4.280653689 0.008474227 0.027935782
4.280653689 0.005695236 0.028631883
4.280653689 0.002861396 0.029052244
4.280653689 0.000000000 0.029192815
4.280653689 -0.002861396 0.029052244
4.280653689 -0.005695236 0.028631883
4.280653689 -0.008474227 0.027935782
4.280653689 -0.011171607 0.026970644
4.280653689 -0.013761398 0.025745764
4.280653689 -0.016218659 0.024272939
4.280653689 -0.018519726 0.022566351
4.280653689 -0.020642438 0.020642438
4.280653689 -0.022566351 0.018519726
4.280653689 -0.024272939 0.016218659
4.280653689 -0.025745764 0.013761398
4.280653689 -0.026970644 0.011171607
4.280653689 -0.027935782 0.008474227
4.280653689 -0.028631883 0.005695236
4.280653689 -0.029052244 0.002861396
4.280653689 -0.029192815 0.000000000
4.280653689 -0.029052244 -0.002861396
4.280653689 -0.028631883 -0.005695236
4.280653689 -0.027935782 -0.008474227
4.280653689 -0.026970644 -0.011171607
4.280653689 -0.025745764 -0.013761398
4.280653689 -0.024272939 -0.016218659
4.280653689 -0.022566351 -0.018519726
4.280653689 -0.020642438 -0.020642438
4.280653689 -0.018519726 -0.022566351
4.280653689 -0.016218659 -0.024272939
4.280653689 -0.013761398 -0.025745764
4.280653689 -0.011171607 -0.026970644
4.280653689 -0.008474227 -0.027935782
4.280653689 -0.005695236 -0.028631883
4.280653689 -0.002861396 -0.029052244
4.280653689 -0.000000000 -0.029192815
4.280653689 0.002861396 -0.029052244
4.280653689 0.005695236 -0.028631883
4.280653689 0.008474227 -0.027935782
4.280653689 0.011171607 -0.026970644
4.280653689 0.013761398 -0.025745764
4.280653689 0.016218659 -0.024272939
4.280653689 0.018519726 -0.022566351
4.280653689 0.020642438 -0.020642438
4.280653689 0.022566351 -0.018519726
4.280653689 0.024272939 -0.016218659
4.280653689 0.025745764 -0.013761398
4.280653689 0.026970644 -0.011171607
4.280653689 0.027935782 -0.008474227
4.280653689 0.028631883 -0.005695236
4.280653689 0.029052244 -0.002861396
#134
4.283085771 0.029020380 0.000000000
4.283085771 0.028880639 0.002844495
4.283085771 0.028462762 0.005661595
4.283085771 0.027770772 0.008424172
4.283085771 0.026811335 0.011105619
4.283085771 0.025593690 0.013680113
4.283085771 0.024129564 0.016122859
4.283085771 0.022433057 0.018410334
4.283085771 0.020520508 0.020520508
4.283085771 0.018410334 0.022433057
4.283085771 0.016122859 0.024129564
4.283085771 0.013680113 0.025593690
4.283085771 0.011105619 0.026811335
4.283085771 0.008424172 0.027770772
4.283085771 0.005661595 0.028462762
4.283085771 0.002844495 0.028880639
4.283085771 0.000000000 0.029020380
4.283085771 -0.002844495 0.028880639
4.283085771 -0.005661595 0.028462762
4.283085771 -0.008424172 0.027770772
4.283085771 -0.011105619 0.026811335
4.283085771 -0.013680113 0.025593690
4.283085771 -0.016122859 0.024129564
4.283085771 -0.018410334 0.022433057
4.283085771 -0.020520508 0.020520508
4.283085771 -0.022433057 0.018410334
4.283085771 -0.024129564 0.016122859
4.283085771 -0.025593690 0.013680113
4.283085771 -0.026811335 0.011105619
4.283085771 -0.027770772 0.008424172
4.283085771 -0.028462762 0.005661595
4.283085771 -0.028880639 0.002844495
4.283085771 -0.029020380 0.000000000
4.283085771 -0.028880639 -0.002844495
4.283085771 -0.028462762 -0.005661595
4.283085771 -0.027770772 -0.008424172
4.283085771 -0.026811335 -0.011105619
4.283085771 -0.025593690 -0.013680113
4.283085771 -0.024129564 -0.016122859
4.283085771 -0.022433057 -0.018410334
4.283085771 -0.020520508 -0.020520508
4.283085771 -0.018410334 -0.022433057
4.283085771 -0.016122859 -0.024129564
4.283085771 -0.013680113 -0.025593690
4.283085771 -0.011105619 -0.026811335
4.283085771 -0.008424172 -0.027770772
4.283085771 -0.005661595 -0.028462762
4.283085771 -0.002844495 -0.028880639
4.283085771 -0.000000000 -0.029020380
4.283085771 0.002844495 -0.028880639
4.283085771 0.005661595 -0.028462762
4.283085771 0.008424172 -0.027770772
4.283085771 0.011105619 -0.026811335
4.283085771 0.013680113 -0.025593690
4.283085771 0.016122859 -0.024129564
4.283085771 0.018410334 -0.022433057
4.283085771 0.020520508 -0.020520508
4.283085771 0.022433057 -0.018410334
4.283085771 0.024129564 -0.016122859
4.283085771 0.025593690 -0.013680113
4.283085771 0.026811335 -0.011105619
4.283085771 0.027770772 -0.008424172
4.283085771 0.028462762 -0.005661595
4.283085771 0.028880639 -0.002844495
#135
4.285502614 0.028828056 0.000000000
4.285502614 0.028689241 0.002825644
4.285502614 0.028274133 0.005624075
4.285502614 0.027586730 0.008368343
4.285502614 0.026633651 0.011032020
4.285502614 0.025424076 0.013589452
4.285502614 0.023969653 0.016016010
4.285502614 0.022284389 0.018288325
4.285502614 0.020384514 0.020384514
4.285502614 0.018288325 0.022284389
4.285502614 0.016016010 0.023969653
4.285502614 0.013589452 0.025424076
4.285502614 0.011032020 0.026633651
4.285502614 0.008368343 0.027586730
4.285502614 0.005624075 0.028274133
4.285502614 0.002825644 0.028689241
4.285502614 0.000000000 0.028828056
4.285502614 -0.002825644 0.028689241
4.285502614 -0.005624075 0.028274133
4.285502614 -0.008368343 0.027586730
4.285502614 -0.011032020 0.026633651
4.285502614 -0.013589452 0.025424076
4.285502614 -0.016016010 0.023969653
4.285502614 -0.018288325 0.022284389
4.285502614 -0.020384514 0.020384514
4.285502614 -0.022284389 0.018288325
4.285502614 -0.023969653 0.016016010
4.285502614 -0.025424076 0.013589452
4.285502614 -0.026633651 0.011032020
4.285502614 -0.027586730 0.008368343
4.285502614 -0.028274133 0.005624075
4.285502614 -0.028689241 0.002825644
4.285502614 -0.028828056 0.000000000
4.285502614 -0.028689241 -0.002825644
4.285502614 -0.028274133 -0.005624075
4.285502614 -0.027586730 -0.008368343
4.285502614 -0.026633651 -0.011032020
4.285502614 -0.025424076 -0.013589452
4.285502614 -0.023969653 -0.016016010
4.285502614 -0.022284389 -0.018288325
4.285502614 -0.020384514 -0.020384514
4.285502614 -0.018288325 -0.022284389
4.285502614 -0.016016010 -0.023969653
4.285502614 -0.013589452 -0.025424076
4.285502614 -0.011032020 -0.026633651
4.285502614 -0.008368343 -0.027586730
4.285502614 -0.005624075 -0.028274133
4.285502614 -0.002825644 -0.028689241
4.285502614 -0.000000000 -0.028828056
4.285502614 0.002825644 -0.028689241
4.285502614 0.005624075 -0.028274133
4.285502614 0.008368343 -0.027586730
4.285502614 0.011032020 -0.026633651
4.285502614 0.013589452 -0.025424076
4.285502614 0.016016010 -0.023969653
4.285502614 0.018288325 -0.022284389
4.285502614 0.020384514 -0.020384514
4.285502614 0.022284389 -0.018288325
4.285502614 0.023969653 -0.016016010
4.285502614 0.025424076 -0.013589452
4.285502614 0.026633651 -0.011032020
4.285502614 0.027586730 -0.008368343
4.285502614 0.028274133 -0.005624075
4.285502614 0.028689241 -0.002825644
#136
4.287902562 0.028615975 0.000000000
4.287902562 0.028478181 0.002804856
4.287902562 0.028066127 0.005582700
4.287902562 0.027383781 0.008306779
4.287902562 0.026437714 0.010950860
4.287902562 0.025237037 0.013489477
4.287902562 0.023793314 0.015898184
4.287902562 0.022120448 0.018153782
4.287902562 0.020234550 0.020234550
4.287902562 0.018153782 0.022120448
4.287902562 0.015898184 0.023793314
4.287902562 0.013489477 0.025237037
4.287902562 0.010950860 0.026437714
4.287902562 0.008306779 0.027383781
4.287902562 0.005582700 0.028066127
4.287902562 0.002804856 0.028478181
4.287902562 0.000000000 0.028615975
4.287902562 -0.002804856 0.028478181
4.287902562 -0.005582700 0.028066127
4.287902562 -0.008306779 0.027383781
4.287902562 -0.010950860 0.026437714
4.287902562 -0.013489477 0.025237037
4.287902562 -0.015898184 0.023793314
4.287902562 -0.018153782 0.022120448
4.287902562 -0.020234550 0.020234550
4.287902562 -0.022120448 0.018153782
4.287902562 -0.023793314 0.015898184
4.287902562 -0.025237037 0.013489477
4.287902562 -0.026437714 0.010950860
4.287902562 -0.027383781 0.008306779
4.287902562 -0.028066127 0.005582700
4.287902562 -0.028478181 0.002804856
4.287902562 -0.028615975 0.000000000
4.287902562 -0.028478181 -0.002804856
4.287902562 -0.028066127 -0.005582700
4.287902562 -0.027383781 -0.008306779
4.287902562 -0.026437714 -0.010950860
4.287902562 -0.025237037 -0.013489477
4.287902562 -0.023793314 -0.015898184
4.287902562 -0.022120448 -0.018153782
4.287902562 -0.020234550 -0.020234550
4.287902562 -0.018153782 -0.022120448
4.287902562 -0.015898184 -0.023793314
4.287902562 -0.013489477 -0.025237037
4.287902562 -0.010950860 -0.026437714
4.287902562 -0.008306779 -0.027383781
4.287902562 -0.005582700 -0.028066127
4.287902562 -0.002804856 -0.028478181
4.287902562 -0.000000000 -0.028615975
4.287902562 0.002804856 -0.028478181
4.287902562 0.005582700 -0.028066127
4.287902562 0.008306779 -0.027383781
4.287902562 0.010950860 -0.026437714
4.287902562 0.013489477 -0.025237037
4.287902562 0.015898184 -0.023793314
4.287902562 0.018153782 -0.022120448
4.287902562 0.020234550 -0.020234550
4.287902562 0.022120448 -0.018153782
4.287902562 0.023793314 -0.015898184
4.287902562 0.025237037 -0.013489477
4.287902562 0.026437714 -0.010950860
4.287902562 0.027383781 -0.008306779
4.287902562 0.028066127 -0.005582700
4.287902562 0.028478181 -0.002804856
#137
4.290283969 0.028384282 0.000000000
4.290283969 0.028247604 0.002782146
4.290283969 0.027838886 0.005537499
4.290283969 0.027162064 0.008239522
4.290283969 0.026223657 0.010862194
4.290283969 0.025032702 0.013380258
4.290283969 0.023600668 0.015769462
4.290283969 0.021941346 0.018006798
4.290283969 0.020070718 0.020070718
4.290283969 0.018006798 0.021941346
4.290283969 0.015769462 0.023600668
4.290283969 0.013380258 0.025032702
4.290283969 0.010862194 0.026223657
4.290283969 0.008239522 0.027162064
4.290283969 0.005537499 0.027838886
4.290283969 0.002782146 0.028247604
4.290283969 0.000000000 0.028384282
4.290283969 -0.002782146 0.028247604
4.290283969 -0.005537499 0.027838886
4.290283969 -0.008239522 0.027162064
4.290283969 -0.010862194 0.026223657
4.290283969 -0.013380258 0.025032702
4.290283969 -0.015769462 0.023600668
4.290283969 -0.018006798 0.021941346
4.290283969 -0.020070718 0.020070718
4.290283969 -0.021941346 0.018006798
4.290283969 -0.023600668 0.015769462
4.290283969 -0.025032702 0.013380258
4.290283969 -0.026223657 0.010862194
4.290283969 -0.027162064 0.008239522
4.290283969 -0.027838886 0.005537499
4.290283969 -0.028247604 0.002782146
4.290283969 -0.028384282 0.000000000
4.290283969 -0.028247604 -0.002782146
4.290283969 -0.027838886 -0.005537499
4.290283969 -0.027162064 -0.008239522
4.290283969 -0.026223657 -0.010862194
4.290283969 -0.025032702 -0.013380258
4.290283969 -0.023600668 -0.015769462
4.290283969 -0.021941346 -0.018006798
4.290283969 -0.020070718 -0.020070718
4.290283969 -0.018006798 -0.021941346
4.290283969 -0.015769462 -0.023600668
4.290283969 -0.013380258 -0.025032702
4.290283969 -0.010862194 -0.026223657
4.290283969 -0.008239522 -0.027162064
4.290283969 -0.005537499 -0.027838886
4.290283969 -0.002782146 -0.028247604
4.290283969 -0.000000000 -0.028384282
4.290283969 0.002782146 -0.028247604
4.290283969 0.005537499 -0.027838886
4.290283969 0.008239522 -0.027162064
4.290283969 0.010862194 -0.026223657
4.290283969 0.013380258 -0.025032702
4.290283969 0.015769462 -0.023600668
4.290283969 0.018006798 -0.021941346
4.290283969 0.020070718 -0.020070718
4.290283969 0.021941346 -0.018006798
4.290283969 0.023600668 -0.015769462
4.290283969 0.025032702 -0.013380258
4.290283969 0.026223657 -0.010862194
4.290283969 0.027162064 -0.008239522
4.290283969 0.027838886 -0.005537499
4.290283969 0.028247604 -0.002782146
#138
4.292645203 0.028133135 0.000000000
4.292645203 0.027997667 0.002757529
4.292645203 0.027592565 0.005488502
4.292645203 0.026921732 0.008166618
4.292645203 0.025991628 0.010766085
4.292645203 0.024811210 0.013261868
4.292645203 0.023391847 0.015629933
4.292645203 0.021747208 0.017847472
4.292645203 0.019893131 0.019893131
4.292645203 0.017847472 0.021747208
4.292645203 0.015629933 0.023391847
4.292645203 0.013261868 0.024811210
4.292645203 0.010766085 0.025991628
4.292645203 0.008166618 0.026921732
4.292645203 0.005488502 0.027592565
4.292645203 0.002757529 0.027997667
4.292645203 0.000000000 0.028133135
4.292645203 -0.002757529 0.027997667
4.292645203 -0.005488502 0.027592565
4.292645203 -0.008166618 0.026921732
4.292645203 -0.010766085 0.025991628
4.292645203 -0.013261868 0.024811210
4.292645203 -0.015629933 0.023391847
4.292645203 -0.017847472 0.021747208
4.292645203 -0.019893131 0.019893131
4.292645203 -0.021747208 0.017847472
4.292645203 -0.023391847 0.015629933
4.292645203 -0.024811210 0.013261868
4.292645203 -0.025991628 0.010766085
4.292645203 -0.026921732 0.008166618
4.292645203 -0.027592565 0.005488502
4.292645203 -0.027997667 0.002757529
4.292645203 -0.028133135 0.000000000
4.292645203 -0.027997667 -0.002757529
4.292645203 -0.027592565 -0.005488502
4.292645203 -0.026921732 -0.008166618
4.292645203 -0.025991628 -0.010766085
4.292645203 -0.024811210 -0.013261868
4.292645203 -0.023391847 -0.015629933
4.292645203 -0.021747208 -0.017847472
4.292645203 -0.019893131 -0.019893131
4.292645203 -0.017847472 -0.021747208
4.292645203 -0.015629933 -0.023391847
4.292645203 -0.013261868 -0.024811210
4.292645203 -0.010766085 -0.025991628
4.292645203 -0.008166618 -0.026921732
4.292645203 -0.005488502 -0.027592565
4.292645203 -0.002757529 -0.027997667
4.292645203 -0.000000000 -0.028133135
4.292645203 0.002757529 -0.027997667
4.292645203 0.005488502 -0.027592565
4.292645203 0.008166618 -0.026921732
4.292645203 0.010766085 -0.025991628
4.292645203 0.013261868 -0.024811210
4.292645203 0.015629933 -0.023391847
4.292645203 0.017847472 -0.021747208
4.292645203 0.019893131 -0.019893131
4.292645203 0.021747208 -0.017847472
4.292645203 0.023391847 -0.015629933
4.292645203 0.024811210 -0.013261868
4.292645203 0.025991628 -0.010766085
4.292645203 0.026921732 -0.008166618
4.292645203 0.027592565 -0.005488502
4.292645203 0.027997667 -0.002757529
#139
4.294984647 0.027862708 0.000000000
4.294984647 0.027728541 0.002731023
4.294984647 0.027327334 0.005435745
4.294984647 0.026662949 0.008088117
4.294984647 0.025741785 0.010662597
4.294984647 0.024572715 0.013134390
4.294984647 0.023166995 0.015479691
4.294984647 0.021538164 0.017675915
4.294984647 0.019701910 0.019701910
4.294984647 0.017675915 0.021538164
4.294984647 0.015479691 0.023166995
4.294984647 0.013134390 0.024572715
4.294984647 0.010662597 0.025741785
4.294984647 0.008088117 0.026662949
4.294984647 0.005435745 0.027327334
4.294984647 0.002731023 0.027728541
4.294984647 0.000000000 0.027862708
4.294984647 -0.002731023 0.027728541
4.294984647 -0.005435745 0.027327334
4.294984647 -0.008088117 0.026662949
4.294984647 -0.010662597 0.025741785
4.294984647 -0.013134390 0.024572715
4.294984647 -0.015479691 0.023166995
4.294984647 -0.017675915 0.021538164
4.294984647 -0.019701910 0.019701910
4.294984647 -0.021538164 0.017675915
4.294984647 -0.023166995 0.015479691
4.294984647 -0.024572715 0.013134390
4.294984647 -0.025741785 0.010662597
4.294984647 -0.026662949 0.008088117
4.294984647 -0.027327334 0.005435745
4.294984647 -0.027728541 0.002731023
4.294984647 -0.027862708 0.000000000
4.294984647 -0.027728541 -0.002731023
4.294984647 -0.027327334 -0.005435745
4.294984647 -0.026662949 -0.008088117
4.294984647 -0.025741785 -0.010662597
4.294984647 -0.024572715 -0.013134390
4.294984647 -0.023166995 -0.015479691
4.294984647 -0.021538164 -0.017675915
4.294984647 -0.019701910 -0.019701910
4.294984647 -0.017675915 -0.021538164
4.294984647 -0.015479691 -0.023166995
4.294984647 -0.013134390 -0.024572715
4.294984647 -0.010662597 -0.025741785
4.294984647 -0.008088117 -0.026662949
4.294984647 -0.005435745 -0.027327334
4.294984647 -0.002731023 -0.027728541
4.294984647 -0.000000000 -0.027862708
4.294984647 0.002731023 -0.027728541
4.294984647 0.005435745 -0.027327334
4.294984647 0.008088117 -0.026662949
4.294984647 0.010662597 -0.025741785
4.294984647 0.013134390 -0.024572715
4.294984647 0.015479691 -0.023166995
4.294984647 0.017675915 -0.021538164
4.294984647 0.019701910 -0.019701910
4.294984647 0.021538164 -0.017675915
4.294984647 0.023166995 -0.015479691
4.294984647 0.024572715 -0.013134390
4.294984647 0.025741785 -0.010662597
4.294984647 0.026662949 -0.008088117
4.294984647 0.027327334 -0.005435745
4.294984647 0.027728541 -0.002731023
#140
4.297300697 0.027573185 0.000000000
4.297300697 0.027440412 0.002702645
4.297300697 0.027043374 0.005379261
4.297300697 0.026385893 0.008004073
4.297300697 0.025474301 0.010551801
4.297300697 0.024317378 0.012997909
4.297300697 0.022926265 0.015318841
4.297300697 0.021314360 0.017492243
4.297300697 0.019497186 0.019497186
4.297300697 0.017492243 0.021314360
4.297300697 0.015318841 0.022926265
4.297300697 0.012997909 0.024317378
4.297300697 0.010551801 0.025474301
4.297300697 0.008004073 0.026385893
4.297300697 0.005379261 0.027043374
4.297300697 0.002702645 0.027440412
4.297300697 0.000000000 0.027573185
4.297300697 -0.002702645 0.027440412
4.297300697 -0.005379261 0.027043374
4.297300697 -0.008004073 0.026385893
4.297300697 -0.010551801 0.025474301
4.297300697 -0.012997909 0.024317378
4.297300697 -0.015318841 0.022926265
4.297300697 -0.017492243 0.021314360
4.297300697 -0.019497186 0.019497186
4.297300697 -0.021314360 0.017492243
4.297300697 -0.022926265 0.015318841
4.297300697 -0.024317378 0.012997909
4.297300697 -0.025474301 0.010551801
4.297300697 -0.026385893 0.008004073
4.297300697 -0.027043374 0.005379261
4.297300697 -0.027440412 0.002702645
4.297300697 -0.027573185 0.000000000
4.297300697 -0.027440412 -0.002702645
4.297300697 -0.027043374 -0.005379261
4.297300697 -0.026385893 -0.008004073
4.297300697 -0.025474301 -0.010551801
4.297300697 -0.024317378 -0.012997909
4.297300697 -0.022926265 -0.015318841
4.297300697 -0.021314360 -0.017492243
4.297300697 -0.019497186 -0.019497186
4.297300697 -0.017492243 -0.021314360
4.297300697 -0.015318841 -0.022926265
4.297300697 -0.012997909 -0.024317378
4.297300697 -0.010551801 -0.025474301
4.297300697 -0.008004073 -0.026385893
4.297300697 -0.005379261 -0.027043374
4.297300697 -0.002702645 -0.027440412
4.297300697 -0.000000000 -0.027573185
4.297300697 0.002702645 -0.027440412
4.297300697 0.005379261 -0.027043374
4.297300697 0.008004073 -0.026385893
4.297300697 0.010551801 -0.025474301
4.297300697 0.012997909 -0.024317378
4.297300697 0.015318841 -0.022926265
4.297300697 0.017492243 -0.021314360
4.297300697 0.019497186 -0.019497186
4.297300697 0.021314360 -0.017492243
4.297300697 0.022926265 -0.015318841
4.297300697 0.024317378 -0.012997909
4.297300697 0.025474301 -0.010551801
4.297300697 0.026385893 -0.008004073
4.297300697 0.027043374 -0.005379261
4.297300697 0.027440412 -0.002702645
#141
4.299591765 0.027264764 0.000000000
4.299591765 0.027133477 0.002672414
4.299591765 0.026740879 0.005319092
4.299591765 0.026090753 0.007914543
4.299591765 0.025189358 0.010433774
4.299591765 0.024045375 0.012852521
4.299591765 0.022669823 0.015147491
4.299591765 0.021075948 0.017296583
4.299591765 0.019279100 0.019279100
4.299591765 0.017296583 0.021075948
4.299591765 0.015147491 0.022669823
4.299591765 0.012852521 0.024045375
4.299591765 0.010433774 0.025189358
4.299591765 0.007914543 0.026090753
4.299591765 0.005319092 0.026740879
4.299591765 0.002672414 0.027133477
4.299591765 0.000000000 0.027264764
4.299591765 -0.002672414 0.027133477
4.299591765 -0.005319092 0.026740879
4.299591765 -0.007914543 0.026090753
4.299591765 -0.010433774 0.025189358
4.299591765 -0.012852521 0.024045375
4.299591765 -0.015147491 0.022669823
4.299591765 -0.017296583 0.021075948
4.299591765 -0.019279100 0.019279100
4.299591765 -0.021075948 0.017296583
4.299591765 -0.022669823 0.015147491
4.299591765 -0.024045375 0.012852521
4.299591765 -0.025189358 0.010433774
4.299591765 -0.026090753 0.007914543
4.299591765 -0.026740879 0.005319092
4.299591765 -0.027133477 0.002672414
4.299591765 -0.027264764 0.000000000
4.299591765 -0.027133477 -0.002672414
4.299591765 -0.026740879 -0.005319092
4.299591765 -0.026090753 -0.007914543
4.299591765 -0.025189358 -0.010433774
4.299591765 -0.024045375 -0.012852521
4.299591765 -0.022669823 -0.015147491
4.299591765 -0.021075948 -0.017296583
4.299591765 -0.019279100 -0.019279100
4.299591765 -0.017296583 -0.021075948
4.299591765 -0.015147491 -0.022669823
4.299591765 -0.012852521 -0.024045375
4.299591765 -0.010433774 -0.025189358
4.299591765 -0.007914543 -0.026090753
4.299591765 -0.005319092 -0.026740879
4.299591765 -0.002672414 -0.027133477
4.299591765 -0.000000000 -0.027264764
4.299591765 0.002672414 -0.027133477
4.299591765 0.005319092 -0.026740879
4.299591765 0.007914543 -0.026090753
4.299591765 0.010433774 -0.025189358
4.299591765 0.012852521 -0.024045375
4.299591765 0.015147491 -0.022669823
4.299591765 0.017296583 -0.021075948
4.299591765 0.019279100 -0.019279100
4.299591765 0.021075948 -0.017296583
4.299591765 0.022669823 -0.015147491
4.299591765 0.024045375 -0.012852521
4.299591765 0.025189358 -0.010433774
4.299591765 0.026090753 -0.007914543
4.299591765 0.026740879 -0.005319092
4.299591765 0.027133477 -0.002672414
#142
4.301856282 0.026937658 0.000000000
4.301856282 0.026807946 0.002640352
4.301856282 0.026420058 0.005255276
4.301856282 0.025777731 0.007819589
4.301856282 0.024887151 0.010308595
4.301856282 0.023756893 0.012698324
4.301856282 0.022397844 0.014965761
4.301856282 0.020823091 0.017089069
4.301856282 0.019047801 0.019047801
4.301856282 0.017089069 0.020823091
4.301856282 0.014965761 0.022397844
4.301856282 0.012698324 0.023756893
4.301856282 0.010308595 0.024887151
4.301856282 0.007819589 0.025777731
4.301856282 0.005255276 0.026420058
4.301856282 0.002640352 0.026807946
4.301856282 0.000000000 0.026937658
4.301856282 -0.002640352 0.026807946
4.301856282 -0.005255276 0.026420058
4.301856282 -0.007819589 0.025777731
4.301856282 -0.010308595 0.024887151
4.301856282 -0.012698324 0.023756893
4.301856282 -0.014965761 0.022397844
4.301856282 -0.017089069 0.020823091
4.301856282 -0.019047801 0.019047801
4.301856282 -0.020823091 0.017089069
4.301856282 -0.022397844 0.014965761
4.301856282 -0.023756893 0.012698324
4.301856282 -0.024887151 0.010308595
4.301856282 -0.025777731 0.007819589
4.301856282 -0.026420058 0.005255276
4.301856282 -0.026807946 0.002640352
4.301856282 -0.026937658 0.000000000
4.301856282 -0.026807946 -0.002640352
4.301856282 -0.026420058 -0.005255276
4.301856282 -0.025777731 -0.007819589
4.301856282 -0.024887151 -0.010308595
4.301856282 -0.023756893 -0.012698324
4.301856282 -0.022397844 -0.014965761
4.301856282 -0.020823091 -0.017089069
4.301856282 -0.019047801 -0.019047801
4.301856282 -0.017089069 -0.020823091
4.301856282 -0.014965761 -0.022397844
4.301856282 -0.012698324 -0.023756893
4.301856282 -0.010308595 -0.024887151
4.301856282 -0.007819589 -0.025777731
4.301856282 -0.005255276 -0.026420058
4.301856282 -0.002640352 -0.026807946
4.301856282 -0.000000000 -0.026937658
4.301856282 0.002640352 -0.026807946
4.301856282 0.005255276 -0.026420058
4.301856282 0.007819589 -0.025777731
4.301856282 0.010308595 -0.024887151
4.301856282 0.012698324 -0.023756893
4.301856282 0.014965761 -0.022397844
4.301856282 0.017089069 -0.020823091
4.301856282 0.019047801 -0.019047801
4.301856282 0.020823091 -0.017089069
4.301856282 0.022397844 -0.014965761
4.301856282 0.023756893 -0.012698324
4.301856282 0.024887151 -0.010308595
4.301856282 0.025777731 -0.007819589
4.301856282 0.026420058 -0.005255276
4.301856282 0.026807946 -0.002640352
#143
4.304092695 0.026592090 0.000000000
4.304092695 0.026464042 0.002606481
4.304092695 0.026081130 0.005187859
4.304092695 0.025447043 0.007719276
4.304092695 0.024567887 0.010176352
4.304092695 0.023452129 0.012535424
4.304092695 0.022110515 0.014773773
4.304092695 0.020555963 0.016869843
4.304092695 0.018803447 0.018803447
4.304092695 0.016869843 0.020555963
4.304092695 0.014773773 0.022110515
4.304092695 0.012535424 0.023452129
4.304092695 0.010176352 0.024567887
4.304092695 0.007719276 0.025447043
4.304092695 0.005187859 0.026081130
4.304092695 0.002606481 0.026464042
4.304092695 0.000000000 0.026592090
4.304092695 -0.002606481 0.026464042
4.304092695 -0.005187859 0.026081130
4.304092695 -0.007719276 0.025447043
4.304092695 -0.010176352 0.024567887
4.304092695 -0.012535424 0.023452129
4.304092695 -0.014773773 0.022110515
4.304092695 -0.016869843 0.020555963
4.304092695 -0.018803447 0.018803447
4.304092695 -0.020555963 0.016869843
4.304092695 -0.022110515 0.014773773
4.304092695 -0.023452129 0.012535424
4.304092695 -0.024567887 0.010176352
4.304092695 -0.025447043 0.007719276
4.304092695 -0.026081130 0.005187859
4.304092695 -0.026464042 0.002606481
4.304092695 -0.026592090 0.000000000
4.304092695 -0.026464042 -0.002606481
4.304092695 -0.026081130 -0.005187859
4.304092695 -0.025447043 -0.007719276
4.304092695 -0.024567887 -0.010176352
4.304092695 -0.023452129 -0.012535424
4.304092695 -0.022110515 -0.014773773
4.304092695 -0.020555963 -0.016869843
4.304092695 -0.018803447 -0.018803447
4.304092695 -0.016869843 -0.020555963
4.304092695 -0.014773773 -0.022110515
4.304092695 -0.012535424 -0.023452129
4.304092695 -0.010176352 -0.024567887
4.304092695 -0.007719276 -0.025447043
4.304092695 -0.005187859 -0.026081130
4.304092695 -0.002606481 -0.026464042
4.304092695 -0.000000000 -0.026592090
4.304092695 0.002606481 -0.026464042
4.304092695 0.005187859 -0.026081130
4.304092695 0.007719276 -0.025447043
4.304092695 0.010176352 -0.024567887
4.304092695 0.012535424 -0.023452129
4.304092695 0.014773773 -0.022110515
4.304092695 0.016869843 -0.020555963
4.304092695 0.018803447 -0.018803447
4.304092695 0.020555963 -0.016869843
4.304092695 0.022110515 -0.014773773
4.304092695 0.023452129 -0.012535424
4.304092695 0.024567887 -0.010176352
4.304092695 0.025447043 -0.007719276
4.304092695 0.026081130 -0.005187859
4.304092695 0.026464042 -0.002606481
#144
4.306299472 0.026228297 0.000000000
4.306299472 0.026102000 0.002570823
4.306299472 0.025724327 0.005116887
4.306299472 0.025098915 0.007613673
4.306299472 0.024231787 0.010037135
4.306299472 0.023131293 0.012363933
4.306299472 0.021808032 0.014571661
4.306299472 0.020274748 0.016639055
4.306299472 0.018546206 0.018546206
4.306299472 0.016639055 0.020274748
4.306299472 0.014571661 0.021808032
4.306299472 0.012363933 0.023131293
4.306299472 0.010037135 0.024231787
4.306299472 0.007613673 0.025098915
4.306299472 0.005116887 0.025724327
4.306299472 0.002570823 0.026102000
4.306299472 0.000000000 0.026228297
4.306299472 -0.002570823 0.026102000
4.306299472 -0.005116887 0.025724327
4.306299472 -0.007613673 0.025098915
4.306299472 -0.010037135 0.024231787
4.306299472 -0.012363933 0.023131293
4.306299472 -0.014571661 0.021808032
4.306299472 -0.016639055 0.020274748
4.306299472 -0.018546206 0.018546206
4.306299472 -0.020274748 0.016639055
4.306299472 -0.021808032 0.014571661
4.306299472 -0.023131293 0.012363933
4.306299472 -0.024231787 0.010037135
4.306299472 -0.025098915 0.007613673
4.306299472 -0.025724327 0.005116887
4.306299472 -0.026102000 0.002570823
4.306299472 -0.026228297 0.000000000
4.306299472 -0.026102000 -0.002570823
4.306299472 -0.025724327 -0.005116887
4.306299472 -0.025098915 -0.007613673
4.306299472 -0.024231787 -0.010037135
4.306299472 -0.023131293 -0.012363933
4.306299472 -0.021808032 -0.014571661
4.306299472 -0.020274748 -0.016639055
4.306299472 -0.018546206 -0.018546206
4.306299472 -0.016639055 -0.020274748
4.306299472 -0.014571661 -0.021808032
4.306299472 -0.012363933 -0.023131293
4.306299472 -0.010037135 -0.024231787
4.306299472 -0.007613673 -0.025098915
4.306299472 -0.005116887 -0.025724327
4.306299472 -0.002570823 -0.026102000
4.306299472 -0.000000000 -0.026228297
4.306299472 0.002570823 -0.026102000
4.306299472 0.005116887 -0.025724327
4.306299472 0.007613673 -0.025098915
4.306299472 0.010037135 -0.024231787
4.306299472 0.012363933 -0.023131293
4.306299472 0.014571661 -0.021808032
4.306299472 0.016639055 -0.020274748
4.306299472 0.018546206 -0.018546206
4.306299472 0.020274748 -0.016639055
4.306299472 0.021808032 -0.014571661
4.306299472 0.023131293 -0.012363933
4.306299472 0.024231787 -0.010037135
4.306299472 0.025098915 -0.007613673
4.306299472 0.025724327 -0.005116887
4.306299472 0.026102000 -0.002570823
#145
4.308475100 0.025846528 0.000000000
4.308475100 0.025722070 0.002533403
4.308475100 0.025349894 0.005042408
4.308475100 0.024733585 0.007502851
4.308475100 0.023879078 0.009891038
4.308475100 0.022794603 0.012183969
4.308475100 0.021490603 0.014359562
4.308475100 0.019979636 0.016396864
4.308475100 0.018276255 0.018276255
4.308475100 0.016396864 0.019979636
4.308475100 0.014359562 0.021490603
4.308475100 0.012183969 0.022794603
4.308475100 0.009891038 0.023879078
4.308475100 0.007502851 0.024733585
4.308475100 0.005042408 0.025349894
4.308475100 0.002533403 0.025722070
4.308475100 0.000000000 0.025846528
4.308475100 -0.002533403 0.025722070
4.308475100 -0.005042408 0.025349894
4.308475100 -0.007502851 0.024733585
4.308475100 -0.009891038 0.023879078
4.308475100 -0.012183969 0.022794603
4.308475100 -0.014359562 0.021490603
4.308475100 -0.016396864 0.019979636
4.308475100 -0.018276255 0.018276255
4.308475100 -0.019979636 0.016396864
4.308475100 -0.021490603 0.014359562
4.308475100 -0.022794603 0.012183969
4.308475100 -0.023879078 0.009891038
4.308475100 -0.024733585 0.007502851
4.308475100 -0.025349894 0.005042408
4.308475100 -0.025722070 0.002533403
4.308475100 -0.025846528 0.000000000
4.308475100 -0.025722070 -0.002533403
4.308475100 -0.025349894 -0.005042408
4.308475100 -0.024733585 -0.007502851
4.308475100 -0.023879078 -0.009891038
4.308475100 -0.022794603 -0.012183969
4.308475100 -0.021490603 -0.014359562
4.308475100 -0.019979636 -0.016396864
4.308475100 -0.018276255 -0.018276255
4.308475100 -0.016396864 -0.019979636
4.308475100 -0.014359562 -0.021490603
4.308475100 -0.012183969 -0.022794603
4.308475100 -0.009891038 -0.023879078
4.308475100 -0.007502851 -0.024733585
4.308475100 -0.005042408 -0.025349894
4.308475100 -0.002533403 -0.025722070
4.308475100 -0.000000000 -0.025846528
4.308475100 0.002533403 -0.025722070
4.308475100 0.005042408 -0.025349894
4.308475100 0.007502851 -0.024733585
4.308475100 0.009891038 -0.023879078
4.308475100 0.012183969 -0.022794603
4.308475100 0.014359562 -0.021490603
4.308475100 0.016396864 -0.019979636
4.308475100 0.018276255 -0.018276255
4.308475100 0.019979636 -0.016396864
4.308475100 0.021490603 -0.014359562
4.308475100 0.022794603 -0.012183969
4.308475100 0.023879078 -0.009891038
4.308475100 0.024733585 -0.007502851
4.308475100 0.025349894 -0.005042408
4.308475100 0.025722070 -0.002533403
#146
4.310618088 0.025447046 0.000000000
4.310618088 0.025324511 0.002494247
4.310618088 0.024958088 0.004964472
4.310618088 0.024351304 0.007386887
4.310618088 0.023510005 0.009738163
4.310618088 0.022442291 0.011995654
4.310618088 0.021158445 0.014137621
4.310618088 0.019670832 0.016143435
4.310618088 0.017993779 0.017993779
4.310618088 0.016143435 0.019670832
4.310618088 0.014137621 0.021158445
4.310618088 0.011995654 0.022442291
4.310618088 0.009738163 0.023510005
4.310618088 0.007386887 0.024351304
4.310618088 0.004964472 0.024958088
4.310618088 0.002494247 0.025324511
4.310618088 0.000000000 0.025447046
4.310618088 -0.002494247 0.025324511
4.310618088 -0.004964472 0.024958088
4.310618088 -0.007386887 0.024351304
4.310618088 -0.009738163 0.023510005
4.310618088 -0.011995654 0.022442291
4.310618088 -0.014137621 0.021158445
4.310618088 -0.016143435 0.019670832
4.310618088 -0.017993779 0.017993779
4.310618088 -0.019670832 0.016143435
4.310618088 -0.021158445 0.014137621
4.310618088 -0.022442291 0.011995654
4.310618088 -0.023510005 0.009738163
4.310618088 -0.024351304 0.007386887
4.310618088 -0.024958088 0.004964472
4.310618088 -0.025324511 0.002494247
4.310618088 -0.025447046 0.000000000
4.310618088 -0.025324511 -0.002494247
4.310618088 -0.024958088 -0.004964472
4.310618088 -0.024351304 -0.007386887
4.310618088 -0.023510005 -0.009738163
4.310618088 -0.022442291 -0.011995654
4.310618088 -0.021158445 -0.014137621
4.310618088 -0.019670832 -0.016143435
4.310618088 -0.017993779 -0.017993779
4.310618088 -0.016143435 -0.019670832
4.310618088 -0.014137621 -0.021158445
4.310618088 -0.011995654 -0.022442291
4.310618088 -0.009738163 -0.023510005
4.310618088 -0.007386887 -0.024351304
4.310618088 -0.004964472 -0.024958088
4.310618088 -0.002494247 -0.025324511
4.310618088 -0.000000000 -0.025447046
4.310618088 0.002494247 -0.025324511
4.310618088 0.004964472 -0.024958088
4.310618088 0.007386887 -0.024351304
4.310618088 0.009738163 -0.023510005
4.310618088 0.011995654 -0.022442291
4.310618088 0.014137621 -0.021158445
4.310618088 0.016143435 -0.019670832
4.310618088 0.017993779 -0.017993779
4.310618088 0.019670832 -0.016143435
4.310618088 0.021158445 -0.014137621
4.310618088 0.022442291 -0.011995654
4.310618088 0.023510005 -0.009738163
4.310618088 0.024351304 -0.007386887
4.310618088 0.024958088 -0.004964472
4.310618088 0.025324511 -0.002494247
#147
4.312726968 0.025030123 0.000000000
4.312726968 0.024909596 0.002453381
4.312726968 0.024549176 0.004883135
4.312726968 0.023952334 0.007265861
4.312726968 0.023124818 0.009578613
4.312726968 0.022074598 0.011799118
4.312726968 0.020811787 0.013905991
4.312726968 0.019348547 0.015878942
4.312726968 0.017698970 0.017698970
4.312726968 0.015878942 0.019348547
4.312726968 0.013905991 0.020811787
4.312726968 0.011799118 0.022074598
4.312726968 0.009578613 0.023124818
4.312726968 0.007265861 0.023952334
4.312726968 0.004883135 0.024549176
4.312726968 0.002453381 0.024909596
4.312726968 0.000000000 0.025030123
4.312726968 -0.002453381 0.024909596
4.312726968 -0.004883135 0.024549176
4.312726968 -0.007265861 0.023952334
4.312726968 -0.009578613 0.023124818
4.312726968 -0.011799118 0.022074598
4.312726968 -0.013905991 0.020811787
4.312726968 -0.015878942 0.019348547
4.312726968 -0.017698970 0.017698970
4.312726968 -0.019348547 0.015878942
4.312726968 -0.020811787 0.013905991
4.312726968 -0.022074598 0.011799118
4.312726968 -0.023124818 0.009578613
4.312726968 -0.023952334 0.007265861
4.312726968 -0.024549176 0.004883135
4.312726968 -0.024909596 0.002453381
4.312726968 -0.025030123 0.000000000
4.312726968 -0.024909596 -0.002453381
4.312726968 -0.024549176 -0.004883135
4.312726968 -0.023952334 -0.007265861
4.312726968 -0.023124818 -0.009578613
4.312726968 -0.022074598 -0.011799118
4.312726968 -0.020811787 -0.013905991
4.312726968 -0.019348547 -0.015878942
4.312726968 -0.017698970 -0.017698970
4.312726968 -0.015878942 -0.019348547
4.312726968 -0.013905991 -0.020811787
4.312726968 -0.011799118 -0.022074598
4.312726968 -0.009578613 -0.023124818
4.312726968 -0.007265861 -0.023952334
4.312726968 -0.004883135 -0.024549176
4.312726968 -0.002453381 -0.024909596
4.312726968 -0.000000000 -0.025030123
4.312726968 0.002453381 -0.024909596
4.312726968 0.004883135 -0.024549176
4.312726968 0.007265861 -0.023952334
4.312726968 0.009578613 -0.023124818
4.312726968 0.011799118 -0.022074598
4.312726968 0.013905991 -0.020811787
4.312726968 0.015878942 -0.019348547
4.312726968 0.017698970 -0.017698970
4.312726968 0.019348547 -0.015878942
4.312726968 0.020811787 -0.013905991
4.312726968 0.022074598 -0.011799118
4.312726968 0.023124818 -0.009578613
4.312726968 0.023952334 -0.007265861
4.312726968 0.024549176 -0.004883135
4.312726968 0.024909596 -0.002453381
#148
4.314800294 0.024596046 0.000000000
4.314800294 0.024477609 0.002410834
4.314800294 0.024123440 0.004798451
4.314800294 0.023536949 0.007139855
4.314800294 0.022723784 0.009412499
4.314800294 0.021691776 0.011594496
4.314800294 0.020450865 0.013664831
4.314800294 0.019013001 0.015603566
4.314800294 0.017392031 0.017392031
4.314800294 0.015603566 0.019013001
4.314800294 0.013664831 0.020450865
4.314800294 0.011594496 0.021691776
4.314800294 0.009412499 0.022723784
4.314800294 0.007139855 0.023536949
4.314800294 0.004798451 0.024123440
4.314800294 0.002410834 0.024477609
4.314800294 0.000000000 0.024596046
4.314800294 -0.002410834 0.024477609
4.314800294 -0.004798451 0.024123440
4.314800294 -0.007139855 0.023536949
4.314800294 -0.009412499 0.022723784
4.314800294 -0.011594496 0.021691776
4.314800294 -0.013664831 0.020450865
4.314800294 -0.015603566 0.019013001
4.314800294 -0.017392031 0.017392031
4.314800294 -0.019013001 0.015603566
4.314800294 -0.020450865 0.013664831
4.314800294 -0.021691776 0.011594496
4.314800294 -0.022723784 0.009412499
4.314800294 -0.023536949 0.007139855
4.314800294 -0.024123440 0.004798451
4.314800294 -0.024477609 0.002410834
4.314800294 -0.024596046 0.000000000
4.314800294 -0.024477609 -0.002410834
4.314800294 -0.024123440 -0.004798451
4.314800294 -0.023536949 -0.007139855
4.314800294 -0.022723784 -0.009412499
4.314800294 -0.021691776 -0.011594496
4.314800294 -0.020450865 -0.013664831
4.314800294 -0.019013001 -0.015603566
4.314800294 -0.017392031 -0.017392031
4.314800294 -0.015603566 -0.019013001
4.314800294 -0.013664831 -0.020450865
4.314800294 -0.011594496 -0.021691776
4.314800294 -0.009412499 -0.022723784
4.314800294 -0.007139855 -0.023536949
4.314800294 -0.004798451 -0.024123440
4.314800294 -0.002410834 -0.024477609
4.314800294 -0.000000000 -0.024596046
4.314800294 0.002410834 -0.024477609
4.314800294 0.004798451 -0.024123440
4.314800294 0.007139855 -0.023536949
4.314800294 0.009412499 -0.022723784
4.314800294 0.011594496 -0.021691776
4.314800294 0.013664831 -0.020450865
4.314800294 0.015603566 -0.019013001
4.314800294 0.017392031 -0.017392031
4.314800294 0.019013001 -0.015603566
4.314800294 0.020450865 -0.013664831
4.314800294 0.021691776 -0.011594496
4.314800294 0.022723784 -0.009412499
4.314800294 0.023536949 -0.007139855
4.314800294 0.024123440 -0.004798451
4.314800294 0.024477609 -0.002410834
#149
4.316836645 0.024145112 0.000000000
4.316836645 0.024028847 0.002366635
4.316836645 0.023681171 0.004710478
4.316836645 0.023105432 0.007008956
4.316836645 0.022307175 0.009239934
4.316836645 0.021294088 0.011381927
4.316836645 0.020075927 0.013414306
4.316836645 0.018664424 0.015317497
4.316836645 0.017073173 0.017073173
4.316836645 0.015317497 0.018664424
4.316836645 0.013414306 0.020075927
4.316836645 0.011381927 0.021294088
4.316836645 0.009239934 0.022307175
4.316836645 0.007008956 0.023105432
4.316836645 0.004710478 0.023681171
4.316836645 0.002366635 0.024028847
4.316836645 0.000000000 0.024145112
4.316836645 -0.002366635 0.024028847
4.316836645 -0.004710478 0.023681171
4.316836645 -0.007008956 0.023105432
4.316836645 -0.009239934 0.022307175
4.316836645 -0.011381927 0.021294088
4.316836645 -0.013414306 0.020075927
4.316836645 -0.015317497 0.018664424
4.316836645 -0.017073173 0.017073173
4.316836645 -0.018664424 0.015317497
4.316836645 -0.020075927 0.013414306
4.316836645 -0.021294088 0.011381927
4.316836645 -0.022307175 0.009239934
4.316836645 -0.023105432 0.007008956
4.316836645 -0.023681171 0.004710478
4.316836645 -0.024028847 0.002366635
4.316836645 -0.024145112 0.000000000
4.316836645 -0.024028847 -0.002366635
4.316836645 -0.023681171 -0.004710478
4.316836645 -0.023105432 -0.007008956
4.316836645 -0.022307175 -0.009239934
4.316836645 -0.021294088 -0.011381927
4.316836645 -0.020075927 -0.013414306
4.316836645 -0.018664424 -0.015317497
4.316836645 -0.017073173 -0.017073173
4.316836645 -0.015317497 -0.018664424
4.316836645 -0.013414306 -0.020075927
4.316836645 -0.011381927 -0.021294088
4.316836645 -0.009239934 -0.022307175
4.316836645 -0.007008956 -0.023105432
4.316836645 -0.004710478 -0.023681171
4.316836645 -0.002366635 -0.024028847
4.316836645 -0.000000000 -0.024145112
4.316836645 0.002366635 -0.024028847
4.316836645 0.004710478 -0.023681171
4.316836645 0.007008956 -0.023105432
4.316836645 0.009239934 -0.022307175
4.316836645 0.011381927 -0.021294088
4.316836645 0.013414306 -0.020075927
4.316836645 0.015317497 -0.018664424
4.316836645 0.017073173 -0.017073173
4.316836645 0.018664424 -0.015317497
4.316836645 0.020075927 -0.013414306
4.316836645 0.021294088 -0.011381927
4.316836645 0.022307175 -0.009239934
4.316836645 0.023105432 -0.007008956
4.316836645 0.023681171 -0.004710478
4.316836645 0.024028847 -0.002366635
#150
4.318834626 0.023677630 0.000000000
4.318834626 0.023563616 0.002320814
4.318834626 0.023222671 0.004619277
4.318834626 0.022658080 0.006873253
4.318834626 0.021875278 0.009061037
4.318834626 0.020881806 0.011161558
4.318834626 0.019687230 0.013154587
4.318834626 0.018303056 0.015020930
4.318834626 0.016742613 0.016742613
4.318834626 0.015020930 0.018303056
4.318834626 0.013154587 0.019687230
4.318834626 0.011161558 0.020881806
4.318834626 0.009061037 0.021875278
4.318834626 0.006873253 0.022658080
4.318834626 0.004619277 0.023222671
4.318834626 0.002320814 0.023563616
4.318834626 0.000000000 0.023677630
4.318834626 -0.002320814 0.023563616
4.318834626 -0.004619277 0.023222671
4.318834626 -0.006873253 0.022658080
4.318834626 -0.009061037 0.021875278
4.318834626 -0.011161558 0.020881806
4.318834626 -0.013154587 0.019687230
4.318834626 -0.015020930 0.018303056
4.318834626 -0.016742613 0.016742613
4.318834626 -0.018303056 0.015020930
4.318834626 -0.019687230 0.013154587
4.318834626 -0.020881806 0.011161558
4.318834626 -0.021875278 0.009061037
4.318834626 -0.022658080 0.006873253
4.318834626 -0.023222671 0.004619277
4.318834626 -0.023563616 0.002320814
4.318834626 -0.023677630 0.000000000
4.318834626 -0.023563616 -0.002320814
4.318834626 -0.023222671 -0.004619277
4.318834626 -0.022658080 -0.006873253
4.318834626 -0.021875278 -0.009061037
4.318834626 -0.020881806 -0.011161558
4.318834626 -0.019687230 -0.013154587
4.318834626 -0.018303056 -0.015020930
4.318834626 -0.016742613 -0.016742613
4.318834626 -0.015020930 -0.018303056
4.318834626 -0.013154587 -0.019687230
4.318834626 -0.011161558 -0.020881806
4.318834626 -0.009061037 -0.021875278
4.318834626 -0.006873253 -0.022658080
4.318834626 -0.004619277 -0.023222671
4.318834626 -0.002320814 -0.023563616
4.318834626 -0.000000000 -0.023677630
4.318834626 0.002320814 -0.023563616
4.318834626 0.004619277 -0.023222671
4.318834626 0.006873253 -0.022658080
4.318834626 0.009061037 -0.021875278
4.318834626 0.011161558 -0.020881806
4.318834626 0.013154587 -0.019687230
4.318834626 0.015020930 -0.018303056
4.318834626 0.016742613 -0.016742613
4.318834626 0.018303056 -0.015020930
4.318834626 0.019687230 -0.013154587
4.318834626 0.020881806 -0.011161558
4.318834626 0.021875278 -0.009061037
4.318834626 0.022658080 -0.006873253
4.318834626 0.023222671 -0.004619277
4.318834626 0.023563616 -0.002320814
#151
4.320792867 0.023193921 0.000000000
4.320792867 0.023082236 0.002273402
4.320792867 0.022748257 0.004524910
4.320792867 0.022195199 0.006732840
4.320792867 0.021428389 0.008875929
4.320792867 0.020455212 0.010933539
4.320792867 0.019285041 0.012885852
4.320792867 0.017929144 0.014714068
4.320792867 0.016400579 0.016400579
4.320792867 0.014714068 0.017929144
4.320792867 0.012885852 0.019285041
4.320792867 0.010933539 0.020455212
4.320792867 0.008875929 0.021428389
4.320792867 0.006732840 0.022195199
4.320792867 0.004524910 0.022748257
4.320792867 0.002273402 0.023082236
4.320792867 0.000000000 0.023193921
4.320792867 -0.002273402 0.023082236
4.320792867 -0.004524910 0.022748257
4.320792867 -0.006732840 0.022195199
4.320792867 -0.008875929 0.021428389
4.320792867 -0.010933539 0.020455212
4.320792867 -0.012885852 0.019285041
4.320792867 -0.014714068 0.017929144
4.320792867 -0.016400579 0.016400579
4.320792867 -0.017929144 0.014714068
4.320792867 -0.019285041 0.012885852
4.320792867 -0.020455212 0.010933539
4.320792867 -0.021428389 0.008875929
4.320792867 -0.022195199 0.006732840
4.320792867 -0.022748257 0.004524910
4.320792867 -0.023082236 0.002273402
4.320792867 -0.023193921 0.000000000
4.320792867 -0.023082236 -0.002273402
4.320792867 -0.022748257 -0.004524910
4.320792867 -0.022195199 -0.006732840
4.320792867 -0.021428389 -0.008875929
4.320792867 -0.020455212 -0.010933539
4.320792867 -0.019285041 -0.012885852
4.320792867 -0.017929144 -0.014714068
4.320792867 -0.016400579 -0.016400579
4.320792867 -0.014714068 -0.017929144
4.320792867 -0.012885852 -0.019285041
4.320792867 -0.010933539 -0.020455212
4.320792867 -0.008875929 -0.021428389
4.320792867 -0.006732840 -0.022195199
4.320792867 -0.004524910 -0.022748257
4.320792867 -0.002273402 -0.023082236
4.320792867 -0.000000000 -0.023193921
4.320792867 0.002273402 -0.023082236
4.320792867 0.004524910 -0.022748257
4.320792867 0.006732840 -0.022195199
4.320792867 0.008875929 -0.021428389
4.320792867 0.010933539 -0.020455212
4.320792867 0.012885852 -0.019285041
4.320792867 0.014714068 -0.017929144
4.320792867 0.016400579 -0.016400579
4.320792867 0.017929144 -0.014714068
4.320792867 0.019285041 -0.012885852
4.320792867 0.020455212 -0.010933539
4.320792867 0.021428389 -0.008875929
4.320792867 0.022195199 -0.006732840
4.320792867 0.022748257 -0.004524910
4.320792867 0.023082236 -0.002273402
#152
4.322710027 0.022694316 0.000000000
4.322710027 0.022585037 0.002224432
4.322710027 0.022258251 0.004427441
4.322710027 0.021717106 0.006587812
4.322710027 0.020966814 0.008684739
4.322710027 0.020014600 0.010698027
4.322710027 0.018869634 0.012608286
4.322710027 0.017542944 0.014397122
4.322710027 0.016047305 0.016047305
4.322710027 0.014397122 0.017542944
4.322710027 0.012608286 0.018869634
4.322710027 0.010698027 0.020014600
4.322710027 0.008684739 0.020966814
4.322710027 0.006587812 0.021717106
4.322710027 0.004427441 0.022258251
4.322710027 0.002224432 0.022585037
4.322710027 0.000000000 0.022694316
4.322710027 -0.002224432 0.022585037
4.322710027 -0.004427441 0.022258251
4.322710027 -0.006587812 0.021717106
4.322710027 -0.008684739 0.020966814
4.322710027 -0.010698027 0.020014600
4.322710027 -0.012608286 0.018869634
4.322710027 -0.014397122 0.017542944
4.322710027 -0.016047305 0.016047305
4.322710027 -0.017542944 0.014397122
4.322710027 -0.018869634 0.012608286
4.322710027 -0.020014600 0.010698027
4.322710027 -0.020966814 0.008684739
4.322710027 -0.021717106 0.006587812
4.322710027 -0.022258251 0.004427441
4.322710027 -0.022585037 0.002224432
4.322710027 -0.022694316 0.000000000
4.322710027 -0.022585037 -0.002224432
4.322710027 -0.022258251 -0.004427441
4.322710027 -0.021717106 -0.006587812
4.322710027 -0.020966814 -0.008684739
4.322710027 -0.020014600 -0.010698027
4.322710027 -0.018869634 -0.012608286
4.322710027 -0.017542944 -0.014397122
4.322710027 -0.016047305 -0.016047305
4.322710027 -0.014397122 -0.017542944
4.322710027 -0.012608286 -0.018869634
4.322710027 -0.010698027 -0.020014600
4.322710027 -0.008684739 -0.020966814
4.322710027 -0.006587812 -0.021717106
4.322710027 -0.004427441 -0.022258251
4.322710027 -0.002224432 -0.022585037
4.322710027 -0.000000000 -0.022694316
4.322710027 0.002224432 -0.022585037
4.322710027 0.004427441 -0.022258251
4.322710027 0.006587812 -0.021717106
4.322710027 0.008684739 -0.020966814
4.322710027 0.010698027 -0.020014600
4.322710027 0.012608286 -0.018869634
4.322710027 0.014397122 -0.017542944
4.322710027 0.016047305 -0.016047305
4.322710027 0.017542944 -0.014397122
4.322710027 0.018869634 -0.012608286
4.322710027 0.020014600 -0.010698027
4.322710027 0.020966814 -0.008684739
4.322710027 0.021717106 -0.006587812
4.322710027 0.022258251 -0.004427441
4.322710027 0.022585037 -0.002224432
#153
4.324584790 0.022179157 0.000000000
4.324584790 0.022072359 0.002173938
4.324584790 0.021752991 0.004326939
4.324584790 0.021224130 0.006438270
4.324584790 0.020490869 0.008487596
4.324584790 0.019560270 0.010455182
4.324584790 0.018441295 0.012322080
4.324584790 0.017144720 0.014070308
4.324584790 0.015683033 0.015683033
4.324584790 0.014070308 0.017144720
4.324584790 0.012322080 0.018441295
4.324584790 0.010455182 0.019560270
4.324584790 0.008487596 0.020490869
4.324584790 0.006438270 0.021224130
4.324584790 0.004326939 0.021752991
4.324584790 0.002173938 0.022072359
4.324584790 0.000000000 0.022179157
4.324584790 -0.002173938 0.022072359
4.324584790 -0.004326939 0.021752991
4.324584790 -0.006438270 0.021224130
4.324584790 -0.008487596 0.020490869
4.324584790 -0.010455182 0.019560270
4.324584790 -0.012322080 0.018441295
4.324584790 -0.014070308 0.017144720
4.324584790 -0.015683033 0.015683033
4.324584790 -0.017144720 0.014070308
4.324584790 -0.018441295 0.012322080
4.324584790 -0.019560270 0.010455182
4.324584790 -0.020490869 0.008487596
4.324584790 -0.021224130 0.006438270
4.324584790 -0.021752991 0.004326939
4.324584790 -0.022072359 0.002173938
4.324584790 -0.022179157 0.000000000
4.324584790 -0.022072359 -0.002173938
4.324584790 -0.021752991 -0.004326939
4.324584790 -0.021224130 -0.006438270
4.324584790 -0.020490869 -0.008487596
4.324584790 -0.019560270 -0.010455182
4.324584790 -0.018441295 -0.012322080
4.324584790 -0.017144720 -0.014070308
4.324584790 -0.015683033 -0.015683033
4.324584790 -0.014070308 -0.017144720
4.324584790 -0.012322080 -0.018441295
4.324584790 -0.010455182 -0.019560270
4.324584790 -0.008487596 -0.020490869
4.324584790 -0.006438270 -0.021224130
4.324584790 -0.004326939 -0.021752991
4.324584790 -0.002173938 -0.022072359
4.324584790 -0.000000000 -0.022179157
4.324584790 0.002173938 -0.022072359
4.324584790 0.004326939 -0.021752991
4.324584790 0.006438270 -0.021224130
4.324584790 0.008487596 -0.020490869
4.324584790 0.010455182 -0.019560270
4.324584790 0.012322080 -0.018441295
4.324584790 0.014070308 -0.017144720
4.324584790 0.015683033 -0.015683033
4.324584790 0.017144720 -0.014070308
4.324584790 0.018441295 -0.012322080
4.324584790 0.019560270 -0.010455182
4.324584790 0.020490869 -0.008487596
4.324584790 0.021224130 -0.006438270
4.324584790 0.021752991 -0.004326939
4.324584790 0.022072359 -0.002173938
#154
4.326415873 0.021648798 0.000000000
4.326415873 0.021544553 0.002121953
4.326415873 0.021232823 0.004223471
4.326415873 0.020716608 0.006284314
4.326415873 0.020000881 0.008284636
4.326415873 0.019092535 0.010205173
4.326415873 0.018000318 0.012027428
4.326415873 0.016734747 0.013733852
4.326415873 0.015308012 0.015308012
4.326415873 0.013733852 0.016734747
4.326415873 0.012027428 0.018000318
4.326415873 0.010205173 0.019092535
4.326415873 0.008284636 0.020000881
4.326415873 0.006284314 0.020716608
4.326415873 0.004223471 0.021232823
4.326415873 0.002121953 0.021544553
4.326415873 0.000000000 0.021648798
4.326415873 -0.002121953 0.021544553
4.326415873 -0.004223471 0.021232823
4.326415873 -0.006284314 0.020716608
4.326415873 -0.008284636 0.020000881
4.326415873 -0.010205173 0.019092535
4.326415873 -0.012027428 0.018000318
4.326415873 -0.013733852 0.016734747
4.326415873 -0.015308012 0.015308012
4.326415873 -0.016734747 0.013733852
4.326415873 -0.018000318 0.012027428
4.326415873 -0.019092535 0.010205173
4.326415873 -0.020000881 0.008284636
4.326415873 -0.020716608 0.006284314
4.326415873 -0.021232823 0.004223471
4.326415873 -0.021544553 0.002121953
4.326415873 -0.021648798 0.000000000
4.326415873 -0.021544553 -0.002121953
4.326415873 -0.021232823 -0.004223471
4.326415873 -0.020716608 -0.006284314
4.326415873 -0.020000881 -0.008284636
4.326415873 -0.019092535 -0.010205173
4.326415873 -0.018000318 -0.012027428
4.326415873 -0.016734747 -0.013733852
4.326415873 -0.015308012 -0.015308012
4.326415873 -0.013733852 -0.016734747
4.326415873 -0.012027428 -0.018000318
4.326415873 -0.010205173 -0.019092535
4.326415873 -0.008284636 -0.020000881
4.326415873 -0.006284314 -0.020716608
4.326415873 -0.004223471 -0.021232823
4.326415873 -0.002121953 -0.021544553
4.326415873 -0.000000000 -0.021648798
4.326415873 0.002121953 -0.021544553
4.326415873 0.004223471 -0.021232823
4.326415873 0.006284314 -0.020716608
4.326415873 0.008284636 -0.020000881
4.326415873 0.010205173 -0.019092535
4.326415873 0.012027428 -0.018000318
4.326415873 0.013733852 -0.016734747
4.326415873 0.015308012 -0.015308012
4.326415873 0.016734747 -0.013733852
4.326415873 0.018000318 -0.012027428
4.326415873 0.019092535 -0.010205173
4.326415873 0.020000881 -0.008284636
4.326415873 0.020716608 -0.006284314
4.326415873 0.021232823 -0.004223471
4.326415873 0.021544553 -0.002121953
#155
4.328202021 0.021103602 0.000000000
4.328202021 0.021001982 0.002068515
4.328202021 0.020698102 0.004117108
4.328202021 0.020194888 0.006126052
4.328202021 0.019497186 0.008075999
4.328202021 0.018611715 0.009948169
4.328202021 0.017547004 0.011724533
4.328202021 0.016313305 0.013387983
4.328202021 0.014922500 0.014922500
4.328202021 0.013387983 0.016313305
4.328202021 0.011724533 0.017547004
4.328202021 0.009948169 0.018611715
4.328202021 0.008075999 0.019497186
4.328202021 0.006126052 0.020194888
4.328202021 0.004117108 0.020698102
4.328202021 0.002068515 0.021001982
4.328202021 0.000000000 0.021103602
4.328202021 -0.002068515 0.021001982
4.328202021 -0.004117108 0.020698102
4.328202021 -0.006126052 0.020194888
4.328202021 -0.008075999 0.019497186
4.328202021 -0.009948169 0.018611715
4.328202021 -0.011724533 0.017547004
4.328202021 -0.013387983 0.016313305
4.328202021 -0.014922500 0.014922500
4.328202021 -0.016313305 0.013387983
4.328202021 -0.017547004 0.011724533
4.328202021 -0.018611715 0.009948169
4.328202021 -0.019497186 0.008075999
4.328202021 -0.020194888 0.006126052
4.328202021 -0.020698102 0.004117108
4.328202021 -0.021001982 0.002068515
4.328202021 -0.021103602 0.000000000
4.328202021 -0.021001982 -0.002068515
4.328202021 -0.020698102 -0.004117108
4.328202021 -0.020194888 -0.006126052
4.328202021 -0.019497186 -0.008075999
4.328202021 -0.018611715 -0.009948169
4.328202021 -0.017547004 -0.011724533
4.328202021 -0.016313305 -0.013387983
4.328202021 -0.014922500 -0.014922500
4.328202021 -0.013387983 -0.016313305
4.328202021 -0.011724533 -0.017547004
4.328202021 -0.009948169 -0.018611715
4.328202021 -0.008075999 -0.019497186
4.328202021 -0.006126052 -0.020194888
4.328202021 -0.004117108 -0.020698102
4.328202021 -0.002068515 -0.021001982
4.328202021 -0.000000000 -0.021103602
4.328202021 0.002068515 -0.021001982
4.328202021 0.004117108 -0.020698102
4.328202021 0.006126052 -0.020194888
4.328202021 0.008075999 -0.019497186
4.328202021 0.009948169 -0.018611715
4.328202021 0.011724533 -0.017547004
4.328202021 0.013387983 -0.016313305
4.328202021 0.014922500 -0.014922500
4.328202021 0.016313305 -0.013387983
4.328202021 0.017547004 -0.011724533
4.328202021 0.018611715 -0.009948169
4.328202021 0.019497186 -0.008075999
4.328202021 0.020194888 -0.006126052
4.328202021 0.020698102 -0.004117108
4.328202021 0.021001982 -0.002068515
#156
4.329942009 0.020543942 0.000000000
4.329942009 0.020445018 0.002013658
4.329942009 0.020149196 0.004007924
4.329942009 0.019659327 0.005963592
4.329942009 0.018980128 0.007861826
4.329942009 0.018118140 0.009684347
4.329942009 0.017081664 0.011413603
4.329942009 0.015880682 0.013032939
4.329942009 0.014526761 0.014526761
4.329942009 0.013032939 0.015880682
4.329942009 0.011413603 0.017081664
4.329942009 0.009684347 0.018118140
4.329942009 0.007861826 0.018980128
4.329942009 0.005963592 0.019659327
4.329942009 0.004007924 0.020149196
4.329942009 0.002013658 0.020445018
4.329942009 0.000000000 0.020543942
4.329942009 -0.002013658 0.020445018
4.329942009 -0.004007924 0.020149196
4.329942009 -0.005963592 0.019659327
4.329942009 -0.007861826 0.018980128
4.329942009 -0.009684347 0.018118140
4.329942009 -0.011413603 0.017081664
4.329942009 -0.013032939 0.015880682
4.329942009 -0.014526761 0.014526761
4.329942009 -0.015880682 0.013032939
4.329942009 -0.017081664 0.011413603
4.329942009 -0.018118140 0.009684347
4.329942009 -0.018980128 0.007861826
4.329942009 -0.019659327 0.005963592
4.329942009 -0.020149196 0.004007924
4.329942009 -0.020445018 0.002013658
4.329942009 -0.020543942 0.000000000
4.329942009 -0.020445018 -0.002013658
4.329942009 -0.020149196 -0.004007924
4.329942009 -0.019659327 -0.005963592
4.329942009 -0.018980128 -0.007861826
4.329942009 -0.018118140 -0.009684347
4.329942009 -0.017081664 -0.011413603
4.329942009 -0.015880682 -0.013032939
4.329942009 -0.014526761 -0.014526761
4.329942009 -0.013032939 -0.015880682
4.329942009 -0.011413603 -0.017081664
4.329942009 -0.009684347 -0.018118140
4.329942009 -0.007861826 -0.018980128
4.329942009 -0.005963592 -0.019659327
4.329942009 -0.004007924 -0.020149196
4.329942009 -0.002013658 -0.020445018
4.329942009 -0.000000000 -0.020543942
4.329942009 0.002013658 -0.020445018
4.329942009 0.004007924 -0.020149196
4.329942009 0.005963592 -0.019659327
4.329942009 0.007861826 -0.018980128
4.329942009 0.009684347 -0.018118140
4.329942009 0.011413603 -0.017081664
4.329942009 0.013032939 -0.015880682
4.329942009 0.014526761 -0.014526761
4.329942009 0.015880682 -0.013032939
4.329942009 0.017081664 -0.011413603
4.329942009 0.018118140 -0.009684347
4.329942009 0.018980128 -0.007861826
4.329942009 0.019659327 -0.005963592
4.329942009 0.020149196 -0.004007924
4.329942009 0.020445018 -0.002013658
#157
4.331634645 0.019970203 0.000000000
4.331634645 0.019874041 0.001957422
4.331634645 0.019586481 0.003895993
4.331634645 0.019110293 0.005797044
4.331634645 0.018450062 0.007642266
4.331634645 0.017612147 0.009413889
4.331634645 0.016604617 0.011094850
4.331634645 0.015437176 0.012668963
4.331634645 0.014121066 0.014121066
4.331634645 0.012668963 0.015437176
4.331634645 0.011094850 0.016604617
4.331634645 0.009413889 0.017612147
4.331634645 0.007642266 0.018450062
4.331634645 0.005797044 0.019110293
4.331634645 0.003895993 0.019586481
4.331634645 0.001957422 0.019874041
4.331634645 0.000000000 0.019970203
4.331634645 -0.001957422 0.019874041
4.331634645 -0.003895993 0.019586481
4.331634645 -0.005797044 0.019110293
4.331634645 -0.007642266 0.018450062
4.331634645 -0.009413889 0.017612147
4.331634645 -0.011094850 0.016604617
4.331634645 -0.012668963 0.015437176
4.331634645 -0.014121066 0.014121066
4.331634645 -0.015437176 0.012668963
4.331634645 -0.016604617 0.011094850
4.331634645 -0.017612147 0.009413889
4.331634645 -0.018450062 0.007642266
4.331634645 -0.019110293 0.005797044
4.331634645 -0.019586481 0.003895993
4.331634645 -0.019874041 0.001957422
4.331634645 -0.019970203 0.000000000
4.331634645 -0.019874041 -0.001957422
4.331634645 -0.019586481 -0.003895993
4.331634645 -0.019110293 -0.005797044
4.331634645 -0.018450062 -0.007642266
4.331634645 -0.017612147 -0.009413889
4.331634645 -0.016604617 -0.011094850
4.331634645 -0.015437176 -0.012668963
4.331634645 -0.014121066 -0.014121066
4.331634645 -0.012668963 -0.015437176
4.331634645 -0.011094850 -0.016604617
4.331634645 -0.009413889 -0.017612147
4.331634645 -0.007642266 -0.018450062
4.331634645 -0.005797044 -0.019110293
4.331634645 -0.003895993 -0.019586481
4.331634645 -0.001957422 -0.019874041
4.331634645 -0.000000000 -0.019970203
4.331634645 0.001957422 -0.019874041
4.331634645 0.003895993 -0.019586481
4.331634645 0.005797044 -0.019110293
4.331634645 0.007642266 -0.018450062
4.331634645 0.009413889 -0.017612147
4.331634645 0.011094850 -0.016604617
4.331634645 0.012668963 -0.015437176
4.331634645 0.014121066 -0.014121066
4.331634645 0.015437176 -0.012668963
4.331634645 0.016604617 -0.011094850
4.331634645 0.017612147 -0.009413889
4.331634645 0.018450062 -0.007642266
4.331634645 0.019110293 -0.005797044
4.331634645 0.019586481 -0.003895993
4.331634645 0.019874041 -0.001957422
#158
4.333278768 0.019382777 0.000000000
4.333278768 0.019289444 0.001899844
4.333278768 0.019010342 0.003781392
4.333278768 0.018548161 0.005626523
4.333278768 0.017907351 0.007417468
4.333278768 0.017094083 0.009136978
4.333278768 0.016116190 0.010768494
4.333278768 0.014983089 0.012296304
4.333278768 0.013705693 0.013705693
4.333278768 0.012296304 0.014983089
4.333278768 0.010768494 0.016116190
4.333278768 0.009136978 0.017094083
4.333278768 0.007417468 0.017907351
4.333278768 0.005626523 0.018548161
4.333278768 0.003781392 0.019010342
4.333278768 0.001899844 0.019289444
4.333278768 0.000000000 0.019382777
4.333278768 -0.001899844 0.019289444
4.333278768 -0.003781392 0.019010342
4.333278768 -0.005626523 0.018548161
4.333278768 -0.007417468 0.017907351
4.333278768 -0.009136978 0.017094083
4.333278768 -0.010768494 0.016116190
4.333278768 -0.012296304 0.014983089
4.333278768 -0.013705693 0.013705693
4.333278768 -0.014983089 0.012296304
4.333278768 -0.016116190 0.010768494
4.333278768 -0.017094083 0.009136978
4.333278768 -0.017907351 0.007417468
4.333278768 -0.018548161 0.005626523
4.333278768 -0.019010342 0.003781392
4.333278768 -0.019289444 0.001899844
4.333278768 -0.019382777 0.000000000
4.333278768 -0.019289444 -0.001899844
4.333278768 -0.019010342 -0.003781392
4.333278768 -0.018548161 -0.005626523
4.333278768 -0.017907351 -0.007417468
4.333278768 -0.017094083 -0.009136978
4.333278768 -0.016116190 -0.010768494
4.333278768 -0.014983089 -0.012296304
4.333278768 -0.013705693 -0.013705693
4.333278768 -0.012296304 -0.014983089
4.333278768 -0.010768494 -0.016116190
4.333278768 -0.009136978 -0.017094083
4.333278768 -0.007417468 -0.017907351
4.333278768 -0.005626523 -0.018548161
4.333278768 -0.003781392 -0.019010342
4.333278768 -0.001899844 -0.019289444
4.333278768 -0.000000000 -0.019382777
4.333278768 0.001899844 -0.019289444
4.333278768 0.003781392 -0.019010342
4.333278768 0.005626523 -0.018548161
4.333278768 0.007417468 -0.017907351
4.333278768 0.009136978 -0.017094083
4.333278768 0.010768494 -0.016116190
4.333278768 0.012296304 -0.014983089
4.333278768 0.013705693 -0.013705693
4.333278768 0.014983089 -0.012296304
4.333278768 0.016116190 -0.010768494
4.333278768 0.017094083 -0.009136978
4.333278768 0.017907351 -0.007417468
4.333278768 0.018548161 -0.005626523
4.333278768 0.019010342 -0.003781392
4.333278768 0.019289444 -0.001899844
#159
4.334873253 0.018782067 0.000000000
4.334873253 0.018691626 0.001840965
4.334873253 0.018421175 0.003664200
4.334873253 0.017973318 0.005452146
4.334873253 0.017352367 0.007187586
4.334873253 0.016564304 0.008853805
4.334873253 0.015616718 0.010434757
4.334873253 0.014518734 0.011915217
4.334873253 0.013280927 0.013280927
4.334873253 0.011915217 0.014518734
4.334873253 0.010434757 0.015616718
4.334873253 0.008853805 0.016564304
4.334873253 0.007187586 0.017352367
4.334873253 0.005452146 0.017973318
4.334873253 0.003664200 0.018421175
4.334873253 0.001840965 0.018691626
4.334873253 0.000000000 0.018782067
4.334873253 -0.001840965 0.018691626
4.334873253 -0.003664200 0.018421175
4.334873253 -0.005452146 0.017973318
4.334873253 -0.007187586 0.017352367
4.334873253 -0.008853805 0.016564304
4.334873253 -0.010434757 0.015616718
4.334873253 -0.011915217 0.014518734
4.334873253 -0.013280927 0.013280927
4.334873253 -0.014518734 0.011915217
4.334873253 -0.015616718 0.010434757
4.334873253 -0.016564304 0.008853805
4.334873253 -0.017352367 0.007187586
4.334873253 -0.017973318 0.005452146
4.334873253 -0.018421175 0.003664200
4.334873253 -0.018691626 0.001840965
4.334873253 -0.018782067 0.000000000
4.334873253 -0.018691626 -0.001840965
4.334873253 -0.018421175 -0.003664200
4.334873253 -0.017973318 -0.005452146
4.334873253 -0.017352367 -0.007187586
4.334873253 -0.016564304 -0.008853805
4.334873253 -0.015616718 -0.010434757
4.334873253 -0.014518734 -0.011915217
4.334873253 -0.013280927 -0.013280927
4.334873253 -0.011915217 -0.014518734
4.334873253 -0.010434757 -0.015616718
4.334873253 -0.008853805 -0.016564304
4.334873253 -0.007187586 -0.017352367
4.334873253 -0.005452146 -0.017973318
4.334873253 -0.003664200 -0.018421175
4.334873253 -0.001840965 -0.018691626
4.334873253 -0.000000000 -0.018782067
4.334873253 0.001840965 -0.018691626
4.334873253 0.003664200 -0.018421175
4.334873253 0.005452146 -0.017973318
4.334873253 0.007187586 -0.017352367
4.334873253 0.008853805 -0.016564304
4.334873253 0.010434757 -0.015616718
4.334873253 0.011915217 -0.014518734
4.334873253 0.013280927 -0.013280927
4.334873253 0.014518734 -0.011915217
4.334873253 0.015616718 -0.010434757
4.334873253 0.016564304 -0.008853805
4.334873253 0.017352367 -0.007187586
4.334873253 0.017973318 -0.005452146
4.334873253 0.018421175 -0.003664200
4.334873253 0.018691626 -0.001840965
#160
4.336417006 0.018168485 0.000000000
4.336417006 0.018080999 0.001780823
4.336417006 0.017819383 0.003544496
4.336417006 0.017386156 0.005274033
4.336417006 0.016785491 0.006952778
4.336417006 0.016023173 0.008564564
4.336417006 0.015106543 0.010093869
4.336417006 0.014044429 0.011525965
4.336417006 0.012847059 0.012847059
4.336417006 0.011525965 0.014044429
4.336417006 0.010093869 0.015106543
4.336417006 0.008564564 0.016023173
4.336417006 0.006952778 0.016785491
4.336417006 0.005274033 0.017386156
4.336417006 0.003544496 0.017819383
4.336417006 0.001780823 0.018080999
4.336417006 0.000000000 0.018168485
4.336417006 -0.001780823 0.018080999
4.336417006 -0.003544496 0.017819383
4.336417006 -0.005274033 0.017386156
4.336417006 -0.006952778 0.016785491
4.336417006 -0.008564564 0.016023173
4.336417006 -0.010093869 0.015106543
4.336417006 -0.011525965 0.014044429
4.336417006 -0.012847059 0.012847059
4.336417006 -0.014044429 0.011525965
4.336417006 -0.015106543 0.010093869
4.336417006 -0.016023173 0.008564564
4.336417006 -0.016785491 0.006952778
4.336417006 -0.017386156 0.005274033
4.336417006 -0.017819383 0.003544496
4.336417006 -0.018080999 0.001780823
4.336417006 -0.018168485 0.000000000
4.336417006 -0.018080999 -0.001780823
4.336417006 -0.017819383 -0.003544496
4.336417006 -0.017386156 -0.005274033
4.336417006 -0.016785491 -0.006952778
4.336417006 -0.016023173 -0.008564564
4.336417006 -0.015106543 -0.010093869
4.336417006 -0.014044429 -0.011525965
4.336417006 -0.012847059 -0.012847059
4.336417006 -0.011525965 -0.014044429
4.336417006 -0.010093869 -0.015106543
4.336417006 -0.008564564 -0.016023173
4.336417006 -0.006952778 -0.016785491
4.336417006 -0.005274033 -0.017386156
4.336417006 -0.003544496 -0.017819383
4.336417006 -0.001780823 -0.018080999
4.336417006 -0.000000000 -0.018168485
4.336417006 0.001780823 -0.018080999
4.336417006 0.003544496 -0.017819383
4.336417006 0.005274033 -0.017386156
4.336417006 0.006952778 -0.016785491
4.336417006 0.008564564 -0.016023173
4.336417006 0.010093869 -0.015106543
4.336417006 0.011525965 -0.014044429
4.336417006 0.012847059 -0.012847059
4.336417006 0.014044429 -0.011525965
4.336417006 0.015106543 -0.010093869
4.336417006 0.016023173 -0.008564564
4.336417006 0.016785491 -0.006952778
4.336417006 0.017386156 -0.005274033
4.336417006 0.017819383 -0.003544496
4.336417006 0.018080999 -0.001780823
#161
4.337908969 0.017542451 0.000000000
4.337908969 0.017457979 0.001719461
4.337908969 0.017205378 0.003422362
4.337908969 0.016787079 0.005092305
4.337908969 0.016207111 0.006713205
4.337908969 0.015471060 0.008269454
4.337908969 0.014586015 0.009746064
4.337908969 0.013560498 0.011128813
4.337908969 0.012404386 0.012404386
4.337908969 0.011128813 0.013560498
4.337908969 0.009746064 0.014586015
4.337908969 0.008269454 0.015471060
4.337908969 0.006713205 0.016207111
4.337908969 0.005092305 0.016787079
4.337908969 0.003422362 0.017205378
4.337908969 0.001719461 0.017457979
4.337908969 0.000000000 0.017542451
4.337908969 -0.001719461 0.017457979
4.337908969 -0.003422362 0.017205378
4.337908969 -0.005092305 0.016787079
4.337908969 -0.006713205 0.016207111
4.337908969 -0.008269454 0.015471060
4.337908969 -0.009746064 0.014586015
4.337908969 -0.011128813 0.013560498
4.337908969 -0.012404386 0.012404386
4.337908969 -0.013560498 0.011128813
4.337908969 -0.014586015 0.009746064
4.337908969 -0.015471060 0.008269454
4.337908969 -0.016207111 0.006713205
4.337908969 -0.016787079 0.005092305
4.337908969 -0.017205378 0.003422362
4.337908969 -0.017457979 0.001719461
4.337908969 -0.017542451 0.000000000
4.337908969 -0.017457979 -0.001719461
4.337908969 -0.017205378 -0.003422362
4.337908969 -0.016787079 -0.005092305
4.337908969 -0.016207111 -0.006713205
4.337908969 -0.015471060 -0.008269454
4.337908969 -0.014586015 -0.009746064
4.337908969 -0.013560498 -0.011128813
4.337908969 -0.012404386 -0.012404386
4.337908969 -0.011128813 -0.013560498
4.337908969 -0.009746064 -0.014586015
4.337908969 -0.008269454 -0.015471060
4.337908969 -0.006713205 -0.016207111
4.337908969 -0.005092305 -0.016787079
4.337908969 -0.003422362 -0.017205378
4.337908969 -0.001719461 -0.017457979
4.337908969 -0.000000000 -0.017542451
4.337908969 0.001719461 -0.017457979
4.337908969 0.003422362 -0.017205378
4.337908969 0.005092305 -0.016787079
4.337908969 0.006713205 -0.016207111
4.337908969 0.008269454 -0.015471060
4.337908969 0.009746064 -0.014586015
4.337908969 0.011128813 -0.013560498
4.337908969 0.012404386 -0.012404386
4.337908969 0.013560498 -0.011128813
4.337908969 0.014586015 -0.009746064
4.337908969 0.015471060 -0.008269454
4.337908969 0.016207111 -0.006713205
4.337908969 0.016787079 -0.005092305
4.337908969 0.017205378 -0.003422362
4.337908969 0.017457979 -0.001719461
#162
4.339348119 0.016904394 0.000000000
4.339348119 0.016822995 0.001656920
4.339348119 0.016579581 0.003297884
4.339348119 0.016176497 0.004907087
4.339348119 0.015617624 0.006469032
4.339348119 0.014908345 0.007968676
4.339348119 0.014055490 0.009391578
4.339348119 0.013067273 0.010724034
4.339348119 0.011953212 0.011953212
4.339348119 0.010724034 0.013067273
4.339348119 0.009391578 0.014055490
4.339348119 0.007968676 0.014908345
4.339348119 0.006469032 0.015617624
4.339348119 0.004907087 0.016176497
4.339348119 0.003297884 0.016579581
4.339348119 0.001656920 0.016822995
4.339348119 0.000000000 0.016904394
4.339348119 -0.001656920 0.016822995
4.339348119 -0.003297884 0.016579581
4.339348119 -0.004907087 0.016176497
4.339348119 -0.006469032 0.015617624
4.339348119 -0.007968676 0.014908345
4.339348119 -0.009391578 0.014055490
4.339348119 -0.010724034 0.013067273
4.339348119 -0.011953212 0.011953212
4.339348119 -0.013067273 0.010724034
4.339348119 -0.014055490 0.009391578
4.339348119 -0.014908345 0.007968676
4.339348119 -0.015617624 0.006469032
4.339348119 -0.016176497 0.004907087
4.339348119 -0.016579581 0.003297884
4.339348119 -0.016822995 0.001656920
4.339348119 -0.016904394 0.000000000
4.339348119 -0.016822995 -0.001656920
4.339348119 -0.016579581 -0.003297884
4.339348119 -0.016176497 -0.004907087
4.339348119 -0.015617624 -0.006469032
4.339348119 -0.014908345 -0.007968676
4.339348119 -0.014055490 -0.009391578
4.339348119 -0.013067273 -0.010724034
4.339348119 -0.011953212 -0.011953212
4.339348119 -0.010724034 -0.013067273
4.339348119 -0.009391578 -0.014055490
4.339348119 -0.007968676 -0.014908345
4.339348119 -0.006469032 -0.015617624
4.339348119 -0.004907087 -0.016176497
4.339348119 -0.003297884 -0.016579581
4.339348119 -0.001656920 -0.016822995
4.339348119 -0.000000000 -0.016904394
4.339348119 0.001656920 -0.016822995
4.339348119 0.003297884 -0.016579581
4.339348119 0.004907087 -0.016176497
4.339348119 0.006469032 -0.015617624
4.339348119 0.007968676 -0.014908345
4.339348119 0.009391578 -0.014055490
4.339348119 0.010724034 -0.013067273
4.339348119 0.011953212 -0.011953212
4.339348119 0.013067273 -0.010724034
4.339348119 0.014055490 -0.009391578
4.339348119 0.014908345 -0.007968676
4.339348119 0.015617624 -0.006469032
4.339348119 0.016176497 -0.004907087
4.339348119 0.016579581 -0.003297884
4.339348119 0.016822995 -0.001656920
#163
4.340733472 0.016254752 0.000000000
4.340733472 0.016176481 0.001593244
4.340733472 0.015942421 0.003171145
4.340733472 0.015554828 0.004718505
4.340733472 0.015017433 0.006220424
4.340733472 0.014335411 0.007662437
4.340733472 0.013515332 0.009030656
4.340733472 0.012565093 0.010311906
4.340733472 0.011493845 0.011493845
4.340733472 0.010311906 0.012565093
4.340733472 0.009030656 0.013515332
4.340733472 0.007662437 0.014335411
4.340733472 0.006220424 0.015017433
4.340733472 0.004718505 0.015554828
4.340733472 0.003171145 0.015942421
4.340733472 0.001593244 0.016176481
4.340733472 0.000000000 0.016254752
4.340733472 -0.001593244 0.016176481
4.340733472 -0.003171145 0.015942421
4.340733472 -0.004718505 0.015554828
4.340733472 -0.006220424 0.015017433
4.340733472 -0.007662437 0.014335411
4.340733472 -0.009030656 0.013515332
4.340733472 -0.010311906 0.012565093
4.340733472 -0.011493845 0.011493845
4.340733472 -0.012565093 0.010311906
4.340733472 -0.013515332 0.009030656
4.340733472 -0.014335411 0.007662437
4.340733472 -0.015017433 0.006220424
4.340733472 -0.015554828 0.004718505
4.340733472 -0.015942421 0.003171145
4.340733472 -0.016176481 0.001593244
4.340733472 -0.016254752 0.000000000
4.340733472 -0.016176481 -0.001593244
4.340733472 -0.015942421 -0.003171145
4.340733472 -0.015554828 -0.004718505
4.340733472 -0.015017433 -0.006220424
4.340733472 -0.014335411 -0.007662437
4.340733472 -0.013515332 -0.009030656
4.340733472 -0.012565093 -0.010311906
4.340733472 -0.011493845 -0.011493845
4.340733472 -0.010311906 -0.012565093
4.340733472 -0.009030656 -0.013515332
4.340733472 -0.007662437 -0.014335411
4.340733472 -0.006220424 -0.015017433
4.340733472 -0.004718505 -0.015554828
4.340733472 -0.003171145 -0.015942421
4.340733472 -0.001593244 -0.016176481
4.340733472 -0.000000000 -0.016254752
4.340733472 0.001593244 -0.016176481
4.340733472 0.003171145 -0.015942421
4.340733472 0.004718505 -0.015554828
4.340733472 0.006220424 -0.015017433
4.340733472 0.007662437 -0.014335411
4.340733472 0.009030656 -0.013515332
4.340733472 0.010311906 -0.012565093
4.340733472 0.011493845 -0.011493845
4.340733472 0.012565093 -0.010311906
4.340733472 0.013515332 -0.009030656
4.340733472 0.014335411 -0.007662437
4.340733472 0.015017433 -0.006220424
4.340733472 0.015554828 -0.004718505
4.340733472 0.015942421 -0.003171145
4.340733472 0.016176481 -0.001593244
#164
4.342064076 0.015593970 0.000000000
4.342064076 0.015518880 0.001528476
4.342064076 0.015294336 0.003042233
4.342064076 0.014922499 0.004526690
4.342064076 0.014406949 0.005967554
4.342064076 0.013752653 0.007350946
4.342064076 0.012965912 0.008663545
4.342064076 0.012054302 0.009892710
4.342064076 0.011026602 0.011026602
4.342064076 0.009892710 0.012054302
4.342064076 0.008663545 0.012965912
4.342064076 0.007350946 0.013752653
4.342064076 0.005967554 0.014406949
4.342064076 0.004526690 0.014922499
4.342064076 0.003042233 0.015294336
4.342064076 0.001528476 0.015518880
4.342064076 0.000000000 0.015593970
4.342064076 -0.001528476 0.015518880
4.342064076 -0.003042233 0.015294336
4.342064076 -0.004526690 0.014922499
4.342064076 -0.005967554 0.014406949
4.342064076 -0.007350946 0.013752653
4.342064076 -0.008663545 0.012965912
4.342064076 -0.009892710 0.012054302
4.342064076 -0.011026602 0.011026602
4.342064076 -0.012054302 0.009892710
4.342064076 -0.012965912 0.008663545
4.342064076 -0.013752653 0.007350946
4.342064076 -0.014406949 0.005967554
4.342064076 -0.014922499 0.004526690
4.342064076 -0.015294336 0.003042233
4.342064076 -0.015518880 0.001528476
4.342064076 -0.015593970 0.000000000
4.342064076 -0.015518880 -0.001528476
4.342064076 -0.015294336 -0.003042233
4.342064076 -0.014922499 -0.004526690
4.342064076 -0.014406949 -0.005967554
4.342064076 -0.013752653 -0.007350946
4.342064076 -0.012965912 -0.008663545
4.342064076 -0.012054302 -0.009892710
4.342064076 -0.011026602 -0.011026602
4.342064076 -0.009892710 -0.012054302
4.342064076 -0.008663545 -0.012965912
4.342064076 -0.007350946 -0.013752653
4.342064076 -0.005967554 -0.014406949
4.342064076 -0.004526690 -0.014922499
4.342064076 -0.003042233 -0.015294336
4.342064076 -0.001528476 -0.015518880
4.342064076 -0.000000000 -0.015593970
4.342064076 0.001528476 -0.015518880
4.342064076 0.003042233 -0.015294336
4.342064076 0.004526690 -0.014922499
4.342064076 0.005967554 -0.014406949
4.342064076 0.007350946 -0.013752653
4.342064076 0.008663545 -0.012965912
4.342064076 0.009892710 -0.012054302
4.342064076 0.011026602 -0.011026602
4.342064076 0.012054302 -0.009892710
4.342064076 0.012965912 -0.008663545
4.342064076 0.013752653 -0.007350946
4.342064076 0.014406949 -0.005967554
4.342064076 0.014922499 -0.004526690
4.342064076 0.015294336 -0.003042233
4.342064076 0.015518880 -0.001528476
#165
4.343339020 0.014922500 0.000000000
4.343339020 0.014850644 0.001462661
4.343339020 0.014635768 0.002911235
4.343339020 0.014279942 0.004331773
4.343339020 0.013786592 0.005710594
4.343339020 0.013160470 0.007034418
4.343339020 0.012407605 0.008290497
4.343339020 0.011535248 0.009466734
4.343339020 0.010551801 0.010551801
4.343339020 0.009466734 0.011535248
4.343339020 0.008290497 0.012407605
4.343339020 0.007034418 0.013160470
4.343339020 0.005710594 0.013786592
4.343339020 0.004331773 0.014279942
4.343339020 0.002911235 0.014635768
4.343339020 0.001462661 0.014850644
4.343339020 0.000000000 0.014922500
4.343339020 -0.001462661 0.014850644
4.343339020 -0.002911235 0.014635768
4.343339020 -0.004331773 0.014279942
4.343339020 -0.005710594 0.013786592
4.343339020 -0.007034418 0.013160470
4.343339020 -0.008290497 0.012407605
4.343339020 -0.009466734 0.011535248
4.343339020 -0.010551801 0.010551801
4.343339020 -0.011535248 0.009466734
4.343339020 -0.012407605 0.008290497
4.343339020 -0.013160470 0.007034418
4.343339020 -0.013786592 0.005710594
4.343339020 -0.014279942 0.004331773
4.343339020 -0.014635768 0.002911235
4.343339020 -0.014850644 0.001462661
4.343339020 -0.014922500 0.000000000
4.343339020 -0.014850644 -0.001462661
4.343339020 -0.014635768 -0.002911235
4.343339020 -0.014279942 -0.004331773
4.343339020 -0.013786592 -0.005710594
4.343339020 -0.013160470 -0.007034418
4.343339020 -0.012407605 -0.008290497
4.343339020 -0.011535248 -0.009466734
4.343339020 -0.010551801 -0.010551801
4.343339020 -0.009466734 -0.011535248
4.343339020 -0.008290497 -0.012407605
4.343339020 -0.007034418 -0.013160470
4.343339020 -0.005710594 -0.013786592
4.343339020 -0.004331773 -0.014279942
4.343339020 -0.002911235 -0.014635768
4.343339020 -0.001462661 -0.014850644
4.343339020 -0.000000000 -0.014922500
4.343339020 0.001462661 -0.014850644
4.343339020 0.002911235 -0.014635768
4.343339020 0.004331773 -0.014279942
4.343339020 0.005710594 -0.013786592
4.343339020 0.007034418 -0.013160470
4.343339020 0.008290497 -0.012407605
4.343339020 0.009466734 -0.011535248
4.343339020 0.010551801 -0.010551801
4.343339020 0.011535248 -0.009466734
4.343339020 0.012407605 -0.008290497
4.343339020 0.013160470 -0.007034418
4.343339020 0.013786592 -0.005710594
4.343339020 0.014279942 -0.004331773
4.343339020 0.014635768 -0.002911235
4.343339020 0.014850644 -0.001462661
#166
4.344557430 0.014240803 0.000000000
4.344557430 0.014172230 0.001395843
4.344557430 0.013967170 0.002778243
4.344557430 0.013627599 0.004133887
4.344557430 0.013156787 0.005449719
4.344557430 0.012559267 0.006713068
4.344557430 0.011840795 0.007911766
4.344557430 0.011008290 0.009034270
4.344557430 0.010069769 0.010069769
4.344557430 0.009034270 0.011008290
4.344557430 0.007911766 0.011840795
4.344557430 0.006713068 0.012559267
4.344557430 0.005449719 0.013156787
4.344557430 0.004133887 0.013627599
4.344557430 0.002778243 0.013967170
4.344557430 0.001395843 0.014172230
4.344557430 0.000000000 0.014240803
4.344557430 -0.001395843 0.014172230
4.344557430 -0.002778243 0.013967170
4.344557430 -0.004133887 0.013627599
4.344557430 -0.005449719 0.013156787
4.344557430 -0.006713068 0.012559267
4.344557430 -0.007911766 0.011840795
4.344557430 -0.009034270 0.011008290
4.344557430 -0.010069769 0.010069769
4.344557430 -0.011008290 0.009034270
4.344557430 -0.011840795 0.007911766
4.344557430 -0.012559267 0.006713068
4.344557430 -0.013156787 0.005449719
4.344557430 -0.013627599 0.004133887
4.344557430 -0.013967170 0.002778243
4.344557430 -0.014172230 0.001395843
4.344557430 -0.014240803 0.000000000
4.344557430 -0.014172230 -0.001395843
4.344557430 -0.013967170 -0.002778243
4.344557430 -0.013627599 -0.004133887
4.344557430 -0.013156787 -0.005449719
4.344557430 -0.012559267 -0.006713068
4.344557430 -0.011840795 -0.007911766
4.344557430 -0.011008290 -0.009034270
4.344557430 -0.010069769 -0.010069769
4.344557430 -0.009034270 -0.011008290
4.344557430 -0.007911766 -0.011840795
4.344557430 -0.006713068 -0.012559267
4.344557430 -0.005449719 -0.013156787
4.344557430 -0.004133887 -0.013627599
4.344557430 -0.002778243 -0.013967170
4.344557430 -0.001395843 -0.014172230
4.344557430 -0.000000000 -0.014240803
4.344557430 0.001395843 -0.014172230
4.344557430 0.002778243 -0.013967170
4.344557430 0.004133887 -0.013627599
4.344557430 0.005449719 -0.013156787
4.344557430 0.006713068 -0.012559267
4.344557430 0.007911766 -0.011840795
4.344557430 0.009034270 -0.011008290
4.344557430 0.010069769 -0.010069769
4.344557430 0.011008290 -0.009034270
4.344557430 0.011840795 -0.007911766
4.344557430 0.012559267 -0.006713068
4.344557430 0.013156787 -0.005449719
4.344557430 0.013627599 -0.004133887
4.344557430 0.013967170 -0.002778243
4.344557430 0.014172230 -0.001395843
#167
4.345718471 0.013549346 0.000000000
4.345718471 0.013484103 0.001328068
4.345718471 0.013289000 0.002643346
4.345718471 0.012965916 0.003933168
4.345718471 0.012517964 0.005185110
4.345718471 0.011949457 0.006387118
4.345718471 0.011265870 0.007527614
4.345718471 0.010473786 0.008595614
4.345718471 0.009580835 0.009580835
4.345718471 0.008595614 0.010473786
4.345718471 0.007527614 0.011265870
4.345718471 0.006387118 0.011949457
4.345718471 0.005185110 0.012517964
4.345718471 0.003933168 0.012965916
4.345718471 0.002643346 0.013289000
4.345718471 0.001328068 0.013484103
4.345718471 0.000000000 0.013549346
4.345718471 -0.001328068 0.013484103
4.345718471 -0.002643346 0.013289000
4.345718471 -0.003933168 0.012965916
4.345718471 -0.005185110 0.012517964
4.345718471 -0.006387118 0.011949457
4.345718471 -0.007527614 0.011265870
4.345718471 -0.008595614 0.010473786
4.345718471 -0.009580835 0.009580835
4.345718471 -0.010473786 0.008595614
4.345718471 -0.011265870 0.007527614
4.345718471 -0.011949457 0.006387118
4.345718471 -0.012517964 0.005185110
4.345718471 -0.012965916 0.003933168
4.345718471 -0.013289000 0.002643346
4.345718471 -0.013484103 0.001328068
4.345718471 -0.013549346 0.000000000
4.345718471 -0.013484103 -0.001328068
4.345718471 -0.013289000 -0.002643346
4.345718471 -0.012965916 -0.003933168
4.345718471 -0.012517964 -0.005185110
4.345718471 -0.011949457 -0.006387118
4.345718471 -0.011265870 -0.007527614
4.345718471 -0.010473786 -0.008595614
4.345718471 -0.009580835 -0.009580835
4.345718471 -0.008595614 -0.010473786
4.345718471 -0.007527614 -0.011265870
4.345718471 -0.006387118 -0.011949457
4.345718471 -0.005185110 -0.012517964
4.345718471 -0.003933168 -0.012965916
4.345718471 -0.002643346 -0.013289000
4.345718471 -0.001328068 -0.013484103
4.345718471 -0.000000000 -0.013549346
4.345718471 0.001328068 -0.013484103
4.345718471 0.002643346 -0.013289000
4.345718471 0.003933168 -0.012965916
4.345718471 0.005185110 -0.012517964
4.345718471 0.006387118 -0.011949457
4.345718471 0.007527614 -0.011265870
4.345718471 0.008595614 -0.010473786
4.345718471 0.009580835 -0.009580835
4.345718471 0.010473786 -0.008595614
4.345718471 0.011265870 -0.007527614
4.345718471 0.011949457 -0.006387118
4.345718471 0.012517964 -0.005185110
4.345718471 0.012965916 -0.003933168
4.345718471 0.013289000 -0.002643346
4.345718471 0.013484103 -0.001328068
#168
4.346821348 0.012848604 0.000000000
4.346821348 0.012786734 0.001259383
4.346821348 0.012601721 0.002506638
4.346821348 0.012295347 0.003729753
4.346821348 0.011870562 0.004916948
4.346821348 0.011331457 0.006056790
4.346821348 0.010683224 0.007138302
4.346821348 0.009932105 0.008151068
4.346821348 0.009085335 0.009085335
4.346821348 0.008151068 0.009932105
4.346821348 0.007138302 0.010683224
4.346821348 0.006056790 0.011331457
4.346821348 0.004916948 0.011870562
4.346821348 0.003729753 0.012295347
4.346821348 0.002506638 0.012601721
4.346821348 0.001259383 0.012786734
4.346821348 0.000000000 0.012848604
4.346821348 -0.001259383 0.012786734
4.346821348 -0.002506638 0.012601721
4.346821348 -0.003729753 0.012295347
4.346821348 -0.004916948 0.011870562
4.346821348 -0.006056790 0.011331457
4.346821348 -0.007138302 0.010683224
4.346821348 -0.008151068 0.009932105
4.346821348 -0.009085335 0.009085335
4.346821348 -0.009932105 0.008151068
4.346821348 -0.010683224 0.007138302
4.346821348 -0.011331457 0.006056790
4.346821348 -0.011870562 0.004916948
4.346821348 -0.012295347 0.003729753
4.346821348 -0.012601721 0.002506638
4.346821348 -0.012786734 0.001259383
4.346821348 -0.012848604 0.000000000
4.346821348 -0.012786734 -0.001259383
4.346821348 -0.012601721 -0.002506638
4.346821348 -0.012295347 -0.003729753
4.346821348 -0.011870562 -0.004916948
4.346821348 -0.011331457 -0.006056790
4.346821348 -0.010683224 -0.007138302
4.346821348 -0.009932105 -0.008151068
4.346821348 -0.009085335 -0.009085335
4.346821348 -0.008151068 -0.009932105
4.346821348 -0.007138302 -0.010683224
4.346821348 -0.006056790 -0.011331457
4.346821348 -0.004916948 -0.011870562
4.346821348 -0.003729753 -0.012295347
4.346821348 -0.002506638 -0.012601721
4.346821348 -0.001259383 -0.012786734
4.346821348 -0.000000000 -0.012848604
4.346821348 0.001259383 -0.012786734
4.346821348 0.002506638 -0.012601721
4.346821348 0.003729753 -0.012295347
4.346821348 0.004916948 -0.011870562
4.346821348 0.006056790 -0.011331457
4.346821348 0.007138302 -0.010683224
4.346821348 0.008151068 -0.009932105
4.346821348 0.009085335 -0.009085335
4.346821348 0.009932105 -0.008151068
4.346821348 0.010683224 -0.007138302
4.346821348 0.011331457 -0.006056790
4.346821348 0.011870562 -0.004916948
4.346821348 0.012295347 -0.003729753
4.346821348 0.012601721 -0.002506638
4.346821348 0.012786734 -0.001259383
#169
4.347865305 0.012139055 0.000000000
4.347865305 0.012080602 0.001189835
4.347865305 0.011905807 0.002368212
4.347865305 0.011616351 0.003523782
4.347865305 0.011215025 0.004645415
4.347865305 0.010705691 0.005722311
4.347865305 0.010093255 0.006744098
4.347865305 0.009383616 0.007700935
4.347865305 0.008583608 0.008583608
4.347865305 0.007700935 0.009383616
4.347865305 0.006744098 0.010093255
4.347865305 0.005722311 0.010705691
4.347865305 0.004645415 0.011215025
4.347865305 0.003523782 0.011616351
4.347865305 0.002368212 0.011905807
4.347865305 0.001189835 0.012080602
4.347865305 0.000000000 0.012139055
4.347865305 -0.001189835 0.012080602
4.347865305 -0.002368212 0.011905807
4.347865305 -0.003523782 0.011616351
4.347865305 -0.004645415 0.011215025
4.347865305 -0.005722311 0.010705691
4.347865305 -0.006744098 0.010093255
4.347865305 -0.007700935 0.009383616
4.347865305 -0.008583608 0.008583608
4.347865305 -0.009383616 0.007700935
4.347865305 -0.010093255 0.006744098
4.347865305 -0.010705691 0.005722311
4.347865305 -0.011215025 0.004645415
4.347865305 -0.011616351 0.003523782
4.347865305 -0.011905807 0.002368212
4.347865305 -0.012080602 0.001189835
4.347865305 -0.012139055 0.000000000
4.347865305 -0.012080602 -0.001189835
4.347865305 -0.011905807 -0.002368212
4.347865305 -0.011616351 -0.003523782
4.347865305 -0.011215025 -0.004645415
4.347865305 -0.010705691 -0.005722311
4.347865305 -0.010093255 -0.006744098
4.347865305 -0.009383616 -0.007700935
4.347865305 -0.008583608 -0.008583608
4.347865305 -0.007700935 -0.009383616
4.347865305 -0.006744098 -0.010093255
4.347865305 -0.005722311 -0.010705691
4.347865305 -0.004645415 -0.011215025
4.347865305 -0.003523782 -0.011616351
4.347865305 -0.002368212 -0.011905807
4.347865305 -0.001189835 -0.012080602
4.347865305 -0.000000000 -0.012139055
4.347865305 0.001189835 -0.012080602
4.347865305 0.002368212 -0.011905807
4.347865305 0.003523782 -0.011616351
4.347865305 0.004645415 -0.011215025
4.347865305 0.005722311 -0.010705691
4.347865305 0.006744098 -0.010093255
4.347865305 0.007700935 -0.009383616
4.347865305 0.008583608 -0.008583608
4.347865305 0.009383616 -0.007700935
4.347865305 0.010093255 -0.006744098
4.347865305 0.010705691 -0.005722311
4.347865305 0.011215025 -0.004645415
4.347865305 0.011616351 -0.003523782
4.347865305 0.011905807 -0.002368212
4.347865305 0.012080602 -0.001189835
#170
4.348849625 0.011421187 0.000000000
4.348849625 0.011366191 0.001119472
4.348849625 0.011201732 0.002228163
4.348849625 0.010929395 0.003315396
4.348849625 0.010551801 0.004370699
4.348849625 0.010072588 0.005383910
4.348849625 0.009496370 0.006345272
4.348849625 0.008828697 0.007245524
4.348849625 0.008075999 0.008075999
4.348849625 0.007245524 0.008828697
4.348849625 0.006345272 0.009496370
4.348849625 0.005383910 0.010072588
4.348849625 0.004370699 0.010551801
4.348849625 0.003315396 0.010929395
4.348849625 0.002228163 0.011201732
4.348849625 0.001119472 0.011366191
4.348849625 0.000000000 0.011421187
4.348849625 -0.001119472 0.011366191
4.348849625 -0.002228163 0.011201732
4.348849625 -0.003315396 0.010929395
4.348849625 -0.004370699 0.010551801
4.348849625 -0.005383910 0.010072588
4.348849625 -0.006345272 0.009496370
4.348849625 -0.007245524 0.008828697
4.348849625 -0.008075999 0.008075999
4.348849625 -0.008828697 0.007245524
4.348849625 -0.009496370 0.006345272
4.348849625 -0.010072588 0.005383910
4.348849625 -0.010551801 0.004370699
4.348849625 -0.010929395 0.003315396
4.348849625 -0.011201732 0.002228163
4.348849625 -0.011366191 0.001119472
4.348849625 -0.011421187 0.000000000
4.348849625 -0.011366191 -0.001119472
4.348849625 -0.011201732 -0.002228163
4.348849625 -0.010929395 -0.003315396
4.348849625 -0.010551801 -0.004370699
4.348849625 -0.010072588 -0.005383910
4.348849625 -0.009496370 -0.006345272
4.348849625 -0.008828697 -0.007245524
4.348849625 -0.008075999 -0.008075999
4.348849625 -0.007245524 -0.008828697
4.348849625 -0.006345272 -0.009496370
4.348849625 -0.005383910 -0.010072588
4.348849625 -0.004370699 -0.010551801
4.348849625 -0.003315396 -0.010929395
4.348849625 -0.002228163 -0.011201732
4.348849625 -0.001119472 -0.011366191
4.348849625 -0.000000000 -0.011421187
4.348849625 0.001119472 -0.011366191
4.348849625 0.002228163 -0.011201732
4.348849625 0.003315396 -0.010929395
4.348849625 0.004370699 -0.010551801
4.348849625 0.005383910 -0.010072588
4.348849625 0.006345272 -0.009496370
4.348849625 0.007245524 -0.008828697
4.348849625 0.008075999 -0.008075999
4.348849625 0.008828697 -0.007245524
4.348849625 0.009496370 -0.006345272
4.348849625 0.010072588 -0.005383910
4.348849625 0.010551801 -0.004370699
4.348849625 0.010929395 -0.003315396
4.348849625 0.011201732 -0.002228163
4.348849625 0.011366191 -0.001119472
#171
4.349773636 0.010695491 0.000000000
4.349773636 0.010643990 0.001048341
4.349773636 0.010489981 0.002086587
4.349773636 0.010234947 0.003104737
4.349773636 0.009881346 0.004092987
4.349773636 0.009432581 0.005041820
4.349773636 0.008892976 0.005942097
4.349773636 0.008267727 0.006785148
4.349773636 0.007562855 0.007562855
4.349773636 0.006785148 0.008267727
4.349773636 0.005942097 0.008892976
4.349773636 0.005041820 0.009432581
4.349773636 0.004092987 0.009881346
4.349773636 0.003104737 0.010234947
4.349773636 0.002086587 0.010489981
4.349773636 0.001048341 0.010643990
4.349773636 0.000000000 0.010695491
4.349773636 -0.001048341 0.010643990
4.349773636 -0.002086587 0.010489981
4.349773636 -0.003104737 0.010234947
4.349773636 -0.004092987 0.009881346
4.349773636 -0.005041820 0.009432581
4.349773636 -0.005942097 0.008892976
4.349773636 -0.006785148 0.008267727
4.349773636 -0.007562855 0.007562855
4.349773636 -0.008267727 0.006785148
4.349773636 -0.008892976 0.005942097
4.349773636 -0.009432581 0.005041820
4.349773636 -0.009881346 0.004092987
4.349773636 -0.010234947 0.003104737
4.349773636 -0.010489981 0.002086587
4.349773636 -0.010643990 0.001048341
4.349773636 -0.010695491 0.000000000
4.349773636 -0.010643990 -0.001048341
4.349773636 -0.010489981 -0.002086587
4.349773636 -0.010234947 -0.003104737
4.349773636 -0.009881346 -0.004092987
4.349773636 -0.009432581 -0.005041820
4.349773636 -0.008892976 -0.005942097
4.349773636 -0.008267727 -0.006785148
4.349773636 -0.007562855 -0.007562855
4.349773636 -0.006785148 -0.008267727
4.349773636 -0.005942097 -0.008892976
4.349773636 -0.005041820 -0.009432581
4.349773636 -0.004092987 -0.009881346
4.349773636 -0.003104737 -0.010234947
4.349773636 -0.002086587 -0.010489981
4.349773636 -0.001048341 -0.010643990
4.349773636 -0.000000000 -0.010695491
4.349773636 0.001048341 -0.010643990
4.349773636 0.002086587 -0.010489981
4.349773636 0.003104737 -0.010234947
4.349773636 0.004092987 -0.009881346
4.349773636 0.005041820 -0.009432581
4.349773636 0.005942097 -0.008892976
4.349773636 0.006785148 -0.008267727
4.349773636 0.007562855 -0.007562855
4.349773636 0.008267727 -0.006785148
4.349773636 0.008892976 -0.005942097
4.349773636 0.009432581 -0.005041820
4.349773636 0.009881346 -0.004092987
4.349773636 0.010234947 -0.003104737
4.349773636 0.010489981 -0.002086587
4.349773636 0.010643990 -0.001048341
#172
4.350636702 0.009962466 0.000000000
4.350636702 0.009914494 0.000976492
4.350636702 0.009771040 0.001943581
4.350636702 0.009533485 0.002891951
4.350636702 0.009204118 0.003812471
4.350636702 0.008786110 0.004696274
4.350636702 0.008283488 0.005534849
4.350636702 0.007701090 0.006320121
4.350636702 0.007044527 0.007044527
4.350636702 0.006320121 0.007701090
4.350636702 0.005534849 0.008283488
4.350636702 0.004696274 0.008786110
4.350636702 0.003812471 0.009204118
4.350636702 0.002891951 0.009533485
4.350636702 0.001943581 0.009771040
4.350636702 0.000976492 0.009914494
4.350636702 0.000000000 0.009962466
4.350636702 -0.000976492 0.009914494
4.350636702 -0.001943581 0.009771040
4.350636702 -0.002891951 0.009533485
4.350636702 -0.003812471 0.009204118
4.350636702 -0.004696274 0.008786110
4.350636702 -0.005534849 0.008283488
4.350636702 -0.006320121 0.007701090
4.350636702 -0.007044527 0.007044527
4.350636702 -0.007701090 0.006320121
4.350636702 -0.008283488 0.005534849
4.350636702 -0.008786110 0.004696274
4.350636702 -0.009204118 0.003812471
4.350636702 -0.009533485 0.002891951
4.350636702 -0.009771040 0.001943581
4.350636702 -0.009914494 0.000976492
4.350636702 -0.009962466 0.000000000
4.350636702 -0.009914494 -0.000976492
4.350636702 -0.009771040 -0.001943581
4.350636702 -0.009533485 -0.002891951
4.350636702 -0.009204118 -0.003812471
4.350636702 -0.008786110 -0.004696274
4.350636702 -0.008283488 -0.005534849
4.350636702 -0.007701090 -0.006320121
4.350636702 -0.007044527 -0.007044527
4.350636702 -0.006320121 -0.007701090
4.350636702 -0.005534849 -0.008283488
4.350636702 -0.004696274 -0.008786110
4.350636702 -0.003812471 -0.009204118
4.350636702 -0.002891951 -0.009533485
4.350636702 -0.001943581 -0.009771040
4.350636702 -0.000976492 -0.009914494
4.350636702 -0.000000000 -0.009962466
4.350636702 0.000976492 -0.009914494
4.350636702 0.001943581 -0.009771040
4.350636702 0.002891951 -0.009533485
4.350636702 0.003812471 -0.009204118
4.350636702 0.004696274 -0.008786110
4.350636702 0.005534849 -0.008283488
4.350636702 0.006320121 -0.007701090
4.350636702 0.007044527 -0.007044527
4.350636702 0.007701090 -0.006320121
4.350636702 0.008283488 -0.005534849
4.350636702 0.008786110 -0.004696274
4.350636702 0.009204118 -0.003812471
4.350636702 0.009533485 -0.002891951
4.350636702 0.009771040 -0.001943581
4.350636702 0.009914494 -0.000976492
#173
4.351438233 0.009222612 0.000000000
4.351438233 0.009178203 0.000903974
4.351438233 0.009045402 0.001799242
4.351438233 0.008825490 0.002677183
4.351438233 0.008520583 0.003529341
4.351438233 0.008133618 0.004347509
4.351438233 0.007668322 0.005123809
4.351438233 0.007129176 0.005850763
4.351438233 0.006521372 0.006521372
4.351438233 0.005850763 0.007129176
4.351438233 0.005123809 0.007668322
4.351438233 0.004347509 0.008133618
4.351438233 0.003529341 0.008520583
4.351438233 0.002677183 0.008825490
4.351438233 0.001799242 0.009045402
4.351438233 0.000903974 0.009178203
4.351438233 0.000000000 0.009222612
4.351438233 -0.000903974 0.009178203
4.351438233 -0.001799242 0.009045402
4.351438233 -0.002677183 0.008825490
4.351438233 -0.003529341 0.008520583
4.351438233 -0.004347509 0.008133618
4.351438233 -0.005123809 0.007668322
4.351438233 -0.005850763 0.007129176
4.351438233 -0.006521372 0.006521372
4.351438233 -0.007129176 0.005850763
4.351438233 -0.007668322 0.005123809
4.351438233 -0.008133618 0.004347509
4.351438233 -0.008520583 0.003529341
4.351438233 -0.008825490 0.002677183
4.351438233 -0.009045402 0.001799242
4.351438233 -0.009178203 0.000903974
4.351438233 -0.009222612 0.000000000
4.351438233 -0.009178203 -0.000903974
4.351438233 -0.009045402 -0.001799242
4.351438233 -0.008825490 -0.002677183
4.351438233 -0.008520583 -0.003529341
4.351438233 -0.008133618 -0.004347509
4.351438233 -0.007668322 -0.005123809
4.351438233 -0.007129176 -0.005850763
4.351438233 -0.006521372 -0.006521372
4.351438233 -0.005850763 -0.007129176
4.351438233 -0.005123809 -0.007668322
4.351438233 -0.004347509 -0.008133618
4.351438233 -0.003529341 -0.008520583
4.351438233 -0.002677183 -0.008825490
4.351438233 -0.001799242 -0.009045402
4.351438233 -0.000903974 -0.009178203
4.351438233 -0.000000000 -0.009222612
4.351438233 0.000903974 -0.009178203
4.351438233 0.001799242 -0.009045402
4.351438233 0.002677183 -0.008825490
4.351438233 0.003529341 -0.008520583
4.351438233 0.004347509 -0.008133618
4.351438233 0.005123809 -0.007668322
4.351438233 0.005850763 -0.007129176
4.351438233 0.006521372 -0.006521372
4.351438233 0.007129176 -0.005850763
4.351438233 0.007668322 -0.005123809
4.351438233 0.008133618 -0.004347509
4.351438233 0.008520583 -0.003529341
4.351438233 0.008825490 -0.002677183
4.351438233 0.009045402 -0.001799242
4.351438233 0.009178203 -0.000903974
#174
4.352177680 0.008476438 0.000000000
4.352177680 0.008435622 0.000830836
4.352177680 0.008313566 0.001653671
4.352177680 0.008111445 0.002460580
4.352177680 0.007831208 0.003243792
4.352177680 0.007475551 0.003995765
4.352177680 0.007047901 0.004709257
4.352177680 0.006552375 0.005377395
4.352177680 0.005993747 0.005993747
4.352177680 0.005377395 0.006552375
4.352177680 0.004709257 0.007047901
4.352177680 0.003995765 0.007475551
4.352177680 0.003243792 0.007831208
4.352177680 0.002460580 0.008111445
4.352177680 0.001653671 0.008313566
4.352177680 0.000830836 0.008435622
4.352177680 0.000000000 0.008476438
4.352177680 -0.000830836 0.008435622
4.352177680 -0.001653671 0.008313566
4.352177680 -0.002460580 0.008111445
4.352177680 -0.003243792 0.007831208
4.352177680 -0.003995765 0.007475551
4.352177680 -0.004709257 0.007047901
4.352177680 -0.005377395 0.006552375
4.352177680 -0.005993747 0.005993747
4.352177680 -0.006552375 0.005377395
4.352177680 -0.007047901 0.004709257
4.352177680 -0.007475551 0.003995765
4.352177680 -0.007831208 0.003243792
4.352177680 -0.008111445 0.002460580
4.352177680 -0.008313566 0.001653671
4.352177680 -0.008435622 0.000830836
4.352177680 -0.008476438 0.000000000
4.352177680 -0.008435622 -0.000830836
4.352177680 -0.008313566 -0.001653671
4.352177680 -0.008111445 -0.002460580
4.352177680 -0.007831208 -0.003243792
4.352177680 -0.007475551 -0.003995765
4.352177680 -0.007047901 -0.004709257
4.352177680 -0.006552375 -0.005377395
4.352177680 -0.005993747 -0.005993747
4.352177680 -0.005377395 -0.006552375
4.352177680 -0.004709257 -0.007047901
4.352177680 -0.003995765 -0.007475551
4.352177680 -0.003243792 -0.007831208
4.352177680 -0.002460580 -0.008111445
4.352177680 -0.001653671 -0.008313566
4.352177680 -0.000830836 -0.008435622
4.352177680 -0.000000000 -0.008476438
4.352177680 0.000830836 -0.008435622
4.352177680 0.001653671 -0.008313566
4.352177680 0.002460580 -0.008111445
4.352177680 0.003243792 -0.007831208
4.352177680 0.003995765 -0.007475551
4.352177680 0.004709257 -0.007047901
4.352177680 0.005377395 -0.006552375
4.352177680 0.005993747 -0.005993747
4.352177680 0.006552375 -0.005377395
4.352177680 0.007047901 -0.004709257
4.352177680 0.007475551 -0.003995765
4.352177680 0.007831208 -0.003243792
4.352177680 0.008111445 -0.002460580
4.352177680 0.008313566 -0.001653671
4.352177680 0.008435622 -0.000830836
#175
4.352854535 0.007724454 0.000000000
4.352854535 0.007687259 0.000757129
4.352854535 0.007576031 0.001506966
4.352854535 0.007391842 0.002242291
4.352854535 0.007136465 0.002956021
4.352854535 0.006812361 0.003641283
4.352854535 0.006422649 0.004291477
4.352854535 0.005971084 0.004900342
4.352854535 0.005462014 0.005462014
4.352854535 0.004900342 0.005971084
4.352854535 0.004291477 0.006422649
4.352854535 0.003641283 0.006812361
4.352854535 0.002956021 0.007136465
4.352854535 0.002242291 0.007391842
4.352854535 0.001506966 0.007576031
4.352854535 0.000757129 0.007687259
4.352854535 0.000000000 0.007724454
4.352854535 -0.000757129 0.007687259
4.352854535 -0.001506966 0.007576031
4.352854535 -0.002242291 0.007391842
4.352854535 -0.002956021 0.007136465
4.352854535 -0.003641283 0.006812361
4.352854535 -0.004291477 0.006422649
4.352854535 -0.004900342 0.005971084
4.352854535 -0.005462014 0.005462014
4.352854535 -0.005971084 0.004900342
4.352854535 -0.006422649 0.004291477
4.352854535 -0.006812361 0.003641283
4.352854535 -0.007136465 0.002956021
4.352854535 -0.007391842 0.002242291
4.352854535 -0.007576031 0.001506966
4.352854535 -0.007687259 0.000757129
4.352854535 -0.007724454 0.000000000
4.352854535 -0.007687259 -0.000757129
4.352854535 -0.007576031 -0.001506966
4.352854535 -0.007391842 -0.002242291
4.352854535 -0.007136465 -0.002956021
4.352854535 -0.006812361 -0.003641283
4.352854535 -0.006422649 -0.004291477
4.352854535 -0.005971084 -0.004900342
4.352854535 -0.005462014 -0.005462014
4.352854535 -0.004900342 -0.005971084
4.352854535 -0.004291477 -0.006422649
4.352854535 -0.003641283 -0.006812361
4.352854535 -0.002956021 -0.007136465
4.352854535 -0.002242291 -0.007391842
4.352854535 -0.001506966 -0.007576031
4.352854535 -0.000757129 -0.007687259
4.352854535 -0.000000000 -0.007724454
4.352854535 0.000757129 -0.007687259
4.352854535 0.001506966 -0.007576031
4.352854535 0.002242291 -0.007391842
4.352854535 0.002956021 -0.007136465
4.352854535 0.003641283 -0.006812361
4.352854535 0.004291477 -0.006422649
4.352854535 0.004900342 -0.005971084
4.352854535 0.005462014 -0.005462014
4.352854535 0.005971084 -0.004900342
4.352854535 0.006422649 -0.004291477
4.352854535 0.006812361 -0.003641283
4.352854535 0.007136465 -0.002956021
4.352854535 0.007391842 -0.002242291
4.352854535 0.007576031 -0.001506966
4.352854535 0.007687259 -0.000757129
#176
4.353468335 0.006967177 0.000000000
4.353468335 0.006933628 0.000682903
4.353468335 0.006833305 0.001359229
4.353468335 0.006667173 0.002022465
4.353468335 0.006436832 0.002666223
4.353468335 0.006144501 0.003284304
4.353468335 0.005792996 0.003870756
4.353468335 0.005385701 0.004419930
4.353468335 0.004926538 0.004926538
4.353468335 0.004419930 0.005385701
4.353468335 0.003870756 0.005792996
4.353468335 0.003284304 0.006144501
4.353468335 0.002666223 0.006436832
4.353468335 0.002022465 0.006667173
4.353468335 0.001359229 0.006833305
4.353468335 0.000682903 0.006933628
4.353468335 0.000000000 0.006967177
4.353468335 -0.000682903 0.006933628
4.353468335 -0.001359229 0.006833305
4.353468335 -0.002022465 0.006667173
4.353468335 -0.002666223 0.006436832
4.353468335 -0.003284304 0.006144501
4.353468335 -0.003870756 0.005792996
4.353468335 -0.004419930 0.005385701
4.353468335 -0.004926538 0.004926538
4.353468335 -0.005385701 0.004419930
4.353468335 -0.005792996 0.003870756
4.353468335 -0.006144501 0.003284304
4.353468335 -0.006436832 0.002666223
4.353468335 -0.006667173 0.002022465
4.353468335 -0.006833305 0.001359229
4.353468335 -0.006933628 0.000682903
4.353468335 -0.006967177 0.000000000
4.353468335 -0.006933628 -0.000682903
4.353468335 -0.006833305 -0.001359229
4.353468335 -0.006667173 -0.002022465
4.353468335 -0.006436832 -0.002666223
4.353468335 -0.006144501 -0.003284304
4.353468335 -0.005792996 -0.003870756
4.353468335 -0.005385701 -0.004419930
4.353468335 -0.004926538 -0.004926538
4.353468335 -0.004419930 -0.005385701
4.353468335 -0.003870756 -0.005792996
4.353468335 -0.003284304 -0.006144501
4.353468335 -0.002666223 -0.006436832
4.353468335 -0.002022465 -0.006667173
4.353468335 -0.001359229 -0.006833305
4.353468335 -0.000682903 -0.006933628
4.353468335 -0.000000000 -0.006967177
4.353468335 0.000682903 -0.006933628
4.353468335 0.001359229 -0.006833305
4.353468335 0.002022465 -0.006667173
4.353468335 0.002666223 -0.006436832
4.353468335 0.003284304 -0.006144501
4.353468335 0.003870756 -0.005792996
4.353468335 0.004419930 -0.005385701
4.353468335 0.004926538 -0.004926538
4.353468335 0.005385701 -0.004419930
4.353468335 0.005792996 -0.003870756
4.353468335 0.006144501 -0.003284304
4.353468335 0.006436832 -0.002666223
4.353468335 0.006667173 -0.002022465
4.353468335 0.006833305 -0.001359229
4.353468335 0.006933628 -0.000682903
#177
4.354018659 0.006205124 0.000000000
4.354018659 0.006175245 0.000608209
4.354018659 0.006085895 0.001210560
4.354018659 0.005937934 0.001801253
4.354018659 0.005732787 0.002374598
4.354018659 0.005472431 0.002925075
4.354018659 0.005159372 0.003447382
4.354018659 0.004796626 0.003936489
4.354018659 0.004387686 0.004387686
4.354018659 0.003936489 0.004796626
4.354018659 0.003447382 0.005159372
4.354018659 0.002925075 0.005472431
4.354018659 0.002374598 0.005732787
4.354018659 0.001801253 0.005937934
4.354018659 0.001210560 0.006085895
4.354018659 0.000608209 0.006175245
4.354018659 0.000000000 0.006205124
4.354018659 -0.000608209 0.006175245
4.354018659 -0.001210560 0.006085895
4.354018659 -0.001801253 0.005937934
4.354018659 -0.002374598 0.005732787
4.354018659 -0.002925075 0.005472431
4.354018659 -0.003447382 0.005159372
4.354018659 -0.003936489 0.004796626
4.354018659 -0.004387686 0.004387686
4.354018659 -0.004796626 0.003936489
4.354018659 -0.005159372 0.003447382
4.354018659 -0.005472431 0.002925075
4.354018659 -0.005732787 0.002374598
4.354018659 -0.005937934 0.001801253
4.354018659 -0.006085895 0.001210560
4.354018659 -0.006175245 0.000608209
4.354018659 -0.006205124 0.000000000
4.354018659 -0.006175245 -0.000608209
4.354018659 -0.006085895 -0.001210560
4.354018659 -0.005937934 -0.001801253
4.354018659 -0.005732787 -0.002374598
4.354018659 -0.005472431 -0.002925075
4.354018659 -0.005159372 -0.003447382
4.354018659 -0.004796626 -0.003936489
4.354018659 -0.004387686 -0.004387686
4.354018659 -0.003936489 -0.004796626
4.354018659 -0.003447382 -0.005159372
4.354018659 -0.002925075 -0.005472431
4.354018659 -0.002374598 -0.005732787
4.354018659 -0.001801253 -0.005937934
4.354018659 -0.001210560 -0.006085895
4.354018659 -0.000608209 -0.006175245
4.354018659 -0.000000000 -0.006205124
4.354018659 0.000608209 -0.006175245
4.354018659 0.001210560 -0.006085895
4.354018659 0.001801253 -0.005937934
4.354018659 0.002374598 -0.005732787
4.354018659 0.002925075 -0.005472431
4.354018659 0.003447382 -0.005159372
4.354018659 0.003936489 -0.004796626
4.354018659 0.004387686 -0.004387686
4.354018659 0.004796626 -0.003936489
4.354018659 0.005159372 -0.003447382
4.354018659 0.005472431 -0.002925075
4.354018659 0.005732787 -0.002374598
4.354018659 0.005937934 -0.001801253
4.354018659 0.006085895 -0.001210560
4.354018659 0.006175245 -0.000608209
#178
4.354505130 0.005438819 0.000000000
4.354505130 0.005412630 0.000533098
4.354505130 0.005334314 0.001061061
4.354505130 0.005204626 0.001578806
4.354505130 0.005024814 0.002081346
4.354505130 0.004796610 0.002563842
4.354505130 0.004522213 0.003021646
4.354505130 0.004204264 0.003450350
4.354505130 0.003845826 0.003845826
4.354505130 0.003450350 0.004204264
4.354505130 0.003021646 0.004522213
4.354505130 0.002563842 0.004796610
4.354505130 0.002081346 0.005024814
4.354505130 0.001578806 0.005204626
4.354505130 0.001061061 0.005334314
4.354505130 0.000533098 0.005412630
4.354505130 0.000000000 0.005438819
4.354505130 -0.000533098 0.005412630
4.354505130 -0.001061061 0.005334314
4.354505130 -0.001578806 0.005204626
4.354505130 -0.002081346 0.005024814
4.354505130 -0.002563842 0.004796610
4.354505130 -0.003021646 0.004522213
4.354505130 -0.003450350 0.004204264
4.354505130 -0.003845826 0.003845826
4.354505130 -0.004204264 0.003450350
4.354505130 -0.004522213 0.003021646
4.354505130 -0.004796610 0.002563842
4.354505130 -0.005024814 0.002081346
4.354505130 -0.005204626 0.001578806
4.354505130 -0.005334314 0.001061061
4.354505130 -0.005412630 0.000533098
4.354505130 -0.005438819 0.000000000
4.354505130 -0.005412630 -0.000533098
4.354505130 -0.005334314 -0.001061061
4.354505130 -0.005204626 -0.001578806
4.354505130 -0.005024814 -0.002081346
4.354505130 -0.004796610 -0.002563842
4.354505130 -0.004522213 -0.003021646
4.354505130 -0.004204264 -0.003450350
4.354505130 -0.003845826 -0.003845826
4.354505130 -0.003450350 -0.004204264
4.354505130 -0.003021646 -0.004522213
4.354505130 -0.002563842 -0.004796610
4.354505130 -0.002081346 -0.005024814
4.354505130 -0.001578806 -0.005204626
4.354505130 -0.001061061 -0.005334314
4.354505130 -0.000533098 -0.005412630
4.354505130 -0.000000000 -0.005438819
4.354505130 0.000533098 -0.005412630
4.354505130 0.001061061 -0.005334314
4.354505130 0.001578806 -0.005204626
4.354505130 0.002081346 -0.005024814
4.354505130 0.002563842 -0.004796610
4.354505130 0.003021646 -0.004522213
4.354505130 0.003450350 -0.004204264
4.354505130 0.003845826 -0.003845826
4.354505130 0.004204264 -0.003450350
4.354505130 0.004522213 -0.003021646
4.354505130 0.004796610 -0.002563842
4.354505130 0.005024814 -0.002081346
4.354505130 0.005204626 -0.001578806
4.354505130 0.005334314 -0.001061061
4.354505130 0.005412630 -0.000533098
#179
4.354927414 0.004668787 0.000000000
4.354927414 0.004646305 0.000457621
4.354927414 0.004579077 0.000910835
4.354927414 0.004467750 0.001355277
4.354927414 0.004313396 0.001786667
4.354927414 0.004117502 0.002200851
4.354927414 0.003881954 0.002593839
4.354927414 0.003609021 0.002961847
4.354927414 0.003301331 0.003301331
4.354927414 0.002961847 0.003609021
4.354927414 0.002593839 0.003881954
4.354927414 0.002200851 0.004117502
4.354927414 0.001786667 0.004313396
4.354927414 0.001355277 0.004467750
4.354927414 0.000910835 0.004579077
4.354927414 0.000457621 0.004646305
4.354927414 0.000000000 0.004668787
4.354927414 -0.000457621 0.004646305
4.354927414 -0.000910835 0.004579077
4.354927414 -0.001355277 0.004467750
4.354927414 -0.001786667 0.004313396
4.354927414 -0.002200851 0.004117502
4.354927414 -0.002593839 0.003881954
4.354927414 -0.002961847 0.003609021
4.354927414 -0.003301331 0.003301331
4.354927414 -0.003609021 0.002961847
4.354927414 -0.003881954 0.002593839
4.354927414 -0.004117502 0.002200851
4.354927414 -0.004313396 0.001786667
4.354927414 -0.004467750 0.001355277
4.354927414 -0.004579077 0.000910835
4.354927414 -0.004646305 0.000457621
4.354927414 -0.004668787 0.000000000
4.354927414 -0.004646305 -0.000457621
4.354927414 -0.004579077 -0.000910835
4.354927414 -0.004467750 -0.001355277
4.354927414 -0.004313396 -0.001786667
4.354927414 -0.004117502 -0.002200851
4.354927414 -0.003881954 -0.002593839
4.354927414 -0.003609021 -0.002961847
4.354927414 -0.003301331 -0.003301331
4.354927414 -0.002961847 -0.003609021
4.354927414 -0.002593839 -0.003881954
4.354927414 -0.002200851 -0.004117502
4.354927414 -0.001786667 -0.004313396
4.354927414 -0.001355277 -0.004467750
4.354927414 -0.000910835 -0.004579077
4.354927414 -0.000457621 -0.004646305
4.354927414 -0.000000000 -0.004668787
4.354927414 0.000457621 -0.004646305
4.354927414 0.000910835 -0.004579077
4.354927414 0.001355277 -0.004467750
4.354927414 0.001786667 -0.004313396
4.354927414 0.002200851 -0.004117502
4.354927414 0.002593839 -0.003881954
4.354927414 0.002961847 -0.003609021
4.354927414 0.003301331 -0.003301331
4.354927414 0.003609021 -0.002961847
4.354927414 0.003881954 -0.002593839
4.354927414 0.004117502 -0.002200851
4.354927414 0.004313396 -0.001786667
4.354927414 0.004467750 -0.001355277
4.354927414 0.004579077 -0.000910835
4.354927414 0.004646305 -0.000457621
#180
4.355285223 0.003895554 0.000000000
4.355285223 0.003876796 0.000381831
4.355285223 0.003820702 0.000759985
4.355285223 0.003727813 0.001130820
4.355285223 0.003599023 0.001490764
4.355285223 0.003435572 0.001836352
4.355285223 0.003239035 0.002164254
4.355285223 0.003011304 0.002471313
4.355285223 0.002754573 0.002754573
4.355285223 0.002471313 0.003011304
4.355285223 0.002164254 0.003239035
4.355285223 0.001836352 0.003435572
4.355285223 0.001490764 0.003599023
4.355285223 0.001130820 0.003727813
4.355285223 0.000759985 0.003820702
4.355285223 0.000381831 0.003876796
4.355285223 0.000000000 0.003895554
4.355285223 -0.000381831 0.003876796
4.355285223 -0.000759985 0.003820702
4.355285223 -0.001130820 0.003727813
4.355285223 -0.001490764 0.003599023
4.355285223 -0.001836352 0.003435572
4.355285223 -0.002164254 0.003239035
4.355285223 -0.002471313 0.003011304
4.355285223 -0.002754573 0.002754573
4.355285223 -0.003011304 0.002471313
4.355285223 -0.003239035 0.002164254
4.355285223 -0.003435572 0.001836352
4.355285223 -0.003599023 0.001490764
4.355285223 -0.003727813 0.001130820
4.355285223 -0.003820702 0.000759985
4.355285223 -0.003876796 0.000381831
4.355285223 -0.003895554 0.000000000
4.355285223 -0.003876796 -0.000381831
4.355285223 -0.003820702 -0.000759985
4.355285223 -0.003727813 -0.001130820
4.355285223 -0.003599023 -0.001490764
4.355285223 -0.003435572 -0.001836352
4.355285223 -0.003239035 -0.002164254
4.355285223 -0.003011304 -0.002471313
4.355285223 -0.002754573 -0.002754573
4.355285223 -0.002471313 -0.003011304
4.355285223 -0.002164254 -0.003239035
4.355285223 -0.001836352 -0.003435572
4.355285223 -0.001490764 -0.003599023
4.355285223 -0.001130820 -0.003727813
4.355285223 -0.000759985 -0.003820702
4.355285223 -0.000381831 -0.003876796
4.355285223 -0.000000000 -0.003895554
4.355285223 0.000381831 -0.003876796
4.355285223 0.000759985 -0.003820702
4.355285223 0.001130820 -0.003727813
4.355285223 0.001490764 -0.003599023
4.355285223 0.001836352 -0.003435572
4.355285223 0.002164254 -0.003239035
4.355285223 0.002471313 -0.003011304
4.355285223 0.002754573 -0.002754573
4.355285223 0.003011304 -0.002471313
4.355285223 0.003239035 -0.002164254
4.355285223 0.003435572 -0.001836352
4.355285223 0.003599023 -0.001490764
4.355285223 0.003727813 -0.001130820
4.355285223 0.003820702 -0.000759985
4.355285223 0.003876796 -0.000381831
#181
4.355578311 0.003119652 0.000000000
4.355578311 0.003104630 0.000305779
4.355578311 0.003059709 0.000608614
4.355578311 0.002985321 0.000905587
4.355578311 0.002882183 0.001193839
4.355578311 0.002751287 0.001470594
4.355578311 0.002593896 0.001733186
4.355578311 0.002411524 0.001979086
4.355578311 0.002205927 0.002205927
4.355578311 0.001979086 0.002411524
4.355578311 0.001733186 0.002593896
4.355578311 0.001470594 0.002751287
4.355578311 0.001193839 0.002882183
4.355578311 0.000905587 0.002985321
4.355578311 0.000608614 0.003059709
4.355578311 0.000305779 0.003104630
4.355578311 0.000000000 0.003119652
4.355578311 -0.000305779 0.003104630
4.355578311 -0.000608614 0.003059709
4.355578311 -0.000905587 0.002985321
4.355578311 -0.001193839 0.002882183
4.355578311 -0.001470594 0.002751287
4.355578311 -0.001733186 0.002593896
4.355578311 -0.001979086 0.002411524
4.355578311 -0.002205927 0.002205927
4.355578311 -0.002411524 0.001979086
4.355578311 -0.002593896 0.001733186
4.355578311 -0.002751287 0.001470594
4.355578311 -0.002882183 0.001193839
4.355578311 -0.002985321 0.000905587
4.355578311 -0.003059709 0.000608614
4.355578311 -0.003104630 0.000305779
4.355578311 -0.003119652 0.000000000
4.355578311 -0.003104630 -0.000305779
4.355578311 -0.003059709 -0.000608614
4.355578311 -0.002985321 -0.000905587
4.355578311 -0.002882183 -0.001193839
4.355578311 -0.002751287 -0.001470594
4.355578311 -0.002593896 -0.001733186
4.355578311 -0.002411524 -0.001979086
4.355578311 -0.002205927 -0.002205927
4.355578311 -0.001979086 -0.002411524
4.355578311 -0.001733186 -0.002593896
4.355578311 -0.001470594 -0.002751287
4.355578311 -0.001193839 -0.002882183
4.355578311 -0.000905587 -0.002985321
4.355578311 -0.000608614 -0.003059709
4.355578311 -0.000305779 -0.003104630
4.355578311 -0.000000000 -0.003119652
4.355578311 0.000305779 -0.003104630
4.355578311 0.000608614 -0.003059709
4.355578311 0.000905587 -0.002985321
4.355578311 0.001193839 -0.002882183
4.355578311 0.001470594 -0.002751287
4.355578311 0.001733186 -0.002593896
4.355578311 0.001979086 -0.002411524
4.355578311 0.002205927 -0.002205927
4.355578311 0.002411524 -0.001979086
4.355578311 0.002593896 -0.001733186
4.355578311 0.002751287 -0.001470594
4.355578311 0.002882183 -0.001193839
4.355578311 0.002985321 -0.000905587
4.355578311 0.003059709 -0.000608614
4.355578311 0.003104630 -0.000305779
#182
4.355806476 0.002341612 0.000000000
4.355806476 0.002330336 0.000229518
4.355806476 0.002296618 0.000456826
4.355806476 0.002240783 0.000679734
4.355806476 0.002163367 0.000896096
4.355806476 0.002065117 0.001103828
4.355806476 0.001946979 0.001300930
4.355806476 0.001810090 0.001485503
4.355806476 0.001655770 0.001655770
4.355806476 0.001485503 0.001810090
4.355806476 0.001300930 0.001946979
4.355806476 0.001103828 0.002065117
4.355806476 0.000896096 0.002163367
4.355806476 0.000679734 0.002240783
4.355806476 0.000456826 0.002296618
4.355806476 0.000229518 0.002330336
4.355806476 0.000000000 0.002341612
4.355806476 -0.000229518 0.002330336
4.355806476 -0.000456826 0.002296618
4.355806476 -0.000679734 0.002240783
4.355806476 -0.000896096 0.002163367
4.355806476 -0.001103828 0.002065117
4.355806476 -0.001300930 0.001946979
4.355806476 -0.001485503 0.001810090
4.355806476 -0.001655770 0.001655770
4.355806476 -0.001810090 0.001485503
4.355806476 -0.001946979 0.001300930
4.355806476 -0.002065117 0.001103828
4.355806476 -0.002163367 0.000896096
4.355806476 -0.002240783 0.000679734
4.355806476 -0.002296618 0.000456826
4.355806476 -0.002330336 0.000229518
4.355806476 -0.002341612 0.000000000
4.355806476 -0.002330336 -0.000229518
4.355806476 -0.002296618 -0.000456826
4.355806476 -0.002240783 -0.000679734
4.355806476 -0.002163367 -0.000896096
4.355806476 -0.002065117 -0.001103828
4.355806476 -0.001946979 -0.001300930
4.355806476 -0.001810090 -0.001485503
4.355806476 -0.001655770 -0.001655770
4.355806476 -0.001485503 -0.001810090
4.355806476 -0.001300930 -0.001946979
4.355806476 -0.001103828 -0.002065117
4.355806476 -0.000896096 -0.002163367
4.355806476 -0.000679734 -0.002240783
4.355806476 -0.000456826 -0.002296618
4.355806476 -0.000229518 -0.002330336
4.355806476 -0.000000000 -0.002341612
4.355806476 0.000229518 -0.002330336
4.355806476 0.000456826 -0.002296618
4.355806476 0.000679734 -0.002240783
4.355806476 0.000896096 -0.002163367
4.355806476 0.001103828 -0.002065117
4.355806476 0.001300930 -0.001946979
4.355806476 0.001485503 -0.001810090
4.355806476 0.001655770 -0.001655770
4.355806476 0.001810090 -0.001485503
4.355806476 0.001946979 -0.001300930
4.355806476 0.002065117 -0.001103828
4.355806476 0.002163367 -0.000896096
4.355806476 0.002240783 -0.000679734
4.355806476 0.002296618 -0.000456826
4.355806476 0.002330336 -0.000229518
#183
4.355969563 0.001561967 0.000000000
4.355969563 0.001554445 0.000153100
4.355969563 0.001531954 0.000304725
4.355969563 0.001494709 0.000453415
4.355969563 0.001443069 0.000597739
4.355969563 0.001377532 0.000736306
4.355969563 0.001298728 0.000867782
4.355969563 0.001207417 0.000990901
4.355969563 0.001104477 0.001104477
4.355969563 0.000990901 0.001207417
4.355969563 0.000867782 0.001298728
4.355969563 0.000736306 0.001377532
4.355969563 0.000597739 0.001443069
4.355969563 0.000453415 0.001494709
4.355969563 0.000304725 0.001531954
4.355969563 0.000153100 0.001554445
4.355969563 0.000000000 0.001561967
4.355969563 -0.000153100 0.001554445
4.355969563 -0.000304725 0.001531954
4.355969563 -0.000453415 0.001494709
4.355969563 -0.000597739 0.001443069
4.355969563 -0.000736306 0.001377532
4.355969563 -0.000867782 0.001298728
4.355969563 -0.000990901 0.001207417
4.355969563 -0.001104477 0.001104477
4.355969563 -0.001207417 0.000990901
4.355969563 -0.001298728 0.000867782
4.355969563 -0.001377532 0.000736306
4.355969563 -0.001443069 0.000597739
4.355969563 -0.001494709 0.000453415
4.355969563 -0.001531954 0.000304725
4.355969563 -0.001554445 0.000153100
4.355969563 -0.001561967 0.000000000
4.355969563 -0.001554445 -0.000153100
4.355969563 -0.001531954 -0.000304725
4.355969563 -0.001494709 -0.000453415
4.355969563 -0.001443069 -0.000597739
4.355969563 -0.001377532 -0.000736306
4.355969563 -0.001298728 -0.000867782
4.355969563 -0.001207417 -0.000990901
4.355969563 -0.001104477 -0.001104477
4.355969563 -0.000990901 -0.001207417
4.355969563 -0.000867782 -0.001298728
4.355969563 -0.000736306 -0.001377532
4.355969563 -0.000597739 -0.001443069
4.355969563 -0.000453415 -0.001494709
4.355969563 -0.000304725 -0.001531954
4.355969563 -0.000153100 -0.001554445
4.355969563 -0.000000000 -0.001561967
4.355969563 0.000153100 -0.001554445
4.355969563 0.000304725 -0.001531954
4.355969563 0.000453415 -0.001494709
4.355969563 0.000597739 -0.001443069
4.355969563 0.000736306 -0.001377532
4.355969563 0.000867782 -0.001298728
4.355969563 0.000990901 -0.001207417
4.355969563 0.001104477 -0.001104477
4.355969563 0.001207417 -0.000990901
4.355969563 0.001298728 -0.000867782
4.355969563 0.001377532 -0.000736306
4.355969563 0.001443069 -0.000597739
4.355969563 0.001494709 -0.000453415
4.355969563 0.001531954 -0.000304725
4.355969563 0.001554445 -0.000153100
#184
4.356067460 0.000781251 0.000000000
4.356067460 0.000777489 0.000076576
4.356067460 0.000766240 0.000152415
4.356067460 0.000747611 0.000226785
4.356067460 0.000721782 0.000298972
4.356067460 0.000689002 0.000368279
4.356067460 0.000649586 0.000434040
4.356067460 0.000603915 0.000495620
4.356067460 0.000552428 0.000552428
4.356067460 0.000495620 0.000603915
4.356067460 0.000434040 0.000649586
4.356067460 0.000368279 0.000689002
4.356067460 0.000298972 0.000721782
4.356067460 0.000226785 0.000747611
4.356067460 0.000152415 0.000766240
4.356067460 0.000076576 0.000777489
4.356067460 0.000000000 0.000781251
4.356067460 -0.000076576 0.000777489
4.356067460 -0.000152415 0.000766240
4.356067460 -0.000226785 0.000747611
4.356067460 -0.000298972 0.000721782
4.356067460 -0.000368279 0.000689002
4.356067460 -0.000434040 0.000649586
4.356067460 -0.000495620 0.000603915
4.356067460 -0.000552428 0.000552428
4.356067460 -0.000603915 0.000495620
4.356067460 -0.000649586 0.000434040
4.356067460 -0.000689002 0.000368279
4.356067460 -0.000721782 0.000298972
4.356067460 -0.000747611 0.000226785
4.356067460 -0.000766240 0.000152415
4.356067460 -0.000777489 0.000076576
4.356067460 -0.000781251 0.000000000
4.356067460 -0.000777489 -0.000076576
4.356067460 -0.000766240 -0.000152415
4.356067460 -0.000747611 -0.000226785
4.356067460 -0.000721782 -0.000298972
4.356067460 -0.000689002 -0.000368279
4.356067460 -0.000649586 -0.000434040
4.356067460 -0.000603915 -0.000495620
4.356067460 -0.000552428 -0.000552428
4.356067460 -0.000495620 -0.000603915
4.356067460 -0.000434040 -0.000649586
4.356067460 -0.000368279 -0.000689002
4.356067460 -0.000298972 -0.000721782
4.356067460 -0.000226785 -0.000747611
4.356067460 -0.000152415 -0.000766240
4.356067460 -0.000076576 -0.000777489
4.356067460 -0.000000000 -0.000781251
4.356067460 0.000076576 -0.000777489
4.356067460 0.000152415 -0.000766240
4.356067460 0.000226785 -0.000747611
4.356067460 0.000298972 -0.000721782
4.356067460 0.000368279 -0.000689002
4.356067460 0.000434040 -0.000649586
4.356067460 0.000495620 -0.000603915
4.356067460 0.000552428 -0.000552428
4.356067460 0.000603915 -0.000495620
4.356067460 0.000649586 -0.000434040
4.356067460 0.000689002 -0.000368279
4.356067460 0.000721782 -0.000298972
4.356067460 0.000747611 -0.000226785
4.356067460 0.000766240 -0.000152415
4.356067460 0.000777489 -0.000076576
#185
4.356100100 0.000000000 0.000000000
