# hull case suboff_fit: stations (hull_modify design)
# x from the nose; A/Am against x/L is the sectional area curve; r = sqrt(A / pi)
# x_m  x/L  area_m2  A/Am  r_m  girth_m  breadth_m  depth_m
0.000000000 0.000000000 0.000000000 0.000000000 0.000000000 0.000000000 0.000000000 0.000000000
0.000015668 0.000003597 0.000018404 0.000090800 0.002420345 0.015207477 0.004840690 0.004840690
0.000062671 0.000014387 0.000069122 0.000341036 0.004690658 0.029472272 0.009381316 0.009381316
0.000141005 0.000032370 0.000149879 0.000739473 0.006907085 0.043398496 0.013814170 0.013814170
0.000250667 0.000057544 0.000259510 0.001280375 0.009088712 0.057106061 0.018177424 0.018177424
0.000391650 0.000089908 0.000397204 0.001959732 0.011244290 0.070649959 0.022488581 0.022488581
0.000563943 0.000129461 0.000562321 0.002774384 0.013378797 0.084061460 0.026757594 0.026757594
0.000767538 0.000176199 0.000754319 0.003721670 0.015495396 0.097360441 0.030990791 0.030990791
0.001002422 0.000230119 0.000972724 0.004799237 0.017596239 0.110560429 0.035192478 0.035192478
0.001268579 0.000291219 0.001217100 0.006004942 0.019682858 0.123671045 0.039365716 0.039365716
0.001565994 0.000359495 0.001487041 0.007336782 0.021756376 0.136699342 0.043512752 0.043512752
0.001894649 0.000434941 0.001782161 0.008792850 0.023817632 0.149650598 0.047635265 0.047635265
0.002254522 0.000517555 0.002102088 0.010371306 0.025867263 0.162528809 0.051734527 0.051734527
0.002645592 0.000607330 0.002446456 0.012070354 0.027905754 0.175337025 0.055811508 0.055811508
0.003067834 0.000704262 0.002814908 0.013888226 0.029933475 0.188077571 0.059866950 0.059866950
0.003521224 0.000808343 0.003207088 0.015823168 0.031950707 0.200752214 0.063901414 0.063901414
0.004005731 0.000919568 0.003622642 0.017873435 0.033957661 0.213362274 0.067915321 0.067915321
0.004521328 0.001037930 0.004061216 0.020037278 0.035954489 0.225908717 0.071908978 0.071908978
0.005067981 0.001163422 0.004522455 0.022312945 0.037941300 0.238392220 0.075882600 0.075882600
0.005645658 0.001296035 0.005006002 0.024698672 0.039918164 0.250813222 0.079836328 0.079836328
0.006254322 0.001435762 0.005511495 0.027192680 0.041885120 0.263171969 0.083770240 0.083770240
0.006893937 0.001582594 0.006038571 0.029793174 0.043842180 0.275468544 0.087684361 0.087684361
0.007564462 0.001736522 0.006586862 0.032498342 0.045789337 0.287702891 0.091578675 0.091578675
0.008265856 0.001897536 0.007155998 0.035306350 0.047726564 0.299874844 0.095453128 0.095453128
0.008998076 0.002065626 0.007745602 0.038215345 0.049653818 0.311984140 0.099307636 0.099307636
0.009761077 0.002240783 0.008355294 0.041223451 0.051571045 0.324030432 0.103142090 0.103142090
0.010554811 0.002422996 0.008984690 0.044328773 0.053478179 0.336013309 0.106956358 0.106956358
0.011379230 0.002612252 0.009633401 0.047529391 0.055375145 0.347932301 0.110750291 0.110750291
0.012234284 0.002808541 0.010301034 0.050823365 0.057261862 0.359786889 0.114523724 0.114523724
0.013119918 0.003011850 0.010987190 0.054208734 0.059138239 0.371576515 0.118276478 0.118276478
0.014036079 0.003222166 0.011691470 0.057683516 0.061004183 0.383300589 0.122008367 0.122008367
0.014982710 0.003439478 0.012413466 0.061245708 0.062859596 0.394958492 0.125719193 0.125719193
0.015959753 0.003663771 0.013152769 0.064893290 0.064704376 0.406549586 0.129408752 0.129408752
0.016967147 0.003895031 0.013908965 0.068624222 0.066538418 0.418073212 0.133076837 0.133076837
0.018004830 0.004133245 0.014681638 0.072436446 0.068361616 0.429528704 0.136723233 0.136723233
0.019072738 0.004378398 0.015470368 0.076327889 0.070173862 0.440915382 0.140347725 0.140347725
0.020170806 0.004630473 0.016274730 0.080296462 0.071975048 0.452232562 0.143950095 0.143950095
0.021298965 0.004889457 0.017094299 0.084340063 0.073765063 0.463479560 0.147530126 0.147530126
0.022457146 0.005155333 0.017928647 0.088456577 0.075543799 0.474655689 0.151087598 0.151087598
0.023645278 0.005428084 0.018777342 0.092643878 0.077311147 0.485760266 0.154622295 0.154622295
0.024863287 0.005707694 0.019639951 0.096899828 0.079067000 0.496792612 0.158134000 0.158134000
0.026111099 0.005994146 0.020516039 0.101222284 0.080811250 0.507752057 0.161622499 0.161622499
0.027388635 0.006287421 0.021405171 0.105609093 0.082543791 0.518637937 0.165087583 0.165087583
0.028695818 0.006587502 0.022306909 0.110058098 0.084264521 0.529449602 0.168529042 0.168529042
0.030032566 0.006894370 0.023220814 0.114567136 0.085973337 0.540186411 0.171946675 0.171946675
0.031398798 0.007208007 0.024146449 0.119134046 0.087670140 0.550847738 0.175340281 0.175340281
0.032794429 0.007528392 0.025083375 0.123756660 0.089354833 0.561432972 0.178709665 0.178709665
0.034219373 0.007855507 0.026031152 0.128432814 0.091027320 0.571941519 0.182054640 0.182054640
0.035673542 0.008189330 0.026989342 0.133160346 0.092687510 0.582372800 0.185375020 0.185375020
0.037156846 0.008529842 0.027957509 0.137937097 0.094335314 0.592726256 0.188670627 0.188670627
0.038669194 0.008877021 0.028935214 0.142760913 0.095970645 0.603001348 0.191941291 0.191941291
0.040210492 0.009230847 0.029922024 0.147629647 0.097593422 0.613197557 0.195186845 0.195186845
0.041780646 0.009591296 0.030917505 0.152541161 0.099203565 0.623314383 0.198407130 0.198407130
0.043379559 0.009958348 0.031921224 0.157493325 0.100800998 0.633351351 0.201601997 0.201601997
0.045007131 0.010331978 0.032932754 0.162484023 0.102385649 0.643308007 0.204771299 0.204771299
0.046663263 0.010712165 0.033951667 0.167511150 0.103957450 0.653183921 0.207914899 0.207914899
0.048347853 0.011098885 0.034977540 0.172572615 0.105516335 0.662978685 0.211032670 0.211032670
0.050060796 0.011492113 0.036009953 0.177666346 0.107062244 0.672691919 0.214124488 0.214124488
0.051801986 0.011891826 0.037048488 0.182790284 0.108595120 0.682323264 0.217190241 0.217190241
0.053571318 0.012298000 0.038092733 0.187942392 0.110114911 0.691872391 0.220229822 0.220229822
0.055368680 0.012710608 0.039142279 0.193120652 0.111621567 0.701338993 0.223243135 0.223243135
0.057193963 0.013129626 0.040196720 0.198323069 0.113115045 0.710722791 0.226230091 0.226230091
0.059047054 0.013555027 0.041255658 0.203547668 0.114595304 0.720023533 0.229190609 0.229190609
0.060927838 0.013986786 0.042318697 0.208792501 0.116062309 0.729240993 0.232124618 0.232124618
0.062836200 0.014424875 0.043385447 0.214055645 0.117516027 0.738374974 0.235032054 0.235032054
0.064772022 0.014869269 0.044455524 0.219335204 0.118956432 0.747425304 0.237912863 0.237912863
0.066735184 0.015319938 0.045528549 0.224629308 0.120383500 0.756391841 0.240767001 0.240767001
0.068725565 0.015776856 0.046604149 0.229936120 0.121797215 0.765274470 0.243594429 0.243594429
0.070743043 0.016239995 0.047681959 0.235253831 0.123197561 0.774073103 0.246395121 0.246395121
0.072787493 0.016709325 0.048761618 0.240580663 0.124584529 0.782787684 0.249169059 0.249169059
0.074858789 0.017184818 0.049842771 0.245914872 0.125958115 0.791418180 0.251916231 0.251916231
0.076956803 0.017666445 0.050925073 0.251254748 0.127318319 0.799964591 0.254636638 0.254636638
0.079081406 0.018154176 0.052008184 0.256598614 0.128665144 0.808426942 0.257330288 0.257330288
0.081232467 0.018647980 0.053091772 0.261944830 0.129998599 0.816805288 0.259997198 0.259997198
0.083409852 0.019147827 0.054175510 0.267291791 0.131318698 0.825099713 0.262637396 0.262637396
0.085613429 0.019653687 0.055259082 0.272637932 0.132625458 0.833310328 0.265250916 0.265250916
0.087843060 0.020165528 0.056342177 0.277981721 0.133918901 0.841437272 0.267837802 0.267837802
0.090098608 0.020683319 0.057424495 0.283321671 0.135199055 0.849480713 0.270398109 0.270398109
0.092379934 0.021207027 0.058505740 0.288656331 0.136465949 0.857440847 0.272931898 0.272931898
0.094686898 0.021736621 0.059585626 0.293984289 0.137719621 0.865317897 0.275439241 0.275439241
0.097019357 0.022272068 0.060663877 0.299304177 0.138960109 0.873112115 0.277920218 0.277920218
0.099377168 0.022813334 0.061740223 0.304614666 0.140187458 0.880823778 0.280374916 0.280374916
0.101760183 0.023360387 0.062814404 0.309914470 0.141401717 0.888453193 0.282803435 0.282803435
0.104168258 0.023913192 0.063886166 0.315202344 0.142602939 0.896000691 0.285205878 0.285205878
0.106601243 0.024471716 0.064955267 0.320477088 0.143791181 0.903466634 0.287582361 0.287582361
0.109058988 0.025035923 0.066021472 0.325737541 0.144966503 0.910851404 0.289933007 0.289933007
0.111541342 0.025605780 0.067084554 0.330982590 0.146128973 0.918155415 0.292257946 0.292257946
0.114048151 0.026181251 0.068144297 0.336211161 0.147278659 0.925379104 0.294557317 0.294557317
0.116579261 0.026762301 0.069200491 0.341422227 0.148415634 0.932522932 0.296831268 0.296831268
0.119134516 0.027348893 0.070252938 0.346614803 0.149539977 0.939587388 0.299079954 0.299079954
0.121713757 0.027940992 0.071301447 0.351787949 0.150651769 0.946572982 0.301303538 0.301303538
0.124316827 0.028538561 0.072345836 0.356940768 0.151751095 0.953480251 0.303502190 0.303502190
0.126943564 0.029141563 0.073385932 0.362072407 0.152838044 0.960309753 0.305676088 0.305676088
0.129593806 0.029749961 0.074421572 0.367182057 0.153912709 0.967062073 0.307825418 0.307825418
0.132267391 0.030363717 0.075452599 0.372268954 0.154975186 0.973737813 0.309950372 0.309950372
0.134964152 0.030982794 0.076478869 0.377332376 0.156025575 0.980337602 0.312051150 0.312051150
0.137683924 0.031607153 0.077500243 0.382371645 0.157063979 0.986862087 0.314127959 0.314127959
0.140426538 0.032236757 0.078516593 0.387386124 0.158090505 0.993311940 0.316181010 0.316181010
0.143191827 0.032871565 0.079527799 0.392375223 0.159105263 0.999687848 0.318210525 0.318210525
0.145979618 0.033511539 0.080533749 0.397338391 0.160108365 1.005990524 0.320216729 0.320216729
0.148789741 0.034156639 0.081534340 0.402275120 0.161099927 1.012220694 0.322199854 0.322199854
0.151622021 0.034806827 0.082529478 0.407184945 0.162080069 1.018379108 0.324160138 0.324160138
0.154476284 0.035462060 0.083519077 0.412067439 0.163048913 1.024466531 0.326097825 0.326097825
0.157352354 0.036122300 0.084503059 0.416922220 0.164006582 1.030483746 0.328013164 0.328013164
0.160250054 0.036787505 0.085481353 0.421748942 0.164953205 1.036431553 0.329906410 0.329906410
0.163169205 0.037457634 0.086453899 0.426547300 0.165888911 1.042310767 0.331777822 0.331777822
0.166109627 0.038132647 0.087420642 0.431317029 0.166813832 1.048122220 0.333627664 0.333627664
0.169071138 0.038812501 0.088381536 0.436057900 0.167728104 1.053866756 0.335456207 0.335456207
0.172053555 0.039497154 0.089336543 0.440769724 0.168631862 1.059545237 0.337263724 0.337263724
0.175056696 0.040186564 0.090285631 0.445452347 0.169525246 1.065158534 0.339050492 0.339050492
0.178080374 0.040880689 0.091228777 0.450105651 0.170408396 1.070707532 0.340816793 0.340816793
0.181124403 0.041579486 0.092165963 0.454729553 0.171281456 1.076193130 0.342562913 0.342562913
0.184188595 0.042282912 0.093097181 0.459324005 0.172144570 1.081616234 0.344289140 0.344289140
0.187272761 0.042990922 0.094022426 0.463888993 0.172997884 1.086977763 0.345995768 0.345995768
0.190376712 0.043703475 0.094941704 0.468424535 0.173841546 1.092278645 0.347683091 0.347683091
0.193500255 0.044420525 0.095855023 0.472930681 0.174675704 1.097519815 0.349351407 0.349351407
0.196643197 0.045142029 0.096762400 0.477407509 0.175500509 1.102702219 0.351001018 0.351001018
0.199805346 0.045867942 0.097663858 0.481855132 0.176316112 1.107826807 0.352632225 0.352632225
0.202986506 0.046598219 0.098559424 0.486273687 0.177122667 1.112894537 0.354245333 0.354245333
0.206186480 0.047332815 0.099449133 0.490663342 0.177920325 1.117906373 0.355840650 0.355840650
0.209405071 0.048071685 0.100333023 0.495024291 0.178709242 1.122863282 0.357418483 0.357418483
0.212642081 0.048814783 0.101211139 0.499356752 0.179489571 1.127766237 0.358979142 0.358979142
0.215897311 0.049562064 0.102083531 0.503660969 0.180261469 1.132616212 0.360522938 0.360522938
0.219170558 0.050313481 0.102950253 0.507937212 0.181025090 1.137414187 0.362050180 0.362050180
0.222461622 0.051068988 0.103811363 0.512185770 0.181780591 1.142161138 0.363561182 0.363561182
0.225770299 0.051828538 0.104666926 0.516406954 0.182528127 1.146858048 0.365056255 0.365056255
0.229096386 0.052592085 0.105517008 0.520601099 0.183267855 1.151505895 0.366535710 0.366535710
0.232439676 0.053359581 0.106361680 0.524768555 0.183999930 1.156105659 0.367999861 0.367999861
0.235799965 0.054130979 0.107201019 0.528909692 0.184724509 1.160658318 0.369449017 0.369449017
0.239177044 0.054906232 0.108035101 0.533024899 0.185441745 1.165164847 0.370883490 0.370883490
0.242570705 0.055685292 0.108864010 0.537114577 0.186151794 1.169626218 0.372303588 0.372303588
0.245980739 0.056468110 0.109687829 0.541179145 0.186854811 1.174043400 0.373709621 0.373709621
0.249406936 0.057254638 0.110506646 0.545219036 0.187550947 1.178417357 0.375101895 0.375101895
0.252849084 0.058044829 0.111320551 0.549234693 0.188240357 1.182749046 0.376480714 0.376480714
0.256306971 0.058838632 0.112129638 0.553226573 0.188923191 1.187039420 0.377846383 0.377846383
0.259780384 0.059636000 0.112934000 0.557195143 0.189599601 1.191289425 0.379199201 0.379199201
0.263269108 0.060436882 0.113733733 0.561140879 0.190269734 1.195499997 0.380539468 0.380539468
0.266772928 0.061241230 0.114528937 0.565064265 0.190933740 1.199672067 0.381867479 0.381867479
0.270291628 0.062048994 0.115319711 0.568965793 0.191591764 1.203806555 0.383183528 0.383183528
0.273824991 0.062860124 0.116106155 0.572845961 0.192243952 1.207904371 0.384487903 0.384487903
0.277372799 0.063674570 0.116888371 0.576705271 0.192890446 1.211966417 0.385780892 0.385780892
0.280934833 0.064492281 0.117666463 0.580544230 0.193531389 1.215993580 0.387062778 0.387062778
0.284510874 0.065313208 0.118440534 0.584363348 0.194166920 1.219986738 0.388333840 0.388333840
0.288100700 0.066137300 0.119210686 0.588163136 0.194797176 1.223946757 0.389594353 0.389594353
0.291704091 0.066964506 0.119977025 0.591944107 0.195422294 1.227874488 0.390844589 0.390844589
0.295320824 0.067794775 0.120739653 0.595706773 0.196042407 1.231770771 0.392084814 0.392084814
0.298950676 0.068628055 0.121498675 0.599451645 0.196657646 1.235636429 0.393315291 0.393315291
0.302593424 0.069464295 0.122254194 0.603179233 0.197268139 1.239472272 0.394536278 0.394536278
0.306248841 0.070303444 0.123006312 0.606890042 0.197874013 1.243279094 0.395748027 0.395748027
0.309916704 0.071145451 0.123755131 0.610584574 0.198475393 1.247057674 0.396950786 0.396950786
0.313596785 0.071990262 0.124500752 0.614263326 0.199072399 1.250808774 0.398144798 0.398144798
0.317288859 0.072837825 0.125243274 0.617926791 0.199665150 1.254533139 0.399330301 0.399330301
0.320992696 0.073688090 0.125982795 0.621575452 0.200253762 1.258231497 0.400507524 0.400507524
0.324708068 0.074541002 0.126719413 0.625209786 0.200838348 1.261904557 0.401676696 0.401676696
0.328434747 0.075396511 0.127453222 0.628830262 0.201419018 1.265553013 0.402838036 0.402838036
0.332172502 0.076254561 0.128184316 0.632437339 0.201995879 1.269177537 0.403991757 0.403991757
0.335921103 0.077115102 0.128912785 0.636031468 0.202569035 1.272778783 0.405138069 0.405138069
0.339680319 0.077978079 0.129638718 0.639613086 0.203138587 1.276357385 0.406277174 0.406277174
0.343449918 0.078843440 0.130362202 0.643182621 0.203704633 1.279913960 0.407409267 0.407409267
0.347229666 0.079711131 0.131083321 0.646740488 0.204267269 1.283449102 0.408534538 0.408534538
0.351019332 0.080581099 0.131802157 0.650287089 0.204826584 1.286963385 0.409653169 0.409653169
0.354818681 0.081453289 0.132518788 0.653822813 0.205382668 1.290457364 0.410765337 0.410765337
0.358627479 0.082327649 0.133233291 0.657348033 0.205935606 1.293931571 0.411871211 0.411871211
0.362445492 0.083204124 0.133945737 0.660863111 0.206485477 1.297386518 0.412970955 0.412970955
0.366272482 0.084082660 0.134656198 0.664368389 0.207032362 1.300822696 0.414064724 0.414064724
0.370108215 0.084963203 0.135364739 0.667864197 0.207576334 1.304240574 0.415152669 0.415152669
0.373952454 0.085845698 0.136071423 0.671350846 0.208117465 1.307640598 0.416234930 0.416234930
0.377804961 0.086730092 0.136776311 0.674828631 0.208655822 1.311023195 0.417311644 0.417311644
0.381665500 0.087616329 0.137479459 0.678297831 0.209191470 1.314388769 0.418382939 0.418382939
0.385533831 0.088504355 0.138180919 0.681758704 0.209724469 1.317737700 0.419448937 0.419448937
0.389409717 0.089394116 0.138880741 0.685211493 0.210254876 1.321070348 0.420509752 0.420509752
0.393292918 0.090285556 0.139578970 0.688656421 0.210782746 1.324387051 0.421565492 0.421565492
0.397183194 0.091178620 0.140275646 0.692093691 0.211308128 1.327688124 0.422616256 0.422616256
0.401080307 0.092073253 0.140970808 0.695523490 0.211831069 1.330973861 0.423662138 0.423662138
0.404984014 0.092969400 0.141664489 0.698945982 0.212351613 1.334244532 0.424703225 0.424703225
0.408894076 0.093867006 0.142356719 0.702361313 0.212869798 1.337500387 0.425739596 0.425739596
0.412810252 0.094766016 0.143047522 0.705769609 0.213385662 1.340741653 0.426771323 0.426771323
0.416732299 0.095666373 0.143736922 0.709170975 0.213899236 1.343968537 0.427798472 0.427798472
0.420659976 0.096568023 0.144424934 0.712565498 0.214410551 1.347181222 0.428821101 0.428821101
0.424593040 0.097470910 0.145111572 0.715953242 0.214919631 1.350379870 0.429839263 0.429839263
0.428531250 0.098374978 0.145796845 0.719334251 0.215426501 1.353564624 0.430853001 0.430853001
0.432474361 0.099280171 0.146480758 0.722708550 0.215931178 1.356735603 0.431862355 0.431862355
0.436422131 0.100186433 0.147163312 0.726076142 0.216433678 1.359892908 0.432867357 0.432867357
0.440374317 0.101093709 0.147844503 0.729437010 0.216934015 1.363036616 0.433868030 0.433868030
0.444330674 0.102001943 0.148524323 0.732791116 0.217432197 1.366166788 0.434864395 0.434864395
0.448290958 0.102911078 0.149202761 0.736138402 0.217928231 1.369283460 0.435856462 0.435856462
0.452254925 0.103821059 0.149879801 0.739478789 0.218422120 1.372386654 0.436844240 0.436844240
0.456222332 0.104731829 0.150555423 0.742812179 0.218913863 1.375476368 0.437827726 0.437827726
0.460192932 0.105643333 0.151229602 0.746138452 0.219403458 1.378552583 0.438806916 0.438806916
0.464166480 0.106555513 0.151902311 0.749457471 0.219890898 1.381615262 0.439781797 0.439781797
0.468142733 0.107468314 0.152573517 0.752769077 0.220376176 1.384664349 0.440752351 0.440752351
0.472121445 0.108381679 0.153243184 0.756073091 0.220859278 1.387699769 0.441718556 0.441718556
0.476102369 0.109295553 0.153911274 0.759369317 0.221340191 1.390721433 0.442680381 0.442680381
0.480085261 0.110209878 0.154577740 0.762657539 0.221818897 1.393729233 0.443637793 0.443637793
0.484069875 0.111124599 0.155242537 0.765937523 0.222295376 1.396723043 0.444590753 0.444590753
0.488055966 0.112039658 0.155905613 0.769209016 0.222769608 1.399702726 0.445539215 0.445539215
0.492043286 0.112955000 0.156566914 0.772471747 0.223241565 1.402668124 0.446483131 0.446483131
0.496031591 0.113870568 0.157226380 0.775725430 0.223711223 1.405619068 0.447422445 0.447422445
0.500020634 0.114786305 0.157883951 0.778969760 0.224178550 1.408555373 0.448357100 0.448357100
0.504010169 0.115702155 0.158539560 0.782204415 0.224643516 1.411476841 0.449287033 0.449287033
0.507999950 0.116618062 0.159193141 0.785429059 0.225106087 1.414383261 0.450212175 0.450212175
0.511989731 0.117533968 0.159844621 0.788643339 0.225566228 1.417274409 0.451132456 0.451132456
0.515979266 0.118449819 0.160493926 0.791846888 0.226023900 1.420150047 0.452047800 0.452047800
0.519968309 0.119365556 0.161140979 0.795039324 0.226479064 1.423009929 0.452958129 0.452958129
0.523956614 0.120281123 0.161785699 0.798220251 0.226931680 1.425853796 0.453863360 0.453863360
0.527943934 0.121196465 0.162428003 0.801389261 0.227381704 1.428681380 0.454763407 0.454763407
0.531930025 0.122111525 0.163067807 0.804545932 0.227829092 1.431492401 0.455658183 0.455658183
0.535914639 0.123026245 0.163705022 0.807689831 0.228273798 1.434286573 0.456547596 0.456547596
0.539897531 0.123940570 0.164339558 0.810820513 0.228715775 1.437063600 0.457431551 0.457431551
0.543878455 0.124854444 0.164971323 0.813937523 0.229154976 1.439823178 0.458309952 0.458309952
0.547857167 0.125767809 0.165600223 0.817040396 0.229591350 1.442564997 0.459182700 0.459182700
0.551833420 0.126680610 0.166226161 0.820128657 0.230024847 1.445288740 0.460049694 0.460049694
0.555806968 0.127592791 0.166849039 0.823201824 0.230455416 1.447994084 0.460910832 0.460910832
0.559777568 0.128504294 0.167468759 0.826259405 0.230883004 1.450680700 0.461766009 0.461766009
0.563744975 0.129415064 0.168085219 0.829300902 0.231307559 1.453348258 0.462615118 0.462615118
0.567708942 0.130325045 0.168698317 0.832325812 0.231729027 1.455996419 0.463458055 0.463458055
0.571669226 0.131234180 0.169307950 0.835333625 0.232147354 1.458624846 0.464294709 0.464294709
0.575625583 0.132142414 0.169914012 0.838323825 0.232562486 1.461233196 0.465124972 0.465124972
0.579577769 0.133049690 0.170516401 0.841295895 0.232974368 1.463821125 0.465948736 0.465948736
0.583525539 0.133955953 0.171115008 0.844249312 0.233382944 1.466388287 0.466765889 0.466765889
0.587468650 0.134861146 0.171709729 0.847183553 0.233788161 1.468934339 0.467576322 0.467576322
0.591406860 0.135765213 0.172300456 0.850098090 0.234189963 1.471458932 0.468379925 0.468379925
0.595339924 0.136668100 0.172887083 0.852992398 0.234588294 1.473961724 0.469176588 0.469176588
0.599267601 0.137569750 0.173469503 0.855865949 0.234983101 1.476442369 0.469966202 0.469966202
0.603189648 0.138470107 0.174047610 0.858718217 0.235374329 1.478900526 0.470748658 0.470748658
0.607105824 0.139369117 0.174621296 0.861548677 0.235761924 1.481335856 0.471523848 0.471523848
0.611015886 0.140266723 0.175190456 0.864356806 0.236145832 1.483748023 0.472291664 0.472291664
0.614919593 0.141162870 0.175754985 0.867142085 0.236526001 1.486136695 0.473052002 0.473052002
0.618816706 0.142057504 0.176314778 0.869903998 0.236902378 1.488501542 0.473804756 0.473804756
0.622706982 0.142950568 0.176869731 0.872642034 0.237274912 1.490842242 0.474549824 0.474549824
0.626590183 0.143842007 0.177419742 0.875355687 0.237643552 1.493158477 0.475287105 0.475287105
0.630466069 0.144731768 0.177964710 0.878044456 0.238008249 1.495449934 0.476016498 0.476016498
0.634334400 0.145619794 0.178504535 0.880707851 0.238368954 1.497716310 0.476737908 0.476737908
0.638194939 0.146506032 0.179039118 0.883345384 0.238725619 1.499957304 0.477451239 0.477451239
0.642047446 0.147390425 0.179568363 0.885956578 0.239078199 1.502172627 0.478156398 0.478156398
0.645891685 0.148272921 0.180092175 0.888540967 0.239426648 1.504361996 0.478853296 0.478853296
0.649727418 0.149153464 0.180610460 0.891098090 0.239770922 1.506525135 0.479541844 0.479541844
0.653554408 0.150032000 0.181123129 0.893627501 0.240110980 1.508661780 0.480221959 0.480221959
0.657372421 0.150908474 0.181630092 0.896128762 0.240446780 1.510771675 0.480893560 0.480893560
0.661181219 0.151782834 0.182131264 0.898601448 0.240778283 1.512854573 0.481556567 0.481556567
0.664980568 0.152655025 0.182626560 0.901045145 0.241105453 1.514910239 0.482210906 0.482210906
0.668770234 0.153524992 0.183115899 0.903459453 0.241428252 1.516938447 0.482856504 0.482856504
0.672549982 0.154392683 0.183599203 0.905843986 0.241746647 1.518938983 0.483493295 0.483493295
0.676319581 0.155258044 0.184076397 0.908198371 0.242060606 1.520911643 0.484121212 0.484121212
0.680078797 0.156121021 0.184547408 0.910522249 0.242370098 1.522856238 0.484740196 0.484740196
0.683827398 0.156981562 0.185012166 0.912815277 0.242675094 1.524772586 0.485350188 0.485350188
0.687565153 0.157839613 0.185470604 0.915077127 0.242975569 1.526660522 0.485951137 0.485951137
0.691291832 0.158695121 0.185922661 0.917307488 0.243271496 1.528519891 0.486542993 0.486542993
0.695007204 0.159548033 0.186368275 0.919506065 0.243562855 1.530350552 0.487125710 0.487125710
0.698711041 0.160398298 0.186807390 0.921672579 0.243849624 1.532152376 0.487699248 0.487699248
0.702403115 0.161245862 0.187239955 0.923806769 0.244131785 1.533925247 0.488263571 0.488263571
0.706083196 0.162090673 0.187665918 0.925908392 0.244409323 1.535669064 0.488818645 0.488818645
0.709751059 0.162932679 0.188085235 0.927977222 0.244682222 1.537383740 0.489364443 0.489364443
0.713406476 0.163771828 0.188497863 0.930013051 0.244950471 1.539069200 0.489900942 0.489900942
0.717049224 0.164608068 0.188903764 0.932015692 0.245214061 1.540725383 0.490428121 0.490428121
0.720679076 0.165441349 0.189302904 0.933984972 0.245472984 1.542352244 0.490945967 0.490945967
0.724295809 0.166271617 0.189695251 0.935920743 0.245727235 1.543949751 0.491454469 0.491454469
0.727899200 0.167098823 0.190080780 0.937822871 0.245976811 1.545517885 0.491953622 0.491953622
0.731489026 0.167922915 0.190459468 0.939691244 0.246221712 1.547056644 0.492443424 0.492443424
0.735065067 0.168743842 0.190831295 0.941525768 0.246461940 1.548566039 0.492923880 0.492923880
0.738627101 0.169561554 0.191196247 0.943326371 0.246697498 1.550046094 0.493394996 0.493394996
0.742174909 0.170376000 0.191554312 0.945092997 0.246928393 1.551496849 0.493856786 0.493856786
0.745708272 0.171187130 0.191905483 0.946825613 0.247154633 1.552918358 0.494309266 0.494309266
0.749226972 0.171994893 0.192249759 0.948524203 0.247376229 1.554310690 0.494752459 0.494752459
0.752730792 0.172799241 0.192587139 0.950188772 0.247593195 1.555673925 0.495186390 0.495186390
0.756219516 0.173600124 0.192917628 0.951819346 0.247805545 1.557008162 0.495611091 0.495611091
0.759692929 0.174397491 0.193241236 0.953415966 0.248013298 1.558313509 0.496026596 0.496026596
0.763150816 0.175191295 0.193557975 0.954978698 0.248216472 1.559590092 0.496432945 0.496432945
0.766592964 0.175981485 0.193867863 0.956507623 0.248415091 1.560838048 0.496830181 0.496830181
0.770019161 0.176768013 0.194170918 0.958002842 0.248609177 1.562057528 0.497218354 0.497218354
0.773429195 0.177550831 0.194467167 0.959464477 0.248798758 1.563248698 0.497597515 0.497597515
0.776822856 0.178329891 0.194756637 0.960892667 0.248983861 1.564411735 0.497967721 0.497967721
0.780199935 0.179105144 0.195039360 0.962287569 0.249164517 1.565546830 0.498329033 0.498329033
0.783560224 0.179876542 0.195315371 0.963649359 0.249340758 1.566654188 0.498681516 0.498681516
0.786903514 0.180644038 0.195584711 0.964978232 0.249512619 1.567734023 0.499025239 0.499025239
0.790229601 0.181407585 0.195847422 0.966274397 0.249680137 1.568786565 0.499360273 0.499360273
0.793538278 0.182167136 0.196103550 0.967538084 0.249843348 1.569812054 0.499686696 0.499686696
0.796829342 0.182922643 0.196353145 0.968769538 0.250002294 1.570810742 0.500004589 0.500004589
0.800102589 0.183674060 0.196596260 0.969969021 0.250157017 1.571782892 0.500314033 0.500314033
0.803357819 0.184421340 0.196832951 0.971136811 0.250307559 1.572728778 0.500615118 0.500615118
0.806594829 0.185164438 0.197063278 0.972273202 0.250453967 1.573648686 0.500907934 0.500907934
0.809813420 0.185903308 0.197287304 0.973378503 0.250596287 1.574542910 0.501192575 0.501192575
0.813013394 0.186637904 0.197505094 0.974453037 0.250734569 1.575411757 0.501469137 0.501469137
0.816194554 0.187368181 0.197716716 0.975497143 0.250868861 1.576255541 0.501737722 0.501737722
0.819356703 0.188094094 0.197922242 0.976511172 0.250999216 1.577074587 0.501998432 0.501998432
0.822499645 0.188815598 0.198121747 0.977495489 0.251125687 1.577869227 0.502251374 0.502251374
0.825623188 0.189532648 0.198315306 0.978450472 0.251248328 1.578639804 0.502496656 0.502496656
0.828727139 0.190245201 0.198502998 0.979376512 0.251367195 1.579386668 0.502734390 0.502734390
0.831811305 0.190953212 0.198684906 0.980274010 0.251482345 1.580110175 0.502964690 0.502964690
0.834875497 0.191656637 0.198861112 0.981143380 0.251593835 1.580810691 0.503187671 0.503187671
0.837919526 0.192355434 0.199031703 0.981985044 0.251701726 1.581488587 0.503403452 0.503403452
0.840943204 0.193049559 0.199196767 0.982799436 0.251806077 1.582144241 0.503612153 0.503612153
0.843946345 0.193738970 0.199356393 0.983587001 0.251906949 1.582778038 0.503813897 0.503813897
0.846928762 0.194423623 0.199510673 0.984348188 0.252004404 1.583390367 0.504008807 0.504008807
0.849890273 0.195103476 0.199659700 0.985083459 0.252098505 1.583981623 0.504197010 0.504197010
0.852830695 0.195778489 0.199803568 0.985793281 0.252189316 1.584552205 0.504378632 0.504378632
0.855749846 0.196448618 0.199942376 0.986478129 0.252276901 1.585102518 0.504553802 0.504553802
0.858647546 0.197113823 0.200076218 0.987138485 0.252361325 1.585632969 0.504722650 0.504722650
0.861523616 0.197774063 0.200205196 0.987774835 0.252442653 1.586143969 0.504885306 0.504885306
0.864377879 0.198429297 0.200329408 0.988387672 0.252520951 1.586635932 0.505041903 0.505041903
0.867210159 0.199079484 0.200448954 0.988977493 0.252596286 1.587109274 0.505192572 0.505192572
0.870020282 0.199724584 0.200563938 0.989544799 0.252668724 1.587564415 0.505337448 0.505337448
0.872808073 0.200364559 0.200674460 0.990090095 0.252738332 1.588001774 0.505476664 0.505476664
0.875573362 0.200999367 0.200780624 0.990613887 0.252805177 1.588421773 0.505610354 0.505610354
0.878315976 0.201628970 0.200882532 0.991116686 0.252869326 1.588824834 0.505738652 0.505738652
0.881035748 0.202253329 0.200980290 0.991599004 0.252930847 1.589211380 0.505861693 0.505861693
0.883732509 0.202872406 0.201074000 0.992061351 0.252989806 1.589581833 0.505979612 0.505979612
0.886406094 0.203486163 0.201163766 0.992504242 0.253046272 1.589936616 0.506092543 0.506092543
0.889056336 0.204094561 0.201249693 0.992928190 0.253100310 1.590276150 0.506200620 0.506200620
0.891683073 0.204697563 0.201331885 0.993333707 0.253151989 1.590600855 0.506303977 0.506303977
0.894286143 0.205295131 0.201410444 0.993721303 0.253201373 1.590911150 0.506402747 0.506402747
0.896865384 0.205887230 0.201485475 0.994091490 0.253248531 1.591207450 0.506497062 0.506497062
0.899420639 0.206473822 0.201557079 0.994444775 0.253293527 1.591490170 0.506587055 0.506587055
0.901951749 0.207054872 0.201625361 0.994781661 0.253336428 1.591759720 0.506672855 0.506672855
0.904458558 0.207630343 0.201690420 0.995102653 0.253377297 1.592016510 0.506754594 0.506754594
0.906940912 0.208200200 0.201752359 0.995408246 0.253416200 1.592260944 0.506832400 0.506832400
0.909398657 0.208764408 0.201811277 0.995698936 0.253453200 1.592493422 0.506906400 0.506906400
0.911831642 0.209322931 0.201867273 0.995975213 0.253488360 1.592714341 0.506976720 0.506976720
0.914239717 0.209875736 0.201920447 0.996237560 0.253521743 1.592924093 0.507043487 0.507043487
0.916622732 0.210422789 0.201970894 0.996486456 0.253553411 1.593123066 0.507106822 0.507106822
0.918980543 0.210964055 0.202018711 0.996722377 0.253583424 1.593311643 0.507166848 0.507166848
0.921313002 0.211499502 0.202063992 0.996945788 0.253611842 1.593490199 0.507223684 0.507223684
0.923619966 0.212029096 0.202106832 0.997157150 0.253638725 1.593659108 0.507277449 0.507277449
0.925901292 0.212552804 0.202147321 0.997356918 0.253664130 1.593818735 0.507328260 0.507328260
0.928156840 0.213070595 0.202185551 0.997545537 0.253688115 1.593969439 0.507376231 0.507376231
0.930386471 0.213582436 0.202221611 0.997723448 0.253710737 1.594111574 0.507421474 0.507421474
0.932590048 0.214088296 0.202255587 0.997891081 0.253732050 1.594245486 0.507464099 0.507464099
0.934767433 0.214588144 0.202287566 0.998048860 0.253752108 1.594371516 0.507504216 0.507504216
0.936918494 0.215081948 0.202317632 0.998197199 0.253770965 1.594489996 0.507541929 0.507541929
0.939043097 0.215569678 0.202345867 0.998336505 0.253788672 1.594601254 0.507577344 0.507577344
0.941141111 0.216051305 0.202372352 0.998467175 0.253805280 1.594705608 0.507610560 0.507610560
0.943212407 0.216526798 0.202397165 0.998589598 0.253820839 1.594803369 0.507641679 0.507641679
0.945256857 0.216996128 0.202420383 0.998704153 0.253835398 1.594894841 0.507670795 0.507670795
0.947274335 0.217459267 0.202442082 0.998811210 0.253849002 1.594980322 0.507698005 0.507698005
0.949264716 0.217916185 0.202462334 0.998911128 0.253861699 1.595060099 0.507723398 0.507723398
0.951227878 0.218366855 0.202481210 0.999004259 0.253873533 1.595134453 0.507747066 0.507747066
0.953163700 0.218811248 0.202498779 0.999090944 0.253884547 1.595203657 0.507769095 0.507769095
0.955072062 0.219249338 0.202515109 0.999171514 0.253894784 1.595267977 0.507789568 0.507789568
0.956952846 0.219681096 0.202530265 0.999246290 0.253904284 1.595327669 0.507808569 0.507808569
0.958805937 0.220106498 0.202544310 0.999315583 0.253913088 1.595382982 0.507826176 0.507826176
0.960631220 0.220525515 0.202557304 0.999379694 0.253921233 1.595434158 0.507842465 0.507842465
0.962428582 0.220938124 0.202569307 0.999438915 0.253928756 1.595481428 0.507857512 0.507857512
0.964197914 0.221344297 0.202580376 0.999493527 0.253935693 1.595525018 0.507871387 0.507871387
0.965939104 0.221744010 0.202590565 0.999543800 0.253942080 1.595565144 0.507884159 0.507884159
0.967652047 0.222137239 0.202599929 0.999589997 0.253947948 1.595602015 0.507895896 0.507895896
0.969336637 0.222523958 0.202608516 0.999632368 0.253953330 1.595635832 0.507906660 0.507906660
0.970992769 0.222904145 0.202616378 0.999671154 0.253958257 1.595666787 0.507916513 0.507916513
0.972620341 0.223277776 0.202623560 0.999706587 0.253962757 1.595695066 0.507925515 0.507925515
0.974219254 0.223644827 0.202630107 0.999738890 0.253966860 1.595720846 0.507933721 0.507933721
0.975789408 0.224005277 0.202636062 0.999768273 0.253970593 1.595744296 0.507941185 0.507941185
0.977330706 0.224359102 0.202641467 0.999794940 0.253973980 1.595765578 0.507947959 0.507947959
0.978843054 0.224706281 0.202646361 0.999819085 0.253977046 1.595784846 0.507954093 0.507954093
0.980326358 0.225046793 0.202650781 0.999840891 0.253979816 1.595802248 0.507959632 0.507959632
0.981780527 0.225380617 0.202654762 0.999860533 0.253982311 1.595817923 0.507964621 0.507964621
0.983205471 0.225707731 0.202658338 0.999878179 0.253984552 1.595832004 0.507969104 0.507969104
0.984601102 0.226028117 0.202661542 0.999893984 0.253986559 1.595844617 0.507973119 0.507973119
0.985967334 0.226341753 0.202664403 0.999908099 0.253988352 1.595855881 0.507976704 0.507976704
0.987304082 0.226648621 0.202666949 0.999920665 0.253989948 1.595865908 0.507979896 0.507979896
0.988611265 0.226948702 0.202669209 0.999931813 0.253991364 1.595874804 0.507982727 0.507982727
0.989888801 0.227241978 0.202671206 0.999941668 0.253992615 1.595882669 0.507985231 0.507985231
0.991136613 0.227528429 0.202672966 0.999950348 0.253993718 1.595889595 0.507987435 0.507987435
0.992354622 0.227808039 0.202674509 0.999957962 0.253994685 1.595895671 0.507989369 0.507989369
0.993542754 0.228080790 0.202675857 0.999964612 0.253995529 1.595900978 0.507991059 0.507991059
0.994700935 0.228346666 0.202677029 0.999970395 0.253996264 1.595905593 0.507992528 0.507992528
0.995829094 0.228605650 0.202678043 0.999975398 0.253996899 1.595909585 0.507993798 0.507993798
0.996927162 0.228857726 0.202678916 0.999979705 0.253997446 1.595913021 0.507994892 0.507994892
0.997995070 0.229102878 0.202679663 0.999983390 0.253997914 1.595915962 0.507995828 0.507995828
0.999032753 0.229341092 0.202680298 0.999986525 0.253998312 1.595918464 0.507996625 0.507996625
1.000040147 0.229572352 0.202680835 0.999989173 0.253998649 1.595920577 0.507997297 0.507997297
1.001017190 0.229796645 0.202681285 0.999991394 0.253998931 1.595922349 0.507997861 0.507997861
1.001963821 0.230013957 0.202681660 0.999993242 0.253999165 1.595923824 0.507998331 0.507998331
1.002879982 0.230224274 0.202681968 0.999994766 0.253999359 1.595925040 0.507998718 0.507998718
1.003765616 0.230427583 0.202682220 0.999996009 0.253999517 1.595926032 0.507999033 0.507999033
1.004620670 0.230623871 0.202682424 0.999997012 0.253999644 1.595926832 0.507999288 0.507999288
1.005445089 0.230813128 0.202682586 0.999997811 0.253999746 1.595927470 0.507999491 0.507999491
1.006238823 0.230995340 0.202682713 0.999998437 0.253999825 1.595927969 0.507999650 0.507999650
1.007001824 0.231170497 0.202682810 0.999998920 0.253999886 1.595928354 0.507999773 0.507999773
1.007734044 0.231338588 0.202682884 0.999999283 0.253999933 1.595928644 0.507999865 0.507999865
1.008435438 0.231499602 0.202682938 0.999999549 0.253999966 1.595928857 0.507999933 0.507999933
1.009105963 0.231653530 0.202682976 0.999999737 0.253999990 1.595929007 0.507999981 0.507999981
1.009745578 0.231800361 0.202683002 0.999999863 0.254000006 1.595929108 0.508000013 0.508000013
1.010354242 0.231940088 0.202683018 0.999999942 0.254000016 1.595929170 0.508000032 0.508000032
1.010931919 0.232072702 0.202683026 0.999999984 0.254000022 1.595929204 0.508000043 0.508000043
1.011478572 0.232198193 0.202683029 1.000000000 0.254000024 1.595929216 0.508000047 0.508000047
1.011994169 0.232316555 0.202683029 0.999999998 0.254000023 1.595929215 0.508000047 0.508000047
1.012478676 0.232427780 0.202683026 0.999999983 0.254000021 1.595929203 0.508000043 0.508000043
1.012932066 0.232531862 0.202683022 0.999999962 0.254000019 1.595929186 0.508000038 0.508000038
1.013354308 0.232628793 0.202683017 0.999999937 0.254000016 1.595929167 0.508000031 0.508000031
1.013745378 0.232718568 0.202683012 0.999999913 0.254000013 1.595929147 0.508000025 0.508000025
1.014105251 0.232801182 0.202683007 0.999999890 0.254000010 1.595929128 0.508000019 0.508000019
1.014433906 0.232876629 0.202683003 0.999999869 0.254000007 1.595929112 0.508000014 0.508000014
1.014731321 0.232944904 0.202682999 0.999999852 0.254000005 1.595929099 0.508000010 0.508000010
1.014997478 0.233006004 0.202682997 0.999999839 0.254000003 1.595929088 0.508000006 0.508000006
1.015232362 0.233059925 0.202682995 0.999999829 0.254000002 1.595929080 0.508000004 0.508000004
1.015435957 0.233106663 0.202682993 0.999999823 0.254000001 1.595929075 0.508000002 0.508000002
1.015608250 0.233146215 0.202682993 0.999999818 0.254000001 1.595929071 0.508000001 0.508000001
1.015749233 0.233178579 0.202682992 0.999999816 0.254000000 1.595929069 0.508000000 0.508000000
1.015858895 0.233203754 0.202682992 0.999999815 0.254000000 1.595929068 0.508000000 0.508000000
1.015937229 0.233221736 0.202682992 0.999999814 0.254000000 1.595929068 0.508000000 0.508000000
1.015984232 0.233232527 0.202682992 0.999999814 0.254000000 1.595929068 0.508000000 0.508000000
1.015999900 0.233236123 0.202682992 0.999999814 0.254000000 1.595929068 0.508000000 0.508000000
1.573212400 0.361151572 0.202682992 0.999999814 0.254000000 1.595929068 0.508000000 0.508000000
2.130424900 0.489067021 0.202682992 0.999999814 0.254000000 1.595929068 0.508000000 0.508000000
2.687637400 0.616982470 0.202682992 0.999999814 0.254000000 1.595929068 0.508000000 0.508000000
3.244849900 0.744897919 0.202682992 0.999999814 0.254000000 1.595929068 0.508000000 0.508000000
3.244865568 0.744901516 0.202682992 0.999999814 0.254000000 1.595929068 0.508000000 0.508000000
3.244912571 0.744912306 0.202682991 0.999999813 0.254000000 1.595929067 0.508000000 0.508000000
3.244990905 0.744930289 0.202682991 0.999999809 0.253999999 1.595929064 0.507999999 0.507999999
3.245100567 0.744955463 0.202682989 0.999999800 0.253999998 1.595929057 0.507999996 0.507999996
3.245241550 0.744987827 0.202682985 0.999999779 0.253999996 1.595929040 0.507999991 0.507999991
3.245413844 0.745027380 0.202682977 0.999999740 0.253999991 1.595929009 0.507999981 0.507999981
3.245617439 0.745074118 0.202682964 0.999999676 0.253999983 1.595928958 0.507999965 0.507999965
3.245852322 0.745128038 0.202682944 0.999999577 0.253999970 1.595928879 0.507999940 0.507999940
3.246118480 0.745189138 0.202682914 0.999999429 0.253999951 1.595928761 0.507999902 0.507999902
3.246415895 0.745257414 0.202682871 0.999999219 0.253999924 1.595928593 0.507999849 0.507999849
3.246744549 0.745332861 0.202682812 0.999998930 0.253999888 1.595928362 0.507999775 0.507999775
3.247104422 0.745415474 0.202682734 0.999998541 0.253999838 1.595928052 0.507999677 0.507999677
3.247495493 0.745505250 0.202682630 0.999998029 0.253999773 1.595927644 0.507999547 0.507999547
3.247917735 0.745602181 0.202682496 0.999997369 0.253999689 1.595927117 0.507999379 0.507999379
3.248371125 0.745706262 0.202682326 0.999996529 0.253999583 1.595926446 0.507999166 0.507999166
3.248855633 0.745817488 0.202682112 0.999995474 0.253999449 1.595925605 0.507998898 0.507998898
3.249371229 0.745935850 0.202681847 0.999994165 0.253999283 1.595924560 0.507998565 0.507998565
3.249917883 0.746061341 0.202681521 0.999992557 0.253999078 1.595923277 0.507998157 0.507998157
3.250495560 0.746193954 0.202681124 0.999990599 0.253998830 1.595921715 0.507997659 0.507997659
3.251104224 0.746333681 0.202680645 0.999988236 0.253998530 1.595919829 0.507997059 0.507997059
3.251743839 0.746480513 0.202680071 0.999985403 0.253998170 1.595917569 0.507996340 0.507996340
3.252414364 0.746634441 0.202679387 0.999982032 0.253997742 1.595914878 0.507995483 0.507995483
3.253115758 0.746795455 0.202678579 0.999978043 0.253997235 1.595911695 0.507994470 0.507994470
3.253847978 0.746963546 0.202677628 0.999973350 0.253996639 1.595907950 0.507993278 0.507993278
3.254610979 0.747138703 0.202676515 0.999967858 0.253995942 1.595903568 0.507991883 0.507991883
3.255404714 0.747320915 0.202675219 0.999961463 0.253995129 1.595898465 0.507990259 0.507990259
3.256229134 0.747510172 0.202673716 0.999954050 0.253994188 1.595892550 0.507988376 0.507988376
3.257084187 0.747706460 0.202671982 0.999945494 0.253993101 1.595885722 0.507986203 0.507986203
3.257969822 0.747909770 0.202669988 0.999935658 0.253991852 1.595877873 0.507983704 0.507983704
3.258885983 0.748120086 0.202667705 0.999924394 0.253990421 1.595868884 0.507980843 0.507980843
3.259832614 0.748337398 0.202665100 0.999911540 0.253988789 1.595858627 0.507977578 0.507977578
3.260809657 0.748561691 0.202662137 0.999896923 0.253986933 1.595846963 0.507973865 0.507973865
3.261817052 0.748792952 0.202658779 0.999880355 0.253984828 1.595833741 0.507969656 0.507969656
3.262854735 0.749031166 0.202654985 0.999861632 0.253982450 1.595818800 0.507964901 0.507964901
3.263922644 0.749276318 0.202650709 0.999840538 0.253979771 1.595801966 0.507959542 0.507959542
3.265020712 0.749528394 0.202645906 0.999816839 0.253976761 1.595783053 0.507953522 0.507953522
3.266148871 0.749787378 0.202640524 0.999790284 0.253973388 1.595761862 0.507946777 0.507946777
3.267307053 0.750053254 0.202634509 0.999760608 0.253969619 1.595738179 0.507939238 0.507939238
3.268495185 0.750326005 0.202627803 0.999727525 0.253965417 1.595711776 0.507930834 0.507930834
3.269713195 0.750605615 0.202620346 0.999690733 0.253960744 1.595682413 0.507921487 0.507921487
3.270961006 0.750892067 0.202612072 0.999649910 0.253955558 1.595649833 0.507911117 0.507911117
3.272238543 0.751185342 0.202602912 0.999604714 0.253949817 1.595613761 0.507899635 0.507899635
3.273545726 0.751485423 0.202592792 0.999554785 0.253943475 1.595573911 0.507886950 0.507886950
3.274882475 0.751792291 0.202581635 0.999499740 0.253936483 1.595529977 0.507872965 0.507872965
3.276248708 0.752105928 0.202569360 0.999439176 0.253928789 1.595481636 0.507857578 0.507857578
3.277644339 0.752426313 0.202555880 0.999372668 0.253920340 1.595428549 0.507840680 0.507840680
3.279069283 0.752753428 0.202541104 0.999299769 0.253911079 1.595370359 0.507822157 0.507822157
3.280523452 0.753087252 0.202524938 0.999220009 0.253900945 1.595306690 0.507801891 0.507801891
3.282006757 0.753427764 0.202507282 0.999132895 0.253889877 1.595237147 0.507779755 0.507779755
3.283519105 0.753774943 0.202488030 0.999037910 0.253877809 1.595161318 0.507755618 0.507755618
3.285060404 0.754128769 0.202467074 0.998934515 0.253864671 1.595078770 0.507729342 0.507729342
3.286630558 0.754489218 0.202444298 0.998822143 0.253850392 1.594989051 0.507700783 0.507700783
3.288229471 0.754856270 0.202419583 0.998700206 0.253834896 1.594891689 0.507669792 0.507669792
3.289857044 0.755229900 0.202392805 0.998568088 0.253818106 1.594786192 0.507636211 0.507636211
3.291513177 0.755610087 0.202363834 0.998425150 0.253799939 1.594672047 0.507599878 0.507599878
3.293197767 0.755996807 0.202332535 0.998270726 0.253780311 1.594548720 0.507560622 0.507560622
3.294910710 0.756390036 0.202298768 0.998104126 0.253759133 1.594415658 0.507518267 0.507518267
3.296651902 0.756789749 0.202262387 0.997924631 0.253736315 1.594272285 0.507472630 0.507472630
3.298421234 0.757195922 0.202223243 0.997731499 0.253711760 1.594118005 0.507423521 0.507423521
3.300218597 0.757608531 0.202181178 0.997523962 0.253685372 1.593952201 0.507370744 0.507370744
3.302043880 0.758027549 0.202136033 0.997301223 0.253657047 1.593774233 0.507314095 0.507314095
3.303896972 0.758452950 0.202087640 0.997062461 0.253626682 1.593583441 0.507253364 0.507253364
3.305777756 0.758884709 0.202035828 0.996806830 0.253594167 1.593379143 0.507188334 0.507188334
3.307686119 0.759322799 0.201980420 0.996533456 0.253559390 1.593160636 0.507118781 0.507118781
3.309621941 0.759767192 0.201921233 0.996241441 0.253522237 1.592927196 0.507044474 0.507044474
3.311585104 0.760217862 0.201858081 0.995929859 0.253482589 1.592678076 0.506965177 0.506965177
3.313575486 0.760674780 0.201790770 0.995597761 0.253440323 1.592412511 0.506880645 0.506880645
3.315592964 0.761137919 0.201719104 0.995244172 0.253395314 1.592129711 0.506790627 0.506790627
3.317637415 0.761607249 0.201642879 0.994868093 0.253347433 1.591828869 0.506694866 0.506694866
3.319708711 0.762082743 0.201561888 0.994468500 0.253296549 1.591509154 0.506593098 0.506593098
3.321806726 0.762564369 0.201475919 0.994044346 0.253242526 1.591169718 0.506485052 0.506485052
3.323931329 0.763052100 0.201384755 0.993594560 0.253185226 1.590809691 0.506370452 0.506370452
3.326082391 0.763545904 0.201288175 0.993118049 0.253124507 1.590428183 0.506249014 0.506249014
3.328259777 0.764045752 0.201185951 0.992613698 0.253060225 1.590024285 0.506120449 0.506120449
3.330463354 0.764551612 0.201077855 0.992080370 0.252992231 1.589597070 0.505984462 0.505984462
3.332692986 0.765063453 0.200963650 0.991516907 0.252920376 1.589145591 0.505840752 0.505840752
3.334948535 0.765581244 0.200843100 0.990922133 0.252844506 1.588668885 0.505689012 0.505689012
3.337229862 0.766104953 0.200715960 0.990294850 0.252764464 1.588165969 0.505528929 0.505528929
3.339536826 0.766634547 0.200581986 0.989633846 0.252680092 1.587635844 0.505360185 0.505360185
3.341869286 0.767169994 0.200440927 0.988937887 0.252591228 1.587077494 0.505182457 0.505182457
3.344227097 0.767711260 0.200292531 0.988205728 0.252497708 1.586489890 0.504995416 0.504995416
3.346610114 0.768258313 0.200136541 0.987436104 0.252399365 1.585871983 0.504798730 0.504798730
3.349018189 0.768811118 0.199972699 0.986627739 0.252296031 1.585222713 0.504592061 0.504592061
3.351451175 0.769369642 0.199800744 0.985779344 0.252187533 1.584541005 0.504375067 0.504375067
3.353908921 0.769933850 0.199620411 0.984889618 0.252073700 1.583825770 0.504147401 0.504147401
3.356391275 0.770503707 0.199431436 0.983957248 0.251954356 1.583075909 0.503908712 0.503908712
3.358898085 0.771079178 0.199233550 0.982980915 0.251829324 1.582290309 0.503658648 0.503658648
3.361429196 0.771660228 0.199026483 0.981959289 0.251698425 1.581467848 0.503396851 0.503396851
3.363984451 0.772246820 0.198809967 0.980891038 0.251561479 1.580607392 0.503122959 0.503122959
3.366563693 0.772838919 0.198583729 0.979774820 0.251418305 1.579707800 0.502836610 0.502836610
3.369166764 0.773436488 0.198347496 0.978609294 0.251268719 1.578767921 0.502537437 0.502537437
3.371793502 0.774039490 0.198100998 0.977393116 0.251112536 1.577786600 0.502225073 0.502225073
3.374443745 0.774647889 0.197843960 0.976124939 0.250949573 1.576762671 0.501899146 0.501899146
3.377117330 0.775261645 0.197576111 0.974803422 0.250779643 1.575694967 0.501559286 0.501559286
3.379814092 0.775880722 0.197297179 0.973427224 0.250602559 1.574582315 0.501205117 0.501205117
3.382533864 0.776505082 0.197006893 0.971995008 0.250418134 1.573423538 0.500836267 0.500836267
3.385276480 0.777134685 0.196704984 0.970505448 0.250226180 1.572217457 0.500452360 0.500452360
3.388041769 0.777769494 0.196391185 0.968957220 0.250026510 1.570962893 0.500053020 0.500053020
3.390829561 0.778409468 0.196065229 0.967349015 0.249818936 1.569658666 0.499637871 0.499637871
3.393639684 0.779054569 0.195726853 0.965679532 0.249603270 1.568303597 0.499206540 0.499206540
3.396471966 0.779704756 0.195375797 0.963947487 0.249379325 1.566896510 0.498758650 0.498758650
3.399326230 0.780359990 0.195011803 0.962151609 0.249146914 1.565436229 0.498293828 0.498293828
3.402202301 0.781020230 0.194634617 0.960290645 0.248905851 1.563921587 0.497811702 0.497811702
3.405100002 0.781685435 0.194243989 0.958363360 0.248655951 1.562351418 0.497311902 0.497311902
3.408019153 0.782355565 0.193839673 0.956368541 0.248397030 1.560724566 0.496794059 0.496794059
3.410959576 0.783030577 0.193421428 0.954304999 0.248128904 1.559039881 0.496257807 0.496257807
3.413921088 0.783710431 0.192989018 0.952171567 0.247851391 1.557296221 0.495702783 0.495702783
3.416903506 0.784395085 0.192542211 0.949967106 0.247564313 1.555492456 0.495128627 0.495128627
3.419906648 0.785084495 0.192080782 0.947690505 0.247267491 1.553627465 0.494534982 0.494534982
3.422930327 0.785778620 0.191604514 0.945340684 0.246960748 1.551700142 0.493921496 0.493921496
3.425974356 0.786477417 0.191113192 0.942916595 0.246643910 1.549709392 0.493287820 0.493287820
3.429038549 0.787180843 0.190606611 0.940417222 0.246316806 1.547654135 0.492633611 0.492633611
3.432122717 0.787888854 0.190084574 0.937841588 0.245979266 1.545533308 0.491958531 0.491958531
3.435226668 0.788601407 0.189546889 0.935188750 0.245631123 1.543345863 0.491262246 0.491262246
3.438350212 0.789318458 0.188993373 0.932457807 0.245272214 1.541090773 0.490544429 0.490544429
3.441493155 0.790039962 0.188423852 0.929647899 0.244902378 1.538767026 0.489804757 0.489804757
3.444655305 0.790765875 0.187838161 0.926758206 0.244521458 1.536373634 0.489042916 0.489042916
3.447836465 0.791496152 0.187236141 0.923787956 0.244129299 1.533909627 0.488258599 0.488258599
3.451036441 0.792230748 0.186617647 0.920736420 0.243725751 1.531374060 0.487451503 0.487451503
3.454255033 0.792969618 0.185982539 0.917602919 0.243310667 1.528766011 0.486621335 0.486621335
3.457492044 0.793712717 0.185330691 0.914386821 0.242883905 1.526084581 0.485767809 0.485767809
3.460747274 0.794459997 0.184661984 0.911087547 0.242445324 1.523328897 0.484890648 0.484890648
3.464020523 0.795211415 0.183976312 0.907704568 0.241994791 1.520498114 0.483989582 0.483989582
3.467311588 0.795966922 0.183273577 0.904237410 0.241532175 1.517591413 0.483064350 0.483064350
3.470620266 0.796726472 0.182553696 0.900685652 0.241057351 1.514608004 0.482114701 0.482114701
3.473946354 0.797490019 0.181816595 0.897048932 0.240570197 1.511547127 0.481140394 0.481140394
3.477289645 0.798257516 0.181062211 0.893326942 0.240070597 1.508408050 0.480141195 0.480141195
3.480649935 0.799028915 0.180290493 0.889519434 0.239558441 1.505190074 0.479116881 0.479116881
3.484027015 0.799804168 0.179501405 0.885626219 0.239033621 1.501892533 0.478067241 0.478067241
3.487420677 0.800583227 0.178694919 0.881647170 0.238496036 1.498514792 0.476992073 0.476992073
3.490830712 0.801366046 0.177871022 0.877582218 0.237945592 1.495056250 0.475891185 0.475891185
3.494256910 0.802152574 0.177029714 0.873431360 0.237382198 1.491516341 0.474764397 0.474764397
3.497699059 0.802942765 0.176171005 0.869194652 0.236805770 1.487894533 0.473611540 0.473611540
3.501156947 0.803736569 0.175294921 0.864872216 0.236216228 1.484190332 0.472432456 0.472432456
3.504630360 0.804533936 0.174401499 0.860464239 0.235613500 1.480403279 0.471226999 0.471226999
3.508119085 0.805334819 0.173490789 0.855970970 0.234997518 1.476532951 0.469995035 0.469995035
3.511622906 0.806139167 0.172562856 0.851392723 0.234368221 1.472578965 0.468736443 0.468736443
3.515141608 0.806946931 0.171617777 0.846729881 0.233725555 1.468540974 0.467451110 0.467451110
3.518674972 0.807758061 0.170655642 0.841982888 0.233069471 1.464418673 0.466138941 0.466138941
3.522222781 0.808572507 0.169676555 0.837152256 0.232399925 1.460211792 0.464799849 0.464799849
3.525784816 0.809390219 0.168680633 0.832238563 0.231716881 1.455920105 0.463433763 0.463433763
3.529360858 0.810211147 0.167668006 0.827242452 0.231020311 1.451543422 0.462040621 0.462040621
3.532950685 0.811035239 0.166638818 0.822164631 0.230310189 1.447081596 0.460620378 0.460620378
3.536554077 0.811862445 0.165593225 0.817005874 0.229586499 1.442534520 0.459172999 0.459172999
3.540170811 0.812692714 0.164531399 0.811767019 0.228849232 1.437902129 0.457698463 0.457698463
3.543800665 0.813525994 0.163453520 0.806448971 0.228098381 1.433184397 0.456196762 0.456196762
3.547443413 0.814362235 0.162359787 0.801052696 0.227333951 1.428381342 0.454667902 0.454667902
3.551098832 0.815201384 0.161250407 0.795579225 0.226555951 1.423493021 0.453111901 0.453111901
3.554766696 0.816043391 0.160125603 0.790029651 0.225764396 1.418519535 0.451528792 0.451528792
3.558446778 0.816888202 0.158985608 0.784405129 0.224959309 1.413461025 0.449918618 0.449918618
3.562138852 0.817735766 0.157830669 0.778706876 0.224140719 1.408317675 0.448281439 0.448281439
3.565842690 0.818586031 0.156661044 0.772936167 0.223308663 1.403089711 0.446617326 0.446617326
3.569558064 0.819438944 0.155477004 0.767094338 0.222463182 1.397777399 0.444926365 0.444926365
3.573284744 0.820294452 0.154278832 0.761182783 0.221604327 1.392381049 0.443208653 0.443208653
3.577022500 0.821152503 0.153066822 0.755202950 0.220732151 1.386901010 0.441464303 0.441464303
3.580771103 0.822013044 0.151841278 0.749156345 0.219846719 1.381337673 0.439693438 0.439693438
3.584530320 0.822876021 0.150602516 0.743044527 0.218948098 1.375691473 0.437896196 0.437896196
3.588299919 0.823741383 0.149350863 0.736869108 0.218036364 1.369962881 0.436072729 0.436072729
3.592079669 0.824609074 0.148086656 0.730631749 0.217111600 1.364152412 0.434223199 0.434223199
3.595869336 0.825479042 0.146810242 0.724334163 0.216173892 1.358260621 0.432347784 0.432347784
3.599668686 0.826351232 0.145521978 0.717978109 0.215223336 1.352288102 0.430446672 0.430446672
3.603477485 0.827225592 0.144222230 0.711565394 0.214260032 1.346235488 0.428520065 0.428520065
3.607295499 0.828102067 0.142911372 0.705097866 0.213284089 1.340103451 0.426568177 0.426568177
3.611122490 0.828980604 0.141589788 0.698577419 0.212295617 1.333892704 0.424591235 0.424591235
3.614958224 0.829861147 0.140257869 0.692005986 0.211294738 1.327603996 0.422589477 0.422589477
3.618802464 0.830743643 0.138916017 0.685385536 0.210281577 1.321238113 0.420563153 0.420563153
3.622654973 0.831628036 0.137564636 0.678718079 0.209256263 1.314795879 0.418512527 0.418512527
3.626515512 0.832514274 0.136204142 0.672005657 0.208218935 1.308278155 0.416437871 0.416437871
3.630383845 0.833402301 0.134834955 0.665250345 0.207169735 1.301685837 0.414339471 0.414339471
3.634259732 0.834292061 0.133457502 0.658454248 0.206108812 1.295019856 0.412217623 0.412217623
3.638142934 0.835183501 0.132072214 0.651619500 0.205036317 1.288281178 0.410072635 0.410072635
3.642033212 0.836076566 0.130679531 0.644748260 0.203952412 1.281470801 0.407904825 0.407904825
3.645930325 0.836971199 0.129279893 0.637842713 0.202857260 1.274589758 0.405714521 0.405714521
3.649834034 0.837867347 0.127873749 0.630905062 0.201751031 1.267639114 0.403502062 0.403502062
3.653744097 0.838764953 0.126461549 0.623937533 0.200633899 1.260619965 0.401267798 0.401267798
3.657660273 0.839663963 0.125043748 0.616942368 0.199506043 1.253533438 0.399012086 0.399012086
3.661582322 0.840564321 0.123620803 0.609921823 0.198367648 1.246380689 0.396735295 0.396735295
3.665510000 0.841465971 0.122193173 0.602878168 0.197218902 1.239162904 0.394437803 0.394437803
3.669443066 0.842368858 0.120761322 0.595813683 0.196059998 1.231881298 0.392119996 0.392119996
3.673381276 0.843272926 0.119325713 0.588730657 0.194891134 1.224537110 0.389782268 0.389782268
3.677324389 0.844178119 0.117886811 0.581631384 0.193712512 1.217131610 0.387425024 0.387425024
3.681272160 0.845084382 0.116445081 0.574518162 0.192524338 1.209666090 0.385048676 0.385048676
3.685224347 0.845991658 0.115000991 0.567393291 0.191326821 1.202141869 0.382653642 0.382653642
3.689180705 0.846899892 0.113555006 0.560259070 0.190120175 1.194560289 0.380240350 0.380240350
3.693140990 0.847809028 0.112107590 0.553117796 0.188904617 1.186922714 0.377809234 0.377809234
3.697104959 0.848719009 0.110659210 0.545971759 0.187680368 1.179230531 0.375360736 0.375360736
3.701072366 0.849629779 0.109210328 0.538823246 0.186447652 1.171485149 0.372895304 0.372895304
3.705042967 0.850541283 0.107761404 0.531674531 0.185206696 1.163687994 0.370413393 0.370413393
3.709016518 0.851453464 0.106312899 0.524527878 0.183957731 1.155840514 0.367915462 0.367915462
3.712992772 0.852366265 0.104865268 0.517385539 0.182700990 1.147944175 0.365401980 0.365401980
3.716971484 0.853279631 0.103418965 0.510249751 0.181436708 1.140000458 0.362873416 0.362873416
3.720952410 0.854193504 0.101974439 0.503122731 0.180165125 1.132010865 0.360330249 0.360330249
3.724935303 0.855107830 0.100532137 0.496006681 0.178886481 1.123976908 0.357772962 0.357772962
3.728919918 0.856022551 0.099092499 0.488903780 0.177601020 1.115900117 0.355202039 0.355202039
3.732906010 0.856937610 0.097655964 0.481816185 0.176308987 1.107782035 0.352617973 0.352617973
3.736893331 0.857852952 0.096222963 0.474746029 0.175010630 1.099624217 0.350021259 0.350021259
3.740881637 0.858768520 0.094793924 0.467695418 0.173706198 1.091428230 0.347412396 0.347412396
3.744870681 0.859684258 0.093369268 0.460666432 0.172395943 1.083195654 0.344791885 0.344791885
3.748860218 0.860600108 0.091949410 0.453661121 0.171080117 1.074928075 0.342160233 0.342160233
3.752850000 0.861516015 0.090534761 0.446681505 0.169758974 1.066627093 0.339517948 0.339517948
3.756839782 0.862431922 0.089125722 0.439729571 0.168432771 1.058294311 0.336865542 0.336865542
3.760829319 0.863347773 0.087722689 0.432807274 0.167101763 1.049931343 0.334203526 0.334203526
3.764818363 0.864263510 0.086326053 0.425916532 0.165766209 1.041539810 0.331532418 0.331532418
3.768806669 0.865179078 0.084936194 0.419059230 0.164426367 1.033121336 0.328852735 0.328852735
3.772793990 0.866094420 0.083553487 0.412237213 0.163082497 1.024677551 0.326164995 0.326164995
3.776780082 0.867009480 0.082178298 0.405452289 0.161734859 1.016210092 0.323469719 0.323469719
3.780764697 0.867924201 0.080810986 0.398706226 0.160383714 1.007720595 0.320767428 0.320767428
3.784747590 0.868838526 0.079451900 0.392000754 0.159029322 0.999210701 0.318058644 0.318058644
3.788728516 0.869752400 0.078101383 0.385337557 0.157671946 0.990682052 0.315343891 0.315343891
3.792707228 0.870665766 0.076759768 0.378718281 0.156311846 0.982136293 0.312623692 0.312623692
3.796683482 0.871578567 0.075427380 0.372144526 0.154949284 0.973575067 0.309898569 0.309898569
3.800657033 0.872490748 0.074104534 0.365617851 0.153584523 0.965000018 0.307169046 0.307169046
3.804627634 0.873402251 0.072791536 0.359139768 0.152217823 0.956412788 0.304435646 0.304435646
3.808595041 0.874313022 0.071488685 0.352711746 0.150849446 0.947815020 0.301698891 0.301698891
3.812559010 0.875223003 0.070196269 0.346335205 0.149479652 0.939208351 0.298959303 0.298959303
3.816519295 0.876132138 0.068914566 0.340011524 0.148108702 0.930594419 0.296217404 0.296217404
3.820475653 0.877040372 0.067643846 0.333742030 0.146736856 0.921974855 0.293473711 0.293473711
3.824427840 0.877947649 0.066384368 0.327528006 0.145364372 0.913351289 0.290728745 0.290728745
3.828375611 0.878853911 0.065136384 0.321370687 0.143991511 0.904725344 0.287983021 0.287983021
3.832318724 0.879759105 0.063900134 0.315271262 0.142618528 0.896098639 0.285237056 0.285237056
3.836256934 0.880663173 0.062675849 0.309230869 0.141245681 0.887472788 0.282491362 0.282491362
3.840190000 0.881566060 0.061463750 0.303250600 0.139873226 0.878849398 0.279746452 0.279746452
3.844117678 0.882467710 0.060264049 0.297331499 0.138501417 0.870230069 0.277002834 0.277002834
3.848039727 0.883368067 0.059076947 0.291474562 0.137130508 0.861616395 0.274261017 0.274261017
3.851955903 0.884267077 0.057902637 0.285680735 0.135760752 0.853009961 0.271521504 0.271521504
3.855865966 0.885164684 0.056741300 0.279950919 0.134392399 0.844412346 0.268784798 0.268784798
3.859769675 0.886060831 0.055593110 0.274285965 0.133025699 0.835825118 0.266051398 0.266051398
3.863666788 0.886955465 0.054458229 0.268686676 0.131660901 0.827249838 0.263321802 0.263321802
3.867557066 0.887848529 0.053336811 0.263153809 0.130298251 0.818688058 0.260596503 0.260596503
3.871440268 0.888739969 0.052228999 0.257688072 0.128937996 0.810141320 0.257875991 0.257875991
3.875316155 0.889629730 0.051134927 0.252290126 0.127580378 0.801611155 0.255160756 0.255160756
3.879184488 0.890517756 0.050054720 0.246960587 0.126225640 0.793099086 0.252451280 0.252451280
3.883045027 0.891403994 0.048988493 0.241700022 0.124874023 0.784606624 0.249748045 0.249748045
3.886897536 0.892288388 0.047936351 0.236508954 0.123525765 0.776135269 0.247051529 0.247051529
3.890741776 0.893170884 0.046898392 0.231387859 0.122181103 0.767686510 0.244362206 0.244362206
3.894577510 0.894051427 0.045874703 0.226337169 0.120840273 0.759261826 0.241680545 0.241680545
3.898404501 0.894929963 0.044865362 0.221357270 0.119503507 0.750862682 0.239007015 0.239007015
3.902222515 0.895806438 0.043870439 0.216448505 0.118171038 0.742490533 0.236342077 0.236342077
3.906031314 0.896680798 0.042889993 0.211611172 0.116843095 0.734146820 0.233686191 0.233686191
3.909830664 0.897552989 0.041924078 0.206845528 0.115519905 0.725832972 0.231039811 0.231039811
3.913620331 0.898422957 0.040972736 0.202151785 0.114201694 0.717550408 0.228403389 0.228403389
3.917400081 0.899290648 0.040036002 0.197530115 0.112888685 0.709300529 0.225777371 0.225777371
3.921169680 0.900156009 0.039113903 0.192980649 0.111581100 0.701084727 0.223162200 0.223162200
3.924928897 0.901018987 0.038206455 0.188503476 0.110279157 0.692904380 0.220558314 0.220558314
3.928677500 0.901879527 0.037313671 0.184098646 0.108983074 0.684760850 0.217966148 0.217966148
3.932415256 0.902737579 0.036435552 0.179766170 0.107693066 0.676655487 0.215386131 0.215386131
3.936141936 0.903593087 0.035572092 0.175506020 0.106409344 0.668589627 0.212818688 0.212818688
3.939857310 0.904446000 0.034723278 0.171318132 0.105132120 0.660564592 0.210264240 0.210264240
3.943561148 0.905296264 0.033889090 0.167202403 0.103861601 0.652581688 0.207723203 0.207723203
3.947253222 0.906143828 0.033069499 0.163158695 0.102597994 0.644642207 0.205195988 0.205195988
3.950933304 0.906988640 0.032264470 0.159186835 0.101341501 0.636747428 0.202683001 0.202683001
3.954601168 0.907830646 0.031473961 0.155286614 0.100092323 0.628898612 0.200184646 0.200184646
3.958256587 0.908669795 0.030697924 0.151457792 0.098850659 0.621097006 0.197701317 0.197701317
3.961899335 0.909506036 0.029936302 0.147700093 0.097616704 0.613343842 0.195233408 0.195233408
3.965529189 0.910339317 0.029189034 0.144013210 0.096390653 0.605640335 0.192781306 0.192781306
3.969145923 0.911169586 0.028456050 0.140396807 0.095172696 0.597987685 0.190345392 0.190345392
3.972749315 0.911996792 0.027737277 0.136850514 0.093963021 0.590387076 0.187926043 0.187926043
3.976339142 0.912820884 0.027032633 0.133373934 0.092761815 0.582839674 0.185523630 0.185523630
3.979915184 0.913641811 0.026342033 0.129966642 0.091569260 0.575346630 0.183138520 0.183138520
3.983477219 0.914459523 0.025665383 0.126628182 0.090385537 0.567909078 0.180771074 0.180771074
3.987025028 0.915273969 0.025002588 0.123358073 0.089210823 0.560528132 0.178421646 0.178421646
3.990558392 0.916085099 0.024353543 0.120155810 0.088045293 0.553204893 0.176090586 0.176090586
3.994077094 0.916892863 0.023718142 0.117020858 0.086889120 0.545940440 0.173778239 0.173778239
3.997580915 0.917697211 0.023096271 0.113952663 0.085742471 0.538735837 0.171484943 0.171484943
4.001069640 0.918498094 0.022487813 0.110950645 0.084605515 0.531592127 0.169211030 0.169211030
4.004543053 0.919295462 0.021892645 0.108014200 0.083478413 0.524510338 0.166956826 0.166956826
4.008000941 0.920089265 0.021310642 0.105142706 0.082361326 0.517491476 0.164722653 0.164722653
4.011443090 0.920879456 0.020741673 0.102335518 0.081254412 0.510536528 0.162508824 0.162508824
4.014869288 0.921665985 0.020185602 0.099591971 0.080157824 0.503646463 0.160315648 0.160315648
4.018279323 0.922448803 0.019642292 0.096911382 0.079071713 0.496822228 0.158143427 0.158143427
4.021672985 0.923227863 0.019111601 0.094293050 0.077996228 0.490064752 0.155992455 0.155992455
4.025050065 0.924003116 0.018593382 0.091736257 0.076931511 0.483374941 0.153863023 0.153863023
4.028410355 0.924774514 0.018087488 0.089240267 0.075877705 0.476753682 0.151755410 0.151755410
4.031753646 0.925542011 0.017593765 0.086804331 0.074834947 0.470201839 0.149669894 0.149669894
4.035079734 0.926305558 0.017112059 0.084427685 0.073803371 0.463720256 0.147606742 0.147606742
4.038388412 0.927065109 0.016642212 0.082109550 0.072783108 0.457309752 0.145566215 0.145566215
4.041679477 0.927820616 0.016184065 0.079849136 0.071774284 0.450971126 0.143548568 0.143548568
4.044952726 0.928572033 0.015737454 0.077645640 0.070777023 0.444705154 0.141554047 0.141554047
4.048207956 0.929319314 0.015302214 0.075498248 0.069791446 0.438512586 0.139582891 0.139582891
4.051444967 0.930062412 0.014878178 0.073406137 0.068817666 0.432394151 0.137635333 0.137635333
4.054663559 0.930801282 0.014465178 0.071368474 0.067855798 0.426350552 0.135711596 0.135711596
4.057863535 0.931535879 0.014063044 0.069384417 0.066905948 0.420382468 0.133811896 0.133811896
4.061044695 0.932266156 0.013671602 0.067453117 0.065968220 0.414490553 0.131936441 0.131936441
4.064206845 0.932992069 0.013290680 0.065573719 0.065042716 0.408675435 0.130085431 0.130085431
4.067349788 0.933713573 0.012920103 0.063745362 0.064129529 0.402937716 0.128259059 0.128259059
4.070473332 0.934430623 0.012559695 0.061967178 0.063228753 0.397277971 0.126457506 0.126457506
4.073577283 0.935143176 0.012209280 0.060238297 0.062340474 0.391696749 0.124680947 0.124680947
4.076661451 0.935851187 0.011868681 0.058557844 0.061464775 0.386194570 0.122929550 0.122929550
4.079725644 0.936554613 0.011537720 0.056924942 0.060601735 0.380771929 0.121203469 0.121203469
4.082769673 0.937253410 0.011216218 0.055338713 0.059751427 0.375429289 0.119502854 0.119502854
4.085793352 0.937947535 0.010903997 0.053798275 0.058913922 0.370167088 0.117827844 0.117827844
4.088796494 0.938636946 0.010600880 0.052302750 0.058089283 0.364985731 0.116178566 0.116178566
4.091778912 0.939321599 0.010306686 0.050851255 0.057277572 0.359885596 0.114555143 0.114555143
4.094740424 0.940001453 0.010021239 0.049442913 0.056478842 0.354867030 0.112957684 0.112957684
4.097680847 0.940676466 0.009744361 0.048076846 0.055693145 0.349930349 0.111386289 0.111386289
4.100599998 0.941346595 0.009475873 0.046752179 0.054920525 0.345075839 0.109841051 0.109841051
4.103497699 0.942011801 0.009215600 0.045468040 0.054161025 0.340303754 0.108322049 0.108322049
4.106373770 0.942672041 0.008963365 0.044223561 0.053414677 0.335614316 0.106829355 0.106829355
4.109228034 0.943327274 0.008718994 0.043017878 0.052681514 0.331007716 0.105363028 0.105363028
4.112060316 0.943977462 0.008482312 0.041850134 0.051961560 0.326484111 0.103923120 0.103923120
4.114870439 0.944622562 0.008253146 0.040719474 0.051254835 0.322043626 0.102509670 0.102509670
4.117658231 0.945262537 0.008031326 0.039625054 0.050561353 0.317686352 0.101122706 0.101122706
4.120423520 0.945897345 0.007816680 0.038566031 0.049881124 0.313412347 0.099762248 0.099762248
4.123166136 0.946526949 0.007609040 0.037541575 0.049214152 0.309221635 0.098428303 0.098428303
4.125885908 0.947151308 0.007408239 0.036550860 0.048560434 0.305114206 0.097120868 0.097120868
4.128582670 0.947770385 0.007214111 0.035593070 0.047919964 0.301090015 0.095839928 0.095839928
4.131256255 0.948384142 0.007026493 0.034667398 0.047292729 0.297148982 0.094585459 0.094585459
4.133906498 0.948992540 0.006845223 0.033773044 0.046678712 0.293290995 0.093357423 0.093357423
4.136533236 0.949595542 0.006670141 0.032909221 0.046077887 0.289515902 0.092155774 0.092155774
4.139136307 0.950193111 0.006501088 0.032075149 0.045490226 0.285823520 0.090980452 0.090980452
4.141715549 0.950785210 0.006337910 0.031270060 0.044915694 0.282213629 0.089831388 0.089831388
4.144270804 0.951371803 0.006180454 0.030493197 0.044354250 0.278685972 0.088708500 0.088708500
4.146801915 0.951952852 0.006028566 0.029743815 0.043805848 0.275240259 0.087611695 0.087611695
4.149308725 0.952528323 0.005882100 0.029021176 0.043270435 0.271876162 0.086540870 0.086540870
4.151791079 0.953098181 0.005740908 0.028324559 0.042747955 0.268593320 0.085495909 0.085495909
4.154248825 0.953662388 0.005604845 0.027653253 0.042238343 0.265391334 0.084476685 0.084476685
4.156681811 0.954220912 0.005473771 0.027006557 0.041741530 0.262269769 0.083483060 0.083483060
4.159089886 0.954773718 0.005347545 0.026383785 0.041257443 0.259228158 0.082514885 0.082514885
4.161472903 0.955320770 0.005226032 0.025784262 0.040786000 0.256265994 0.081571999 0.081571999
4.163830714 0.955862037 0.005109097 0.025207327 0.040327115 0.253382738 0.080654230 0.080654230
4.166163174 0.956397484 0.004996609 0.024652331 0.039880698 0.250577815 0.079761396 0.079761396
4.168470138 0.956927078 0.004888438 0.024118636 0.039446650 0.247850614 0.078893301 0.078893301
4.170751465 0.957450786 0.004784459 0.023605621 0.039024870 0.245200492 0.078049741 0.078049741
4.173007014 0.957968577 0.004684547 0.023112673 0.038615250 0.242626769 0.077230499 0.077230499
4.175236646 0.958480418 0.004588581 0.022639197 0.038217675 0.240128733 0.076435350 0.076435350
4.177440223 0.958986278 0.004496443 0.022184606 0.037832027 0.237705639 0.075664055 0.075664055
4.179617609 0.959486126 0.004408017 0.021748329 0.037458183 0.235356706 0.074916366 0.074916366
4.181768671 0.959979930 0.004323190 0.021329808 0.037096013 0.233081123 0.074192026 0.074192026
4.183893274 0.960467661 0.004241851 0.020928497 0.036745382 0.230878047 0.073490765 0.073490765
4.185991289 0.960949288 0.004163892 0.020543860 0.036406153 0.228746603 0.072812305 0.072812305
4.188062585 0.961424781 0.004089207 0.020175379 0.036078179 0.226685883 0.072156358 0.072156358
4.190107036 0.961894112 0.004017693 0.019822544 0.035761312 0.224694953 0.071522625 0.071522625
4.192124514 0.962357250 0.003949250 0.019484858 0.035455400 0.222772846 0.070910799 0.070910799
4.194114896 0.962814169 0.003883780 0.019161839 0.035160282 0.220918567 0.070320564 0.070320564
4.196078059 0.963264838 0.003821186 0.018853013 0.034875797 0.219131095 0.069751594 0.069751594
4.198013881 0.963709232 0.003761375 0.018557920 0.034601777 0.217409380 0.069203555 0.069203555
4.199922244 0.964147321 0.003704258 0.018276111 0.034338052 0.215752344 0.068676104 0.068676104
4.201803028 0.964579080 0.003649743 0.018007149 0.034084446 0.214158888 0.068168891 0.068168891
4.203656120 0.965004482 0.003597747 0.017750606 0.033840779 0.212627885 0.067681558 0.067681558
4.205481403 0.965423500 0.003548183 0.017506067 0.033606869 0.211158184 0.067213738 0.067213738
4.207278766 0.965836108 0.003500970 0.017273127 0.033382529 0.209748616 0.066765058 0.066765058
4.209048098 0.966242281 0.003456027 0.017051390 0.033167569 0.208397985 0.066335139 0.066335139
4.210789290 0.966641995 0.003413278 0.016840471 0.032961797 0.207105079 0.065923594 0.065923594
4.212502233 0.967035223 0.003372645 0.016639997 0.032765015 0.205868664 0.065530031 0.065530031
4.214186823 0.967421943 0.003334055 0.016449600 0.032577026 0.204687489 0.065154051 0.065154051
4.215842956 0.967802130 0.003297435 0.016268925 0.032397626 0.203560287 0.064795252 0.064795252
4.217470529 0.968175761 0.003262715 0.016097624 0.032226612 0.202485775 0.064453224 0.064453224
4.219069442 0.968542812 0.003229827 0.015935359 0.032063777 0.201462654 0.064127554 0.064127554
4.220639596 0.968903262 0.003198703 0.015781799 0.031908913 0.200489614 0.063817826 0.063817826
4.222180895 0.969257087 0.003169278 0.015636623 0.031761809 0.199565333 0.063523619 0.063523619
4.223693243 0.969604267 0.003141489 0.015499515 0.031622254 0.198688479 0.063244507 0.063244507
4.225176548 0.969944779 0.003115273 0.015370171 0.031490032 0.197857708 0.062980065 0.062980065
4.226630717 0.970278602 0.003090570 0.015248291 0.031364931 0.197071674 0.062729862 0.062729862
4.228055661 0.970605717 0.003067320 0.015133582 0.031246734 0.196329019 0.062493468 0.062493468
4.229451292 0.970926103 0.003045467 0.015025761 0.031135224 0.195628385 0.062270449 0.062270449
4.230817525 0.971239739 0.003024953 0.014924550 0.031030186 0.194968408 0.062060372 0.062060372
4.232154274 0.971546607 0.003005724 0.014829676 0.030931401 0.194347724 0.061862802 0.061862802
4.233461457 0.971846688 0.002987725 0.014740875 0.030838652 0.193764968 0.061677305 0.061677305
4.234738994 0.972139964 0.002970905 0.014657888 0.030751723 0.193218775 0.061503446 0.061503446
4.235986805 0.972426415 0.002955212 0.014580462 0.030670397 0.192707787 0.061340794 0.061340794
4.237204815 0.972706025 0.002940596 0.014508349 0.030594457 0.192230645 0.061188915 0.061188915
4.238392947 0.972978777 0.002927008 0.014441309 0.030523690 0.191786001 0.061047380 0.061047380
4.239551129 0.973244653 0.002914401 0.014379105 0.030457881 0.191372510 0.060915762 0.060915762
4.240679288 0.973503637 0.002902727 0.014321507 0.030396818 0.190988841 0.060793636 0.060793636
4.241777356 0.973755712 0.002891940 0.014268291 0.030340291 0.190633668 0.060680581 0.060680581
4.242845265 0.974000865 0.002881998 0.014219236 0.030288090 0.190305683 0.060576180 0.060576180
4.243882948 0.974239079 0.002872855 0.014174128 0.030240010 0.190003587 0.060480020 0.060480020
4.244890343 0.974470339 0.002864470 0.014132757 0.030195846 0.189726098 0.060391693 0.060391693
4.245867386 0.974694632 0.002856801 0.014094920 0.030155398 0.189471953 0.060310796 0.060310796
4.246814017 0.974911944 0.002849808 0.014060417 0.030118466 0.189239904 0.060236932 0.060236932
4.247730178 0.975122261 0.002843451 0.014029053 0.030084856 0.189028725 0.060169712 0.060169712
4.248615813 0.975325570 0.002837692 0.014000640 0.030054375 0.188837210 0.060108751 0.060108751
4.249470866 0.975521859 0.002832494 0.013974995 0.030026837 0.188664179 0.060053673 0.060053673
4.250295286 0.975711115 0.002827821 0.013951937 0.030002055 0.188508472 0.060004110 0.060004110
4.251089021 0.975893327 0.002823637 0.013931293 0.029979851 0.188368958 0.059959702 0.059959702
4.251852022 0.976068484 0.002819908 0.013912895 0.029960048 0.188244533 0.059920096 0.059920096
4.252584242 0.976236575 0.002816601 0.013896578 0.029942475 0.188134120 0.059884950 0.059884950
4.253285636 0.976397589 0.002813684 0.013882187 0.029926966 0.188036675 0.059853933 0.059853933
4.253956161 0.976551517 0.002811126 0.013869566 0.029913360 0.187951183 0.059826720 0.059826720
4.254595776 0.976698349 0.002808897 0.013858570 0.029901500 0.187876662 0.059802999 0.059802999
4.255204440 0.976838076 0.002806969 0.013849057 0.029891235 0.187812167 0.059782470 0.059782470
4.255782117 0.976970689 0.002805314 0.013840890 0.029882420 0.187756785 0.059764841 0.059764841
4.256328771 0.977096181 0.002803905 0.013833941 0.029874917 0.187709641 0.059749835 0.059749835
4.256844367 0.977214543 0.002802718 0.013828083 0.029868592 0.187669899 0.059737184 0.059737184
4.257328875 0.977325768 0.002801728 0.013823200 0.029863318 0.187636760 0.059726636 0.059726636
4.257782265 0.977429849 0.002800913 0.013819179 0.029858974 0.187609468 0.059717948 0.059717948
4.258204507 0.977526781 0.002800251 0.013815914 0.029855447 0.187587305 0.059710894 0.059710894
4.258595578 0.977616556 0.002799723 0.013813306 0.029852629 0.187569598 0.059705257 0.059705257
4.258955451 0.977699170 0.002799308 0.013811262 0.029850419 0.187555716 0.059700839 0.059700839
4.259284105 0.977774617 0.002798991 0.013809695 0.029848726 0.187545075 0.059697451 0.059697451
4.259581520 0.977842892 0.002798754 0.013808525 0.029847462 0.187537133 0.059694923 0.059694923
4.259847678 0.977903992 0.002798582 0.013807680 0.029846549 0.187531396 0.059693097 0.059693097
4.260082561 0.977957913 0.002798464 0.013807095 0.029845916 0.187527418 0.059691831 0.059691831
4.260286156 0.978004651 0.002798386 0.013806709 0.029845499 0.187524801 0.059690998 0.059690998
4.260458450 0.978044203 0.002798338 0.013806473 0.029845243 0.187523195 0.059690487 0.059690487
4.260599433 0.978076567 0.002798311 0.013806341 0.029845101 0.187522300 0.059690202 0.059690202
4.260709095 0.978101742 0.002798298 0.013806278 0.029845033 0.187521870 0.059690065 0.059690065
4.260787429 0.978119724 0.002798293 0.013806254 0.029845007 0.187521707 0.059690013 0.059690013
4.260834432 0.978130515 0.002798292 0.013806248 0.029845000 0.187521668 0.059690001 0.059690001
4.260850100 0.978134111 0.002798292 0.013806247 0.029845000 0.187521665 0.059690000 0.059690000
4.261224145 0.978219978 0.002798249 0.013806035 0.029844770 0.187520220 0.059689540 0.059689540
4.261598184 0.978305844 0.002798119 0.013805396 0.029844080 0.187515882 0.059688159 0.059688159
4.261972212 0.978391707 0.002797904 0.013804331 0.029842929 0.187508652 0.059685858 0.059685858
4.262346222 0.978477566 0.002797602 0.013802841 0.029841318 0.187498531 0.059682636 0.059682636
4.262720209 0.978563419 0.002797213 0.013800925 0.029839247 0.187485519 0.059678494 0.059678494
4.263094168 0.978649266 0.002796739 0.013798584 0.029836716 0.187469615 0.059673432 0.059673432
4.263468091 0.978735106 0.002796178 0.013795817 0.029833725 0.187450820 0.059667449 0.059667449
4.263841975 0.978820935 0.002795531 0.013792626 0.029830273 0.187429135 0.059660547 0.059660547
4.264215812 0.978906755 0.002794798 0.013789009 0.029826362 0.187404559 0.059652724 0.059652724
4.264589597 0.978992562 0.002793979 0.013784967 0.029821991 0.187377093 0.059643981 0.059643981
4.264963325 0.979078356 0.002793074 0.013780501 0.029817159 0.187346738 0.059634319 0.059634319
4.265336989 0.979164136 0.002792083 0.013775611 0.029811868 0.187313493 0.059623737 0.059623737
4.265710585 0.979249899 0.002791005 0.013770297 0.029806118 0.187277360 0.059612235 0.059612235
4.266084105 0.979335646 0.002789843 0.013764559 0.029799907 0.187238339 0.059599814 0.059599814
4.266457544 0.979421374 0.002788594 0.013758398 0.029793237 0.187196430 0.059586474 0.059586474
4.266830897 0.979507082 0.002787259 0.013751814 0.029786108 0.187151634 0.059572215 0.059572215
4.267204158 0.979592769 0.002785839 0.013744808 0.029778519 0.187103953 0.059557038 0.059557038
4.267577320 0.979678433 0.002784334 0.013737380 0.029770471 0.187053386 0.059540942 0.059540942
4.267950379 0.979764074 0.002782743 0.013729530 0.029761964 0.186999934 0.059523928 0.059523928
4.268323329 0.979849689 0.002781066 0.013721259 0.029752998 0.186943599 0.059505996 0.059505996
4.268696163 0.979935278 0.002779305 0.013712567 0.029743573 0.186884381 0.059487146 0.059487146
4.269068876 0.980020839 0.002777458 0.013703455 0.029733689 0.186822280 0.059467379 0.059467379
4.269441463 0.980106371 0.002775526 0.013693924 0.029723347 0.186757299 0.059446695 0.059446695
4.269813917 0.980191873 0.002773509 0.013683974 0.029712547 0.186689438 0.059425094 0.059425094
4.270186233 0.980277343 0.002771408 0.013673606 0.029701288 0.186618697 0.059402576 0.059402576
4.270558404 0.980362780 0.002769222 0.013662820 0.029689571 0.186545079 0.059379143 0.059379143
4.270930426 0.980448183 0.002766951 0.013651617 0.029677397 0.186468584 0.059354794 0.059354794
4.271302293 0.980533550 0.002764596 0.013639998 0.029664765 0.186389214 0.059329529 0.059329529
4.271673999 0.980618879 0.002762157 0.013627963 0.029651675 0.186306969 0.059303350 0.059303350
4.272045537 0.980704171 0.002759634 0.013615514 0.029638128 0.186221851 0.059276256 0.059276256
4.272416903 0.980789423 0.002757026 0.013602650 0.029624124 0.186133861 0.059248248 0.059248248
4.272788090 0.980874634 0.002754335 0.013589373 0.029609663 0.186043001 0.059219327 0.059219327
4.273159094 0.980959803 0.002751561 0.013575684 0.029594746 0.185949272 0.059189492 0.059189492
4.273529907 0.981044928 0.002748703 0.013561583 0.029579372 0.185852675 0.059158744 0.059158744
4.273900526 0.981130008 0.002745761 0.013547071 0.029563542 0.185753213 0.059127084 0.059127084
4.274270942 0.981215042 0.002742737 0.013532150 0.029547256 0.185650885 0.059094512 0.059094512
4.274641152 0.981300028 0.002739630 0.013516819 0.029530515 0.185545695 0.059061029 0.059061029
4.275011149 0.981384966 0.002736440 0.013501081 0.029513318 0.185437643 0.059026635 0.059026635
4.275380928 0.981469854 0.002733168 0.013484936 0.029495665 0.185326732 0.058991331 0.058991331
4.275750483 0.981554690 0.002729813 0.013468385 0.029477559 0.185212963 0.058955117 0.058955117
4.276119808 0.981639473 0.002726376 0.013451428 0.029458997 0.185096337 0.058917994 0.058917994
4.276488897 0.981724203 0.002722858 0.013434068 0.029439981 0.184976857 0.058879962 0.058879962
4.276857745 0.981808877 0.002719257 0.013416305 0.029420511 0.184854525 0.058841023 0.058841023
4.277226347 0.981893494 0.002715576 0.013398140 0.029400588 0.184729342 0.058801176 0.058801176
4.277594696 0.981978053 0.002711813 0.013379575 0.029380211 0.184601310 0.058760422 0.058760422
4.277962786 0.982062553 0.002707969 0.013360610 0.029359381 0.184470431 0.058718762 0.058718762
4.278330613 0.982146993 0.002704044 0.013341246 0.029338098 0.184336707 0.058676196 0.058676196
4.278698170 0.982231370 0.002700039 0.013321486 0.029316363 0.184200141 0.058632726 0.058632726
4.279065452 0.982315685 0.002695954 0.013301329 0.029294176 0.184060734 0.058588351 0.058588351
4.279432453 0.982399935 0.002691788 0.013280778 0.029271537 0.183918489 0.058543073 0.058543073
4.279799168 0.982484119 0.002687543 0.013259834 0.029248446 0.183773408 0.058496893 0.058496893
4.280165590 0.982568236 0.002683219 0.013238497 0.029224905 0.183625492 0.058449810 0.058449810
4.280531714 0.982652284 0.002678815 0.013216770 0.029200913 0.183474745 0.058401825 0.058401825
4.280897535 0.982736263 0.002674332 0.013194653 0.029176470 0.183321169 0.058352940 0.058352940
4.281263047 0.982820171 0.002669771 0.013172148 0.029151578 0.183164765 0.058303155 0.058303155
4.281628244 0.982904007 0.002665131 0.013149257 0.029126236 0.183005537 0.058252472 0.058252472
4.281993120 0.982987769 0.002660413 0.013125980 0.029100445 0.182843486 0.058200889 0.058200889
4.282357671 0.983071457 0.002655618 0.013102319 0.029074205 0.182678616 0.058148409 0.058148409
4.282721889 0.983155068 0.002650745 0.013078276 0.029047516 0.182510929 0.058095033 0.058095033
4.283085771 0.983238602 0.002645794 0.013053852 0.029020380 0.182340427 0.058040761 0.058040761
4.283449309 0.983322057 0.002640767 0.013029049 0.028992797 0.182167113 0.057985593 0.057985593
4.283812500 0.983405432 0.002635663 0.013003867 0.028964766 0.181990990 0.057929531 0.057929531
4.284175336 0.983488726 0.002630483 0.012978310 0.028936288 0.181812061 0.057872576 0.057872576
4.284537812 0.983571937 0.002625227 0.012952377 0.028907364 0.181630328 0.057814729 0.057814729
4.284899923 0.983655064 0.002619895 0.012926072 0.028877995 0.181445793 0.057755990 0.057755990
4.285261663 0.983738106 0.002614488 0.012899395 0.028848180 0.181258461 0.057696360 0.057696360
4.285623026 0.983821062 0.002609006 0.012872348 0.028817920 0.181068333 0.057635841 0.057635841
4.285984008 0.983903930 0.002603450 0.012844932 0.028787216 0.180875414 0.057574432 0.057574432
4.286344602 0.983986709 0.002597819 0.012817151 0.028756068 0.180679704 0.057512136 0.057512136
4.286704803 0.984069398 0.002592114 0.012789004 0.028724477 0.180481209 0.057448953 0.057448953
4.287064605 0.984151995 0.002586336 0.012760495 0.028692442 0.180279930 0.057384884 0.057384884
4.287424003 0.984234500 0.002580484 0.012731624 0.028659965 0.180075871 0.057319930 0.057319930
4.287782991 0.984316910 0.002574560 0.012702393 0.028627046 0.179869035 0.057254092 0.057254092
4.288141564 0.984399225 0.002568563 0.012672805 0.028593686 0.179659426 0.057187371 0.057187371
4.288499716 0.984481444 0.002562493 0.012642861 0.028559884 0.179447046 0.057119769 0.057119769
4.288857441 0.984563564 0.002556353 0.012612563 0.028525643 0.179231898 0.057051285 0.057051285
4.289214735 0.984645586 0.002550140 0.012581913 0.028490961 0.179013986 0.056981922 0.056981922
4.289571591 0.984727507 0.002543857 0.012550912 0.028455840 0.178793314 0.056911680 0.056911680
4.289928004 0.984809326 0.002537503 0.012519563 0.028420280 0.178569885 0.056840560 0.056840560
4.290283969 0.984891042 0.002531079 0.012487868 0.028384282 0.178343702 0.056768563 0.056768563
4.290639480 0.984972655 0.002524585 0.012455828 0.028347846 0.178114769 0.056695692 0.056695692
4.290994531 0.985054161 0.002518022 0.012423446 0.028310973 0.177883088 0.056621946 0.056621946
4.291349118 0.985135561 0.002511389 0.012390723 0.028273663 0.177648665 0.056547326 0.056547326
4.291703234 0.985216854 0.002504688 0.012357662 0.028235918 0.177411502 0.056471835 0.056471835
4.292056875 0.985298036 0.002497919 0.012324264 0.028197736 0.177171603 0.056395473 0.056395473
4.292410034 0.985379109 0.002491082 0.012290531 0.028159121 0.176928972 0.056318241 0.056318241
4.292762706 0.985460069 0.002484178 0.012256467 0.028120070 0.176683613 0.056240141 0.056240141
4.293114887 0.985540917 0.002477207 0.012222072 0.028080587 0.176435529 0.056161173 0.056161173
4.293466570 0.985621650 0.002470169 0.012187349 0.028040670 0.176184724 0.056081339 0.056081339
4.293817750 0.985702268 0.002463065 0.012152300 0.028000320 0.175931202 0.056000641 0.056000641
4.294168421 0.985782770 0.002455896 0.012116928 0.027959539 0.175674967 0.055919079 0.055919079
4.294518579 0.985863153 0.002448661 0.012081233 0.027918327 0.175416023 0.055836654 0.055836654
4.294868217 0.985943417 0.002441362 0.012045220 0.027876684 0.175154373 0.055753369 0.055753369
4.295217331 0.986023561 0.002433998 0.012008889 0.027834612 0.174890023 0.055669223 0.055669223
4.295565915 0.986103583 0.002426570 0.011972243 0.027792110 0.174622976 0.055584219 0.055584219
4.295913964 0.986183482 0.002419080 0.011935284 0.027749179 0.174353235 0.055498358 0.055498358
4.296261471 0.986263257 0.002411526 0.011898015 0.027705821 0.174080806 0.055411642 0.055411642
4.296608433 0.986342906 0.002403910 0.011860438 0.027662035 0.173805692 0.055324070 0.055324070
4.296954843 0.986422429 0.002396231 0.011822556 0.027617823 0.173527899 0.055235646 0.055235646
4.297300697 0.986501825 0.002388492 0.011784369 0.027573185 0.173247429 0.055146369 0.055146369
4.297645988 0.986581091 0.002380691 0.011745882 0.027528121 0.172964287 0.055056243 0.055056243
4.297990712 0.986660227 0.002372830 0.011707096 0.027482633 0.172678478 0.054965267 0.054965267
4.298334863 0.986739231 0.002364908 0.011668013 0.027436722 0.172390006 0.054873443 0.054873443
4.298678437 0.986818103 0.002356927 0.011628637 0.027390387 0.172098876 0.054780774 0.054780774
4.299021426 0.986896841 0.002348887 0.011588969 0.027343630 0.171805092 0.054687259 0.054687259
4.299363827 0.986975443 0.002340789 0.011549012 0.027296451 0.171508658 0.054592901 0.054592901
4.299705635 0.987053910 0.002332632 0.011508769 0.027248851 0.171209579 0.054497702 0.054497702
4.300046843 0.987132238 0.002324418 0.011468241 0.027200831 0.170907860 0.054401662 0.054401662
4.300387446 0.987210428 0.002316147 0.011427432 0.027152391 0.170603506 0.054304783 0.054304783
4.300727440 0.987288479 0.002307819 0.011386344 0.027103533 0.170296520 0.054207066 0.054207066
4.301066819 0.987366387 0.002299435 0.011344979 0.027054257 0.169986909 0.054108514 0.054108514
4.301405578 0.987444154 0.002290995 0.011303340 0.027004563 0.169674676 0.054009127 0.054009127
4.301743711 0.987521777 0.002282501 0.011261430 0.026954454 0.169359826 0.053908907 0.053908907
4.302081213 0.987599255 0.002273952 0.011219251 0.026903928 0.169042365 0.053807856 0.053807856
4.302418080 0.987676587 0.002265349 0.011176806 0.026852988 0.168722297 0.053705975 0.053705975
4.302754306 0.987753772 0.002256692 0.011134097 0.026801633 0.168399627 0.053603266 0.053603266
4.303089885 0.987830809 0.002247983 0.011091127 0.026749865 0.168074360 0.053499730 0.053499730
4.303424814 0.987907696 0.002239222 0.011047899 0.026697685 0.167746501 0.053395370 0.053395370
4.303759085 0.987984433 0.002230408 0.011004415 0.026645093 0.167416055 0.053290185 0.053290185
4.304092695 0.988061017 0.002221543 0.010960678 0.026592090 0.167083027 0.053184179 0.053184179
4.304425638 0.988137448 0.002212628 0.010916691 0.026538677 0.166747423 0.053077353 0.053077353
4.304757909 0.988213726 0.002203662 0.010872456 0.026484854 0.166409248 0.052969709 0.052969709
4.305089503 0.988289847 0.002194647 0.010827977 0.026430624 0.166068506 0.052861247 0.052861247
4.305420415 0.988365813 0.002185583 0.010783255 0.026375985 0.165725203 0.052751970 0.052751970
4.305750639 0.988441620 0.002176470 0.010738294 0.026320940 0.165379344 0.052641880 0.052641880
4.306080171 0.988517268 0.002167309 0.010693096 0.026265489 0.165030935 0.052530978 0.052530978
4.306409006 0.988592757 0.002158101 0.010647665 0.026209633 0.164679982 0.052419266 0.052419266
4.306737137 0.988668084 0.002148846 0.010602002 0.026153373 0.164326488 0.052306746 0.052306746
4.307064562 0.988743248 0.002139545 0.010556112 0.026096709 0.163970461 0.052193419 0.052193419
4.307391273 0.988818249 0.002130198 0.010509996 0.026039643 0.163611904 0.052079287 0.052079287
4.307717267 0.988893085 0.002120806 0.010463658 0.025982176 0.163250825 0.051964352 0.051964352
4.308042538 0.988967755 0.002111369 0.010417100 0.025924308 0.162887228 0.051848615 0.051848615
4.308367081 0.989042259 0.002101889 0.010370325 0.025866040 0.162521120 0.051732079 0.051732079
4.308690892 0.989116594 0.002092365 0.010323336 0.025807373 0.162152505 0.051614745 0.051614745
4.309013965 0.989190759 0.002082798 0.010276137 0.025748308 0.161781389 0.051496616 0.051496616
4.309336295 0.989264754 0.002073190 0.010228729 0.025688846 0.161407778 0.051377692 0.051377692
4.309657877 0.989338578 0.002063539 0.010181116 0.025628988 0.161031679 0.051257975 0.051257975
4.309978707 0.989412228 0.002053848 0.010133301 0.025568734 0.160653096 0.051137469 0.051137469
4.310298779 0.989485705 0.002044116 0.010085287 0.025508087 0.160272036 0.051016173 0.051016173
4.310618088 0.989559007 0.002034345 0.010037076 0.025447046 0.159888504 0.050894091 0.050894091
4.310936630 0.989632132 0.002024534 0.009988672 0.025385612 0.159502506 0.050771225 0.050771225
4.311254400 0.989705080 0.002014685 0.009940078 0.025323787 0.159114049 0.050647575 0.050647575
4.311571392 0.989777850 0.002004798 0.009891297 0.025261572 0.158723138 0.050523144 0.050523144
4.311887602 0.989850440 0.001994873 0.009842331 0.025198967 0.158329779 0.050397934 0.050397934
4.312203025 0.989922850 0.001984912 0.009793184 0.025135973 0.157933978 0.050271947 0.050271947
4.312517656 0.989995078 0.001974915 0.009743858 0.025072592 0.157535742 0.050145184 0.050145184
4.312831491 0.990067122 0.001964882 0.009694358 0.025008824 0.157135077 0.050017648 0.050017648
4.313144523 0.990138983 0.001954814 0.009644685 0.024944671 0.156731988 0.049889341 0.049889341
4.313456750 0.990210659 0.001944712 0.009594843 0.024880132 0.156326483 0.049760265 0.049760265
4.313768165 0.990282148 0.001934576 0.009544835 0.024815211 0.155918567 0.049630421 0.049630421
4.314078764 0.990353450 0.001924407 0.009494664 0.024749906 0.155508246 0.049499812 0.049499812
4.314388542 0.990424564 0.001914206 0.009444333 0.024684220 0.155095527 0.049368439 0.049368439
4.314697494 0.990495488 0.001903973 0.009393845 0.024618153 0.154680416 0.049236306 0.049236306
4.315005616 0.990566221 0.001893709 0.009343204 0.024551706 0.154262920 0.049103413 0.049103413
4.315312903 0.990636763 0.001883414 0.009292413 0.024484881 0.153843045 0.048969762 0.048969762
4.315619350 0.990707112 0.001873090 0.009241473 0.024417678 0.153420798 0.048835357 0.048835357
4.315924953 0.990777267 0.001862736 0.009190390 0.024350099 0.152996184 0.048700198 0.048700198
4.316229706 0.990847227 0.001852354 0.009139166 0.024282144 0.152569212 0.048564288 0.048564288
4.316533605 0.990916991 0.001841944 0.009087803 0.024213815 0.152139886 0.048427630 0.048427630
4.316836645 0.990986558 0.001831506 0.009036306 0.024145112 0.151708214 0.048290224 0.048290224
4.317138822 0.991055927 0.001821042 0.008984678 0.024076037 0.151274203 0.048152074 0.048152074
4.317440131 0.991125096 0.001810551 0.008932920 0.024006591 0.150837859 0.048013182 0.048013182
4.317740568 0.991194065 0.001800036 0.008881038 0.023936774 0.150399189 0.047873549 0.047873549
4.318040126 0.991262833 0.001789495 0.008829034 0.023866589 0.149958199 0.047733177 0.047733177
4.318338803 0.991331398 0.001778931 0.008776911 0.023796035 0.149514897 0.047592070 0.047592070
4.318636594 0.991399760 0.001768343 0.008724672 0.023725114 0.149069289 0.047450228 0.047450228
4.318933493 0.991467917 0.001757732 0.008672321 0.023653828 0.148621382 0.047307655 0.047307655
4.319229497 0.991535869 0.001747099 0.008619861 0.023582176 0.148171184 0.047164353 0.047164353
4.319524600 0.991603614 0.001736445 0.008567295 0.023510161 0.147718700 0.047020323 0.047020323
4.319818799 0.991671151 0.001725770 0.008514626 0.023437784 0.147263939 0.046875568 0.046875568
4.320112088 0.991738479 0.001715075 0.008461858 0.023365045 0.146806906 0.046730090 0.046730090
4.320404463 0.991805598 0.001704360 0.008408993 0.023291946 0.146347610 0.046583891 0.046583891
4.320695920 0.991872505 0.001693627 0.008356036 0.023218487 0.145886056 0.046436974 0.046436974
4.320986454 0.991939201 0.001682875 0.008302990 0.023144670 0.145422253 0.046289341 0.046289341
4.321276060 0.992005684 0.001672106 0.008249856 0.023070497 0.144956208 0.046140994 0.046140994
4.321564735 0.992071953 0.001661320 0.008196640 0.022995968 0.144487927 0.045991935 0.045991935
4.321852473 0.992138007 0.001650518 0.008143344 0.022921084 0.144017417 0.045842168 0.045842168
4.322139271 0.992203846 0.001639700 0.008089972 0.022845847 0.143544687 0.045691693 0.045691693
4.322425124 0.992269467 0.001628867 0.008036526 0.022770257 0.143069743 0.045540514 0.045540514
4.322710027 0.992334870 0.001618021 0.007983010 0.022694316 0.142592593 0.045388632 0.045388632
4.322993976 0.992400054 0.001607160 0.007929428 0.022618025 0.142113244 0.045236051 0.045236051
4.323276966 0.992465018 0.001596287 0.007875782 0.022541386 0.141631703 0.045082771 0.045082771
4.323558994 0.992529762 0.001585402 0.007822077 0.022464398 0.141147979 0.044928797 0.044928797
4.323840055 0.992594283 0.001574506 0.007768315 0.022387065 0.140662077 0.044774130 0.044774130
4.324120145 0.992658581 0.001563598 0.007714499 0.022309386 0.140174006 0.044618772 0.044618772
4.324399259 0.992722655 0.001552680 0.007660633 0.022231363 0.139683774 0.044462726 0.044462726
4.324677392 0.992786505 0.001541753 0.007606721 0.022152997 0.139191388 0.044305995 0.044305995
4.324954542 0.992850128 0.001530817 0.007552765 0.022074290 0.138696855 0.044148580 0.044148580
4.325230703 0.992913524 0.001519873 0.007498769 0.021995242 0.138200183 0.043990485 0.043990485
4.325505871 0.992976693 0.001508922 0.007444737 0.021915855 0.137701380 0.043831711 0.043831711
4.325780042 0.993039632 0.001497963 0.007390671 0.021836130 0.137200453 0.043672261 0.043672261
4.326053212 0.993102342 0.001486999 0.007336574 0.021756069 0.136697411 0.043512137 0.043512137
4.326325376 0.993164821 0.001476029 0.007282452 0.021675672 0.136192261 0.043351343 0.043351343
4.326596531 0.993227068 0.001465055 0.007228305 0.021594940 0.135685010 0.043189880 0.043189880
4.326866671 0.993289082 0.001454076 0.007174139 0.021513876 0.135175667 0.043027751 0.043027751
4.327135794 0.993350863 0.001443094 0.007119956 0.021432479 0.134664239 0.042864959 0.042864959
4.327403894 0.993412409 0.001432110 0.007065760 0.021350753 0.134150735 0.042701505 0.042701505
4.327670968 0.993473719 0.001421123 0.007011553 0.021268697 0.133635162 0.042537393 0.042537393
4.327937012 0.993534793 0.001410135 0.006957340 0.021186313 0.133117528 0.042372625 0.042372625
4.328202021 0.993595629 0.001399146 0.006903124 0.021103602 0.132597841 0.042207204 0.042207204
4.328465991 0.993656227 0.001388157 0.006848907 0.021020566 0.132076110 0.042041131 0.042041131
4.328728919 0.993716586 0.001377169 0.006794694 0.020937205 0.131552341 0.041874411 0.041874411
4.328990800 0.993776704 0.001366182 0.006740488 0.020853522 0.131026544 0.041707044 0.041707044
4.329251630 0.993836581 0.001355198 0.006686291 0.020769517 0.130498727 0.041539035 0.041539035
4.329511405 0.993896216 0.001344216 0.006632108 0.020685192 0.129968897 0.041370385 0.041370385
4.329770121 0.993955608 0.001333237 0.006577942 0.020600548 0.129437062 0.041201097 0.041201097
4.330027775 0.994014755 0.001322263 0.006523796 0.020515587 0.128903232 0.041031173 0.041031173
4.330284362 0.994073658 0.001311293 0.006469673 0.020430308 0.128367413 0.040860617 0.040860617
4.330539878 0.994132315 0.001300329 0.006415577 0.020344715 0.127829616 0.040689430 0.040689430
4.330794319 0.994190726 0.001289370 0.006361511 0.020258808 0.127289846 0.040517617 0.040517617
4.331047682 0.994248888 0.001278419 0.006307478 0.020172589 0.126748114 0.040345178 0.040345178
4.331299962 0.994306802 0.001267475 0.006253482 0.020086058 0.126204427 0.040172117 0.040172117
4.331551155 0.994364467 0.001256539 0.006199527 0.019999218 0.125658794 0.039998437 0.039998437
4.331801259 0.994421882 0.001245612 0.006145614 0.019912070 0.125111224 0.039824139 0.039824139
4.332050268 0.994479045 0.001234694 0.006091749 0.019824614 0.124561723 0.039649228 0.039649228
4.332298179 0.994535956 0.001223787 0.006037933 0.019736853 0.124010302 0.039473705 0.039473705
4.332544989 0.994592615 0.001212890 0.005984171 0.019648787 0.123456969 0.039297574 0.039297574
4.332790693 0.994649019 0.001202005 0.005930465 0.019560418 0.122901732 0.039120836 0.039120836
4.333035287 0.994705169 0.001191132 0.005876820 0.019471748 0.122344599 0.038943495 0.038943495
4.333278768 0.994761064 0.001180271 0.005823237 0.019382777 0.121785580 0.038765554 0.038765554
4.333521132 0.994816701 0.001169425 0.005769722 0.019293507 0.121224682 0.038587015 0.038587015
4.333762376 0.994872082 0.001158592 0.005716276 0.019203940 0.120661915 0.038407881 0.038407881
4.334002495 0.994927205 0.001147774 0.005662903 0.019114077 0.120097288 0.038228154 0.038228154
4.334241486 0.994982068 0.001136972 0.005609607 0.019023919 0.119530808 0.038047838 0.038047838
4.334479346 0.995036672 0.001126186 0.005556391 0.018933468 0.118962485 0.037866935 0.037866935
4.334716070 0.995091015 0.001115417 0.005503258 0.018842724 0.118392328 0.037685448 0.037685448
4.334951654 0.995145096 0.001104665 0.005450211 0.018751690 0.117820344 0.037503380 0.037503380
4.335186096 0.995198916 0.001093932 0.005397254 0.018660367 0.117246544 0.037320734 0.037320734
4.335419392 0.995252472 0.001083217 0.005344390 0.018568756 0.116670936 0.037137512 0.037137512
4.335651538 0.995305764 0.001072522 0.005291621 0.018476859 0.116093528 0.036953718 0.036953718
4.335882530 0.995358791 0.001061847 0.005238953 0.018384677 0.115514331 0.036769353 0.036769353
4.336112365 0.995411553 0.001051193 0.005186387 0.018292211 0.114933351 0.036584422 0.036584422
4.336341039 0.995464048 0.001040560 0.005133926 0.018199463 0.114350600 0.036398926 0.036398926
4.336568550 0.995516276 0.001029949 0.005081575 0.018106435 0.113766085 0.036212870 0.036212870
4.336794892 0.995568236 0.001019361 0.005029337 0.018013127 0.113179815 0.036026254 0.036026254
4.337020064 0.995619927 0.001008797 0.004977214 0.017919542 0.112591801 0.035839083 0.035839083
4.337244061 0.995671348 0.000998256 0.004925209 0.017825680 0.112002050 0.035651360 0.035651360
4.337466879 0.995722499 0.000987741 0.004873327 0.017731543 0.111410571 0.035463086 0.035463086
4.337688516 0.995773379 0.000977250 0.004821570 0.017637133 0.110817375 0.035274266 0.035274266
4.337908969 0.995823987 0.000966786 0.004769941 0.017542451 0.110222469 0.035084902 0.035084902
4.338128233 0.995874322 0.000956349 0.004718444 0.017447498 0.109625864 0.034894996 0.034894996
4.338346305 0.995924383 0.000945938 0.004667082 0.017352276 0.109027569 0.034704553 0.034704553
4.338563182 0.995974170 0.000935556 0.004615857 0.017256787 0.108427592 0.034513574 0.034513574
4.338778861 0.996023682 0.000925202 0.004564774 0.017161032 0.107825943 0.034322063 0.034322063
4.338993337 0.996072918 0.000914878 0.004513835 0.017065012 0.107222631 0.034130023 0.034130023
4.339206609 0.996121877 0.000904583 0.004463043 0.016968728 0.106617665 0.033937457 0.033937457
4.339418673 0.996170559 0.000894319 0.004412402 0.016872184 0.106011056 0.033744367 0.033744367
4.339629525 0.996218963 0.000884086 0.004361914 0.016775378 0.105402811 0.033550757 0.033550757
4.339839162 0.996267088 0.000873885 0.004311584 0.016678315 0.104792941 0.033356629 0.033356629
4.340047581 0.996314933 0.000863716 0.004261413 0.016580994 0.104181455 0.033161987 0.033161987
4.340254778 0.996362498 0.000853580 0.004211405 0.016483417 0.103568363 0.032966834 0.032966834
4.340460751 0.996409782 0.000843478 0.004161563 0.016385586 0.102953673 0.032771172 0.032771172
4.340665497 0.996456784 0.000833410 0.004111890 0.016287502 0.102337396 0.032575005 0.032575005
4.340869011 0.996503503 0.000823377 0.004062389 0.016189168 0.101719540 0.032378335 0.032378335
4.341071292 0.996549940 0.000813380 0.004013064 0.016090583 0.101100116 0.032181166 0.032181166
4.341272335 0.996596092 0.000803419 0.003963917 0.015991751 0.100479133 0.031983501 0.031983501
4.341472138 0.996641959 0.000793494 0.003914951 0.015892672 0.099856600 0.031785343 0.031785343
4.341670698 0.996687541 0.000783607 0.003866169 0.015793347 0.099232528 0.031586695 0.031586695
4.341868012 0.996732837 0.000773758 0.003817575 0.015693779 0.098606925 0.031387559 0.031387559
4.342064076 0.996777846 0.000763947 0.003769171 0.015593970 0.097979801 0.031187939 0.031187939
4.342258887 0.996822568 0.000754176 0.003720961 0.015493919 0.097351167 0.030987839 0.030987839
4.342452444 0.996867001 0.000744444 0.003672946 0.015393630 0.096721031 0.030787260 0.030787260
4.342644742 0.996911146 0.000734753 0.003625131 0.015293104 0.096089403 0.030586207 0.030586207
4.342835778 0.996955001 0.000725102 0.003577519 0.015192341 0.095456294 0.030384682 0.030384682
4.343025550 0.996998565 0.000715494 0.003530111 0.015091344 0.094821713 0.030182689 0.030182689
4.343214055 0.997041839 0.000705927 0.003482911 0.014990115 0.094185669 0.029980230 0.029980230
4.343401290 0.997084821 0.000696403 0.003435923 0.014888654 0.093548173 0.029777308 0.029777308
4.343587252 0.997127511 0.000686923 0.003389148 0.014786964 0.092909235 0.029573928 0.029573928
4.343771938 0.997169908 0.000677486 0.003342590 0.014685046 0.092268863 0.029370091 0.029370091
4.343955345 0.997212012 0.000668094 0.003296251 0.014582901 0.091627069 0.029165802 0.029165802
4.344137470 0.997253821 0.000658747 0.003250136 0.014480531 0.090983862 0.028961063 0.028961063
4.344318311 0.997295336 0.000649446 0.003204245 0.014377938 0.090339251 0.028755877 0.028755877
4.344497865 0.997336555 0.000640191 0.003158583 0.014275124 0.089693248 0.028550247 0.028550247
4.344676129 0.997377477 0.000630983 0.003113151 0.014172089 0.089045861 0.028344178 0.028344178
4.344853100 0.997418104 0.000621822 0.003067954 0.014068836 0.088397101 0.028137671 0.028137671
4.345028776 0.997458432 0.000612709 0.003022993 0.013965365 0.087746978 0.027930731 0.027930731
4.345203154 0.997498463 0.000603645 0.002978271 0.013861680 0.087095502 0.027723359 0.027723359
4.345376231 0.997538195 0.000594630 0.002933791 0.013757780 0.086442682 0.027515560 0.027515560
4.345548004 0.997577628 0.000585664 0.002889557 0.013653669 0.085788530 0.027307337 0.027307337
4.345718471 0.997616761 0.000576749 0.002845569 0.013549346 0.085133055 0.027098693 0.027098693
4.345887630 0.997655593 0.000567884 0.002801833 0.013444815 0.084476266 0.026889631 0.026889631
4.346055477 0.997694125 0.000559070 0.002758349 0.013340077 0.083818175 0.026680154 0.026680154
4.346222010 0.997732355 0.000550309 0.002715120 0.013235133 0.083158792 0.026470266 0.026470266
4.346387227 0.997770282 0.000541600 0.002672150 0.013129985 0.082498126 0.026259969 0.026259969
4.346551124 0.997807907 0.000532943 0.002629442 0.013024634 0.081836188 0.026049268 0.026049268
4.346713700 0.997845229 0.000524340 0.002586996 0.012919082 0.081172987 0.025838164 0.025838164
4.346874952 0.997882246 0.000515791 0.002544817 0.012813331 0.080508535 0.025626663 0.025626663
4.347034877 0.997918959 0.000507297 0.002502907 0.012707383 0.079842842 0.025414766 0.025414766
4.347193473 0.997955367 0.000498857 0.002461268 0.012601239 0.079175917 0.025202477 0.025202477
4.347350737 0.997991469 0.000490473 0.002419903 0.012494900 0.078507771 0.024989800 0.024989800
4.347506668 0.998027265 0.000482145 0.002378815 0.012388368 0.077838415 0.024776737 0.024776737
4.347661262 0.998062754 0.000473874 0.002338006 0.012281646 0.077167858 0.024563292 0.024563292
4.347814518 0.998097936 0.000465660 0.002297479 0.012174734 0.076496111 0.024349468 0.024349468
4.347966432 0.998132810 0.000457503 0.002257235 0.012067635 0.075823184 0.024135269 0.024135269
4.348117003 0.998167375 0.000449405 0.002217278 0.011960349 0.075149089 0.023920698 0.023920698
4.348266228 0.998201632 0.000441365 0.002177610 0.011852879 0.074473834 0.023705758 0.023705758
4.348414105 0.998235579 0.000433384 0.002138234 0.011745226 0.073797431 0.023490452 0.023490452
4.348560632 0.998269216 0.000425462 0.002099152 0.011637392 0.073119889 0.023274784 0.023274784
4.348705806 0.998302543 0.000417601 0.002060365 0.011529378 0.072441221 0.023058757 0.023058757
4.348849625 0.998335558 0.000409800 0.002021878 0.011421187 0.071761435 0.022842374 0.022842374
4.348992088 0.998368262 0.000402061 0.001983692 0.011312820 0.071080542 0.022625639 0.022625639
4.349133191 0.998400654 0.000394382 0.001945809 0.011204278 0.070398553 0.022408555 0.022408555
4.349272932 0.998432734 0.000386766 0.001908232 0.011095563 0.069715479 0.022191126 0.022191126
4.349411310 0.998464500 0.000379212 0.001870963 0.010986677 0.069031329 0.021973355 0.021973355
4.349548323 0.998495953 0.000371722 0.001834005 0.010877622 0.068346115 0.021755244 0.021755244
4.349683967 0.998527092 0.000364294 0.001797359 0.010768399 0.067659847 0.021536798 0.021536798
4.349818241 0.998557917 0.000356930 0.001761028 0.010659010 0.066972536 0.021318020 0.021318020
4.349951144 0.998588426 0.000349631 0.001725014 0.010549457 0.066284191 0.021098913 0.021098913
4.350082672 0.998618620 0.000342396 0.001689320 0.010439741 0.065594825 0.020879481 0.020879481
4.350212825 0.998648499 0.000335227 0.001653947 0.010329864 0.064904447 0.020659727 0.020659727
4.350341599 0.998678060 0.000328123 0.001618898 0.010219827 0.064213068 0.020439654 0.020439654
4.350468993 0.998707305 0.000321085 0.001584175 0.010109633 0.063520699 0.020219266 0.020219266
4.350595005 0.998736233 0.000314114 0.001549781 0.009999283 0.062827350 0.019998567 0.019998567
4.350719634 0.998764843 0.000307210 0.001515716 0.009888779 0.062133033 0.019777559 0.019777559
4.350842876 0.998793135 0.000300373 0.001481984 0.009778123 0.061437757 0.019556245 0.019556245
4.350964730 0.998821108 0.000293604 0.001448586 0.009667315 0.060741534 0.019334631 0.019334631
4.351085195 0.998848763 0.000286903 0.001415524 0.009556359 0.060044374 0.019112718 0.019112718
4.351204269 0.998876098 0.000280270 0.001382802 0.009445255 0.059346288 0.018890510 0.018890510
4.351321948 0.998903113 0.000273707 0.001350419 0.009334006 0.058647287 0.018668011 0.018668011
4.351438233 0.998929807 0.000267213 0.001318379 0.009222612 0.057947381 0.018445224 0.018445224
4.351553121 0.998956181 0.000260789 0.001286684 0.009111077 0.057246582 0.018222153 0.018222153
4.351666610 0.998982234 0.000254435 0.001255335 0.008999400 0.056544900 0.017998801 0.017998801
4.351778698 0.999007965 0.000248152 0.001224334 0.008887585 0.055842347 0.017775171 0.017775171
4.351889385 0.999033375 0.000241940 0.001193684 0.008775634 0.055138932 0.017551267 0.017551267
4.351998667 0.999058462 0.000235799 0.001163386 0.008663546 0.054434666 0.017327092 0.017327092
4.352106544 0.999083227 0.000229729 0.001133442 0.008551325 0.053729561 0.017102651 0.017102651
4.352213013 0.999107668 0.000223732 0.001103854 0.008438972 0.053023628 0.016877945 0.016877945
4.352318074 0.999131786 0.000217808 0.001074624 0.008326490 0.052316877 0.016652979 0.016652979
4.352421723 0.999155580 0.000211956 0.001045753 0.008213878 0.051609319 0.016427756 0.016427756
4.352523961 0.999179050 0.000206178 0.001017243 0.008101140 0.050900965 0.016202280 0.016202280
4.352624785 0.999202196 0.000200473 0.000989097 0.007988277 0.050191827 0.015976555 0.015976555
4.352724194 0.999225016 0.000194842 0.000961315 0.007875291 0.049481914 0.015750582 0.015750582
4.352822186 0.999247512 0.000189286 0.000933900 0.007762184 0.048771238 0.015524367 0.015524367
4.352918760 0.999269682 0.000183804 0.000906853 0.007648956 0.048059810 0.015297913 0.015297913
4.353013914 0.999291525 0.000178397 0.000880176 0.007535611 0.047347641 0.015071222 0.015071222
4.353107646 0.999313043 0.000173065 0.000853870 0.007422150 0.046634742 0.014844299 0.014844299
4.353199956 0.999334234 0.000167809 0.000827938 0.007308574 0.045921123 0.014617148 0.014617148
4.353290842 0.999355098 0.000162629 0.000802380 0.007194885 0.045206797 0.014389770 0.014389770
4.353380302 0.999375635 0.000157525 0.000777199 0.007081086 0.044491773 0.014162171 0.014162171
4.353468335 0.999395844 0.000152498 0.000752395 0.006967177 0.043776063 0.013934354 0.013934354
4.353554940 0.999415725 0.000147547 0.000727971 0.006853161 0.043059679 0.013706321 0.013706321
4.353640115 0.999435278 0.000142674 0.000703928 0.006739039 0.042342630 0.013478078 0.013478078
4.353723859 0.999454503 0.000137879 0.000680268 0.006624813 0.041624928 0.013249626 0.013249626
4.353806172 0.999473399 0.000133161 0.000656991 0.006510485 0.040906584 0.013020970 0.013020970
4.353887050 0.999491965 0.000128521 0.000634099 0.006396057 0.040187609 0.012792113 0.012792113
4.353966494 0.999510203 0.000123960 0.000611594 0.006281530 0.039468015 0.012563059 0.012563059
4.354044502 0.999528110 0.000119477 0.000589477 0.006166906 0.038747812 0.012333812 0.012333812
4.354121073 0.999545688 0.000115073 0.000567750 0.006052187 0.038027011 0.012104374 0.012104374
4.354196205 0.999562936 0.000110749 0.000546413 0.005937375 0.037305624 0.011874749 0.011874749
4.354269898 0.999579853 0.000106504 0.000525469 0.005822471 0.036583662 0.011644941 0.011644941
4.354342150 0.999596440 0.000102338 0.000504918 0.005707477 0.035861136 0.011414954 0.011414954
4.354412961 0.999612695 0.000098253 0.000484762 0.005592395 0.035138056 0.011184791 0.011184791
4.354482328 0.999628619 0.000094248 0.000465001 0.005477227 0.034414435 0.010954455 0.010954455
4.354550252 0.999644212 0.000090323 0.000445638 0.005361975 0.033690283 0.010723950 0.010723950
4.354616731 0.999659473 0.000086479 0.000426673 0.005246640 0.032965611 0.010493280 0.010493280
4.354681763 0.999674402 0.000082716 0.000408107 0.005131224 0.032240431 0.010262448 0.010262448
4.354745349 0.999688999 0.000079035 0.000389943 0.005015729 0.031514754 0.010031458 0.010031458
4.354807487 0.999703264 0.000075434 0.000372179 0.004900156 0.030788591 0.009800313 0.009800313
4.354868176 0.999717196 0.000071916 0.000354819 0.004784508 0.030061953 0.009569017 0.009569017
4.354927414 0.999730795 0.000068479 0.000337863 0.004668787 0.029334851 0.009337573 0.009337573
4.354985203 0.999744061 0.000065124 0.000321312 0.004552993 0.028607298 0.009105986 0.009105986
4.355041539 0.999756993 0.000061852 0.000305166 0.004437129 0.027879302 0.008874258 0.008874258
4.355096423 0.999769593 0.000058662 0.000289428 0.004321196 0.027150877 0.008642393 0.008642393
4.355149853 0.999781858 0.000055555 0.000274098 0.004205197 0.026422034 0.008410395 0.008410395
4.355201830 0.999793790 0.000052531 0.000259176 0.004089133 0.025692783 0.008178267 0.008178267
4.355252351 0.999805388 0.000049589 0.000244665 0.003973006 0.024963135 0.007946013 0.007946013
4.355301416 0.999816652 0.000046731 0.000230564 0.003856818 0.024233103 0.007713636 0.007713636
4.355349025 0.999827581 0.000043957 0.000216874 0.003740570 0.023502697 0.007481141 0.007481141
4.355395177 0.999838176 0.000041266 0.000203597 0.003624265 0.022771928 0.007248530 0.007248530
4.355439871 0.999848436 0.000038659 0.000190734 0.003507904 0.022040809 0.007015807 0.007015807
4.355483105 0.999858361 0.000036135 0.000178284 0.003391488 0.021309349 0.006782976 0.006782976
4.355524881 0.999867951 0.000033696 0.000166250 0.003275021 0.020577561 0.006550041 0.006550041
4.355565197 0.999877206 0.000031341 0.000154630 0.003158502 0.019845455 0.006317005 0.006317005
4.355604052 0.999886126 0.000029070 0.000143428 0.003041935 0.019113044 0.006083871 0.006083871
4.355641445 0.999894710 0.000026884 0.000132642 0.002925322 0.018380337 0.005850643 0.005850643
4.355677377 0.999902958 0.000024783 0.000122273 0.002808663 0.017647348 0.005617325 0.005617325
4.355711847 0.999910871 0.000022766 0.000112323 0.002691960 0.016914086 0.005383921 0.005383921
4.355744853 0.999918448 0.000020834 0.000102792 0.002575217 0.016180563 0.005150433 0.005150433
4.355776397 0.999925690 0.000018987 0.000093681 0.002458433 0.015446791 0.004916866 0.004916866
4.355806476 0.999932595 0.000017226 0.000084989 0.002341612 0.014712780 0.004683223 0.004683223
4.355835091 0.999939164 0.000015549 0.000076718 0.002224754 0.013978543 0.004449508 0.004449508
4.355862241 0.999945396 0.000013958 0.000068868 0.002107862 0.013244090 0.004215725 0.004215725
4.355887926 0.999951293 0.000012453 0.000061440 0.001990938 0.012509433 0.003981876 0.003981876
4.355912146 0.999956853 0.000011033 0.000054433 0.001873983 0.011774583 0.003747966 0.003747966
4.355934899 0.999962076 0.000009698 0.000047849 0.001756999 0.011039551 0.003513998 0.003513998
4.355956187 0.999966963 0.000008450 0.000041688 0.001639988 0.010304349 0.003279976 0.003279976
4.355976007 0.999971513 0.000007287 0.000035950 0.001522952 0.009568988 0.003045904 0.003045904
4.355994361 0.999975726 0.000006209 0.000030636 0.001405892 0.008833480 0.002811784 0.002811784
4.356011247 0.999979603 0.000005218 0.000025746 0.001288811 0.008097836 0.002577621 0.002577621
4.356026666 0.999983142 0.000004313 0.000021280 0.001171709 0.007362066 0.002343418 0.002343418
4.356040617 0.999986345 0.000003494 0.000017239 0.001054590 0.006626183 0.002109180 0.002109180
4.356053100 0.999989211 0.000002761 0.000013622 0.000937454 0.005890198 0.001874908 0.001874908
4.356064115 0.999991739 0.000002114 0.000010430 0.000820304 0.005154122 0.001640608 0.001640608
4.356073661 0.999993931 0.000001553 0.000007663 0.000703141 0.004417966 0.001406282 0.001406282
4.356081740 0.999995785 0.000001079 0.000005322 0.000585968 0.003681743 0.001171935 0.001171935
4.356088349 0.999997302 0.000000690 0.000003406 0.000468785 0.002945462 0.000937570 0.000937570
4.356093490 0.999998483 0.000000388 0.000001916 0.000351595 0.002209136 0.000703190 0.000703190
4.356097162 0.999999326 0.000000173 0.000000852 0.000234400 0.001472777 0.000468799 0.000468799
4.356099366 0.999999831 0.000000043 0.000000213 0.000117201 0.000736394 0.000234401 0.000234401
4.356100100 1.000000000 0.000000000 0.000000000 0.000000000 0.000000000 0.000000000 0.000000000
