ISO-10303-21;
HEADER;
FILE_DESCRIPTION(('Open CASCADE Model'),'2;1');
FILE_NAME('Open CASCADE Shape Model','2026-10-07T20:21:15',('Author'),(
    'Open CASCADE'),'Open CASCADE STEP processor 7.9','Open CASCADE 7.9'
  ,'Unknown');
FILE_SCHEMA(('AUTOMOTIVE_DESIGN { 1 0 10303 214 1 1 1 1 }'));
ENDSEC;
DATA;
#1 = APPLICATION_PROTOCOL_DEFINITION('international standard',
  'automotive_design',2000,#2);
#2 = APPLICATION_CONTEXT(
  'core data for automotive mechanical design processes');
#3 = SHAPE_DEFINITION_REPRESENTATION(#4,#10);
#4 = PRODUCT_DEFINITION_SHAPE('','',#5);
#5 = PRODUCT_DEFINITION('design','',#6,#9);
#6 = PRODUCT_DEFINITION_FORMATION('','',#7);
#7 = PRODUCT('Open CASCADE STEP translator 7.9 1',
  'Open CASCADE STEP translator 7.9 1','',(#8));
#8 = PRODUCT_CONTEXT('',#2,'mechanical');
#9 = PRODUCT_DEFINITION_CONTEXT('part definition',#2,'design');
#10 = ADVANCED_BREP_SHAPE_REPRESENTATION('',(#11,#15),#1419);
#11 = AXIS2_PLACEMENT_3D('',#12,#13,#14);
#12 = CARTESIAN_POINT('',(0.,0.,0.));
#13 = DIRECTION('',(0.,0.,1.));
#14 = DIRECTION('',(1.,0.,-0.));
#15 = MANIFOLD_SOLID_BREP('',#16);
#16 = CLOSED_SHELL('',(#17,#479,#736,#1192));
#17 = ADVANCED_FACE('',(#18),#231,.T.);
#18 = FACE_BOUND('',#19,.T.);
#19 = EDGE_LOOP('',(#20,#451,#478));
#20 = ORIENTED_EDGE('',*,*,#21,.T.);
#21 = EDGE_CURVE('',#22,#24,#26,.T.);
#22 = VERTEX_POINT('',#23);
#23 = CARTESIAN_POINT('',(0.,0.,0.));
#24 = VERTEX_POINT('',#25);
#25 = CARTESIAN_POINT('',(1.0159998984E+03,0.,254.));
#26 = SEAM_CURVE('',#27,(#230,#444),.PCURVE_S1.);
#27 = B_SPLINE_CURVE_WITH_KNOTS('',3,(#28,#29,#30,#31,#32,#33,#34,#35,
    #36,#37,#38,#39,#40,#41,#42,#43,#44,#45,#46,#47,#48,#49,#50,#51,#52,
    #53,#54,#55,#56,#57,#58,#59,#60,#61,#62,#63,#64,#65,#66,#67,#68,#69,
    #70,#71,#72,#73,#74,#75,#76,#77,#78,#79,#80,#81,#82,#83,#84,#85,#86,
    #87,#88,#89,#90,#91,#92,#93,#94,#95,#96,#97,#98,#99,#100,#101,#102,
    #103,#104,#105,#106,#107,#108,#109,#110,#111,#112,#113,#114,#115,
    #116,#117,#118,#119,#120,#121,#122,#123,#124,#125,#126,#127,#128,
    #129,#130,#131,#132,#133,#134,#135,#136,#137,#138,#139,#140,#141,
    #142,#143,#144,#145,#146,#147,#148,#149,#150,#151,#152,#153,#154,
    #155,#156,#157,#158,#159,#160,#161,#162,#163,#164,#165,#166,#167,
    #168,#169,#170,#171,#172,#173,#174,#175,#176,#177,#178,#179,#180,
    #181,#182,#183,#184,#185,#186,#187,#188,#189,#190,#191,#192,#193,
    #194,#195,#196,#197,#198,#199,#200,#201,#202,#203,#204,#205,#206,
    #207,#208,#209,#210,#211,#212,#213,#214,#215,#216,#217,#218,#219,
    #220,#221,#222,#223,#224,#225,#226,#227,#228,#229),.UNSPECIFIED.,.F.
  ,.F.,(4,1,1,1,1,1,1,1,1,1,1,1,1,1,1,1,1,1,1,1,1,1,1,1,1,1,1,1,1,1,1,1,
    1,1,1,1,1,1,1,1,1,1,1,1,1,1,1,1,1,1,1,1,1,1,1,1,1,1,1,1,1,1,1,1,1,1,
    1,1,1,1,1,1,1,1,1,1,1,1,1,1,1,1,1,1,1,1,1,1,1,1,1,1,1,1,1,1,1,1,1,1,
    1,1,1,1,1,1,1,1,1,1,1,1,1,1,1,1,1,1,1,1,1,1,1,1,1,1,1,1,1,1,1,1,1,1,
    1,1,1,1,1,1,1,1,1,1,1,1,1,1,1,1,1,1,1,1,1,1,1,1,1,1,1,1,1,1,1,1,1,1,
    1,1,1,1,1,1,1,1,1,1,1,1,1,1,1,1,1,1,1,1,1,1,1,1,1,1,1,1,1,1,1,4),(0.
    ,5.577408282801,11.154696226569,16.731962409585,22.30920265493,
    27.886431912298,33.463651248974,39.040867378651,44.618084337076,
    50.195303950533,55.772531388878,61.349772013567,66.927023812063,
    72.504289923237,78.081575690941,83.658878303171,89.2361989398,
    94.813539967352,100.39089950393,105.96828002372,111.54567813313,
    117.12309556743,122.70053015366,128.27798089555,133.85544811166,
    139.43293100573,145.01042697807,150.58793600315,156.16545702581,
    161.74298889579,167.32053120272,172.89808215235,178.47564220362,
    184.05321049195,189.63078510527,195.20836650929,200.7859540914,
    206.36354664998,211.94114436585,217.51874624723,223.09635217049,
    228.67396181988,234.25157482969,239.82919085229,245.40680957643,
    250.98443075642,256.56205437278,262.13967996123,267.71730711823,
    273.29493632477,278.87256688008,284.45019880346,290.02783186194,
    295.6054662882,301.1831016279,306.76073783395,312.3383750112,
    317.91601288874,323.49365134668,329.07129059648,334.64893039625,
    340.22657061883,345.80421144558,351.38185256836,356.95949417807,
    362.53713605373,368.11477828086,373.69242076954,379.27006347798,
    384.84770647001,390.42534961276,396.00299301443,401.58063654132,
    407.15828020545,412.73592402803,418.31356795798,423.89121200554,
    429.46885611832,435.04650035218,440.62414465071,446.20178904693,
    451.77943347675,457.35707798247,462.93472252528,468.51236709884,
    474.09001174213,479.66765638444,485.24530109244,490.82294581489,
    496.40059055209,501.97823533,507.55588011906,513.1335249209,
    518.71116972629,524.28881456653,529.86645941044,535.44410426024,
    541.021749114,546.59939397906,552.17703885937,557.75468373302,
    563.33232860656,568.90997349637,574.48761836897,580.06526326383,
    585.64290814086,591.22055303016,596.7981979115,602.37584278881,
    607.9534876721,613.53113253655,619.10877741758,624.68642227313,
    630.2640671437,635.84171199607,641.41935683902,646.99700168982,
    652.574646526,658.15229135204,663.72993617055,669.30758098127,
    674.88522577983,680.46287055695,686.04051535191,691.61816010961,
    697.19580487266,702.77344962187,708.35109435324,713.92873906945,
    719.50638378974,725.08402847871,730.66167315411,736.23931782718,
    741.81696249076,747.39460711633,752.97225175176,758.5498963598,
    764.12754096451,769.70518553852,775.28283010846,780.86047466877,
    786.43811920574,792.01576373209,797.5934082458,803.1710527382,
    808.74869722421,814.32634170451,819.90398616388,825.4816306027,
    831.05927503565,836.63691947157,842.21456388499,847.79220828708,
    853.36985268235,858.94749707438,864.52514145424,870.1027858296,
    875.68043019134,881.25807456201,886.83571892329,892.41336327929,
    897.99100764477,903.56865200136,909.1462963611,914.72394072861,
    920.30158509879,925.87922947381,931.45687385437,937.03451824379,
    942.61216264627,948.18980705907,953.76745148379,959.34509592335,
    964.92274037939,970.50038485075,976.07802934424,981.65567385563,
    987.233318388,992.81096294489,998.38860752448,1.003966252129E+03,
    1.00954389676E+03,1.015121541418E+03,1.020699186103E+03,
    1.026276830816E+03,1.031854475558E+03,1.037432120329E+03,
    1.043009765129E+03,1.048587409957E+03,1.054165054814E+03,
    1.059742699698E+03,1.06532034461E+03,1.070897989546E+03,
    1.076475634506E+03,1.082053279488E+03,1.087630924489E+03,
    1.093208569507E+03,1.098786214538E+03,1.104363859578E+03,
    1.109941504622E+03),.UNSPECIFIED.);
#28 = CARTESIAN_POINT('',(0.,0.,0.));
#29 = CARTESIAN_POINT('',(0.,0.,1.859136094267));
#30 = CARTESIAN_POINT('',(5.408108766326E-02,0.,5.577800181213));
#31 = CARTESIAN_POINT('',(0.345046223526,0.,11.148910811499));
#32 = CARTESIAN_POINT('',(0.855179900996,0.,16.704310362617));
#33 = CARTESIAN_POINT('',(1.592726573698,0.,22.234193915606));
#34 = CARTESIAN_POINT('',(2.561372029676,0.,27.728348797032));
#35 = CARTESIAN_POINT('',(3.762745239584,0.,33.176380312908));
#36 = CARTESIAN_POINT('',(5.196410628474,0.,38.567954973964));
#37 = CARTESIAN_POINT('',(6.860243795923,0.,43.893002099829));
#38 = CARTESIAN_POINT('',(8.750597104487,0.,49.141896422169));
#39 = CARTESIAN_POINT('',(10.862483883992,0.,54.305617462973));
#40 = CARTESIAN_POINT('',(13.189747046287,0.,59.375881513901));
#41 = CARTESIAN_POINT('',(15.725232779432,0.,64.345248010605));
#42 = CARTESIAN_POINT('',(18.460965788924,0.,69.207196696626));
#43 = CARTESIAN_POINT('',(21.388323978447,0.,73.956174360685));
#44 = CARTESIAN_POINT('',(24.498208302438,0.,78.587613324361));
#45 = CARTESIAN_POINT('',(27.781204157642,0.,83.097924104306));
#46 = CARTESIAN_POINT('',(31.22773168631,0.,87.484466747463));
#47 = CARTESIAN_POINT('',(34.828180272126,0.,91.745502647522));
#48 = CARTESIAN_POINT('',(38.573024399656,0.,95.88013019441));
#49 = CARTESIAN_POINT('',(42.452925004749,0.,99.888214587942));
#50 = CARTESIAN_POINT('',(46.458808969214,0.,103.77030709502));
#51 = CARTESIAN_POINT('',(50.581934746175,0.,107.52756540063));
#52 = CARTESIAN_POINT('',(54.813939377628,0.,111.16167166257));
#53 = CARTESIAN_POINT('',(59.146872706134,0.,114.67475461206));
#54 = CARTESIAN_POINT('',(63.573217518274,0.,118.06931469552));
#55 = CARTESIAN_POINT('',(68.085900037529,0.,121.34815564148));
#56 = CARTESIAN_POINT('',(72.678291344126,0.,124.51432188226));
#57 = CARTESIAN_POINT('',(77.34420216982,0.,127.57104275149));
#58 = CARTESIAN_POINT('',(82.07787120386,0.,130.52168254646));
#59 = CARTESIAN_POINT('',(86.873949673759,0.,133.36969720813));
#60 = CARTESIAN_POINT('',(91.727483755318,0.,136.11859744445));
#61 = CARTESIAN_POINT('',(96.6338937837,0.,138.77191660224));
#62 = CARTESIAN_POINT('',(101.58895298895,0.,141.33318399856));
#63 = CARTESIAN_POINT('',(106.58876565637,0.,143.80590274637));
#64 = CARTESIAN_POINT('',(111.62974534045,0.,146.19353155296));
#65 = CARTESIAN_POINT('',(116.70859352224,0.,148.49947003895));
#66 = CARTESIAN_POINT('',(121.82227847829,0.,150.72704690424));
#67 = CARTESIAN_POINT('',(126.9680152851,0.,152.87951081707));
#68 = CARTESIAN_POINT('',(132.14324729243,0.,154.96002372028));
#69 = CARTESIAN_POINT('',(137.34562773815,0.,156.97165561912));
#70 = CARTESIAN_POINT('',(142.57300330595,0.,158.91738128153));
#71 = CARTESIAN_POINT('',(147.82339818953,0.,160.80007800733));
#72 = CARTESIAN_POINT('',(153.0949995953,0.,162.62252460801));
#73 = CARTESIAN_POINT('',(158.38614428307,0.,164.38740125112));
#74 = CARTESIAN_POINT('',(163.69530616515,0.,166.097290025));
#75 = CARTESIAN_POINT('',(169.02108466401,0.,167.75467600136));
#76 = CARTESIAN_POINT('',(174.36219413969,0.,169.36194880332));
#77 = CARTESIAN_POINT('',(179.71745439213,0.,170.92140458314));
#78 = CARTESIAN_POINT('',(185.08578152449,0.,172.43524812218));
#79 = CARTESIAN_POINT('',(190.46617999675,0.,173.90559526237));
#80 = CARTESIAN_POINT('',(195.85773479348,0.,175.3344753106));
#81 = CARTESIAN_POINT('',(201.2596051242,0.,176.72383377181));
#82 = CARTESIAN_POINT('',(206.67101772638,0.,178.0755348655));
#83 = CARTESIAN_POINT('',(212.09126137134,0.,179.39136423931));
#84 = CARTESIAN_POINT('',(217.51968154947,0.,180.67303159255));
#85 = CARTESIAN_POINT('',(222.95567581003,0.,181.92217331922));
#86 = CARTESIAN_POINT('',(228.39868932956,0.,183.14035506568));
#87 = CARTESIAN_POINT('',(233.84821099934,0.,184.32907426648));
#88 = CARTESIAN_POINT('',(239.30376977471,0.,185.48976259477));
#89 = CARTESIAN_POINT('',(244.76493135224,0.,186.6237883478));
#90 = CARTESIAN_POINT('',(250.23129513852,0.,187.73245875937));
#91 = CARTESIAN_POINT('',(255.70249147714,0.,188.81702223256));
#92 = CARTESIAN_POINT('',(261.17817925205,0.,189.87867052252));
#93 = CARTESIAN_POINT('',(266.65804334787,0.,190.91854076871));
#94 = CARTESIAN_POINT('',(272.14179280519,0.,191.9377175462));
#95 = CARTESIAN_POINT('',(277.62915867598,0.,192.93723474769));
#96 = CARTESIAN_POINT('',(283.11989241597,0.,193.9180774608));
#97 = CARTESIAN_POINT('',(288.61376421144,0.,194.88118373238));
#98 = CARTESIAN_POINT('',(294.11056150248,0.,195.82744627332));
#99 = CARTESIAN_POINT('',(299.6100877021,0.,196.75771410828));
#100 = CARTESIAN_POINT('',(305.11216085238,0.,197.6727941298));
#101 = CARTESIAN_POINT('',(310.61661261173,0.,198.57345262928));
#102 = CARTESIAN_POINT('',(316.12328714869,0.,199.46041673701));
#103 = CARTESIAN_POINT('',(321.63204025473,0.,200.3343758275));
#104 = CARTESIAN_POINT('',(327.14273845281,0.,201.19598285799));
#105 = CARTESIAN_POINT('',(332.65525818228,0.,202.04585565694));
#106 = CARTESIAN_POINT('',(338.169485133,0.,202.88457817739));
#107 = CARTESIAN_POINT('',(343.68531352291,0.,203.71270168654));
#108 = CARTESIAN_POINT('',(349.20264553782,0.,204.53074592873));
#109 = CARTESIAN_POINT('',(354.72139070335,0.,205.3392002298));
#110 = CARTESIAN_POINT('',(360.2414654423,0.,206.1385245837));
#111 = CARTESIAN_POINT('',(365.7627925452,0.,206.92915068347));
#112 = CARTESIAN_POINT('',(371.28530077774,0.,207.71148293213));
#113 = CARTESIAN_POINT('',(376.8089244597,0.,208.48589941158));
#114 = CARTESIAN_POINT('',(382.333603086,0.,209.25275282216));
#115 = CARTESIAN_POINT('',(387.85928102039,0.,210.01237139879));
#116 = CARTESIAN_POINT('',(393.38590712646,0.,210.76505978695));
#117 = CARTESIAN_POINT('',(398.91343452949,0.,211.51109990686));
#118 = CARTESIAN_POINT('',(404.44182030954,0.,212.25075178009));
#119 = CARTESIAN_POINT('',(409.97102527152,0.,212.98425433993));
#120 = CARTESIAN_POINT('',(415.50101370557,0.,213.71182621512));
#121 = CARTESIAN_POINT('',(421.03175315819,0.,214.43366649115));
#122 = CARTESIAN_POINT('',(426.56321426165,0.,215.14995545629));
#123 = CARTESIAN_POINT('',(432.09537051388,0.,215.86085531948));
#124 = CARTESIAN_POINT('',(437.62819811587,0.,216.56651091496));
#125 = CARTESIAN_POINT('',(443.16167579056,0.,217.26705038483));
#126 = CARTESIAN_POINT('',(448.69578464989,0.,217.9625858487));
#127 = CARTESIAN_POINT('',(454.2305080349,0.,218.65321405186));
#128 = CARTESIAN_POINT('',(459.7658313688,0.,219.33901699771));
#129 = CARTESIAN_POINT('',(465.30174203088,0.,220.02006256612));
#130 = CARTESIAN_POINT('',(470.838229235,0.,220.69640511624));
#131 = CARTESIAN_POINT('',(476.37528390174,0.,221.3680860731));
#132 = CARTESIAN_POINT('',(481.91289855864,0.,222.03513450272));
#133 = CARTESIAN_POINT('',(487.45106720109,0.,222.6975676681));
#134 = CARTESIAN_POINT('',(492.98978522699,0.,223.35539158018));
#135 = CARTESIAN_POINT('',(498.52904929501,0.,224.00860152624));
#136 = CARTESIAN_POINT('',(504.06885726174,0.,224.65718259472));
#137 = CARTESIAN_POINT('',(509.60920806671,0.,225.30111018129));
#138 = CARTESIAN_POINT('',(515.150101647,0.,225.94035048632));
#139 = CARTESIAN_POINT('',(520.69153886159,0.,226.57486100158));
#140 = CARTESIAN_POINT('',(526.23352137884,0.,227.20459098148));
#141 = CARTESIAN_POINT('',(531.77605163314,0.,227.82948191105));
#142 = CARTESIAN_POINT('',(537.3191327007,0.,228.44946795416));
#143 = CARTESIAN_POINT('',(542.86276826159,0.,229.06447640115));
#144 = CARTESIAN_POINT('',(548.40696249997,0.,229.67442809951));
#145 = CARTESIAN_POINT('',(553.95172004211,0.,230.27923787913));
#146 = CARTESIAN_POINT('',(559.4970458803,0.,230.8788149667));
#147 = CARTESIAN_POINT('',(565.04294530031,0.,231.47306339149));
#148 = CARTESIAN_POINT('',(570.58942382648,0.,232.06188238439));
#149 = CARTESIAN_POINT('',(576.13648714623,0.,232.64516676634));
#150 = CARTESIAN_POINT('',(581.68414104577,0.,233.22280732995));
#151 = CARTESIAN_POINT('',(587.23239136589,0.,233.79469121549));
#152 = CARTESIAN_POINT('',(592.78124391259,0.,234.36070227477));
#153 = CARTESIAN_POINT('',(598.33070443374,0.,234.92072143474));
#154 = CARTESIAN_POINT('',(603.88077852697,0.,235.47462704727));
#155 = CARTESIAN_POINT('',(609.43147162263,0.,236.02229524005));
#156 = CARTESIAN_POINT('',(614.9827889021,0.,236.5636002548));
#157 = CARTESIAN_POINT('',(620.53473527454,0.,237.09841478544));
#158 = CARTESIAN_POINT('',(626.0873153064,0.,237.62661030597));
#159 = CARTESIAN_POINT('',(631.64053319181,0.,238.14805739721));
#160 = CARTESIAN_POINT('',(637.19439270204,0.,238.6626260664));
#161 = CARTESIAN_POINT('',(642.74889715689,0.,239.17018606422));
#162 = CARTESIAN_POINT('',(648.30404936163,0.,239.6706071943));
#163 = CARTESIAN_POINT('',(653.8598515985,0.,240.16375962364));
#164 = CARTESIAN_POINT('',(659.41630557105,0.,240.64951418492));
#165 = CARTESIAN_POINT('',(664.97341240037,0.,241.12774267989));
#166 = CARTESIAN_POINT('',(670.53117255407,0.,241.59831817375));
#167 = CARTESIAN_POINT('',(676.08958586637,0.,242.06111529439));
#168 = CARTESIAN_POINT('',(681.64865148356,0.,242.51601052262));
#169 = CARTESIAN_POINT('',(687.20836785757,0.,242.96288248402));
#170 = CARTESIAN_POINT('',(692.76873271866,0.,243.40161223699));
#171 = CARTESIAN_POINT('',(698.32974306585,0.,243.8320835604));
#172 = CARTESIAN_POINT('',(703.89139515477,0.,244.25418323939));
#173 = CARTESIAN_POINT('',(709.45368448701,0.,244.66780134997));
#174 = CARTESIAN_POINT('',(715.0166058033,0.,245.07283154286));
#175 = CARTESIAN_POINT('',(720.58015307648,0.,245.46917132645));
#176 = CARTESIAN_POINT('',(726.14431950773,0.,245.85672234953));
#177 = CARTESIAN_POINT('',(731.70909753793,0.,246.23539068468));
#178 = CARTESIAN_POINT('',(737.27447885586,0.,246.60508711131));
#179 = CARTESIAN_POINT('',(742.84045438944,0.,246.96572739766));
#180 = CARTESIAN_POINT('',(748.40701432401,0.,247.31723258515));
#181 = CARTESIAN_POINT('',(753.97414811594,0.,247.6595292729));
#182 = CARTESIAN_POINT('',(759.54184452059,0.,247.9925499039));
#183 = CARTESIAN_POINT('',(765.11009159584,0.,248.31623305072));
#184 = CARTESIAN_POINT('',(770.67887673273,0.,248.63052370421));
#185 = CARTESIAN_POINT('',(776.248186676,0.,248.93537356289));
#186 = CARTESIAN_POINT('',(781.81800756763,0.,249.23074132537));
#187 = CARTESIAN_POINT('',(787.38832495936,0.,249.51659298282));
#188 = CARTESIAN_POINT('',(792.95912386033,0.,249.79290211539));
#189 = CARTESIAN_POINT('',(798.53038876739,0.,250.05965018996));
#190 = CARTESIAN_POINT('',(804.10210370777,0.,250.31682686081));
#191 = CARTESIAN_POINT('',(809.67425228443,0.,250.56443027304));
#192 = CARTESIAN_POINT('',(815.24681771529,0.,250.80246736841));
#193 = CARTESIAN_POINT('',(820.81978288872,0.,251.03095419478));
#194 = CARTESIAN_POINT('',(826.39313040583,0.,251.24991621803));
#195 = CARTESIAN_POINT('',(831.96684263463,0.,251.45938863773));
#196 = CARTESIAN_POINT('',(837.54090176835,0.,251.6594167062));
#197 = CARTESIAN_POINT('',(843.11528987928,0.,251.85005605092));
#198 = CARTESIAN_POINT('',(848.68998897474,0.,252.03137300063));
#199 = CARTESIAN_POINT('',(854.26498105665,0.,252.20344491522));
#200 = CARTESIAN_POINT('',(859.84024818215,0.,252.36636051959));
#201 = CARTESIAN_POINT('',(865.41577252666,0.,252.52022024131));
#202 = CARTESIAN_POINT('',(870.9915364435,0.,252.66513655238));
#203 = CARTESIAN_POINT('',(876.56752252843,0.,252.80123431506));
#204 = CARTESIAN_POINT('',(882.14371367872,0.,252.92865113177));
#205 = CARTESIAN_POINT('',(887.7200931586,0.,253.04753769929));
#206 = CARTESIAN_POINT('',(893.29664465803,0.,253.15805816696));
#207 = CARTESIAN_POINT('',(898.87335235481,0.,253.26039049923));
#208 = CARTESIAN_POINT('',(904.45020097216,0.,253.35472684223));
#209 = CARTESIAN_POINT('',(910.0271758347,0.,253.44127389441));
#210 = CARTESIAN_POINT('',(915.6042629236,0.,253.52025328129));
#211 = CARTESIAN_POINT('',(921.18144892664,0.,253.59190193399));
#212 = CARTESIAN_POINT('',(926.75872128535,0.,253.65647247154));
#213 = CARTESIAN_POINT('',(932.33606823788,0.,253.71423358672));
#214 = CARTESIAN_POINT('',(937.91347885592,0.,253.76547043516));
#215 = CARTESIAN_POINT('',(943.49094307672,0.,253.81048502754));
#216 = CARTESIAN_POINT('',(949.06845172855,0.,253.8495966244));
#217 = CARTESIAN_POINT('',(954.64599654804,0.,253.8831421332));
#218 = CARTESIAN_POINT('',(960.22357018966,0.,253.91147650723));
#219 = CARTESIAN_POINT('',(965.80116622599,0.,253.93497314572));
#220 = CARTESIAN_POINT('',(971.37877913792,0.,253.95402429455));
#221 = CARTESIAN_POINT('',(976.95640429342,0.,253.96904144685));
#222 = CARTESIAN_POINT('',(982.53403791413,0.,253.9804557426));
#223 = CARTESIAN_POINT('',(988.11167702874,0.,253.98871836637));
#224 = CARTESIAN_POINT('',(993.68931941152,0.,253.99430094203));
#225 = CARTESIAN_POINT('',(999.26696350526,0.,253.99769592328));
#226 = CARTESIAN_POINT('',(1.004844608327E+03,0.,253.99941697838));
#227 = CARTESIAN_POINT('',(1.010422253356E+03,0.,253.99999936897));
#228 = CARTESIAN_POINT('',(1.014140683385E+03,-0.,254.));
#229 = CARTESIAN_POINT('',(1.0159998984E+03,0.,254.));
#230 = PCURVE('',#231,#438);
#231 = SURFACE_OF_REVOLUTION('',#232,#435);
#232 = B_SPLINE_CURVE_WITH_KNOTS('',3,(#233,#234,#235,#236,#237,#238,
    #239,#240,#241,#242,#243,#244,#245,#246,#247,#248,#249,#250,#251,
    #252,#253,#254,#255,#256,#257,#258,#259,#260,#261,#262,#263,#264,
    #265,#266,#267,#268,#269,#270,#271,#272,#273,#274,#275,#276,#277,
    #278,#279,#280,#281,#282,#283,#284,#285,#286,#287,#288,#289,#290,
    #291,#292,#293,#294,#295,#296,#297,#298,#299,#300,#301,#302,#303,
    #304,#305,#306,#307,#308,#309,#310,#311,#312,#313,#314,#315,#316,
    #317,#318,#319,#320,#321,#322,#323,#324,#325,#326,#327,#328,#329,
    #330,#331,#332,#333,#334,#335,#336,#337,#338,#339,#340,#341,#342,
    #343,#344,#345,#346,#347,#348,#349,#350,#351,#352,#353,#354,#355,
    #356,#357,#358,#359,#360,#361,#362,#363,#364,#365,#366,#367,#368,
    #369,#370,#371,#372,#373,#374,#375,#376,#377,#378,#379,#380,#381,
    #382,#383,#384,#385,#386,#387,#388,#389,#390,#391,#392,#393,#394,
    #395,#396,#397,#398,#399,#400,#401,#402,#403,#404,#405,#406,#407,
    #408,#409,#410,#411,#412,#413,#414,#415,#416,#417,#418,#419,#420,
    #421,#422,#423,#424,#425,#426,#427,#428,#429,#430,#431,#432,#433,
    #434),.UNSPECIFIED.,.F.,.F.,(4,1,1,1,1,1,1,1,1,1,1,1,1,1,1,1,1,1,1,1
    ,1,1,1,1,1,1,1,1,1,1,1,1,1,1,1,1,1,1,1,1,1,1,1,1,1,1,1,1,1,1,1,1,1,1
    ,1,1,1,1,1,1,1,1,1,1,1,1,1,1,1,1,1,1,1,1,1,1,1,1,1,1,1,1,1,1,1,1,1,1
    ,1,1,1,1,1,1,1,1,1,1,1,1,1,1,1,1,1,1,1,1,1,1,1,1,1,1,1,1,1,1,1,1,1,1
    ,1,1,1,1,1,1,1,1,1,1,1,1,1,1,1,1,1,1,1,1,1,1,1,1,1,1,1,1,1,1,1,1,1,1
    ,1,1,1,1,1,1,1,1,1,1,1,1,1,1,1,1,1,1,1,1,1,1,1,1,1,1,1,1,1,1,1,1,1,1
    ,1,1,1,1,1,1,1,1,1,4),(0.,5.577408282801,11.154696226569,
    16.731962409585,22.30920265493,27.886431912298,33.463651248974,
    39.040867378651,44.618084337076,50.195303950533,55.772531388878,
    61.349772013567,66.927023812063,72.504289923237,78.081575690941,
    83.658878303171,89.2361989398,94.813539967352,100.39089950393,
    105.96828002372,111.54567813313,117.12309556743,122.70053015366,
    128.27798089555,133.85544811166,139.43293100573,145.01042697807,
    150.58793600315,156.16545702581,161.74298889579,167.32053120272,
    172.89808215235,178.47564220362,184.05321049195,189.63078510527,
    195.20836650929,200.7859540914,206.36354664998,211.94114436585,
    217.51874624723,223.09635217049,228.67396181988,234.25157482969,
    239.82919085229,245.40680957643,250.98443075642,256.56205437278,
    262.13967996123,267.71730711823,273.29493632477,278.87256688008,
    284.45019880346,290.02783186194,295.6054662882,301.1831016279,
    306.76073783395,312.3383750112,317.91601288874,323.49365134668,
    329.07129059648,334.64893039625,340.22657061883,345.80421144558,
    351.38185256836,356.95949417807,362.53713605373,368.11477828086,
    373.69242076954,379.27006347798,384.84770647001,390.42534961276,
    396.00299301443,401.58063654132,407.15828020545,412.73592402803,
    418.31356795798,423.89121200554,429.46885611832,435.04650035218,
    440.62414465071,446.20178904693,451.77943347675,457.35707798247,
    462.93472252528,468.51236709884,474.09001174213,479.66765638444,
    485.24530109244,490.82294581489,496.40059055209,501.97823533,
    507.55588011906,513.1335249209,518.71116972629,524.28881456653,
    529.86645941044,535.44410426024,541.021749114,546.59939397906,
    552.17703885937,557.75468373302,563.33232860656,568.90997349637,
    574.48761836897,580.06526326383,585.64290814086,591.22055303016,
    596.7981979115,602.37584278881,607.9534876721,613.53113253655,
    619.10877741758,624.68642227313,630.2640671437,635.84171199607,
    641.41935683902,646.99700168982,652.574646526,658.15229135204,
    663.72993617055,669.30758098127,674.88522577983,680.46287055695,
    686.04051535191,691.61816010961,697.19580487266,702.77344962187,
    708.35109435324,713.92873906945,719.50638378974,725.08402847871,
    730.66167315411,736.23931782718,741.81696249076,747.39460711633,
    752.97225175176,758.5498963598,764.12754096451,769.70518553852,
    775.28283010846,780.86047466877,786.43811920574,792.01576373209,
    797.5934082458,803.1710527382,808.74869722421,814.32634170451,
    819.90398616388,825.4816306027,831.05927503565,836.63691947157,
    842.21456388499,847.79220828708,853.36985268235,858.94749707438,
    864.52514145424,870.1027858296,875.68043019134,881.25807456201,
    886.83571892329,892.41336327929,897.99100764477,903.56865200136,
    909.1462963611,914.72394072861,920.30158509879,925.87922947381,
    931.45687385437,937.03451824379,942.61216264627,948.18980705907,
    953.76745148379,959.34509592335,964.92274037939,970.50038485075,
    976.07802934424,981.65567385563,987.233318388,992.81096294489,
    998.38860752448,1.003966252129E+03,1.00954389676E+03,
    1.015121541418E+03,1.020699186103E+03,1.026276830816E+03,
    1.031854475558E+03,1.037432120329E+03,1.043009765129E+03,
    1.048587409957E+03,1.054165054814E+03,1.059742699698E+03,
    1.06532034461E+03,1.070897989546E+03,1.076475634506E+03,
    1.082053279488E+03,1.087630924489E+03,1.093208569507E+03,
    1.098786214538E+03,1.104363859578E+03,1.109941504622E+03),
  .UNSPECIFIED.);
#233 = CARTESIAN_POINT('',(0.,0.,0.));
#234 = CARTESIAN_POINT('',(0.,0.,1.859136094267));
#235 = CARTESIAN_POINT('',(5.408108766326E-02,0.,5.577800181213));
#236 = CARTESIAN_POINT('',(0.345046223526,0.,11.148910811499));
#237 = CARTESIAN_POINT('',(0.855179900996,0.,16.704310362617));
#238 = CARTESIAN_POINT('',(1.592726573698,0.,22.234193915606));
#239 = CARTESIAN_POINT('',(2.561372029676,0.,27.728348797032));
#240 = CARTESIAN_POINT('',(3.762745239584,0.,33.176380312908));
#241 = CARTESIAN_POINT('',(5.196410628474,0.,38.567954973964));
#242 = CARTESIAN_POINT('',(6.860243795923,0.,43.893002099829));
#243 = CARTESIAN_POINT('',(8.750597104487,0.,49.141896422169));
#244 = CARTESIAN_POINT('',(10.862483883992,0.,54.305617462973));
#245 = CARTESIAN_POINT('',(13.189747046287,0.,59.375881513901));
#246 = CARTESIAN_POINT('',(15.725232779432,0.,64.345248010605));
#247 = CARTESIAN_POINT('',(18.460965788924,0.,69.207196696626));
#248 = CARTESIAN_POINT('',(21.388323978447,0.,73.956174360685));
#249 = CARTESIAN_POINT('',(24.498208302438,0.,78.587613324361));
#250 = CARTESIAN_POINT('',(27.781204157642,0.,83.097924104306));
#251 = CARTESIAN_POINT('',(31.22773168631,0.,87.484466747463));
#252 = CARTESIAN_POINT('',(34.828180272126,0.,91.745502647522));
#253 = CARTESIAN_POINT('',(38.573024399656,0.,95.88013019441));
#254 = CARTESIAN_POINT('',(42.452925004749,0.,99.888214587942));
#255 = CARTESIAN_POINT('',(46.458808969214,0.,103.77030709502));
#256 = CARTESIAN_POINT('',(50.581934746175,0.,107.52756540063));
#257 = CARTESIAN_POINT('',(54.813939377628,0.,111.16167166257));
#258 = CARTESIAN_POINT('',(59.146872706134,0.,114.67475461206));
#259 = CARTESIAN_POINT('',(63.573217518274,0.,118.06931469552));
#260 = CARTESIAN_POINT('',(68.085900037529,0.,121.34815564148));
#261 = CARTESIAN_POINT('',(72.678291344126,0.,124.51432188226));
#262 = CARTESIAN_POINT('',(77.34420216982,0.,127.57104275149));
#263 = CARTESIAN_POINT('',(82.07787120386,0.,130.52168254646));
#264 = CARTESIAN_POINT('',(86.873949673759,0.,133.36969720813));
#265 = CARTESIAN_POINT('',(91.727483755318,0.,136.11859744445));
#266 = CARTESIAN_POINT('',(96.6338937837,0.,138.77191660224));
#267 = CARTESIAN_POINT('',(101.58895298895,0.,141.33318399856));
#268 = CARTESIAN_POINT('',(106.58876565637,0.,143.80590274637));
#269 = CARTESIAN_POINT('',(111.62974534045,0.,146.19353155296));
#270 = CARTESIAN_POINT('',(116.70859352224,0.,148.49947003895));
#271 = CARTESIAN_POINT('',(121.82227847829,0.,150.72704690424));
#272 = CARTESIAN_POINT('',(126.9680152851,0.,152.87951081707));
#273 = CARTESIAN_POINT('',(132.14324729243,0.,154.96002372028));
#274 = CARTESIAN_POINT('',(137.34562773815,0.,156.97165561912));
#275 = CARTESIAN_POINT('',(142.57300330595,0.,158.91738128153));
#276 = CARTESIAN_POINT('',(147.82339818953,0.,160.80007800733));
#277 = CARTESIAN_POINT('',(153.0949995953,0.,162.62252460801));
#278 = CARTESIAN_POINT('',(158.38614428307,0.,164.38740125112));
#279 = CARTESIAN_POINT('',(163.69530616515,0.,166.097290025));
#280 = CARTESIAN_POINT('',(169.02108466401,0.,167.75467600136));
#281 = CARTESIAN_POINT('',(174.36219413969,0.,169.36194880332));
#282 = CARTESIAN_POINT('',(179.71745439213,0.,170.92140458314));
#283 = CARTESIAN_POINT('',(185.08578152449,0.,172.43524812218));
#284 = CARTESIAN_POINT('',(190.46617999675,0.,173.90559526237));
#285 = CARTESIAN_POINT('',(195.85773479348,0.,175.3344753106));
#286 = CARTESIAN_POINT('',(201.2596051242,0.,176.72383377181));
#287 = CARTESIAN_POINT('',(206.67101772638,0.,178.0755348655));
#288 = CARTESIAN_POINT('',(212.09126137134,0.,179.39136423931));
#289 = CARTESIAN_POINT('',(217.51968154947,0.,180.67303159255));
#290 = CARTESIAN_POINT('',(222.95567581003,0.,181.92217331922));
#291 = CARTESIAN_POINT('',(228.39868932956,0.,183.14035506568));
#292 = CARTESIAN_POINT('',(233.84821099934,0.,184.32907426648));
#293 = CARTESIAN_POINT('',(239.30376977471,0.,185.48976259477));
#294 = CARTESIAN_POINT('',(244.76493135224,0.,186.6237883478));
#295 = CARTESIAN_POINT('',(250.23129513852,0.,187.73245875937));
#296 = CARTESIAN_POINT('',(255.70249147714,0.,188.81702223256));
#297 = CARTESIAN_POINT('',(261.17817925205,0.,189.87867052252));
#298 = CARTESIAN_POINT('',(266.65804334787,0.,190.91854076871));
#299 = CARTESIAN_POINT('',(272.14179280519,0.,191.9377175462));
#300 = CARTESIAN_POINT('',(277.62915867598,0.,192.93723474769));
#301 = CARTESIAN_POINT('',(283.11989241597,0.,193.9180774608));
#302 = CARTESIAN_POINT('',(288.61376421144,0.,194.88118373238));
#303 = CARTESIAN_POINT('',(294.11056150248,0.,195.82744627332));
#304 = CARTESIAN_POINT('',(299.6100877021,0.,196.75771410828));
#305 = CARTESIAN_POINT('',(305.11216085238,0.,197.6727941298));
#306 = CARTESIAN_POINT('',(310.61661261173,0.,198.57345262928));
#307 = CARTESIAN_POINT('',(316.12328714869,0.,199.46041673701));
#308 = CARTESIAN_POINT('',(321.63204025473,0.,200.3343758275));
#309 = CARTESIAN_POINT('',(327.14273845281,0.,201.19598285799));
#310 = CARTESIAN_POINT('',(332.65525818228,0.,202.04585565694));
#311 = CARTESIAN_POINT('',(338.169485133,0.,202.88457817739));
#312 = CARTESIAN_POINT('',(343.68531352291,0.,203.71270168654));
#313 = CARTESIAN_POINT('',(349.20264553782,0.,204.53074592873));
#314 = CARTESIAN_POINT('',(354.72139070335,0.,205.3392002298));
#315 = CARTESIAN_POINT('',(360.2414654423,0.,206.1385245837));
#316 = CARTESIAN_POINT('',(365.7627925452,0.,206.92915068347));
#317 = CARTESIAN_POINT('',(371.28530077774,0.,207.71148293213));
#318 = CARTESIAN_POINT('',(376.8089244597,0.,208.48589941158));
#319 = CARTESIAN_POINT('',(382.333603086,0.,209.25275282216));
#320 = CARTESIAN_POINT('',(387.85928102039,0.,210.01237139879));
#321 = CARTESIAN_POINT('',(393.38590712646,0.,210.76505978695));
#322 = CARTESIAN_POINT('',(398.91343452949,0.,211.51109990686));
#323 = CARTESIAN_POINT('',(404.44182030954,0.,212.25075178009));
#324 = CARTESIAN_POINT('',(409.97102527152,0.,212.98425433993));
#325 = CARTESIAN_POINT('',(415.50101370557,0.,213.71182621512));
#326 = CARTESIAN_POINT('',(421.03175315819,0.,214.43366649115));
#327 = CARTESIAN_POINT('',(426.56321426165,0.,215.14995545629));
#328 = CARTESIAN_POINT('',(432.09537051388,0.,215.86085531948));
#329 = CARTESIAN_POINT('',(437.62819811587,0.,216.56651091496));
#330 = CARTESIAN_POINT('',(443.16167579056,0.,217.26705038483));
#331 = CARTESIAN_POINT('',(448.69578464989,0.,217.9625858487));
#332 = CARTESIAN_POINT('',(454.2305080349,0.,218.65321405186));
#333 = CARTESIAN_POINT('',(459.7658313688,0.,219.33901699771));
#334 = CARTESIAN_POINT('',(465.30174203088,0.,220.02006256612));
#335 = CARTESIAN_POINT('',(470.838229235,0.,220.69640511624));
#336 = CARTESIAN_POINT('',(476.37528390174,0.,221.3680860731));
#337 = CARTESIAN_POINT('',(481.91289855864,0.,222.03513450272));
#338 = CARTESIAN_POINT('',(487.45106720109,0.,222.6975676681));
#339 = CARTESIAN_POINT('',(492.98978522699,0.,223.35539158018));
#340 = CARTESIAN_POINT('',(498.52904929501,0.,224.00860152624));
#341 = CARTESIAN_POINT('',(504.06885726174,0.,224.65718259472));
#342 = CARTESIAN_POINT('',(509.60920806671,0.,225.30111018129));
#343 = CARTESIAN_POINT('',(515.150101647,0.,225.94035048632));
#344 = CARTESIAN_POINT('',(520.69153886159,0.,226.57486100158));
#345 = CARTESIAN_POINT('',(526.23352137884,0.,227.20459098148));
#346 = CARTESIAN_POINT('',(531.77605163314,0.,227.82948191105));
#347 = CARTESIAN_POINT('',(537.3191327007,0.,228.44946795416));
#348 = CARTESIAN_POINT('',(542.86276826159,0.,229.06447640115));
#349 = CARTESIAN_POINT('',(548.40696249997,0.,229.67442809951));
#350 = CARTESIAN_POINT('',(553.95172004211,0.,230.27923787913));
#351 = CARTESIAN_POINT('',(559.4970458803,0.,230.8788149667));
#352 = CARTESIAN_POINT('',(565.04294530031,0.,231.47306339149));
#353 = CARTESIAN_POINT('',(570.58942382648,0.,232.06188238439));
#354 = CARTESIAN_POINT('',(576.13648714623,0.,232.64516676634));
#355 = CARTESIAN_POINT('',(581.68414104577,0.,233.22280732995));
#356 = CARTESIAN_POINT('',(587.23239136589,0.,233.79469121549));
#357 = CARTESIAN_POINT('',(592.78124391259,0.,234.36070227477));
#358 = CARTESIAN_POINT('',(598.33070443374,0.,234.92072143474));
#359 = CARTESIAN_POINT('',(603.88077852697,0.,235.47462704727));
#360 = CARTESIAN_POINT('',(609.43147162263,0.,236.02229524005));
#361 = CARTESIAN_POINT('',(614.9827889021,0.,236.5636002548));
#362 = CARTESIAN_POINT('',(620.53473527454,0.,237.09841478544));
#363 = CARTESIAN_POINT('',(626.0873153064,0.,237.62661030597));
#364 = CARTESIAN_POINT('',(631.64053319181,0.,238.14805739721));
#365 = CARTESIAN_POINT('',(637.19439270204,0.,238.6626260664));
#366 = CARTESIAN_POINT('',(642.74889715689,0.,239.17018606422));
#367 = CARTESIAN_POINT('',(648.30404936163,0.,239.6706071943));
#368 = CARTESIAN_POINT('',(653.8598515985,0.,240.16375962364));
#369 = CARTESIAN_POINT('',(659.41630557105,0.,240.64951418492));
#370 = CARTESIAN_POINT('',(664.97341240037,0.,241.12774267989));
#371 = CARTESIAN_POINT('',(670.53117255407,0.,241.59831817375));
#372 = CARTESIAN_POINT('',(676.08958586637,0.,242.06111529439));
#373 = CARTESIAN_POINT('',(681.64865148356,0.,242.51601052262));
#374 = CARTESIAN_POINT('',(687.20836785757,0.,242.96288248402));
#375 = CARTESIAN_POINT('',(692.76873271866,0.,243.40161223699));
#376 = CARTESIAN_POINT('',(698.32974306585,0.,243.8320835604));
#377 = CARTESIAN_POINT('',(703.89139515477,0.,244.25418323939));
#378 = CARTESIAN_POINT('',(709.45368448701,0.,244.66780134997));
#379 = CARTESIAN_POINT('',(715.0166058033,0.,245.07283154286));
#380 = CARTESIAN_POINT('',(720.58015307648,0.,245.46917132645));
#381 = CARTESIAN_POINT('',(726.14431950773,0.,245.85672234953));
#382 = CARTESIAN_POINT('',(731.70909753793,0.,246.23539068468));
#383 = CARTESIAN_POINT('',(737.27447885586,0.,246.60508711131));
#384 = CARTESIAN_POINT('',(742.84045438944,0.,246.96572739766));
#385 = CARTESIAN_POINT('',(748.40701432401,0.,247.31723258515));
#386 = CARTESIAN_POINT('',(753.97414811594,0.,247.6595292729));
#387 = CARTESIAN_POINT('',(759.54184452059,0.,247.9925499039));
#388 = CARTESIAN_POINT('',(765.11009159584,0.,248.31623305072));
#389 = CARTESIAN_POINT('',(770.67887673273,0.,248.63052370421));
#390 = CARTESIAN_POINT('',(776.248186676,0.,248.93537356289));
#391 = CARTESIAN_POINT('',(781.81800756763,0.,249.23074132537));
#392 = CARTESIAN_POINT('',(787.38832495936,0.,249.51659298282));
#393 = CARTESIAN_POINT('',(792.95912386033,0.,249.79290211539));
#394 = CARTESIAN_POINT('',(798.53038876739,0.,250.05965018996));
#395 = CARTESIAN_POINT('',(804.10210370777,0.,250.31682686081));
#396 = CARTESIAN_POINT('',(809.67425228443,0.,250.56443027304));
#397 = CARTESIAN_POINT('',(815.24681771529,0.,250.80246736841));
#398 = CARTESIAN_POINT('',(820.81978288872,0.,251.03095419478));
#399 = CARTESIAN_POINT('',(826.39313040583,0.,251.24991621803));
#400 = CARTESIAN_POINT('',(831.96684263463,0.,251.45938863773));
#401 = CARTESIAN_POINT('',(837.54090176835,0.,251.6594167062));
#402 = CARTESIAN_POINT('',(843.11528987928,0.,251.85005605092));
#403 = CARTESIAN_POINT('',(848.68998897474,0.,252.03137300063));
#404 = CARTESIAN_POINT('',(854.26498105665,0.,252.20344491522));
#405 = CARTESIAN_POINT('',(859.84024818215,0.,252.36636051959));
#406 = CARTESIAN_POINT('',(865.41577252666,0.,252.52022024131));
#407 = CARTESIAN_POINT('',(870.9915364435,0.,252.66513655238));
#408 = CARTESIAN_POINT('',(876.56752252843,0.,252.80123431506));
#409 = CARTESIAN_POINT('',(882.14371367872,0.,252.92865113177));
#410 = CARTESIAN_POINT('',(887.7200931586,0.,253.04753769929));
#411 = CARTESIAN_POINT('',(893.29664465803,0.,253.15805816696));
#412 = CARTESIAN_POINT('',(898.87335235481,0.,253.26039049923));
#413 = CARTESIAN_POINT('',(904.45020097216,0.,253.35472684223));
#414 = CARTESIAN_POINT('',(910.0271758347,0.,253.44127389441));
#415 = CARTESIAN_POINT('',(915.6042629236,0.,253.52025328129));
#416 = CARTESIAN_POINT('',(921.18144892664,0.,253.59190193399));
#417 = CARTESIAN_POINT('',(926.75872128535,0.,253.65647247154));
#418 = CARTESIAN_POINT('',(932.33606823788,0.,253.71423358672));
#419 = CARTESIAN_POINT('',(937.91347885592,0.,253.76547043516));
#420 = CARTESIAN_POINT('',(943.49094307672,0.,253.81048502754));
#421 = CARTESIAN_POINT('',(949.06845172855,0.,253.8495966244));
#422 = CARTESIAN_POINT('',(954.64599654804,0.,253.8831421332));
#423 = CARTESIAN_POINT('',(960.22357018966,0.,253.91147650723));
#424 = CARTESIAN_POINT('',(965.80116622599,0.,253.93497314572));
#425 = CARTESIAN_POINT('',(971.37877913792,0.,253.95402429455));
#426 = CARTESIAN_POINT('',(976.95640429342,0.,253.96904144685));
#427 = CARTESIAN_POINT('',(982.53403791413,0.,253.9804557426));
#428 = CARTESIAN_POINT('',(988.11167702874,0.,253.98871836637));
#429 = CARTESIAN_POINT('',(993.68931941152,0.,253.99430094203));
#430 = CARTESIAN_POINT('',(999.26696350526,0.,253.99769592328));
#431 = CARTESIAN_POINT('',(1.004844608327E+03,0.,253.99941697838));
#432 = CARTESIAN_POINT('',(1.010422253356E+03,0.,253.99999936897));
#433 = CARTESIAN_POINT('',(1.014140683385E+03,-0.,254.));
#434 = CARTESIAN_POINT('',(1.0159998984E+03,0.,254.));
#435 = AXIS1_PLACEMENT('',#436,#437);
#436 = CARTESIAN_POINT('',(0.,0.,0.));
#437 = DIRECTION('',(1.,0.,0.));
#438 = DEFINITIONAL_REPRESENTATION('',(#439),#443);
#439 = LINE('',#440,#441);
#440 = CARTESIAN_POINT('',(0.,0.));
#441 = VECTOR('',#442,1.);
#442 = DIRECTION('',(0.,1.));
#443 = ( GEOMETRIC_REPRESENTATION_CONTEXT(2) 
PARAMETRIC_REPRESENTATION_CONTEXT() REPRESENTATION_CONTEXT('2D SPACE',''
  ) );
#444 = PCURVE('',#231,#445);
#445 = DEFINITIONAL_REPRESENTATION('',(#446),#450);
#446 = LINE('',#447,#448);
#447 = CARTESIAN_POINT('',(6.28318530718,0.));
#448 = VECTOR('',#449,1.);
#449 = DIRECTION('',(0.,1.));
#450 = ( GEOMETRIC_REPRESENTATION_CONTEXT(2) 
PARAMETRIC_REPRESENTATION_CONTEXT() REPRESENTATION_CONTEXT('2D SPACE',''
  ) );
#451 = ORIENTED_EDGE('',*,*,#452,.F.);
#452 = EDGE_CURVE('',#24,#24,#453,.T.);
#453 = SURFACE_CURVE('',#454,(#459,#466),.PCURVE_S1.);
#454 = CIRCLE('',#455,254.);
#455 = AXIS2_PLACEMENT_3D('',#456,#457,#458);
#456 = CARTESIAN_POINT('',(1.0159998984E+03,0.,0.));
#457 = DIRECTION('',(1.,0.,-0.));
#458 = DIRECTION('',(0.,0.,1.));
#459 = PCURVE('',#231,#460);
#460 = DEFINITIONAL_REPRESENTATION('',(#461),#465);
#461 = LINE('',#462,#463);
#462 = CARTESIAN_POINT('',(0.,1.109941504622E+03));
#463 = VECTOR('',#464,1.);
#464 = DIRECTION('',(1.,0.));
#465 = ( GEOMETRIC_REPRESENTATION_CONTEXT(2) 
PARAMETRIC_REPRESENTATION_CONTEXT() REPRESENTATION_CONTEXT('2D SPACE',''
  ) );
#466 = PCURVE('',#467,#472);
#467 = CYLINDRICAL_SURFACE('',#468,254.);
#468 = AXIS2_PLACEMENT_3D('',#469,#470,#471);
#469 = CARTESIAN_POINT('',(1.0159998984E+03,0.,0.));
#470 = DIRECTION('',(1.,0.,0.));
#471 = DIRECTION('',(0.,0.,1.));
#472 = DEFINITIONAL_REPRESENTATION('',(#473),#477);
#473 = LINE('',#474,#475);
#474 = CARTESIAN_POINT('',(0.,0.));
#475 = VECTOR('',#476,1.);
#476 = DIRECTION('',(1.,0.));
#477 = ( GEOMETRIC_REPRESENTATION_CONTEXT(2) 
PARAMETRIC_REPRESENTATION_CONTEXT() REPRESENTATION_CONTEXT('2D SPACE',''
  ) );
#478 = ORIENTED_EDGE('',*,*,#21,.F.);
#479 = ADVANCED_FACE('',(#480),#467,.T.);
#480 = FACE_BOUND('',#481,.T.);
#481 = EDGE_LOOP('',(#482,#483,#506,#735));
#482 = ORIENTED_EDGE('',*,*,#452,.T.);
#483 = ORIENTED_EDGE('',*,*,#484,.T.);
#484 = EDGE_CURVE('',#24,#485,#487,.T.);
#485 = VERTEX_POINT('',#486);
#486 = CARTESIAN_POINT('',(3.2448498984E+03,0.,254.));
#487 = SEAM_CURVE('',#488,(#492,#499),.PCURVE_S1.);
#488 = LINE('',#489,#490);
#489 = CARTESIAN_POINT('',(1.0159998984E+03,0.,254.));
#490 = VECTOR('',#491,1.);
#491 = DIRECTION('',(1.,0.,0.));
#492 = PCURVE('',#467,#493);
#493 = DEFINITIONAL_REPRESENTATION('',(#494),#498);
#494 = LINE('',#495,#496);
#495 = CARTESIAN_POINT('',(0.,0.));
#496 = VECTOR('',#497,1.);
#497 = DIRECTION('',(0.,1.));
#498 = ( GEOMETRIC_REPRESENTATION_CONTEXT(2) 
PARAMETRIC_REPRESENTATION_CONTEXT() REPRESENTATION_CONTEXT('2D SPACE',''
  ) );
#499 = PCURVE('',#467,#500);
#500 = DEFINITIONAL_REPRESENTATION('',(#501),#505);
#501 = LINE('',#502,#503);
#502 = CARTESIAN_POINT('',(6.28318530718,0.));
#503 = VECTOR('',#504,1.);
#504 = DIRECTION('',(0.,1.));
#505 = ( GEOMETRIC_REPRESENTATION_CONTEXT(2) 
PARAMETRIC_REPRESENTATION_CONTEXT() REPRESENTATION_CONTEXT('2D SPACE',''
  ) );
#506 = ORIENTED_EDGE('',*,*,#507,.F.);
#507 = EDGE_CURVE('',#485,#485,#508,.T.);
#508 = SURFACE_CURVE('',#509,(#514,#521),.PCURVE_S1.);
#509 = CIRCLE('',#510,254.);
#510 = AXIS2_PLACEMENT_3D('',#511,#512,#513);
#511 = CARTESIAN_POINT('',(3.2448498984E+03,0.,0.));
#512 = DIRECTION('',(1.,0.,-0.));
#513 = DIRECTION('',(0.,0.,1.));
#514 = PCURVE('',#467,#515);
#515 = DEFINITIONAL_REPRESENTATION('',(#516),#520);
#516 = LINE('',#517,#518);
#517 = CARTESIAN_POINT('',(0.,2.22885E+03));
#518 = VECTOR('',#519,1.);
#519 = DIRECTION('',(1.,0.));
#520 = ( GEOMETRIC_REPRESENTATION_CONTEXT(2) 
PARAMETRIC_REPRESENTATION_CONTEXT() REPRESENTATION_CONTEXT('2D SPACE',''
  ) );
#521 = PCURVE('',#522,#729);
#522 = SURFACE_OF_REVOLUTION('',#523,#726);
#523 = B_SPLINE_CURVE_WITH_KNOTS('',3,(#524,#525,#526,#527,#528,#529,
    #530,#531,#532,#533,#534,#535,#536,#537,#538,#539,#540,#541,#542,
    #543,#544,#545,#546,#547,#548,#549,#550,#551,#552,#553,#554,#555,
    #556,#557,#558,#559,#560,#561,#562,#563,#564,#565,#566,#567,#568,
    #569,#570,#571,#572,#573,#574,#575,#576,#577,#578,#579,#580,#581,
    #582,#583,#584,#585,#586,#587,#588,#589,#590,#591,#592,#593,#594,
    #595,#596,#597,#598,#599,#600,#601,#602,#603,#604,#605,#606,#607,
    #608,#609,#610,#611,#612,#613,#614,#615,#616,#617,#618,#619,#620,
    #621,#622,#623,#624,#625,#626,#627,#628,#629,#630,#631,#632,#633,
    #634,#635,#636,#637,#638,#639,#640,#641,#642,#643,#644,#645,#646,
    #647,#648,#649,#650,#651,#652,#653,#654,#655,#656,#657,#658,#659,
    #660,#661,#662,#663,#664,#665,#666,#667,#668,#669,#670,#671,#672,
    #673,#674,#675,#676,#677,#678,#679,#680,#681,#682,#683,#684,#685,
    #686,#687,#688,#689,#690,#691,#692,#693,#694,#695,#696,#697,#698,
    #699,#700,#701,#702,#703,#704,#705,#706,#707,#708,#709,#710,#711,
    #712,#713,#714,#715,#716,#717,#718,#719,#720,#721,#722,#723,#724,
    #725),.UNSPECIFIED.,.F.,.F.,(4,1,1,1,1,1,1,1,1,1,1,1,1,1,1,1,1,1,1,1
    ,1,1,1,1,1,1,1,1,1,1,1,1,1,1,1,1,1,1,1,1,1,1,1,1,1,1,1,1,1,1,1,1,1,1
    ,1,1,1,1,1,1,1,1,1,1,1,1,1,1,1,1,1,1,1,1,1,1,1,1,1,1,1,1,1,1,1,1,1,1
    ,1,1,1,1,1,1,1,1,1,1,1,1,1,1,1,1,1,1,1,1,1,1,1,1,1,1,1,1,1,1,1,1,1,1
    ,1,1,1,1,1,1,1,1,1,1,1,1,1,1,1,1,1,1,1,1,1,1,1,1,1,1,1,1,1,1,1,1,1,1
    ,1,1,1,1,1,1,1,1,1,1,1,1,1,1,1,1,1,1,1,1,1,1,1,1,1,1,1,1,1,1,1,1,1,1
    ,1,1,1,1,1,1,1,1,1,4),(0.,5.260313045728,10.520626054997,
    15.780938995795,21.041251840473,26.301564565469,31.56187715104,
    36.822189580605,42.082501840898,47.34281392186,52.603125815323,
    57.863437516602,63.12374902046,68.384060327655,73.644371437844,
    78.904682353051,84.164993079491,89.425303613634,94.685613963882,
    99.945924140599,105.20623415539,110.46654400118,115.72685369127,
    120.98716325041,126.24747266493,131.50778195223,136.76809113564,
    142.02840019493,147.2887091677,152.54901806379,157.80932686387,
    163.06963560774,168.32994429046,173.59025293837,178.85056154568,
    184.11087008865,189.3711786606,194.63148718096,199.89179568804,
    205.15210421205,210.41241275091,215.67272134844,220.93302987176,
    226.19333848217,231.45364711296,236.71395584805,241.97426453534,
    247.23457335567,252.49488212271,257.75519101392,263.01550005005,
    268.27580906473,273.53611808708,278.79642726462,284.05673650498,
    289.31704582043,294.57735524384,299.83766470805,305.09797435568,
    310.35828394025,315.61859371449,320.87890348442,326.13921342755,
    331.39952339807,336.65983359701,341.92014372811,347.1804540549,
    352.44076430356,357.70107477563,362.96138530244,368.22169593155,
    373.4820066553,378.74231750326,384.00262835713,389.26293927759,
    394.52325043056,399.78356150692,405.04387270777,410.30418405159,
    415.56449536556,420.82480681966,426.08511830392,431.34542991336,
    436.60574157788,441.86605329986,447.12636513891,452.3866770167,
    457.64698893723,462.90730091345,468.16761301574,473.42792517803,
    478.68823736866,483.94854958169,489.20886182904,494.4691741336,
    499.72948652336,504.98979902644,510.25011145438,515.51042398595,
    520.77073658487,526.03104916255,531.29136186102,536.55167450567,
    541.81198727462,547.0722999924,552.33261282479,557.59292560538,
    562.8532385081,568.11355133333,573.37386425007,578.63417718127,
    583.89449010417,589.15480306894,594.41511605714,599.67542905735,
    604.93574206499,610.19605508108,615.45636811002,620.71668115613,
    625.9769941987,631.23730725057,636.49762030173,641.75793335611,
    647.01824640936,652.27855945988,657.53887249748,662.799185544,
    668.05949856305,673.3198115731,678.58012458759,683.84043759418,
    689.10075054255,694.36106350984,699.62137643759,704.88168936839,
    710.14200224668,715.40231512004,720.66262792526,725.92294076592,
    731.18325352371,736.4435662653,741.70387889709,746.96419156779,
    752.22450419028,757.48481673528,762.74512921654,768.00544174111,
    773.2657541412,778.52606640682,783.78637869042,789.04669096651,
    794.30700310438,799.56731508679,804.82762710608,810.08793899042,
    815.34825082641,820.60856253608,825.86887406684,831.12918563974,
    836.38949700569,841.64980824924,846.9101193461,852.17043021973,
    857.43074109796,862.69105162445,867.95136214017,873.21167228123,
    878.47198235058,883.73229208302,888.99260154935,894.25291073983,
    899.51321952977,904.77352801494,910.03383610461,915.29414367897,
    920.55445081443,925.8147574037,931.07506332976,936.3353685439,
    941.59567301747,946.85597653739,952.11627921432,957.3765807731,
    962.63688109369,967.89718015958,973.15747778321,978.41777382856,
    983.67806818391,988.93836074907,994.1986513949,999.45894013146,
    1.004719226856E+03,1.009979511607E+03,1.015239794462E+03,
    1.020500075546E+03,1.025760355061E+03,1.03102063326E+03,
    1.036280910463E+03,1.041541187029E+03,1.046801463346E+03),
  .UNSPECIFIED.);
#524 = CARTESIAN_POINT('',(3.2448498984E+03,0.,254.));
#525 = CARTESIAN_POINT('',(3.246603336082E+03,0.,254.));
#526 = CARTESIAN_POINT('',(3.250110211441E+03,0.,253.99999815238));
#527 = CARTESIAN_POINT('',(3.255370524366E+03,0.,253.99845053429));
#528 = CARTESIAN_POINT('',(3.260630835748E+03,0.,253.99388535676));
#529 = CARTESIAN_POINT('',(3.265891141719E+03,0.,253.98489502012));
#530 = CARTESIAN_POINT('',(3.271151435029E+03,0.,253.97013557909));
#531 = CARTESIAN_POINT('',(3.27641170425E+03,0.,253.94832523506));
#532 = CARTESIAN_POINT('',(3.28167193314E+03,0.,253.91824281453));
#533 = CARTESIAN_POINT('',(3.286932100126E+03,0.,253.87872623811));
#534 = CARTESIAN_POINT('',(3.292192177923E+03,0.,253.82867099009));
#535 = CARTESIAN_POINT('',(3.297452133257E+03,0.,253.76702859496));
#536 = CARTESIAN_POINT('',(3.302711926682E+03,0.,253.69280510622));
#537 = CARTESIAN_POINT('',(3.307971512495E+03,0.,253.60505961145));
#538 = CARTESIAN_POINT('',(3.313230838727E+03,0.,253.50290275687));
#539 = CARTESIAN_POINT('',(3.318489847203E+03,0.,253.38549529322));
#540 = CARTESIAN_POINT('',(3.323748473669E+03,0.,253.2520466449));
#541 = CARTESIAN_POINT('',(3.329006647964E+03,0.,253.10181350293));
#542 = CARTESIAN_POINT('',(3.334264294252E+03,0.,252.93409844232));
#543 = CARTESIAN_POINT('',(3.339521331287E+03,0.,252.74824856407));
#544 = CARTESIAN_POINT('',(3.344777672721E+03,0.,252.54365416139));
#545 = CARTESIAN_POINT('',(3.350033227424E+03,0.,252.31974741067));
#546 = CARTESIAN_POINT('',(3.355287899846E+03,0.,252.07600108552));
#547 = CARTESIAN_POINT('',(3.360541590395E+03,0.,251.81192729416));
#548 = CARTESIAN_POINT('',(3.365794195821E+03,0.,251.52707623965));
#549 = CARTESIAN_POINT('',(3.371045609622E+03,0.,251.22103500203));
#550 = CARTESIAN_POINT('',(3.376295722445E+03,0.,250.89342634206));
#551 = CARTESIAN_POINT('',(3.381544422504E+03,0.,250.54390752606));
#552 = CARTESIAN_POINT('',(3.386791595997E+03,0.,250.17216917065));
#553 = CARTESIAN_POINT('',(3.392037127508E+03,0.,249.77793410885));
#554 = CARTESIAN_POINT('',(3.397280900417E+03,0.,249.36095627506));
#555 = CARTESIAN_POINT('',(3.402522797306E+03,0.,248.92101960995));
#556 = CARTESIAN_POINT('',(3.407762700343E+03,0.,248.4579369851));
#557 = CARTESIAN_POINT('',(3.413000491681E+03,0.,247.97154914465));
#558 = CARTESIAN_POINT('',(3.418236053809E+03,0.,247.46172367066));
#559 = CARTESIAN_POINT('',(3.423469269906E+03,0.,246.92835396431));
#560 = CARTESIAN_POINT('',(3.428700024227E+03,0.,246.37135824411));
#561 = CARTESIAN_POINT('',(3.433928202373E+03,0.,245.79067857085));
#562 = CARTESIAN_POINT('',(3.43915369166E+03,0.,245.18627988276));
#563 = CARTESIAN_POINT('',(3.44437638137E+03,0.,244.55814905959));
#564 = CARTESIAN_POINT('',(3.44959616308E+03,0.,243.90629399609));
#565 = CARTESIAN_POINT('',(3.454812930902E+03,0.,243.2307427039));
#566 = CARTESIAN_POINT('',(3.460026581674E+03,0.,242.53154243836));
#567 = CARTESIAN_POINT('',(3.465237015294E+03,0.,241.80875882456));
#568 = CARTESIAN_POINT('',(3.470444134848E+03,0.,241.06247502944));
#569 = CARTESIAN_POINT('',(3.475647846908E+03,0.,240.29279092761));
#570 = CARTESIAN_POINT('',(3.480848061537E+03,0.,239.49982232904));
#571 = CARTESIAN_POINT('',(3.486044692632E+03,0.,238.68370017555));
#572 = CARTESIAN_POINT('',(3.491237657904E+03,0.,237.84456981141));
#573 = CARTESIAN_POINT('',(3.496426879199E+03,0.,236.98259021839));
#574 = CARTESIAN_POINT('',(3.501612282452E+03,0.,236.0979333291));
#575 = CARTESIAN_POINT('',(3.506793797846E+03,0.,235.19078332642));
#576 = CARTESIAN_POINT('',(3.511971359838E+03,0.,234.26133598506));
#577 = CARTESIAN_POINT('',(3.51714490732E+03,0.,233.30979800839));
#578 = CARTESIAN_POINT('',(3.522314383659E+03,0.,232.33638640453));
#579 = CARTESIAN_POINT('',(3.527479736711E+03,0.,231.34132788767));
#580 = CARTESIAN_POINT('',(3.532640918818E+03,0.,230.32485830193));
#581 = CARTESIAN_POINT('',(3.537797886877E+03,0.,229.28722205096));
#582 = CARTESIAN_POINT('',(3.542950602383E+03,0.,228.22867155042));
#583 = CARTESIAN_POINT('',(3.548099031293E+03,0.,227.14946673555));
#584 = CARTESIAN_POINT('',(3.553243144212E+03,0.,226.04987452226));
#585 = CARTESIAN_POINT('',(3.558382916162E+03,0.,224.9301683734));
#586 = CARTESIAN_POINT('',(3.563518326796E+03,0.,223.79062778691));
#587 = CARTESIAN_POINT('',(3.568649360101E+03,0.,222.63153791568));
#588 = CARTESIAN_POINT('',(3.57377600461E+03,0.,221.45318909089));
#589 = CARTESIAN_POINT('',(3.578898253073E+03,0.,220.25587648582));
#590 = CARTESIAN_POINT('',(3.584016102687E+03,0.,219.03989966885));
#591 = CARTESIAN_POINT('',(3.589129554749E+03,0.,217.80556230732));
#592 = CARTESIAN_POINT('',(3.594238614939E+03,0.,216.55317173923));
#593 = CARTESIAN_POINT('',(3.599343292918E+03,0.,215.28303872535));
#594 = CARTESIAN_POINT('',(3.604443602494E+03,0.,213.99547707856));
#595 = CARTESIAN_POINT('',(3.609539561344E+03,0.,212.69080342056));
#596 = CARTESIAN_POINT('',(3.6146311911E+03,0.,211.36933686205));
#597 = CARTESIAN_POINT('',(3.619718517143E+03,0.,210.03139877001));
#598 = CARTESIAN_POINT('',(3.624801568597E+03,0.,208.67731250078));
#599 = CARTESIAN_POINT('',(3.629880378266E+03,0.,207.30740316085));
#600 = CARTESIAN_POINT('',(3.634954982434E+03,0.,205.92199741575));
#601 = CARTESIAN_POINT('',(3.640025420888E+03,0.,204.52142325688));
#602 = CARTESIAN_POINT('',(3.64509173673E+03,0.,203.10600983483));
#603 = CARTESIAN_POINT('',(3.650153976382E+03,0.,201.67608725466));
#604 = CARTESIAN_POINT('',(3.655212189434E+03,0.,200.23198642449));
#605 = CARTESIAN_POINT('',(3.660266428529E+03,0.,198.77403890943));
#606 = CARTESIAN_POINT('',(3.665316749389E+03,0.,197.3025767515));
#607 = CARTESIAN_POINT('',(3.670363210569E+03,0.,195.81793238404));
#608 = CARTESIAN_POINT('',(3.675405873473E+03,0.,194.32043847704));
#609 = CARTESIAN_POINT('',(3.680444802218E+03,0.,192.8104278391));
#610 = CARTESIAN_POINT('',(3.685480063554E+03,0.,191.28823331258));
#611 = CARTESIAN_POINT('',(3.690511726778E+03,0.,189.7541876799));
#612 = CARTESIAN_POINT('',(3.695539863628E+03,0.,188.20862358428));
#613 = CARTESIAN_POINT('',(3.700564548262E+03,0.,186.65187343511));
#614 = CARTESIAN_POINT('',(3.705585857098E+03,0.,185.08426936182));
#615 = CARTESIAN_POINT('',(3.710603868744E+03,0.,183.5061431522));
#616 = CARTESIAN_POINT('',(3.7156186639E+03,0.,181.91782620372));
#617 = CARTESIAN_POINT('',(3.720630325324E+03,0.,180.31964946313));
#618 = CARTESIAN_POINT('',(3.725638937751E+03,0.,178.71194339052));
#619 = CARTESIAN_POINT('',(3.7306445878E+03,0.,177.09503792967));
#620 = CARTESIAN_POINT('',(3.735647363895E+03,0.,175.46926248438));
#621 = CARTESIAN_POINT('',(3.740647356118E+03,0.,173.83494592259));
#622 = CARTESIAN_POINT('',(3.745644656246E+03,0.,172.1924165255));
#623 = CARTESIAN_POINT('',(3.750639357612E+03,0.,170.54200200121));
#624 = CARTESIAN_POINT('',(3.755631555087E+03,0.,168.88402946428));
#625 = CARTESIAN_POINT('',(3.760621344963E+03,0.,167.21882545187));
#626 = CARTESIAN_POINT('',(3.765608824859E+03,0.,165.54671594088));
#627 = CARTESIAN_POINT('',(3.770594093775E+03,0.,163.8680263161));
#628 = CARTESIAN_POINT('',(3.775577251848E+03,0.,162.18308144747));
#629 = CARTESIAN_POINT('',(3.780558400495E+03,0.,160.49220563949));
#630 = CARTESIAN_POINT('',(3.785537642131E+03,0.,158.79572272791));
#631 = CARTESIAN_POINT('',(3.790515080331E+03,0.,157.09395603261));
#632 = CARTESIAN_POINT('',(3.795490819544E+03,0.,155.38722846559));
#633 = CARTESIAN_POINT('',(3.800464965258E+03,0.,153.67586249004));
#634 = CARTESIAN_POINT('',(3.805437623752E+03,0.,151.96018022193));
#635 = CARTESIAN_POINT('',(3.810408902184E+03,0.,150.24050342523));
#636 = CARTESIAN_POINT('',(3.815378908438E+03,0.,148.51715358904));
#637 = CARTESIAN_POINT('',(3.820347751129E+03,0.,146.79045195653));
#638 = CARTESIAN_POINT('',(3.825315539539E+03,0.,145.06071958163));
#639 = CARTESIAN_POINT('',(3.830282383539E+03,0.,143.32827739109));
#640 = CARTESIAN_POINT('',(3.835248393572E+03,0.,141.59344623445));
#641 = CARTESIAN_POINT('',(3.840213680599E+03,0.,139.85654694576));
#642 = CARTESIAN_POINT('',(3.84517835605E+03,0.,138.11790040903));
#643 = CARTESIAN_POINT('',(3.850142531771E+03,0.,136.3778276297));
#644 = CARTESIAN_POINT('',(3.855106319987E+03,0.,134.63664980292));
#645 = CARTESIAN_POINT('',(3.860069833253E+03,0.,132.89468839127));
#646 = CARTESIAN_POINT('',(3.865033184426E+03,0.,131.15226519951));
#647 = CARTESIAN_POINT('',(3.869996486604E+03,0.,129.40970246211));
#648 = CARTESIAN_POINT('',(3.874959853104E+03,0.,127.66732292762));
#649 = CARTESIAN_POINT('',(3.879923397407E+03,0.,125.92544995278));
#650 = CARTESIAN_POINT('',(3.884887233142E+03,0.,124.18440759445));
#651 = CARTESIAN_POINT('',(3.889851474022E+03,0.,122.44452071777));
#652 = CARTESIAN_POINT('',(3.894816233838E+03,0.,120.70611509626));
#653 = CARTESIAN_POINT('',(3.899781626405E+03,0.,118.96951752876));
#654 = CARTESIAN_POINT('',(3.904747765548E+03,0.,117.2350559554));
#655 = CARTESIAN_POINT('',(3.909714765038E+03,0.,115.50305959435));
#656 = CARTESIAN_POINT('',(3.914682738606E+03,0.,113.77385906152));
#657 = CARTESIAN_POINT('',(3.919651799882E+03,0.,112.04778652545));
#658 = CARTESIAN_POINT('',(3.92462206241E+03,0.,110.3251758443));
#659 = CARTESIAN_POINT('',(3.92959363956E+03,0.,108.60636275298));
#660 = CARTESIAN_POINT('',(3.934566644576E+03,0.,106.89168501091));
#661 = CARTESIAN_POINT('',(3.939541190494E+03,0.,105.18148261161));
#662 = CARTESIAN_POINT('',(3.94451739021E+03,0.,103.47609795426));
#663 = CARTESIAN_POINT('',(3.94949535636E+03,0.,101.77587609481));
#664 = CARTESIAN_POINT('',(3.954475201406E+03,0.,100.08116494686));
#665 = CARTESIAN_POINT('',(3.959457037526E+03,0.,98.392315568778));
#666 = CARTESIAN_POINT('',(3.964440976757E+03,0.,96.709682386885));
#667 = CARTESIAN_POINT('',(3.96942713086E+03,0.,95.033623537095));
#668 = CARTESIAN_POINT('',(3.974415611397E+03,0.,93.364501164097));
#669 = CARTESIAN_POINT('',(3.979406529674E+03,0.,91.702681793791));
#670 = CARTESIAN_POINT('',(3.984399996865E+03,0.,90.048536682275));
#671 = CARTESIAN_POINT('',(3.989396123919E+03,0.,88.40244227053));
#672 = CARTESIAN_POINT('',(3.99439502163E+03,0.,86.764780631489));
#673 = CARTESIAN_POINT('',(3.999396800685E+03,0.,85.135939966437));
#674 = CARTESIAN_POINT('',(4.004401571741E+03,0.,83.516315148463));
#675 = CARTESIAN_POINT('',(4.00940944538E+03,0.,81.906308357553));
#676 = CARTESIAN_POINT('',(4.014420532156E+03,0.,80.306329753895));
#677 = CARTESIAN_POINT('',(4.019434942775E+03,0.,78.716798175055));
#678 = CARTESIAN_POINT('',(4.02445278809E+03,0.,77.138141974736));
#679 = CARTESIAN_POINT('',(4.029474179225E+03,0.,75.570799903716));
#680 = CARTESIAN_POINT('',(4.034499227551E+03,0.,74.015222135214));
#681 = CARTESIAN_POINT('',(4.039528044906E+03,0.,72.471871317173));
#682 = CARTESIAN_POINT('',(4.044560743715E+03,0.,70.941223775836));
#683 = CARTESIAN_POINT('',(4.049597437014E+03,0.,69.423770876614));
#684 = CARTESIAN_POINT('',(4.054638238677E+03,0.,67.920020463462));
#685 = CARTESIAN_POINT('',(4.059683263436E+03,0.,66.430498517771));
#686 = CARTESIAN_POINT('',(4.064732627162E+03,0.,64.955750909377));
#687 = CARTESIAN_POINT('',(4.069786447006E+03,0.,63.496345374634));
#688 = CARTESIAN_POINT('',(4.07484484141E+03,0.,62.052873737127));
#689 = CARTESIAN_POINT('',(4.079907930502E+03,0.,60.625954233506));
#690 = CARTESIAN_POINT('',(4.084975835923E+03,0.,59.216234238092));
#691 = CARTESIAN_POINT('',(4.090048681378E+03,0.,57.824393037804));
#692 = CARTESIAN_POINT('',(4.095126592347E+03,0.,56.451145105837));
#693 = CARTESIAN_POINT('',(4.100209696525E+03,0.,55.0972434592));
#694 = CARTESIAN_POINT('',(4.105298123632E+03,0.,53.763483475392));
#695 = CARTESIAN_POINT('',(4.110392005562E+03,0.,52.450706917226));
#696 = CARTESIAN_POINT('',(4.115491476273E+03,0.,51.159806321572));
#697 = CARTESIAN_POINT('',(4.120596671576E+03,0.,49.891729697504));
#698 = CARTESIAN_POINT('',(4.125707728863E+03,0.,48.647485502251));
#699 = CARTESIAN_POINT('',(4.130824786633E+03,0.,47.428147887385));
#700 = CARTESIAN_POINT('',(4.135947983822E+03,0.,46.234862152802));
#701 = CARTESIAN_POINT('',(4.141077458889E+03,0.,45.068850329619));
#702 = CARTESIAN_POINT('',(4.146213348537E+03,0.,43.931416791611));
#703 = CARTESIAN_POINT('',(4.151355786181E+03,0.,42.823953707895));
#704 = CARTESIAN_POINT('',(4.15650489984E+03,0.,41.747946185182));
#705 = CARTESIAN_POINT('',(4.161660809658E+03,0.,40.704976777965));
#706 = CARTESIAN_POINT('',(4.166823624615E+03,0.,39.6967291118));
#707 = CARTESIAN_POINT('',(4.171993438817E+03,0.,38.724990114782));
#708 = CARTESIAN_POINT('',(4.177170326877E+03,0.,37.791650454698));
#709 = CARTESIAN_POINT('',(4.182354338671E+03,0.,36.898702549445));
#710 = CARTESIAN_POINT('',(4.187545493224E+03,0.,36.048235552088));
#711 = CARTESIAN_POINT('',(4.192743771875E+03,0.,35.242426594354));
#712 = CARTESIAN_POINT('',(4.197949110915E+03,0.,34.483527569111));
#713 = CARTESIAN_POINT('',(4.203161393743E+03,0.,33.773846811176));
#714 = CARTESIAN_POINT('',(4.208380442978E+03,0.,33.115725103475));
#715 = CARTESIAN_POINT('',(4.213606012817E+03,0.,32.511505698579));
#716 = CARTESIAN_POINT('',(4.218837782348E+03,0.,31.963498331878));
#717 = CARTESIAN_POINT('',(4.224075350253E+03,0.,31.473937700099));
#718 = CARTESIAN_POINT('',(4.229318231773E+03,0.,31.044937387876));
#719 = CARTESIAN_POINT('',(4.234565858303E+03,0.,30.678440873353));
#720 = CARTESIAN_POINT('',(4.239817580817E+03,0.,30.376171825337));
#721 = CARTESIAN_POINT('',(4.245072675335E+03,0.,30.13958643125));
#722 = CARTESIAN_POINT('',(4.250330358437E+03,0.,29.969830788084));
#723 = CARTESIAN_POINT('',(4.25558978272E+03,0.,29.867706462156));
#724 = CARTESIAN_POINT('',(4.259096676161E+03,-0.,29.845));
#725 = CARTESIAN_POINT('',(4.2608501016E+03,0.,29.845));
#726 = AXIS1_PLACEMENT('',#727,#728);
#727 = CARTESIAN_POINT('',(0.,0.,0.));
#728 = DIRECTION('',(1.,0.,0.));
#729 = DEFINITIONAL_REPRESENTATION('',(#730),#734);
#730 = LINE('',#731,#732);
#731 = CARTESIAN_POINT('',(0.,0.));
#732 = VECTOR('',#733,1.);
#733 = DIRECTION('',(1.,0.));
#734 = ( GEOMETRIC_REPRESENTATION_CONTEXT(2) 
PARAMETRIC_REPRESENTATION_CONTEXT() REPRESENTATION_CONTEXT('2D SPACE',''
  ) );
#735 = ORIENTED_EDGE('',*,*,#484,.F.);
#736 = ADVANCED_FACE('',(#737),#522,.T.);
#737 = FACE_BOUND('',#738,.T.);
#738 = EDGE_LOOP('',(#739,#740,#962,#1191));
#739 = ORIENTED_EDGE('',*,*,#507,.T.);
#740 = ORIENTED_EDGE('',*,*,#741,.T.);
#741 = EDGE_CURVE('',#485,#742,#744,.T.);
#742 = VERTEX_POINT('',#743);
#743 = CARTESIAN_POINT('',(4.2608501016E+03,0.,29.845));
#744 = SEAM_CURVE('',#745,(#948,#955),.PCURVE_S1.);
#745 = B_SPLINE_CURVE_WITH_KNOTS('',3,(#746,#747,#748,#749,#750,#751,
    #752,#753,#754,#755,#756,#757,#758,#759,#760,#761,#762,#763,#764,
    #765,#766,#767,#768,#769,#770,#771,#772,#773,#774,#775,#776,#777,
    #778,#779,#780,#781,#782,#783,#784,#785,#786,#787,#788,#789,#790,
    #791,#792,#793,#794,#795,#796,#797,#798,#799,#800,#801,#802,#803,
    #804,#805,#806,#807,#808,#809,#810,#811,#812,#813,#814,#815,#816,
    #817,#818,#819,#820,#821,#822,#823,#824,#825,#826,#827,#828,#829,
    #830,#831,#832,#833,#834,#835,#836,#837,#838,#839,#840,#841,#842,
    #843,#844,#845,#846,#847,#848,#849,#850,#851,#852,#853,#854,#855,
    #856,#857,#858,#859,#860,#861,#862,#863,#864,#865,#866,#867,#868,
    #869,#870,#871,#872,#873,#874,#875,#876,#877,#878,#879,#880,#881,
    #882,#883,#884,#885,#886,#887,#888,#889,#890,#891,#892,#893,#894,
    #895,#896,#897,#898,#899,#900,#901,#902,#903,#904,#905,#906,#907,
    #908,#909,#910,#911,#912,#913,#914,#915,#916,#917,#918,#919,#920,
    #921,#922,#923,#924,#925,#926,#927,#928,#929,#930,#931,#932,#933,
    #934,#935,#936,#937,#938,#939,#940,#941,#942,#943,#944,#945,#946,
    #947),.UNSPECIFIED.,.F.,.F.,(4,1,1,1,1,1,1,1,1,1,1,1,1,1,1,1,1,1,1,1
    ,1,1,1,1,1,1,1,1,1,1,1,1,1,1,1,1,1,1,1,1,1,1,1,1,1,1,1,1,1,1,1,1,1,1
    ,1,1,1,1,1,1,1,1,1,1,1,1,1,1,1,1,1,1,1,1,1,1,1,1,1,1,1,1,1,1,1,1,1,1
    ,1,1,1,1,1,1,1,1,1,1,1,1,1,1,1,1,1,1,1,1,1,1,1,1,1,1,1,1,1,1,1,1,1,1
    ,1,1,1,1,1,1,1,1,1,1,1,1,1,1,1,1,1,1,1,1,1,1,1,1,1,1,1,1,1,1,1,1,1,1
    ,1,1,1,1,1,1,1,1,1,1,1,1,1,1,1,1,1,1,1,1,1,1,1,1,1,1,1,1,1,1,1,1,1,1
    ,1,1,1,1,1,1,1,1,1,4),(0.,5.260313045728,10.520626054997,
    15.780938995795,21.041251840473,26.301564565469,31.56187715104,
    36.822189580605,42.082501840898,47.34281392186,52.603125815323,
    57.863437516602,63.12374902046,68.384060327655,73.644371437844,
    78.904682353051,84.164993079491,89.425303613634,94.685613963882,
    99.945924140599,105.20623415539,110.46654400118,115.72685369127,
    120.98716325041,126.24747266493,131.50778195223,136.76809113564,
    142.02840019493,147.2887091677,152.54901806379,157.80932686387,
    163.06963560774,168.32994429046,173.59025293837,178.85056154568,
    184.11087008865,189.3711786606,194.63148718096,199.89179568804,
    205.15210421205,210.41241275091,215.67272134844,220.93302987176,
    226.19333848217,231.45364711296,236.71395584805,241.97426453534,
    247.23457335567,252.49488212271,257.75519101392,263.01550005005,
    268.27580906473,273.53611808708,278.79642726462,284.05673650498,
    289.31704582043,294.57735524384,299.83766470805,305.09797435568,
    310.35828394025,315.61859371449,320.87890348442,326.13921342755,
    331.39952339807,336.65983359701,341.92014372811,347.1804540549,
    352.44076430356,357.70107477563,362.96138530244,368.22169593155,
    373.4820066553,378.74231750326,384.00262835713,389.26293927759,
    394.52325043056,399.78356150692,405.04387270777,410.30418405159,
    415.56449536556,420.82480681966,426.08511830392,431.34542991336,
    436.60574157788,441.86605329986,447.12636513891,452.3866770167,
    457.64698893723,462.90730091345,468.16761301574,473.42792517803,
    478.68823736866,483.94854958169,489.20886182904,494.4691741336,
    499.72948652336,504.98979902644,510.25011145438,515.51042398595,
    520.77073658487,526.03104916255,531.29136186102,536.55167450567,
    541.81198727462,547.0722999924,552.33261282479,557.59292560538,
    562.8532385081,568.11355133333,573.37386425007,578.63417718127,
    583.89449010417,589.15480306894,594.41511605714,599.67542905735,
    604.93574206499,610.19605508108,615.45636811002,620.71668115613,
    625.9769941987,631.23730725057,636.49762030173,641.75793335611,
    647.01824640936,652.27855945988,657.53887249748,662.799185544,
    668.05949856305,673.3198115731,678.58012458759,683.84043759418,
    689.10075054255,694.36106350984,699.62137643759,704.88168936839,
    710.14200224668,715.40231512004,720.66262792526,725.92294076592,
    731.18325352371,736.4435662653,741.70387889709,746.96419156779,
    752.22450419028,757.48481673528,762.74512921654,768.00544174111,
    773.2657541412,778.52606640682,783.78637869042,789.04669096651,
    794.30700310438,799.56731508679,804.82762710608,810.08793899042,
    815.34825082641,820.60856253608,825.86887406684,831.12918563974,
    836.38949700569,841.64980824924,846.9101193461,852.17043021973,
    857.43074109796,862.69105162445,867.95136214017,873.21167228123,
    878.47198235058,883.73229208302,888.99260154935,894.25291073983,
    899.51321952977,904.77352801494,910.03383610461,915.29414367897,
    920.55445081443,925.8147574037,931.07506332976,936.3353685439,
    941.59567301747,946.85597653739,952.11627921432,957.3765807731,
    962.63688109369,967.89718015958,973.15747778321,978.41777382856,
    983.67806818391,988.93836074907,994.1986513949,999.45894013146,
    1.004719226856E+03,1.009979511607E+03,1.015239794462E+03,
    1.020500075546E+03,1.025760355061E+03,1.03102063326E+03,
    1.036280910463E+03,1.041541187029E+03,1.046801463346E+03),
  .UNSPECIFIED.);
#746 = CARTESIAN_POINT('',(3.2448498984E+03,0.,254.));
#747 = CARTESIAN_POINT('',(3.246603336082E+03,0.,254.));
#748 = CARTESIAN_POINT('',(3.250110211441E+03,0.,253.99999815238));
#749 = CARTESIAN_POINT('',(3.255370524366E+03,0.,253.99845053429));
#750 = CARTESIAN_POINT('',(3.260630835748E+03,0.,253.99388535676));
#751 = CARTESIAN_POINT('',(3.265891141719E+03,0.,253.98489502012));
#752 = CARTESIAN_POINT('',(3.271151435029E+03,0.,253.97013557909));
#753 = CARTESIAN_POINT('',(3.27641170425E+03,0.,253.94832523506));
#754 = CARTESIAN_POINT('',(3.28167193314E+03,0.,253.91824281453));
#755 = CARTESIAN_POINT('',(3.286932100126E+03,0.,253.87872623811));
#756 = CARTESIAN_POINT('',(3.292192177923E+03,0.,253.82867099009));
#757 = CARTESIAN_POINT('',(3.297452133257E+03,0.,253.76702859496));
#758 = CARTESIAN_POINT('',(3.302711926682E+03,0.,253.69280510622));
#759 = CARTESIAN_POINT('',(3.307971512495E+03,0.,253.60505961145));
#760 = CARTESIAN_POINT('',(3.313230838727E+03,0.,253.50290275687));
#761 = CARTESIAN_POINT('',(3.318489847203E+03,0.,253.38549529322));
#762 = CARTESIAN_POINT('',(3.323748473669E+03,0.,253.2520466449));
#763 = CARTESIAN_POINT('',(3.329006647964E+03,0.,253.10181350293));
#764 = CARTESIAN_POINT('',(3.334264294252E+03,0.,252.93409844232));
#765 = CARTESIAN_POINT('',(3.339521331287E+03,0.,252.74824856407));
#766 = CARTESIAN_POINT('',(3.344777672721E+03,0.,252.54365416139));
#767 = CARTESIAN_POINT('',(3.350033227424E+03,0.,252.31974741067));
#768 = CARTESIAN_POINT('',(3.355287899846E+03,0.,252.07600108552));
#769 = CARTESIAN_POINT('',(3.360541590395E+03,0.,251.81192729416));
#770 = CARTESIAN_POINT('',(3.365794195821E+03,0.,251.52707623965));
#771 = CARTESIAN_POINT('',(3.371045609622E+03,0.,251.22103500203));
#772 = CARTESIAN_POINT('',(3.376295722445E+03,0.,250.89342634206));
#773 = CARTESIAN_POINT('',(3.381544422504E+03,0.,250.54390752606));
#774 = CARTESIAN_POINT('',(3.386791595997E+03,0.,250.17216917065));
#775 = CARTESIAN_POINT('',(3.392037127508E+03,0.,249.77793410885));
#776 = CARTESIAN_POINT('',(3.397280900417E+03,0.,249.36095627506));
#777 = CARTESIAN_POINT('',(3.402522797306E+03,0.,248.92101960995));
#778 = CARTESIAN_POINT('',(3.407762700343E+03,0.,248.4579369851));
#779 = CARTESIAN_POINT('',(3.413000491681E+03,0.,247.97154914465));
#780 = CARTESIAN_POINT('',(3.418236053809E+03,0.,247.46172367066));
#781 = CARTESIAN_POINT('',(3.423469269906E+03,0.,246.92835396431));
#782 = CARTESIAN_POINT('',(3.428700024227E+03,0.,246.37135824411));
#783 = CARTESIAN_POINT('',(3.433928202373E+03,0.,245.79067857085));
#784 = CARTESIAN_POINT('',(3.43915369166E+03,0.,245.18627988276));
#785 = CARTESIAN_POINT('',(3.44437638137E+03,0.,244.55814905959));
#786 = CARTESIAN_POINT('',(3.44959616308E+03,0.,243.90629399609));
#787 = CARTESIAN_POINT('',(3.454812930902E+03,0.,243.2307427039));
#788 = CARTESIAN_POINT('',(3.460026581674E+03,0.,242.53154243836));
#789 = CARTESIAN_POINT('',(3.465237015294E+03,0.,241.80875882456));
#790 = CARTESIAN_POINT('',(3.470444134848E+03,0.,241.06247502944));
#791 = CARTESIAN_POINT('',(3.475647846908E+03,0.,240.29279092761));
#792 = CARTESIAN_POINT('',(3.480848061537E+03,0.,239.49982232904));
#793 = CARTESIAN_POINT('',(3.486044692632E+03,0.,238.68370017555));
#794 = CARTESIAN_POINT('',(3.491237657904E+03,0.,237.84456981141));
#795 = CARTESIAN_POINT('',(3.496426879199E+03,0.,236.98259021839));
#796 = CARTESIAN_POINT('',(3.501612282452E+03,0.,236.0979333291));
#797 = CARTESIAN_POINT('',(3.506793797846E+03,0.,235.19078332642));
#798 = CARTESIAN_POINT('',(3.511971359838E+03,0.,234.26133598506));
#799 = CARTESIAN_POINT('',(3.51714490732E+03,0.,233.30979800839));
#800 = CARTESIAN_POINT('',(3.522314383659E+03,0.,232.33638640453));
#801 = CARTESIAN_POINT('',(3.527479736711E+03,0.,231.34132788767));
#802 = CARTESIAN_POINT('',(3.532640918818E+03,0.,230.32485830193));
#803 = CARTESIAN_POINT('',(3.537797886877E+03,0.,229.28722205096));
#804 = CARTESIAN_POINT('',(3.542950602383E+03,0.,228.22867155042));
#805 = CARTESIAN_POINT('',(3.548099031293E+03,0.,227.14946673555));
#806 = CARTESIAN_POINT('',(3.553243144212E+03,0.,226.04987452226));
#807 = CARTESIAN_POINT('',(3.558382916162E+03,0.,224.9301683734));
#808 = CARTESIAN_POINT('',(3.563518326796E+03,0.,223.79062778691));
#809 = CARTESIAN_POINT('',(3.568649360101E+03,0.,222.63153791568));
#810 = CARTESIAN_POINT('',(3.57377600461E+03,0.,221.45318909089));
#811 = CARTESIAN_POINT('',(3.578898253073E+03,0.,220.25587648582));
#812 = CARTESIAN_POINT('',(3.584016102687E+03,0.,219.03989966885));
#813 = CARTESIAN_POINT('',(3.589129554749E+03,0.,217.80556230732));
#814 = CARTESIAN_POINT('',(3.594238614939E+03,0.,216.55317173923));
#815 = CARTESIAN_POINT('',(3.599343292918E+03,0.,215.28303872535));
#816 = CARTESIAN_POINT('',(3.604443602494E+03,0.,213.99547707856));
#817 = CARTESIAN_POINT('',(3.609539561344E+03,0.,212.69080342056));
#818 = CARTESIAN_POINT('',(3.6146311911E+03,0.,211.36933686205));
#819 = CARTESIAN_POINT('',(3.619718517143E+03,0.,210.03139877001));
#820 = CARTESIAN_POINT('',(3.624801568597E+03,0.,208.67731250078));
#821 = CARTESIAN_POINT('',(3.629880378266E+03,0.,207.30740316085));
#822 = CARTESIAN_POINT('',(3.634954982434E+03,0.,205.92199741575));
#823 = CARTESIAN_POINT('',(3.640025420888E+03,0.,204.52142325688));
#824 = CARTESIAN_POINT('',(3.64509173673E+03,0.,203.10600983483));
#825 = CARTESIAN_POINT('',(3.650153976382E+03,0.,201.67608725466));
#826 = CARTESIAN_POINT('',(3.655212189434E+03,0.,200.23198642449));
#827 = CARTESIAN_POINT('',(3.660266428529E+03,0.,198.77403890943));
#828 = CARTESIAN_POINT('',(3.665316749389E+03,0.,197.3025767515));
#829 = CARTESIAN_POINT('',(3.670363210569E+03,0.,195.81793238404));
#830 = CARTESIAN_POINT('',(3.675405873473E+03,0.,194.32043847704));
#831 = CARTESIAN_POINT('',(3.680444802218E+03,0.,192.8104278391));
#832 = CARTESIAN_POINT('',(3.685480063554E+03,0.,191.28823331258));
#833 = CARTESIAN_POINT('',(3.690511726778E+03,0.,189.7541876799));
#834 = CARTESIAN_POINT('',(3.695539863628E+03,0.,188.20862358428));
#835 = CARTESIAN_POINT('',(3.700564548262E+03,0.,186.65187343511));
#836 = CARTESIAN_POINT('',(3.705585857098E+03,0.,185.08426936182));
#837 = CARTESIAN_POINT('',(3.710603868744E+03,0.,183.5061431522));
#838 = CARTESIAN_POINT('',(3.7156186639E+03,0.,181.91782620372));
#839 = CARTESIAN_POINT('',(3.720630325324E+03,0.,180.31964946313));
#840 = CARTESIAN_POINT('',(3.725638937751E+03,0.,178.71194339052));
#841 = CARTESIAN_POINT('',(3.7306445878E+03,0.,177.09503792967));
#842 = CARTESIAN_POINT('',(3.735647363895E+03,0.,175.46926248438));
#843 = CARTESIAN_POINT('',(3.740647356118E+03,0.,173.83494592259));
#844 = CARTESIAN_POINT('',(3.745644656246E+03,0.,172.1924165255));
#845 = CARTESIAN_POINT('',(3.750639357612E+03,0.,170.54200200121));
#846 = CARTESIAN_POINT('',(3.755631555087E+03,0.,168.88402946428));
#847 = CARTESIAN_POINT('',(3.760621344963E+03,0.,167.21882545187));
#848 = CARTESIAN_POINT('',(3.765608824859E+03,0.,165.54671594088));
#849 = CARTESIAN_POINT('',(3.770594093775E+03,0.,163.8680263161));
#850 = CARTESIAN_POINT('',(3.775577251848E+03,0.,162.18308144747));
#851 = CARTESIAN_POINT('',(3.780558400495E+03,0.,160.49220563949));
#852 = CARTESIAN_POINT('',(3.785537642131E+03,0.,158.79572272791));
#853 = CARTESIAN_POINT('',(3.790515080331E+03,0.,157.09395603261));
#854 = CARTESIAN_POINT('',(3.795490819544E+03,0.,155.38722846559));
#855 = CARTESIAN_POINT('',(3.800464965258E+03,0.,153.67586249004));
#856 = CARTESIAN_POINT('',(3.805437623752E+03,0.,151.96018022193));
#857 = CARTESIAN_POINT('',(3.810408902184E+03,0.,150.24050342523));
#858 = CARTESIAN_POINT('',(3.815378908438E+03,0.,148.51715358904));
#859 = CARTESIAN_POINT('',(3.820347751129E+03,0.,146.79045195653));
#860 = CARTESIAN_POINT('',(3.825315539539E+03,0.,145.06071958163));
#861 = CARTESIAN_POINT('',(3.830282383539E+03,0.,143.32827739109));
#862 = CARTESIAN_POINT('',(3.835248393572E+03,0.,141.59344623445));
#863 = CARTESIAN_POINT('',(3.840213680599E+03,0.,139.85654694576));
#864 = CARTESIAN_POINT('',(3.84517835605E+03,0.,138.11790040903));
#865 = CARTESIAN_POINT('',(3.850142531771E+03,0.,136.3778276297));
#866 = CARTESIAN_POINT('',(3.855106319987E+03,0.,134.63664980292));
#867 = CARTESIAN_POINT('',(3.860069833253E+03,0.,132.89468839127));
#868 = CARTESIAN_POINT('',(3.865033184426E+03,0.,131.15226519951));
#869 = CARTESIAN_POINT('',(3.869996486604E+03,0.,129.40970246211));
#870 = CARTESIAN_POINT('',(3.874959853104E+03,0.,127.66732292762));
#871 = CARTESIAN_POINT('',(3.879923397407E+03,0.,125.92544995278));
#872 = CARTESIAN_POINT('',(3.884887233142E+03,0.,124.18440759445));
#873 = CARTESIAN_POINT('',(3.889851474022E+03,0.,122.44452071777));
#874 = CARTESIAN_POINT('',(3.894816233838E+03,0.,120.70611509626));
#875 = CARTESIAN_POINT('',(3.899781626405E+03,0.,118.96951752876));
#876 = CARTESIAN_POINT('',(3.904747765548E+03,0.,117.2350559554));
#877 = CARTESIAN_POINT('',(3.909714765038E+03,0.,115.50305959435));
#878 = CARTESIAN_POINT('',(3.914682738606E+03,0.,113.77385906152));
#879 = CARTESIAN_POINT('',(3.919651799882E+03,0.,112.04778652545));
#880 = CARTESIAN_POINT('',(3.92462206241E+03,0.,110.3251758443));
#881 = CARTESIAN_POINT('',(3.92959363956E+03,0.,108.60636275298));
#882 = CARTESIAN_POINT('',(3.934566644576E+03,0.,106.89168501091));
#883 = CARTESIAN_POINT('',(3.939541190494E+03,0.,105.18148261161));
#884 = CARTESIAN_POINT('',(3.94451739021E+03,0.,103.47609795426));
#885 = CARTESIAN_POINT('',(3.94949535636E+03,0.,101.77587609481));
#886 = CARTESIAN_POINT('',(3.954475201406E+03,0.,100.08116494686));
#887 = CARTESIAN_POINT('',(3.959457037526E+03,0.,98.392315568778));
#888 = CARTESIAN_POINT('',(3.964440976757E+03,0.,96.709682386885));
#889 = CARTESIAN_POINT('',(3.96942713086E+03,0.,95.033623537095));
#890 = CARTESIAN_POINT('',(3.974415611397E+03,0.,93.364501164097));
#891 = CARTESIAN_POINT('',(3.979406529674E+03,0.,91.702681793791));
#892 = CARTESIAN_POINT('',(3.984399996865E+03,0.,90.048536682275));
#893 = CARTESIAN_POINT('',(3.989396123919E+03,0.,88.40244227053));
#894 = CARTESIAN_POINT('',(3.99439502163E+03,0.,86.764780631489));
#895 = CARTESIAN_POINT('',(3.999396800685E+03,0.,85.135939966437));
#896 = CARTESIAN_POINT('',(4.004401571741E+03,0.,83.516315148463));
#897 = CARTESIAN_POINT('',(4.00940944538E+03,0.,81.906308357553));
#898 = CARTESIAN_POINT('',(4.014420532156E+03,0.,80.306329753895));
#899 = CARTESIAN_POINT('',(4.019434942775E+03,0.,78.716798175055));
#900 = CARTESIAN_POINT('',(4.02445278809E+03,0.,77.138141974736));
#901 = CARTESIAN_POINT('',(4.029474179225E+03,0.,75.570799903716));
#902 = CARTESIAN_POINT('',(4.034499227551E+03,0.,74.015222135214));
#903 = CARTESIAN_POINT('',(4.039528044906E+03,0.,72.471871317173));
#904 = CARTESIAN_POINT('',(4.044560743715E+03,0.,70.941223775836));
#905 = CARTESIAN_POINT('',(4.049597437014E+03,0.,69.423770876614));
#906 = CARTESIAN_POINT('',(4.054638238677E+03,0.,67.920020463462));
#907 = CARTESIAN_POINT('',(4.059683263436E+03,0.,66.430498517771));
#908 = CARTESIAN_POINT('',(4.064732627162E+03,0.,64.955750909377));
#909 = CARTESIAN_POINT('',(4.069786447006E+03,0.,63.496345374634));
#910 = CARTESIAN_POINT('',(4.07484484141E+03,0.,62.052873737127));
#911 = CARTESIAN_POINT('',(4.079907930502E+03,0.,60.625954233506));
#912 = CARTESIAN_POINT('',(4.084975835923E+03,0.,59.216234238092));
#913 = CARTESIAN_POINT('',(4.090048681378E+03,0.,57.824393037804));
#914 = CARTESIAN_POINT('',(4.095126592347E+03,0.,56.451145105837));
#915 = CARTESIAN_POINT('',(4.100209696525E+03,0.,55.0972434592));
#916 = CARTESIAN_POINT('',(4.105298123632E+03,0.,53.763483475392));
#917 = CARTESIAN_POINT('',(4.110392005562E+03,0.,52.450706917226));
#918 = CARTESIAN_POINT('',(4.115491476273E+03,0.,51.159806321572));
#919 = CARTESIAN_POINT('',(4.120596671576E+03,0.,49.891729697504));
#920 = CARTESIAN_POINT('',(4.125707728863E+03,0.,48.647485502251));
#921 = CARTESIAN_POINT('',(4.130824786633E+03,0.,47.428147887385));
#922 = CARTESIAN_POINT('',(4.135947983822E+03,0.,46.234862152802));
#923 = CARTESIAN_POINT('',(4.141077458889E+03,0.,45.068850329619));
#924 = CARTESIAN_POINT('',(4.146213348537E+03,0.,43.931416791611));
#925 = CARTESIAN_POINT('',(4.151355786181E+03,0.,42.823953707895));
#926 = CARTESIAN_POINT('',(4.15650489984E+03,0.,41.747946185182));
#927 = CARTESIAN_POINT('',(4.161660809658E+03,0.,40.704976777965));
#928 = CARTESIAN_POINT('',(4.166823624615E+03,0.,39.6967291118));
#929 = CARTESIAN_POINT('',(4.171993438817E+03,0.,38.724990114782));
#930 = CARTESIAN_POINT('',(4.177170326877E+03,0.,37.791650454698));
#931 = CARTESIAN_POINT('',(4.182354338671E+03,0.,36.898702549445));
#932 = CARTESIAN_POINT('',(4.187545493224E+03,0.,36.048235552088));
#933 = CARTESIAN_POINT('',(4.192743771875E+03,0.,35.242426594354));
#934 = CARTESIAN_POINT('',(4.197949110915E+03,0.,34.483527569111));
#935 = CARTESIAN_POINT('',(4.203161393743E+03,0.,33.773846811176));
#936 = CARTESIAN_POINT('',(4.208380442978E+03,0.,33.115725103475));
#937 = CARTESIAN_POINT('',(4.213606012817E+03,0.,32.511505698579));
#938 = CARTESIAN_POINT('',(4.218837782348E+03,0.,31.963498331878));
#939 = CARTESIAN_POINT('',(4.224075350253E+03,0.,31.473937700099));
#940 = CARTESIAN_POINT('',(4.229318231773E+03,0.,31.044937387876));
#941 = CARTESIAN_POINT('',(4.234565858303E+03,0.,30.678440873353));
#942 = CARTESIAN_POINT('',(4.239817580817E+03,0.,30.376171825337));
#943 = CARTESIAN_POINT('',(4.245072675335E+03,0.,30.13958643125));
#944 = CARTESIAN_POINT('',(4.250330358437E+03,0.,29.969830788084));
#945 = CARTESIAN_POINT('',(4.25558978272E+03,0.,29.867706462156));
#946 = CARTESIAN_POINT('',(4.259096676161E+03,-0.,29.845));
#947 = CARTESIAN_POINT('',(4.2608501016E+03,0.,29.845));
#948 = PCURVE('',#522,#949);
#949 = DEFINITIONAL_REPRESENTATION('',(#950),#954);
#950 = LINE('',#951,#952);
#951 = CARTESIAN_POINT('',(0.,0.));
#952 = VECTOR('',#953,1.);
#953 = DIRECTION('',(0.,1.));
#954 = ( GEOMETRIC_REPRESENTATION_CONTEXT(2) 
PARAMETRIC_REPRESENTATION_CONTEXT() REPRESENTATION_CONTEXT('2D SPACE',''
  ) );
#955 = PCURVE('',#522,#956);
#956 = DEFINITIONAL_REPRESENTATION('',(#957),#961);
#957 = LINE('',#958,#959);
#958 = CARTESIAN_POINT('',(6.28318530718,0.));
#959 = VECTOR('',#960,1.);
#960 = DIRECTION('',(0.,1.));
#961 = ( GEOMETRIC_REPRESENTATION_CONTEXT(2) 
PARAMETRIC_REPRESENTATION_CONTEXT() REPRESENTATION_CONTEXT('2D SPACE',''
  ) );
#962 = ORIENTED_EDGE('',*,*,#963,.F.);
#963 = EDGE_CURVE('',#742,#742,#964,.T.);
#964 = SURFACE_CURVE('',#965,(#970,#977),.PCURVE_S1.);
#965 = CIRCLE('',#966,29.845);
#966 = AXIS2_PLACEMENT_3D('',#967,#968,#969);
#967 = CARTESIAN_POINT('',(4.2608501016E+03,0.,0.));
#968 = DIRECTION('',(1.,0.,-0.));
#969 = DIRECTION('',(0.,0.,1.));
#970 = PCURVE('',#522,#971);
#971 = DEFINITIONAL_REPRESENTATION('',(#972),#976);
#972 = LINE('',#973,#974);
#973 = CARTESIAN_POINT('',(0.,1.046801463346E+03));
#974 = VECTOR('',#975,1.);
#975 = DIRECTION('',(1.,0.));
#976 = ( GEOMETRIC_REPRESENTATION_CONTEXT(2) 
PARAMETRIC_REPRESENTATION_CONTEXT() REPRESENTATION_CONTEXT('2D SPACE',''
  ) );
#977 = PCURVE('',#978,#1185);
#978 = SURFACE_OF_REVOLUTION('',#979,#1182);
#979 = B_SPLINE_CURVE_WITH_KNOTS('',3,(#980,#981,#982,#983,#984,#985,
    #986,#987,#988,#989,#990,#991,#992,#993,#994,#995,#996,#997,#998,
    #999,#1000,#1001,#1002,#1003,#1004,#1005,#1006,#1007,#1008,#1009,
    #1010,#1011,#1012,#1013,#1014,#1015,#1016,#1017,#1018,#1019,#1020,
    #1021,#1022,#1023,#1024,#1025,#1026,#1027,#1028,#1029,#1030,#1031,
    #1032,#1033,#1034,#1035,#1036,#1037,#1038,#1039,#1040,#1041,#1042,
    #1043,#1044,#1045,#1046,#1047,#1048,#1049,#1050,#1051,#1052,#1053,
    #1054,#1055,#1056,#1057,#1058,#1059,#1060,#1061,#1062,#1063,#1064,
    #1065,#1066,#1067,#1068,#1069,#1070,#1071,#1072,#1073,#1074,#1075,
    #1076,#1077,#1078,#1079,#1080,#1081,#1082,#1083,#1084,#1085,#1086,
    #1087,#1088,#1089,#1090,#1091,#1092,#1093,#1094,#1095,#1096,#1097,
    #1098,#1099,#1100,#1101,#1102,#1103,#1104,#1105,#1106,#1107,#1108,
    #1109,#1110,#1111,#1112,#1113,#1114,#1115,#1116,#1117,#1118,#1119,
    #1120,#1121,#1122,#1123,#1124,#1125,#1126,#1127,#1128,#1129,#1130,
    #1131,#1132,#1133,#1134,#1135,#1136,#1137,#1138,#1139,#1140,#1141,
    #1142,#1143,#1144,#1145,#1146,#1147,#1148,#1149,#1150,#1151,#1152,
    #1153,#1154,#1155,#1156,#1157,#1158,#1159,#1160,#1161,#1162,#1163,
    #1164,#1165,#1166,#1167,#1168,#1169,#1170,#1171,#1172,#1173,#1174,
    #1175,#1176,#1177,#1178,#1179,#1180,#1181),.UNSPECIFIED.,.F.,.F.,(4,
    1,1,1,1,1,1,1,1,1,1,1,1,1,1,1,1,1,1,1,1,1,1,1,1,1,1,1,1,1,1,1,1,1,1,
    1,1,1,1,1,1,1,1,1,1,1,1,1,1,1,1,1,1,1,1,1,1,1,1,1,1,1,1,1,1,1,1,1,1,
    1,1,1,1,1,1,1,1,1,1,1,1,1,1,1,1,1,1,1,1,1,1,1,1,1,1,1,1,1,1,1,1,1,1,
    1,1,1,1,1,1,1,1,1,1,1,1,1,1,1,1,1,1,1,1,1,1,1,1,1,1,1,1,1,1,1,1,1,1,
    1,1,1,1,1,1,1,1,1,1,1,1,1,1,1,1,1,1,1,1,1,1,1,1,1,1,1,1,1,1,1,1,1,1,
    1,1,1,1,1,1,1,1,1,1,1,1,1,1,1,1,1,1,1,1,1,1,1,1,1,1,1,1,4),(0.,
    0.528077231714,1.056154463415,1.584231695092,2.112308926741,
    2.640386158338,3.168463389878,3.696540621355,4.224617852741,
    4.752695084056,5.280772315255,5.808849546409,6.336926777294,
    6.865004008123,7.393081238813,7.92115846933,8.4492356997,
    8.977312929893,9.505390160019,10.033467389668,10.561544619285,
    11.089621848794,11.61769907772,12.14577630635,12.673853534888,
    13.201930763179,13.730007991097,14.258085218996,14.786162446213,
    15.314239673526,15.842316899886,16.370394126103,16.898471352292,
    17.426548577716,17.954625802433,18.482703027837,19.010780251402,
    19.538857475111,20.066934698782,20.595011921699,21.123089143554,
    21.651166365265,22.179243586407,22.707320807126,23.235398026987,
    23.763475246829,24.291552465568,24.819629683612,25.347706900894,
    25.875784118845,26.403861334135,26.931938550816,27.460015764911,
    27.988092978078,28.516170191386,29.044247403293,29.572324615289,
    30.100401824688,30.628479036087,31.156556244788,31.68463345053,
    32.212710659148,32.740787865018,33.268865067552,33.796942272526,
    34.325019473663,34.853096675647,35.381173875141,35.909251074018,
    36.437328270385,36.965405466711,37.493482663904,38.021559854335,
    38.549637049251,39.077714238639,39.605791427391,40.133868616349,
    40.661945798432,41.190022982939,41.718100164172,42.246177347911,
    42.774254524808,43.302331700258,43.830408874947,44.358486049063,
    44.886563218377,45.414640383374,45.942717549989,46.470794714885,
    46.99887187267,47.526949034756,48.055026186335,48.583103341214,
    49.111180490322,49.639257635695,50.167334785209,50.695411919642,
    51.223489059828,51.751566192416,52.279643321702,52.807720450815,
    53.335797570575,53.863874690854,54.391951806247,54.920028912641,
    55.448106020825,55.976183126867,56.504260221473,57.032337311726,
    57.56041439999,58.088491474928,58.616568544459,59.144645618607,
    59.672722673862,60.200799734719,60.728876785965,61.256953826282,
    61.785030857324,62.313107874911,62.841184900554,63.369261899709,
    63.897338897352,64.425415886954,64.953492875806,65.481569832458,
    66.009646791628,66.537723735486,67.065800666569,67.593877590909,
    68.121954503868,68.650031387102,69.178108254971,69.70618511367,
    70.234261953145,70.762338784848,71.290415578996,71.818492365386,
    72.346569121339,72.874645860335,73.402722565341,73.930799252184,
    74.458875904476,74.986952540387,75.515029126372,76.043105693886,
    76.571182222255,77.099258681727,77.627335129888,78.155411507716,
    78.683487873707,79.211564157554,79.73964036057,80.267716539112,
    80.795792632053,81.323868644132,81.851944602033,82.38002047399,
    82.908096230689,83.436171862899,83.964247394792,84.492322840306,
    85.020398087135,85.548473234942,86.076548178968,86.604622966338,
    87.132697522071,87.660771893155,88.188846002356,88.716919793701,
    89.244993289623,89.773066435402,90.301139210645,90.829211523511,
    91.357283353835,91.885354617351,92.413425323249,92.941495197428,
    93.469564290521,93.997632473012,94.525699604173,95.05376552086,
    95.581830056506,96.109893139801,96.637954263305,97.166013479152,
    97.694070262739,98.222124508484,98.750175796387,99.278223813374,
    99.806268146404,100.33430846633,100.86234446253,101.39037613334,
    101.91840301707,102.4464251007,102.9744428853,103.50245697848,
    104.03046701656,104.55847572384,105.08635562593),.UNSPECIFIED.);
#980 = CARTESIAN_POINT('',(4.2608501016E+03,0.,29.845));
#981 = CARTESIAN_POINT('',(4.261026127344E+03,0.,29.845));
#982 = CARTESIAN_POINT('',(4.261378178908E+03,0.,29.844693950092));
#983 = CARTESIAN_POINT('',(4.261906254599E+03,0.,29.843317706416));
#984 = CARTESIAN_POINT('',(4.262434327118E+03,0.,29.841023910882));
#985 = CARTESIAN_POINT('',(4.26296239485E+03,0.,29.837812452685));
#986 = CARTESIAN_POINT('',(4.263490456202E+03,0.,29.833683054714));
#987 = CARTESIAN_POINT('',(4.264018509575E+03,0.,29.82863539094));
#988 = CARTESIAN_POINT('',(4.264546553367E+03,0.,29.822669054809));
#989 = CARTESIAN_POINT('',(4.265074585975E+03,0.,29.815783567514));
#990 = CARTESIAN_POINT('',(4.265602605788E+03,0.,29.807978375554));
#991 = CARTESIAN_POINT('',(4.266130611195E+03,0.,29.799252851122));
#992 = CARTESIAN_POINT('',(4.266658600579E+03,0.,29.789606291698));
#993 = CARTESIAN_POINT('',(4.267186572315E+03,0.,29.779037919817));
#994 = CARTESIAN_POINT('',(4.267714524777E+03,0.,29.767546882755));
#995 = CARTESIAN_POINT('',(4.268242456329E+03,0.,29.755132252195));
#996 = CARTESIAN_POINT('',(4.268770365329E+03,0.,29.741793023864));
#997 = CARTESIAN_POINT('',(4.269298250126E+03,0.,29.72752811714));
#998 = CARTESIAN_POINT('',(4.269826109065E+03,0.,29.712336374618));
#999 = CARTESIAN_POINT('',(4.270353940478E+03,0.,29.696216561663));
#1000 = CARTESIAN_POINT('',(4.270881742689E+03,0.,29.67916736591));
#1001 = CARTESIAN_POINT('',(4.271409514013E+03,0.,29.661187396748));
#1002 = CARTESIAN_POINT('',(4.271937252754E+03,0.,29.642275184767));
#1003 = CARTESIAN_POINT('',(4.272464957205E+03,0.,29.622429181166));
#1004 = CARTESIAN_POINT('',(4.272992625647E+03,0.,29.601647757132));
#1005 = CARTESIAN_POINT('',(4.273520256349E+03,0.,29.57992920318));
#1006 = CARTESIAN_POINT('',(4.274047847566E+03,0.,29.557271728469));
#1007 = CARTESIAN_POINT('',(4.274575397542E+03,0.,29.533673460074));
#1008 = CARTESIAN_POINT('',(4.275102904503E+03,0.,29.509132442227));
#1009 = CARTESIAN_POINT('',(4.275630366664E+03,0.,29.483646635499));
#1010 = CARTESIAN_POINT('',(4.27615778222E+03,0.,29.457213915997));
#1011 = CARTESIAN_POINT('',(4.276685149354E+03,0.,29.429832074442));
#1012 = CARTESIAN_POINT('',(4.277212466229E+03,0.,29.401498815288));
#1013 = CARTESIAN_POINT('',(4.277739730992E+03,0.,29.372211755748));
#1014 = CARTESIAN_POINT('',(4.278266941769E+03,0.,29.341968424817));
#1015 = CARTESIAN_POINT('',(4.278794096669E+03,0.,29.310766262196));
#1016 = CARTESIAN_POINT('',(4.279321193781E+03,0.,29.278602617263));
#1017 = CARTESIAN_POINT('',(4.279848231172E+03,0.,29.245474747879));
#1018 = CARTESIAN_POINT('',(4.280375206887E+03,0.,29.211379819284));
#1019 = CARTESIAN_POINT('',(4.280902118949E+03,0.,29.176314902802));
#1020 = CARTESIAN_POINT('',(4.281428965358E+03,0.,29.140276974671));
#1021 = CARTESIAN_POINT('',(4.28195574409E+03,0.,29.103262914647));
#1022 = CARTESIAN_POINT('',(4.282482453094E+03,0.,29.065269504655));
#1023 = CARTESIAN_POINT('',(4.283009090295E+03,0.,29.02629342737));
#1024 = CARTESIAN_POINT('',(4.28353565359E+03,0.,28.986331264782));
#1025 = CARTESIAN_POINT('',(4.284062140848E+03,0.,28.945379496612));
#1026 = CARTESIAN_POINT('',(4.284588549909E+03,0.,28.903434498788));
#1027 = CARTESIAN_POINT('',(4.285114878582E+03,0.,28.860492541751));
#1028 = CARTESIAN_POINT('',(4.285641124646E+03,0.,28.8165497888));
#1029 = CARTESIAN_POINT('',(4.286167285849E+03,0.,28.771602294234));
#1030 = CARTESIAN_POINT('',(4.286693359902E+03,0.,28.725646001696));
#1031 = CARTESIAN_POINT('',(4.287219344485E+03,0.,28.678676742063));
#1032 = CARTESIAN_POINT('',(4.28774523724E+03,0.,28.630690231759));
#1033 = CARTESIAN_POINT('',(4.288271035773E+03,0.,28.581682070417));
#1034 = CARTESIAN_POINT('',(4.288796737651E+03,0.,28.531647739014));
#1035 = CARTESIAN_POINT('',(4.289322340403E+03,0.,28.480582597525));
#1036 = CARTESIAN_POINT('',(4.289847841517E+03,0.,28.428481882747));
#1037 = CARTESIAN_POINT('',(4.290373238436E+03,0.,28.375340706082));
#1038 = CARTESIAN_POINT('',(4.290898528562E+03,0.,28.321154050793));
#1039 = CARTESIAN_POINT('',(4.291423709252E+03,0.,28.26591676991));
#1040 = CARTESIAN_POINT('',(4.291948777812E+03,0.,28.209623583345));
#1041 = CARTESIAN_POINT('',(4.292473731505E+03,0.,28.152269075251));
#1042 = CARTESIAN_POINT('',(4.292998567541E+03,0.,28.093847691308));
#1043 = CARTESIAN_POINT('',(4.293523283078E+03,0.,28.034353735826));
#1044 = CARTESIAN_POINT('',(4.294047875221E+03,0.,27.97378136876));
#1045 = CARTESIAN_POINT('',(4.294572341021E+03,0.,27.912124602636));
#1046 = CARTESIAN_POINT('',(4.295096677471E+03,0.,27.849377299121));
#1047 = CARTESIAN_POINT('',(4.295620881502E+03,0.,27.785533166281));
#1048 = CARTESIAN_POINT('',(4.296144949987E+03,0.,27.720585754458));
#1049 = CARTESIAN_POINT('',(4.296668879734E+03,0.,27.65452845331));
#1050 = CARTESIAN_POINT('',(4.297192667487E+03,0.,27.587354487623));
#1051 = CARTESIAN_POINT('',(4.29771630992E+03,0.,27.519056913761));
#1052 = CARTESIAN_POINT('',(4.298239803636E+03,0.,27.449628615924));
#1053 = CARTESIAN_POINT('',(4.29876314517E+03,0.,27.379062301425));
#1054 = CARTESIAN_POINT('',(4.299286330974E+03,0.,27.307350497293));
#1055 = CARTESIAN_POINT('',(4.29980935743E+03,0.,27.234485544826));
#1056 = CARTESIAN_POINT('',(4.300332220833E+03,0.,27.160459596057));
#1057 = CARTESIAN_POINT('',(4.300854917396E+03,0.,27.085264608403));
#1058 = CARTESIAN_POINT('',(4.301377443247E+03,0.,27.008892339679));
#1059 = CARTESIAN_POINT('',(4.301899794422E+03,0.,26.931334343509));
#1060 = CARTESIAN_POINT('',(4.302421966869E+03,0.,26.852581963089));
#1061 = CARTESIAN_POINT('',(4.302943956431E+03,0.,26.772626327248));
#1062 = CARTESIAN_POINT('',(4.303465758856E+03,0.,26.691458343273));
#1063 = CARTESIAN_POINT('',(4.303987369786E+03,0.,26.609068691807));
#1064 = CARTESIAN_POINT('',(4.30450878476E+03,0.,26.52544781992));
#1065 = CARTESIAN_POINT('',(4.305029999199E+03,0.,26.440585935729));
#1066 = CARTESIAN_POINT('',(4.305551008412E+03,0.,26.354473001279));
#1067 = CARTESIAN_POINT('',(4.306071807586E+03,0.,26.267098725317));
#1068 = CARTESIAN_POINT('',(4.306592391786E+03,0.,26.178452556364));
#1069 = CARTESIAN_POINT('',(4.307112755943E+03,0.,26.088523675639));
#1070 = CARTESIAN_POINT('',(4.307632894858E+03,0.,25.997300988686));
#1071 = CARTESIAN_POINT('',(4.308152803184E+03,0.,25.904773118259));
#1072 = CARTESIAN_POINT('',(4.30867247544E+03,0.,25.810928394158));
#1073 = CARTESIAN_POINT('',(4.309191905982E+03,0.,25.715754846808));
#1074 = CARTESIAN_POINT('',(4.309711089017E+03,0.,25.619240195949));
#1075 = CARTESIAN_POINT('',(4.310230018587E+03,0.,25.521371842522));
#1076 = CARTESIAN_POINT('',(4.310748688558E+03,0.,25.422136859064));
#1077 = CARTESIAN_POINT('',(4.311267092626E+03,0.,25.321521977642));
#1078 = CARTESIAN_POINT('',(4.311785224296E+03,0.,25.219513581629));
#1079 = CARTESIAN_POINT('',(4.312303076888E+03,0.,25.116097691662));
#1080 = CARTESIAN_POINT('',(4.312820643515E+03,0.,25.011259956655));
#1081 = CARTESIAN_POINT('',(4.313337917084E+03,0.,24.904985640197));
#1082 = CARTESIAN_POINT('',(4.313854890285E+03,0.,24.797259607762));
#1083 = CARTESIAN_POINT('',(4.314371555579E+03,0.,24.688066314393));
#1084 = CARTESIAN_POINT('',(4.314887905189E+03,0.,24.577389789925));
#1085 = CARTESIAN_POINT('',(4.315403931096E+03,0.,24.46521362481));
#1086 = CARTESIAN_POINT('',(4.315919625017E+03,0.,24.351520954929));
#1087 = CARTESIAN_POINT('',(4.316434978402E+03,0.,24.236294446251));
#1088 = CARTESIAN_POINT('',(4.316949982415E+03,0.,24.11951627824));
#1089 = CARTESIAN_POINT('',(4.317464627928E+03,0.,24.001168125794));
#1090 = CARTESIAN_POINT('',(4.317978905504E+03,0.,23.881231141723));
#1091 = CARTESIAN_POINT('',(4.318492805382E+03,0.,23.759685937594));
#1092 = CARTESIAN_POINT('',(4.319006317467E+03,0.,23.636512563315));
#1093 = CARTESIAN_POINT('',(4.319519431303E+03,0.,23.511690487814));
#1094 = CARTESIAN_POINT('',(4.320032136072E+03,0.,23.385198575));
#1095 = CARTESIAN_POINT('',(4.320544420554E+03,0.,23.257015064167));
#1096 = CARTESIAN_POINT('',(4.321056273132E+03,0.,23.127117542161));
#1097 = CARTESIAN_POINT('',(4.321567681751E+03,0.,22.995482921854));
#1098 = CARTESIAN_POINT('',(4.322078633908E+03,0.,22.862087412876));
#1099 = CARTESIAN_POINT('',(4.322589116636E+03,0.,22.726906492732));
#1100 = CARTESIAN_POINT('',(4.32309911646E+03,0.,22.589914882527));
#1101 = CARTESIAN_POINT('',(4.323608619388E+03,0.,22.45108651069));
#1102 = CARTESIAN_POINT('',(4.324117610873E+03,0.,22.310394485555));
#1103 = CARTESIAN_POINT('',(4.324626075799E+03,0.,22.167811055102));
#1104 = CARTESIAN_POINT('',(4.32513399842E+03,0.,22.023307579875));
#1105 = CARTESIAN_POINT('',(4.325641362362E+03,0.,21.876854486497));
#1106 = CARTESIAN_POINT('',(4.326148150562E+03,0.,21.728421233808));
#1107 = CARTESIAN_POINT('',(4.326654345251E+03,0.,21.577976265359));
#1108 = CARTESIAN_POINT('',(4.327159927892E+03,0.,21.42548697102));
#1109 = CARTESIAN_POINT('',(4.327664879153E+03,0.,21.270919636235));
#1110 = CARTESIAN_POINT('',(4.328169178846E+03,0.,21.114239395944));
#1111 = CARTESIAN_POINT('',(4.328672805892E+03,0.,20.955410179636));
#1112 = CARTESIAN_POINT('',(4.329175738262E+03,0.,20.794394655857));
#1113 = CARTESIAN_POINT('',(4.329677952925E+03,0.,20.631154174015));
#1114 = CARTESIAN_POINT('',(4.330179425778E+03,0.,20.465648703831));
#1115 = CARTESIAN_POINT('',(4.330680131574E+03,0.,20.297836773489));
#1116 = CARTESIAN_POINT('',(4.331180043874E+03,0.,20.127675392538));
#1117 = CARTESIAN_POINT('',(4.331679134943E+03,0.,19.955119986323));
#1118 = CARTESIAN_POINT('',(4.332177375699E+03,0.,19.780124309877));
#1119 = CARTESIAN_POINT('',(4.332674735591E+03,0.,19.602640375296));
#1120 = CARTESIAN_POINT('',(4.33317118253E+03,0.,19.42261835481));
#1121 = CARTESIAN_POINT('',(4.333666682763E+03,0.,19.240006495497));
#1122 = CARTESIAN_POINT('',(4.334161200787E+03,0.,19.054751013177));
#1123 = CARTESIAN_POINT('',(4.33465469919E+03,0.,18.866795997352));
#1124 = CARTESIAN_POINT('',(4.33514713856E+03,0.,18.676083288424));
#1125 = CARTESIAN_POINT('',(4.335638477305E+03,0.,18.482552369407));
#1126 = CARTESIAN_POINT('',(4.336128671518E+03,0.,18.286140234818));
#1127 = CARTESIAN_POINT('',(4.336617674807E+03,0.,18.086781253877));
#1128 = CARTESIAN_POINT('',(4.337105438095E+03,0.,17.884407035594));
#1129 = CARTESIAN_POINT('',(4.337591909453E+03,0.,17.678946260761));
#1130 = CARTESIAN_POINT('',(4.338077033815E+03,0.,17.470324547966));
#1131 = CARTESIAN_POINT('',(4.338560752792E+03,0.,17.258464257238));
#1132 = CARTESIAN_POINT('',(4.33904300439E+03,0.,17.043284314893));
#1133 = CARTESIAN_POINT('',(4.339523722722E+03,0.,16.824700016427));
#1134 = CARTESIAN_POINT('',(4.340002837687E+03,0.,16.602622819725));
#1135 = CARTESIAN_POINT('',(4.34048027461E+03,0.,16.376960129002));
#1136 = CARTESIAN_POINT('',(4.340955953875E+03,0.,16.147615051351));
#1137 = CARTESIAN_POINT('',(4.341429790477E+03,0.,15.914486156438));
#1138 = CARTESIAN_POINT('',(4.341901693556E+03,0.,15.677467212569));
#1139 = CARTESIAN_POINT('',(4.342371565902E+03,0.,15.436446892497));
#1140 = CARTESIAN_POINT('',(4.342839303378E+03,0.,15.191308477876));
#1141 = CARTESIAN_POINT('',(4.343304794236E+03,0.,14.941929568521));
#1142 = CARTESIAN_POINT('',(4.343767918471E+03,0.,14.688181725795));
#1143 = CARTESIAN_POINT('',(4.344228546968E+03,0.,14.429930157367));
#1144 = CARTESIAN_POINT('',(4.344686540717E+03,0.,14.167033311329));
#1145 = CARTESIAN_POINT('',(4.345141749738E+03,0.,13.89934255613));
#1146 = CARTESIAN_POINT('',(4.34559401209E+03,0.,13.626701739925));
#1147 = CARTESIAN_POINT('',(4.346043152581E+03,0.,13.348946842349));
#1148 = CARTESIAN_POINT('',(4.34648898145E+03,0.,13.065905552235));
#1149 = CARTESIAN_POINT('',(4.346931292844E+03,0.,12.777396880611));
#1150 = CARTESIAN_POINT('',(4.347369863133E+03,0.,12.483230768499));
#1151 = CARTESIAN_POINT('',(4.347804449012E+03,0.,12.183207724619));
#1152 = CARTESIAN_POINT('',(4.348234785339E+03,0.,11.877118534172));
#1153 = CARTESIAN_POINT('',(4.348660582791E+03,0.,11.564743972045));
#1154 = CARTESIAN_POINT('',(4.349081525178E+03,0.,11.245854650143));
#1155 = CARTESIAN_POINT('',(4.34949726651E+03,0.,10.920210935046));
#1156 = CARTESIAN_POINT('',(4.34990742758E+03,0.,10.587563138686));
#1157 = CARTESIAN_POINT('',(4.350311592381E+03,0.,10.247651784055));
#1158 = CARTESIAN_POINT('',(4.350709303941E+03,0.,9.900208304402));
#1159 = CARTESIAN_POINT('',(4.351100059878E+03,0.,9.544956016405));
#1160 = CARTESIAN_POINT('',(4.351483307382E+03,0.,9.181611737327));
#1161 = CARTESIAN_POINT('',(4.351858437908E+03,0.,8.809887936265));
#1162 = CARTESIAN_POINT('',(4.35222478148E+03,0.,8.42949572159));
#1163 = CARTESIAN_POINT('',(4.352581600593E+03,0.,8.040148986092));
#1164 = CARTESIAN_POINT('',(4.352928084199E+03,0.,7.641569602957));
#1165 = CARTESIAN_POINT('',(4.353263341515E+03,0.,7.233494483114));
#1166 = CARTESIAN_POINT('',(4.353586396625E+03,0.,6.815684123762));
#1167 = CARTESIAN_POINT('',(4.353896183655E+03,0.,6.387933788937));
#1168 = CARTESIAN_POINT('',(4.354191543942E+03,0.,5.950086765895));
#1169 = CARTESIAN_POINT('',(4.354471225505E+03,0.,5.502050633461));
#1170 = CARTESIAN_POINT('',(4.354733886434E+03,0.,5.043816012961));
#1171 = CARTESIAN_POINT('',(4.354978103254E+03,0.,4.57547794683));
#1172 = CARTESIAN_POINT('',(4.355202386007E+03,0.,4.097258959078));
#1173 = CARTESIAN_POINT('',(4.355405201211E+03,0.,3.609533005027));
#1174 = CARTESIAN_POINT('',(4.355585004652E+03,0.,3.11284774499));
#1175 = CARTESIAN_POINT('',(4.355740282656E+03,0.,2.607943058012));
#1176 = CARTESIAN_POINT('',(4.355869607484E+03,0.,2.095761434369));
#1177 = CARTESIAN_POINT('',(4.355971681025E+03,0.,1.577450977473));
#1178 = CARTESIAN_POINT('',(4.356045450529E+03,0.,1.054343338845));
#1179 = CARTESIAN_POINT('',(4.356089960155E+03,0.,0.527997874524));
#1180 = CARTESIAN_POINT('',(4.3561001016E+03,-0.,0.175959967364));
#1181 = CARTESIAN_POINT('',(4.3561001016E+03,0.,0.));
#1182 = AXIS1_PLACEMENT('',#1183,#1184);
#1183 = CARTESIAN_POINT('',(0.,0.,0.));
#1184 = DIRECTION('',(1.,0.,0.));
#1185 = DEFINITIONAL_REPRESENTATION('',(#1186),#1190);
#1186 = LINE('',#1187,#1188);
#1187 = CARTESIAN_POINT('',(0.,0.));
#1188 = VECTOR('',#1189,1.);
#1189 = DIRECTION('',(1.,0.));
#1190 = ( GEOMETRIC_REPRESENTATION_CONTEXT(2) 
PARAMETRIC_REPRESENTATION_CONTEXT() REPRESENTATION_CONTEXT('2D SPACE',''
  ) );
#1191 = ORIENTED_EDGE('',*,*,#741,.F.);
#1192 = ADVANCED_FACE('',(#1193),#978,.T.);
#1193 = FACE_BOUND('',#1194,.T.);
#1194 = EDGE_LOOP('',(#1195,#1196,#1418));
#1195 = ORIENTED_EDGE('',*,*,#963,.T.);
#1196 = ORIENTED_EDGE('',*,*,#1197,.T.);
#1197 = EDGE_CURVE('',#742,#1198,#1200,.T.);
#1198 = VERTEX_POINT('',#1199);
#1199 = CARTESIAN_POINT('',(4.3561001016E+03,0.,0.));
#1200 = SEAM_CURVE('',#1201,(#1404,#1411),.PCURVE_S1.);
#1201 = B_SPLINE_CURVE_WITH_KNOTS('',3,(#1202,#1203,#1204,#1205,#1206,
    #1207,#1208,#1209,#1210,#1211,#1212,#1213,#1214,#1215,#1216,#1217,
    #1218,#1219,#1220,#1221,#1222,#1223,#1224,#1225,#1226,#1227,#1228,
    #1229,#1230,#1231,#1232,#1233,#1234,#1235,#1236,#1237,#1238,#1239,
    #1240,#1241,#1242,#1243,#1244,#1245,#1246,#1247,#1248,#1249,#1250,
    #1251,#1252,#1253,#1254,#1255,#1256,#1257,#1258,#1259,#1260,#1261,
    #1262,#1263,#1264,#1265,#1266,#1267,#1268,#1269,#1270,#1271,#1272,
    #1273,#1274,#1275,#1276,#1277,#1278,#1279,#1280,#1281,#1282,#1283,
    #1284,#1285,#1286,#1287,#1288,#1289,#1290,#1291,#1292,#1293,#1294,
    #1295,#1296,#1297,#1298,#1299,#1300,#1301,#1302,#1303,#1304,#1305,
    #1306,#1307,#1308,#1309,#1310,#1311,#1312,#1313,#1314,#1315,#1316,
    #1317,#1318,#1319,#1320,#1321,#1322,#1323,#1324,#1325,#1326,#1327,
    #1328,#1329,#1330,#1331,#1332,#1333,#1334,#1335,#1336,#1337,#1338,
    #1339,#1340,#1341,#1342,#1343,#1344,#1345,#1346,#1347,#1348,#1349,
    #1350,#1351,#1352,#1353,#1354,#1355,#1356,#1357,#1358,#1359,#1360,
    #1361,#1362,#1363,#1364,#1365,#1366,#1367,#1368,#1369,#1370,#1371,
    #1372,#1373,#1374,#1375,#1376,#1377,#1378,#1379,#1380,#1381,#1382,
    #1383,#1384,#1385,#1386,#1387,#1388,#1389,#1390,#1391,#1392,#1393,
    #1394,#1395,#1396,#1397,#1398,#1399,#1400,#1401,#1402,#1403),
  .UNSPECIFIED.,.F.,.F.,(4,1,1,1,1,1,1,1,1,1,1,1,1,1,1,1,1,1,1,1,1,1,1,1
    ,1,1,1,1,1,1,1,1,1,1,1,1,1,1,1,1,1,1,1,1,1,1,1,1,1,1,1,1,1,1,1,1,1,1
    ,1,1,1,1,1,1,1,1,1,1,1,1,1,1,1,1,1,1,1,1,1,1,1,1,1,1,1,1,1,1,1,1,1,1
    ,1,1,1,1,1,1,1,1,1,1,1,1,1,1,1,1,1,1,1,1,1,1,1,1,1,1,1,1,1,1,1,1,1,1
    ,1,1,1,1,1,1,1,1,1,1,1,1,1,1,1,1,1,1,1,1,1,1,1,1,1,1,1,1,1,1,1,1,1,1
    ,1,1,1,1,1,1,1,1,1,1,1,1,1,1,1,1,1,1,1,1,1,1,1,1,1,1,1,1,1,1,1,1,1,1
    ,1,1,1,1,1,4),(0.,0.528077231714,1.056154463415,1.584231695092,
    2.112308926741,2.640386158338,3.168463389878,3.696540621355,
    4.224617852741,4.752695084056,5.280772315255,5.808849546409,
    6.336926777294,6.865004008123,7.393081238813,7.92115846933,
    8.4492356997,8.977312929893,9.505390160019,10.033467389668,
    10.561544619285,11.089621848794,11.61769907772,12.14577630635,
    12.673853534888,13.201930763179,13.730007991097,14.258085218996,
    14.786162446213,15.314239673526,15.842316899886,16.370394126103,
    16.898471352292,17.426548577716,17.954625802433,18.482703027837,
    19.010780251402,19.538857475111,20.066934698782,20.595011921699,
    21.123089143554,21.651166365265,22.179243586407,22.707320807126,
    23.235398026987,23.763475246829,24.291552465568,24.819629683612,
    25.347706900894,25.875784118845,26.403861334135,26.931938550816,
    27.460015764911,27.988092978078,28.516170191386,29.044247403293,
    29.572324615289,30.100401824688,30.628479036087,31.156556244788,
    31.68463345053,32.212710659148,32.740787865018,33.268865067552,
    33.796942272526,34.325019473663,34.853096675647,35.381173875141,
    35.909251074018,36.437328270385,36.965405466711,37.493482663904,
    38.021559854335,38.549637049251,39.077714238639,39.605791427391,
    40.133868616349,40.661945798432,41.190022982939,41.718100164172,
    42.246177347911,42.774254524808,43.302331700258,43.830408874947,
    44.358486049063,44.886563218377,45.414640383374,45.942717549989,
    46.470794714885,46.99887187267,47.526949034756,48.055026186335,
    48.583103341214,49.111180490322,49.639257635695,50.167334785209,
    50.695411919642,51.223489059828,51.751566192416,52.279643321702,
    52.807720450815,53.335797570575,53.863874690854,54.391951806247,
    54.920028912641,55.448106020825,55.976183126867,56.504260221473,
    57.032337311726,57.56041439999,58.088491474928,58.616568544459,
    59.144645618607,59.672722673862,60.200799734719,60.728876785965,
    61.256953826282,61.785030857324,62.313107874911,62.841184900554,
    63.369261899709,63.897338897352,64.425415886954,64.953492875806,
    65.481569832458,66.009646791628,66.537723735486,67.065800666569,
    67.593877590909,68.121954503868,68.650031387102,69.178108254971,
    69.70618511367,70.234261953145,70.762338784848,71.290415578996,
    71.818492365386,72.346569121339,72.874645860335,73.402722565341,
    73.930799252184,74.458875904476,74.986952540387,75.515029126372,
    76.043105693886,76.571182222255,77.099258681727,77.627335129888,
    78.155411507716,78.683487873707,79.211564157554,79.73964036057,
    80.267716539112,80.795792632053,81.323868644132,81.851944602033,
    82.38002047399,82.908096230689,83.436171862899,83.964247394792,
    84.492322840306,85.020398087135,85.548473234942,86.076548178968,
    86.604622966338,87.132697522071,87.660771893155,88.188846002356,
    88.716919793701,89.244993289623,89.773066435402,90.301139210645,
    90.829211523511,91.357283353835,91.885354617351,92.413425323249,
    92.941495197428,93.469564290521,93.997632473012,94.525699604173,
    95.05376552086,95.581830056506,96.109893139801,96.637954263305,
    97.166013479152,97.694070262739,98.222124508484,98.750175796387,
    99.278223813374,99.806268146404,100.33430846633,100.86234446253,
    101.39037613334,101.91840301707,102.4464251007,102.9744428853,
    103.50245697848,104.03046701656,104.55847572384,105.08635562593),
  .UNSPECIFIED.);
#1202 = CARTESIAN_POINT('',(4.2608501016E+03,0.,29.845));
#1203 = CARTESIAN_POINT('',(4.261026127344E+03,0.,29.845));
#1204 = CARTESIAN_POINT('',(4.261378178908E+03,0.,29.844693950092));
#1205 = CARTESIAN_POINT('',(4.261906254599E+03,0.,29.843317706416));
#1206 = CARTESIAN_POINT('',(4.262434327118E+03,0.,29.841023910882));
#1207 = CARTESIAN_POINT('',(4.26296239485E+03,0.,29.837812452685));
#1208 = CARTESIAN_POINT('',(4.263490456202E+03,0.,29.833683054714));
#1209 = CARTESIAN_POINT('',(4.264018509575E+03,0.,29.82863539094));
#1210 = CARTESIAN_POINT('',(4.264546553367E+03,0.,29.822669054809));
#1211 = CARTESIAN_POINT('',(4.265074585975E+03,0.,29.815783567514));
#1212 = CARTESIAN_POINT('',(4.265602605788E+03,0.,29.807978375554));
#1213 = CARTESIAN_POINT('',(4.266130611195E+03,0.,29.799252851122));
#1214 = CARTESIAN_POINT('',(4.266658600579E+03,0.,29.789606291698));
#1215 = CARTESIAN_POINT('',(4.267186572315E+03,0.,29.779037919817));
#1216 = CARTESIAN_POINT('',(4.267714524777E+03,0.,29.767546882755));
#1217 = CARTESIAN_POINT('',(4.268242456329E+03,0.,29.755132252195));
#1218 = CARTESIAN_POINT('',(4.268770365329E+03,0.,29.741793023864));
#1219 = CARTESIAN_POINT('',(4.269298250126E+03,0.,29.72752811714));
#1220 = CARTESIAN_POINT('',(4.269826109065E+03,0.,29.712336374618));
#1221 = CARTESIAN_POINT('',(4.270353940478E+03,0.,29.696216561663));
#1222 = CARTESIAN_POINT('',(4.270881742689E+03,0.,29.67916736591));
#1223 = CARTESIAN_POINT('',(4.271409514013E+03,0.,29.661187396748));
#1224 = CARTESIAN_POINT('',(4.271937252754E+03,0.,29.642275184767));
#1225 = CARTESIAN_POINT('',(4.272464957205E+03,0.,29.622429181166));
#1226 = CARTESIAN_POINT('',(4.272992625647E+03,0.,29.601647757132));
#1227 = CARTESIAN_POINT('',(4.273520256349E+03,0.,29.57992920318));
#1228 = CARTESIAN_POINT('',(4.274047847566E+03,0.,29.557271728469));
#1229 = CARTESIAN_POINT('',(4.274575397542E+03,0.,29.533673460074));
#1230 = CARTESIAN_POINT('',(4.275102904503E+03,0.,29.509132442227));
#1231 = CARTESIAN_POINT('',(4.275630366664E+03,0.,29.483646635499));
#1232 = CARTESIAN_POINT('',(4.27615778222E+03,0.,29.457213915997));
#1233 = CARTESIAN_POINT('',(4.276685149354E+03,0.,29.429832074442));
#1234 = CARTESIAN_POINT('',(4.277212466229E+03,0.,29.401498815288));
#1235 = CARTESIAN_POINT('',(4.277739730992E+03,0.,29.372211755748));
#1236 = CARTESIAN_POINT('',(4.278266941769E+03,0.,29.341968424817));
#1237 = CARTESIAN_POINT('',(4.278794096669E+03,0.,29.310766262196));
#1238 = CARTESIAN_POINT('',(4.279321193781E+03,0.,29.278602617263));
#1239 = CARTESIAN_POINT('',(4.279848231172E+03,0.,29.245474747879));
#1240 = CARTESIAN_POINT('',(4.280375206887E+03,0.,29.211379819284));
#1241 = CARTESIAN_POINT('',(4.280902118949E+03,0.,29.176314902802));
#1242 = CARTESIAN_POINT('',(4.281428965358E+03,0.,29.140276974671));
#1243 = CARTESIAN_POINT('',(4.28195574409E+03,0.,29.103262914647));
#1244 = CARTESIAN_POINT('',(4.282482453094E+03,0.,29.065269504655));
#1245 = CARTESIAN_POINT('',(4.283009090295E+03,0.,29.02629342737));
#1246 = CARTESIAN_POINT('',(4.28353565359E+03,0.,28.986331264782));
#1247 = CARTESIAN_POINT('',(4.284062140848E+03,0.,28.945379496612));
#1248 = CARTESIAN_POINT('',(4.284588549909E+03,0.,28.903434498788));
#1249 = CARTESIAN_POINT('',(4.285114878582E+03,0.,28.860492541751));
#1250 = CARTESIAN_POINT('',(4.285641124646E+03,0.,28.8165497888));
#1251 = CARTESIAN_POINT('',(4.286167285849E+03,0.,28.771602294234));
#1252 = CARTESIAN_POINT('',(4.286693359902E+03,0.,28.725646001696));
#1253 = CARTESIAN_POINT('',(4.287219344485E+03,0.,28.678676742063));
#1254 = CARTESIAN_POINT('',(4.28774523724E+03,0.,28.630690231759));
#1255 = CARTESIAN_POINT('',(4.288271035773E+03,0.,28.581682070417));
#1256 = CARTESIAN_POINT('',(4.288796737651E+03,0.,28.531647739014));
#1257 = CARTESIAN_POINT('',(4.289322340403E+03,0.,28.480582597525));
#1258 = CARTESIAN_POINT('',(4.289847841517E+03,0.,28.428481882747));
#1259 = CARTESIAN_POINT('',(4.290373238436E+03,0.,28.375340706082));
#1260 = CARTESIAN_POINT('',(4.290898528562E+03,0.,28.321154050793));
#1261 = CARTESIAN_POINT('',(4.291423709252E+03,0.,28.26591676991));
#1262 = CARTESIAN_POINT('',(4.291948777812E+03,0.,28.209623583345));
#1263 = CARTESIAN_POINT('',(4.292473731505E+03,0.,28.152269075251));
#1264 = CARTESIAN_POINT('',(4.292998567541E+03,0.,28.093847691308));
#1265 = CARTESIAN_POINT('',(4.293523283078E+03,0.,28.034353735826));
#1266 = CARTESIAN_POINT('',(4.294047875221E+03,0.,27.97378136876));
#1267 = CARTESIAN_POINT('',(4.294572341021E+03,0.,27.912124602636));
#1268 = CARTESIAN_POINT('',(4.295096677471E+03,0.,27.849377299121));
#1269 = CARTESIAN_POINT('',(4.295620881502E+03,0.,27.785533166281));
#1270 = CARTESIAN_POINT('',(4.296144949987E+03,0.,27.720585754458));
#1271 = CARTESIAN_POINT('',(4.296668879734E+03,0.,27.65452845331));
#1272 = CARTESIAN_POINT('',(4.297192667487E+03,0.,27.587354487623));
#1273 = CARTESIAN_POINT('',(4.29771630992E+03,0.,27.519056913761));
#1274 = CARTESIAN_POINT('',(4.298239803636E+03,0.,27.449628615924));
#1275 = CARTESIAN_POINT('',(4.29876314517E+03,0.,27.379062301425));
#1276 = CARTESIAN_POINT('',(4.299286330974E+03,0.,27.307350497293));
#1277 = CARTESIAN_POINT('',(4.29980935743E+03,0.,27.234485544826));
#1278 = CARTESIAN_POINT('',(4.300332220833E+03,0.,27.160459596057));
#1279 = CARTESIAN_POINT('',(4.300854917396E+03,0.,27.085264608403));
#1280 = CARTESIAN_POINT('',(4.301377443247E+03,0.,27.008892339679));
#1281 = CARTESIAN_POINT('',(4.301899794422E+03,0.,26.931334343509));
#1282 = CARTESIAN_POINT('',(4.302421966869E+03,0.,26.852581963089));
#1283 = CARTESIAN_POINT('',(4.302943956431E+03,0.,26.772626327248));
#1284 = CARTESIAN_POINT('',(4.303465758856E+03,0.,26.691458343273));
#1285 = CARTESIAN_POINT('',(4.303987369786E+03,0.,26.609068691807));
#1286 = CARTESIAN_POINT('',(4.30450878476E+03,0.,26.52544781992));
#1287 = CARTESIAN_POINT('',(4.305029999199E+03,0.,26.440585935729));
#1288 = CARTESIAN_POINT('',(4.305551008412E+03,0.,26.354473001279));
#1289 = CARTESIAN_POINT('',(4.306071807586E+03,0.,26.267098725317));
#1290 = CARTESIAN_POINT('',(4.306592391786E+03,0.,26.178452556364));
#1291 = CARTESIAN_POINT('',(4.307112755943E+03,0.,26.088523675639));
#1292 = CARTESIAN_POINT('',(4.307632894858E+03,0.,25.997300988686));
#1293 = CARTESIAN_POINT('',(4.308152803184E+03,0.,25.904773118259));
#1294 = CARTESIAN_POINT('',(4.30867247544E+03,0.,25.810928394158));
#1295 = CARTESIAN_POINT('',(4.309191905982E+03,0.,25.715754846808));
#1296 = CARTESIAN_POINT('',(4.309711089017E+03,0.,25.619240195949));
#1297 = CARTESIAN_POINT('',(4.310230018587E+03,0.,25.521371842522));
#1298 = CARTESIAN_POINT('',(4.310748688558E+03,0.,25.422136859064));
#1299 = CARTESIAN_POINT('',(4.311267092626E+03,0.,25.321521977642));
#1300 = CARTESIAN_POINT('',(4.311785224296E+03,0.,25.219513581629));
#1301 = CARTESIAN_POINT('',(4.312303076888E+03,0.,25.116097691662));
#1302 = CARTESIAN_POINT('',(4.312820643515E+03,0.,25.011259956655));
#1303 = CARTESIAN_POINT('',(4.313337917084E+03,0.,24.904985640197));
#1304 = CARTESIAN_POINT('',(4.313854890285E+03,0.,24.797259607762));
#1305 = CARTESIAN_POINT('',(4.314371555579E+03,0.,24.688066314393));
#1306 = CARTESIAN_POINT('',(4.314887905189E+03,0.,24.577389789925));
#1307 = CARTESIAN_POINT('',(4.315403931096E+03,0.,24.46521362481));
#1308 = CARTESIAN_POINT('',(4.315919625017E+03,0.,24.351520954929));
#1309 = CARTESIAN_POINT('',(4.316434978402E+03,0.,24.236294446251));
#1310 = CARTESIAN_POINT('',(4.316949982415E+03,0.,24.11951627824));
#1311 = CARTESIAN_POINT('',(4.317464627928E+03,0.,24.001168125794));
#1312 = CARTESIAN_POINT('',(4.317978905504E+03,0.,23.881231141723));
#1313 = CARTESIAN_POINT('',(4.318492805382E+03,0.,23.759685937594));
#1314 = CARTESIAN_POINT('',(4.319006317467E+03,0.,23.636512563315));
#1315 = CARTESIAN_POINT('',(4.319519431303E+03,0.,23.511690487814));
#1316 = CARTESIAN_POINT('',(4.320032136072E+03,0.,23.385198575));
#1317 = CARTESIAN_POINT('',(4.320544420554E+03,0.,23.257015064167));
#1318 = CARTESIAN_POINT('',(4.321056273132E+03,0.,23.127117542161));
#1319 = CARTESIAN_POINT('',(4.321567681751E+03,0.,22.995482921854));
#1320 = CARTESIAN_POINT('',(4.322078633908E+03,0.,22.862087412876));
#1321 = CARTESIAN_POINT('',(4.322589116636E+03,0.,22.726906492732));
#1322 = CARTESIAN_POINT('',(4.32309911646E+03,0.,22.589914882527));
#1323 = CARTESIAN_POINT('',(4.323608619388E+03,0.,22.45108651069));
#1324 = CARTESIAN_POINT('',(4.324117610873E+03,0.,22.310394485555));
#1325 = CARTESIAN_POINT('',(4.324626075799E+03,0.,22.167811055102));
#1326 = CARTESIAN_POINT('',(4.32513399842E+03,0.,22.023307579875));
#1327 = CARTESIAN_POINT('',(4.325641362362E+03,0.,21.876854486497));
#1328 = CARTESIAN_POINT('',(4.326148150562E+03,0.,21.728421233808));
#1329 = CARTESIAN_POINT('',(4.326654345251E+03,0.,21.577976265359));
#1330 = CARTESIAN_POINT('',(4.327159927892E+03,0.,21.42548697102));
#1331 = CARTESIAN_POINT('',(4.327664879153E+03,0.,21.270919636235));
#1332 = CARTESIAN_POINT('',(4.328169178846E+03,0.,21.114239395944));
#1333 = CARTESIAN_POINT('',(4.328672805892E+03,0.,20.955410179636));
#1334 = CARTESIAN_POINT('',(4.329175738262E+03,0.,20.794394655857));
#1335 = CARTESIAN_POINT('',(4.329677952925E+03,0.,20.631154174015));
#1336 = CARTESIAN_POINT('',(4.330179425778E+03,0.,20.465648703831));
#1337 = CARTESIAN_POINT('',(4.330680131574E+03,0.,20.297836773489));
#1338 = CARTESIAN_POINT('',(4.331180043874E+03,0.,20.127675392538));
#1339 = CARTESIAN_POINT('',(4.331679134943E+03,0.,19.955119986323));
#1340 = CARTESIAN_POINT('',(4.332177375699E+03,0.,19.780124309877));
#1341 = CARTESIAN_POINT('',(4.332674735591E+03,0.,19.602640375296));
#1342 = CARTESIAN_POINT('',(4.33317118253E+03,0.,19.42261835481));
#1343 = CARTESIAN_POINT('',(4.333666682763E+03,0.,19.240006495497));
#1344 = CARTESIAN_POINT('',(4.334161200787E+03,0.,19.054751013177));
#1345 = CARTESIAN_POINT('',(4.33465469919E+03,0.,18.866795997352));
#1346 = CARTESIAN_POINT('',(4.33514713856E+03,0.,18.676083288424));
#1347 = CARTESIAN_POINT('',(4.335638477305E+03,0.,18.482552369407));
#1348 = CARTESIAN_POINT('',(4.336128671518E+03,0.,18.286140234818));
#1349 = CARTESIAN_POINT('',(4.336617674807E+03,0.,18.086781253877));
#1350 = CARTESIAN_POINT('',(4.337105438095E+03,0.,17.884407035594));
#1351 = CARTESIAN_POINT('',(4.337591909453E+03,0.,17.678946260761));
#1352 = CARTESIAN_POINT('',(4.338077033815E+03,0.,17.470324547966));
#1353 = CARTESIAN_POINT('',(4.338560752792E+03,0.,17.258464257238));
#1354 = CARTESIAN_POINT('',(4.33904300439E+03,0.,17.043284314893));
#1355 = CARTESIAN_POINT('',(4.339523722722E+03,0.,16.824700016427));
#1356 = CARTESIAN_POINT('',(4.340002837687E+03,0.,16.602622819725));
#1357 = CARTESIAN_POINT('',(4.34048027461E+03,0.,16.376960129002));
#1358 = CARTESIAN_POINT('',(4.340955953875E+03,0.,16.147615051351));
#1359 = CARTESIAN_POINT('',(4.341429790477E+03,0.,15.914486156438));
#1360 = CARTESIAN_POINT('',(4.341901693556E+03,0.,15.677467212569));
#1361 = CARTESIAN_POINT('',(4.342371565902E+03,0.,15.436446892497));
#1362 = CARTESIAN_POINT('',(4.342839303378E+03,0.,15.191308477876));
#1363 = CARTESIAN_POINT('',(4.343304794236E+03,0.,14.941929568521));
#1364 = CARTESIAN_POINT('',(4.343767918471E+03,0.,14.688181725795));
#1365 = CARTESIAN_POINT('',(4.344228546968E+03,0.,14.429930157367));
#1366 = CARTESIAN_POINT('',(4.344686540717E+03,0.,14.167033311329));
#1367 = CARTESIAN_POINT('',(4.345141749738E+03,0.,13.89934255613));
#1368 = CARTESIAN_POINT('',(4.34559401209E+03,0.,13.626701739925));
#1369 = CARTESIAN_POINT('',(4.346043152581E+03,0.,13.348946842349));
#1370 = CARTESIAN_POINT('',(4.34648898145E+03,0.,13.065905552235));
#1371 = CARTESIAN_POINT('',(4.346931292844E+03,0.,12.777396880611));
#1372 = CARTESIAN_POINT('',(4.347369863133E+03,0.,12.483230768499));
#1373 = CARTESIAN_POINT('',(4.347804449012E+03,0.,12.183207724619));
#1374 = CARTESIAN_POINT('',(4.348234785339E+03,0.,11.877118534172));
#1375 = CARTESIAN_POINT('',(4.348660582791E+03,0.,11.564743972045));
#1376 = CARTESIAN_POINT('',(4.349081525178E+03,0.,11.245854650143));
#1377 = CARTESIAN_POINT('',(4.34949726651E+03,0.,10.920210935046));
#1378 = CARTESIAN_POINT('',(4.34990742758E+03,0.,10.587563138686));
#1379 = CARTESIAN_POINT('',(4.350311592381E+03,0.,10.247651784055));
#1380 = CARTESIAN_POINT('',(4.350709303941E+03,0.,9.900208304402));
#1381 = CARTESIAN_POINT('',(4.351100059878E+03,0.,9.544956016405));
#1382 = CARTESIAN_POINT('',(4.351483307382E+03,0.,9.181611737327));
#1383 = CARTESIAN_POINT('',(4.351858437908E+03,0.,8.809887936265));
#1384 = CARTESIAN_POINT('',(4.35222478148E+03,0.,8.42949572159));
#1385 = CARTESIAN_POINT('',(4.352581600593E+03,0.,8.040148986092));
#1386 = CARTESIAN_POINT('',(4.352928084199E+03,0.,7.641569602957));
#1387 = CARTESIAN_POINT('',(4.353263341515E+03,0.,7.233494483114));
#1388 = CARTESIAN_POINT('',(4.353586396625E+03,0.,6.815684123762));
#1389 = CARTESIAN_POINT('',(4.353896183655E+03,0.,6.387933788937));
#1390 = CARTESIAN_POINT('',(4.354191543942E+03,0.,5.950086765895));
#1391 = CARTESIAN_POINT('',(4.354471225505E+03,0.,5.502050633461));
#1392 = CARTESIAN_POINT('',(4.354733886434E+03,0.,5.043816012961));
#1393 = CARTESIAN_POINT('',(4.354978103254E+03,0.,4.57547794683));
#1394 = CARTESIAN_POINT('',(4.355202386007E+03,0.,4.097258959078));
#1395 = CARTESIAN_POINT('',(4.355405201211E+03,0.,3.609533005027));
#1396 = CARTESIAN_POINT('',(4.355585004652E+03,0.,3.11284774499));
#1397 = CARTESIAN_POINT('',(4.355740282656E+03,0.,2.607943058012));
#1398 = CARTESIAN_POINT('',(4.355869607484E+03,0.,2.095761434369));
#1399 = CARTESIAN_POINT('',(4.355971681025E+03,0.,1.577450977473));
#1400 = CARTESIAN_POINT('',(4.356045450529E+03,0.,1.054343338845));
#1401 = CARTESIAN_POINT('',(4.356089960155E+03,0.,0.527997874524));
#1402 = CARTESIAN_POINT('',(4.3561001016E+03,-0.,0.175959967364));
#1403 = CARTESIAN_POINT('',(4.3561001016E+03,0.,0.));
#1404 = PCURVE('',#978,#1405);
#1405 = DEFINITIONAL_REPRESENTATION('',(#1406),#1410);
#1406 = LINE('',#1407,#1408);
#1407 = CARTESIAN_POINT('',(0.,0.));
#1408 = VECTOR('',#1409,1.);
#1409 = DIRECTION('',(0.,1.));
#1410 = ( GEOMETRIC_REPRESENTATION_CONTEXT(2) 
PARAMETRIC_REPRESENTATION_CONTEXT() REPRESENTATION_CONTEXT('2D SPACE',''
  ) );
#1411 = PCURVE('',#978,#1412);
#1412 = DEFINITIONAL_REPRESENTATION('',(#1413),#1417);
#1413 = LINE('',#1414,#1415);
#1414 = CARTESIAN_POINT('',(6.28318530718,0.));
#1415 = VECTOR('',#1416,1.);
#1416 = DIRECTION('',(0.,1.));
#1417 = ( GEOMETRIC_REPRESENTATION_CONTEXT(2) 
PARAMETRIC_REPRESENTATION_CONTEXT() REPRESENTATION_CONTEXT('2D SPACE',''
  ) );
#1418 = ORIENTED_EDGE('',*,*,#1197,.F.);
#1419 = ( GEOMETRIC_REPRESENTATION_CONTEXT(3) 
GLOBAL_UNCERTAINTY_ASSIGNED_CONTEXT((#1423)) 
GLOBAL_UNIT_ASSIGNED_CONTEXT((#1420,#1421,#1422)) REPRESENTATION_CONTEXT
('Context #1','3D Context with UNIT and UNCERTAINTY') );
#1420 = ( LENGTH_UNIT() NAMED_UNIT(*) SI_UNIT(.MILLI.,.METRE.) );
#1421 = ( NAMED_UNIT(*) PLANE_ANGLE_UNIT() SI_UNIT($,.RADIAN.) );
#1422 = ( NAMED_UNIT(*) SI_UNIT($,.STERADIAN.) SOLID_ANGLE_UNIT() );
#1423 = UNCERTAINTY_MEASURE_WITH_UNIT(LENGTH_MEASURE(1.E-07),#1420,
  'distance_accuracy_value','confusion accuracy');
#1424 = PRODUCT_RELATED_PRODUCT_CATEGORY('part',$,(#7));
ENDSEC;
END-ISO-10303-21;
