# Rudder cross-sectional airfoil coordinates
# source        : Wind_Tunnel_Rudder.stp
# frame         : origin at the root leading edge; +X LE->TE, +Y root->tip, +Z thickness
# n_sections    : 50
# n_points      : 200 per section
# section order : TOP to BOTTOM, y = 80.000000 down to y = 0.000000 mm, evenly spaced
# point order   : Selig, TE -> upper -> LE -> lower -> TE
# columns       : x_mm y_mm in that section's own airfoil frame, x = 0 at its LE
#                 and growing aft, y = thickness with the +Z side positive
# 3D recovery   : X = x_le + x_mm,  Y = y_section,  Z = y_mm
# load          : np.loadtxt(path).reshape(50, 200, 2)
# top station   : y = 80.000000 mm, requested
#                 the leading edge itself runs up to y = 200.000000 mm (top of the b-rep leading-edge curve);
#                 above that the inclined tip surface takes over the nose and a
#                 horizontal cut is no longer a complete airfoil. Nothing above the
#                 top station is covered here either way
#
# SECTION 1 / 50   y = 80.000000   chord = 163.331155   x_le = 5.600000   x_te = 168.931155
#               x_mm               y_mm
       163.331155466        0.000000186
       163.290040309        0.244912026
       163.166736237        0.468609531
       162.961367407        0.646481559
       162.674140608        0.745460356
       162.305345053        0.813082948
       161.855352087        0.895335544
       161.324614817        0.992000163
       160.713667648        1.102809187
       160.023125754        1.227464480
       159.253684450        1.365613876
       158.406118501        1.516903772
       157.481281331        1.680924808
       156.480104175        1.857258837
       155.403595132        2.045443772
       154.252838157        2.245015691
       153.028991963        2.455465494
       151.733288860        2.676287537
       150.367033511        2.906942053
       148.931601620        3.146891454
       147.428438545        3.395578070
       145.859057844        3.652423412
       144.225039749        3.916859300
       142.528029579        4.188294089
       140.769736080        4.466142419
       138.951929702        4.749790215
       137.076440825        5.038646392
       135.145157905        5.332099976
       133.160025581        5.629525971
       131.123042714        5.930317045
       129.036260371        6.233843995
       126.901779766        6.539477482
       124.721750141        6.846580172
       122.498366599        7.154507536
       120.233867901        7.462605858
       117.930534203        7.770220290
       115.590684769        8.076680796
       113.216675627        8.381297683
       110.810897204        8.683398885
       108.375771915        8.982260725
       105.913751725        9.277184274
       103.427315679        9.567439513
       100.918967407        9.852286056
        98.391232604       10.130973237
        95.846656484       10.402740178
        93.287801220       10.666816056
        90.717243363       10.922407057
        88.137571245       11.168729519
        85.551382378       11.404995031
        82.961280836       11.630383383
        80.369874630       11.844105601
        77.779773087       12.045366234
        75.193584221       12.233341752
        72.613912103       12.407270313
        70.043354245       12.566372919
        67.484498981       12.709871482
        64.939922862       12.837033078
        62.412188059       12.947145959
        59.903839787       13.039521831
        57.417403741       13.113509098
        54.955383551       13.168473382
        52.520258262       13.203849553
        50.114479839       13.219125652
        47.740470697       13.213798473
        45.400621263       13.187445489
        43.097287565       13.139713583
        40.832788866       13.070301465
        38.609405325       12.978914761
        36.429375699       12.865453967
        34.294895095       12.729721564
        32.208112752       12.571732344
        30.171129884       12.391493529
        28.185997561       12.189062152
        26.254714641       11.964650011
        24.379225763       11.718455237
        22.561419386       11.450763841
        20.803125886       11.161960917
        19.106115717       10.852396196
        17.472097622       10.522564637
        15.902716920       10.172891662
        14.399553845        9.804113626
        12.964121954        9.416635563
        11.597866606        9.011194646
        10.302163503        8.588317538
         9.078317309        8.148835152
         7.927560333        7.693360867
         6.851051291        7.222748277
         5.849874134        6.737241501
         4.925036965        6.237956438
         4.077471015        5.725655743
         3.308029712        5.200257167
         2.617487818        4.663217182
         2.006540649        4.114633956
         1.475803378        3.555429593
         1.025810413        2.985706846
         0.657014858        2.407465279
         0.369788059        1.817803484
         0.164419229        1.219287566
         0.041115157        0.612205681
         0.000000000       -0.000000238
         0.040297033       -0.605056134
         0.161148363       -1.206444265
         0.362434725       -1.799263483
         0.643957473       -2.383375822
         1.005438778       -2.957516278
         1.446521902       -3.521312991
         1.966771550       -4.076199456
         2.565674297       -4.620260129
         3.242639099       -5.152714848
         3.996997873       -5.673443044
         4.828006158       -6.182394012
         5.734843850       -6.678268652
         6.716616009       -7.160371673
         7.772353745       -7.628390856
         8.901015171       -8.081510636
        10.101486436       -8.519100874
        11.372582819       -8.940546391
        12.713049901       -9.344913733
        14.121564803       -9.731842107
        15.596737492      -10.100665564
        17.137112149      -10.450712581
        18.741168611      -10.781544948
        20.407323868      -11.092567807
        22.133933625      -11.383356959
        23.919293928      -11.653557373
        25.761642842      -11.902761779
        27.659162190      -12.130657992
        29.609979349      -12.337025168
        31.612169100      -12.521766960
        33.663755522      -12.684662074
        35.762713947      -12.825746603
        37.906972956      -12.945036182
        40.094416426      -13.042564246
        42.322885612      -13.118569136
        44.590181286      -13.173195642
        46.894065901      -13.206753817
        49.232265799      -13.219584743
        51.602473460      -13.212052499
        54.002349776      -13.184627401
        56.429526358      -13.137805813
        58.881607876      -13.072119965
        61.356174421      -12.988141919
        63.850783896      -12.886509647
        66.362974421      -12.767872803
        68.890266768      -12.632913911
        71.430166805      -12.482342834
        73.980167956      -12.316891035
        76.537753679      -12.137302601
        79.100399946      -11.944327892
        81.665577733      -11.738751951
        84.230755520      -11.521350458
        86.793401786      -11.292899050
        89.350987509      -11.054163538
        91.900988661      -10.805934375
        94.440888698      -10.548980862
        96.968181045      -10.284065429
        99.480371570      -10.011942491
       101.974981044       -9.733357551
       104.449547590       -9.449046434
       106.901629108       -9.159735245
       109.328805690       -8.866135886
       111.728682006       -8.568938974
       114.098889667       -8.268847134
       116.437089565       -7.966532188
       118.740974179       -7.662654408
       121.008269853       -7.357876969
       123.236739040       -7.052838070
       125.424182510       -6.748186910
       127.568441519       -6.444543425
       129.667399944       -6.142536113
       131.718986366       -5.842778033
       133.721176116       -5.545883489
       135.671993276       -5.252445668
       137.569512624       -4.963075980
       139.411861537       -4.678364526
       141.197221840       -4.398906410
       142.923831598       -4.125275046
       144.589986855       -3.858061571
       146.194043317       -3.597838824
       147.734417974       -3.345166909
       149.209590663       -3.100612764
       150.618105565       -2.864720999
       151.958572647       -2.638041225
       153.229669030       -2.421083392
       154.430140294       -2.214374670
       155.558801721       -2.018401093
       156.614539456       -1.833652220
       157.596311615       -1.660584461
       158.503149307       -1.499628208
       159.334157593       -1.351199871
       160.088516367       -1.215682849
       160.765481169       -1.093429924
       161.364383916       -0.984768336
       161.884633563       -0.889994620
       162.325716688       -0.809350142
       162.687197993       -0.743064113
       162.968720741       -0.642100391
       163.170007103       -0.464492757
       163.290858433       -0.242530864
       163.331155466        0.000000186
#
# SECTION 2 / 50   y = 78.367347   chord = 163.677206   x_le = 5.485714   x_te = 169.162920
#               x_mm               y_mm
       163.677205623        0.000000183
       163.636003355        0.245163773
       163.512438038        0.469044316
       163.306634093        0.646941688
       163.018798746        0.745716308
       162.649221822        0.813485962
       162.198275456        0.895916755
       161.666413711        0.992791343
       161.054172127        1.103840751
       160.362167179        1.228766235
       159.591095659        1.367215486
       158.741733969        1.518833463
       157.814937344        1.683209897
       156.811638991        1.859926064
       155.732849146        2.048518854
       154.579654059        2.248523319
       153.353214899        2.459428914
       152.054766586        2.680728896
       150.685616549        2.911882931
       149.247143404        3.152351630
       147.740795573        3.401576408
       146.168089821        3.658977217
       144.530609728        3.923984938
       142.830004098        4.196006640
       141.067985297        4.474455700
       139.246327529        4.758716456
       137.366865048        5.048196837
       135.431490314        5.342284300
       133.442152085        5.640353020
       131.400853456        5.941793812
       129.309649842        6.245976403
       127.170646908        6.552270184
       124.985998447        6.860036165
       122.757904217        7.168628930
       120.488607719        7.477392932
       118.180393942        7.785672216
       115.835587062        8.092795078
       113.456548101        8.398070812
       111.045672549        8.700825690
       108.605387954        9.000334341
       106.138151475        9.295896637
       103.646447410        9.586780872
       101.132784694        9.872245236
        98.599694372       10.151537474
        96.049727052       10.423895065
        93.485450335       10.688545580
        90.909446230       10.944693205
        88.324308553       11.191553294
        85.732640322       11.428335372
        83.137051124       11.654217293
        80.540154499       11.868408874
        77.944565301       12.070112471
        75.352897069       12.258503340
        72.767759393       12.432817781
        70.191755288       12.592275081
        67.627478570       12.736095083
        65.077511251       12.863544076
        62.544420929       12.973908369
        60.030758213       13.066498230
        57.539054148       13.140660569
        55.071817669       13.195760017
        52.631533074       13.231229646
        50.220657522       13.246556846
        47.841618560       13.241236684
        45.496811681       13.214846622
        43.188597904       13.167032050
        40.919301406       13.097491224
        38.691207176       13.005929634
        36.506558715       12.892246325
        34.367555781       12.756244493
        32.276352167       12.597938450
        30.235053538       12.417335856
        28.245715309       12.214492751
        26.310340575       11.989622563
        24.430878094       11.742923168
        22.609220326       11.474681131
        20.847201525       11.185283151
        19.146595895       10.875078132
        17.509115802       10.544563670
        15.936410049       10.194166007
        14.430062219        9.824621491
        12.991589074        9.436337749
        11.622439037        9.030053435
        10.323990724        8.606294585
         9.097551564        8.165895788
         7.944356477        7.709470018
         6.865566631        7.237874325
         5.862268278        6.751353873
         4.935471654        6.251024235
         4.086109964        5.737652224
         3.315038443        5.211155448
         2.623033496        4.672990236
         2.010791912        4.123257738
         1.478930167        3.562880275
         1.027983800        2.991964292
         0.658406877        2.412516017
         0.370571530        1.821607112
         0.164767585        1.221840758
         0.041202268        0.613546685
         0.000000000       -0.000000235
         0.040382410       -0.606321939
         0.161489788       -1.208971850
         0.363202616       -1.803034158
         0.645321827       -2.388370531
         1.007569004       -2.963717867
         1.449586652       -3.528694036
         1.970938554       -4.084744138
         2.571110198       -4.629941401
         3.249509287       -5.163513414
         4.005466323       -5.685330428
         4.838235268       -6.195346850
         5.746994279       -6.692258457
         6.730846522       -7.175368666
         7.788821052       -7.644364693
         8.919873776       -8.098430673
        10.122888482       -8.536933632
        11.396677940       -8.959257113
        12.739985074       -9.364466814
        14.151484200       -9.752200078
        15.629782341      -10.121789499
        17.173420594      -10.472563081
        18.780875575      -10.804080933
        20.450560919      -11.115746685
        22.180828850      -11.407135473
        23.969971801      -11.677892101
        25.816224104      -11.927607206
        27.717763731      -12.155969878
        29.672714092      -12.362756821
        31.679145887      -12.547872289
        33.735079011      -12.711094944
        35.838484504      -12.852460557
        37.987286561      -12.971985301
        40.179364573      -13.069701603
        42.412555224      -13.145849452
        44.684654623      -13.200572956
        46.993420484      -13.234183885
        49.336574332      -13.247023477
        51.711803759      -13.239457177
        54.116764699      -13.211955354
        56.549083747      -13.165016428
        59.006360496      -13.099172845
        61.486169913      -13.014998827
        63.986064723      -12.913133327
        66.503577833      -12.794227231
        69.036224761      -12.658964815
        71.581506091      -12.508057284
        74.136909937      -12.342237623
        76.699914423      -12.162252018
        79.267990175      -11.968851700
        81.838602811      -11.762823695
        84.409215448      -11.544945379
        86.977291200      -11.315994303
        89.540295686      -11.076737250
        92.095699532      -10.827966811
        94.640980862      -10.570453759
        97.173627790      -10.304962220
        99.691140900      -10.032248228
       102.191035710       -9.753058694
       104.670845127       -9.468131174
       107.128121876       -9.178193214
       109.560440924       -8.883957978
       111.965401864       -8.586118009
       114.340631291       -8.285376974
       116.683785139       -7.982408552
       118.992551000       -7.677873882
       121.264650399       -7.372437571
       123.497841050       -7.066739654
       125.689919061       -6.761430503
       127.838721118       -6.457131015
       129.942126612       -6.154471280
       131.998059736       -5.854065726
       134.004491531       -5.556529914
       135.959441892       -5.262458035
       137.860981519       -4.972463067
       139.707233822       -4.687136379
       141.496376773       -4.407074359
       143.226644703       -4.132851381
       144.896330048       -3.865060117
       146.503785029       -3.604274636
       148.047423282       -3.351056011
       149.525721423       -3.105972684
       150.937220549       -2.869570430
       152.280527683       -2.642399785
       153.554317141       -2.424972390
       154.757331847       -2.217815692
       155.888384571       -2.021417710
       156.946359101       -1.836268448
       157.930211344       -1.662825643
       158.838970355       -1.501520303
       159.671739300       -1.352770100
       160.427696336       -1.216959281
       161.106095425       -1.094441055
       161.706267069       -0.985543753
       162.227618971       -0.890564190
       162.669636619       -0.809745018
       163.031883796       -0.743314842
       163.314003007       -0.642563158
       163.515715835       -0.464925019
       163.636823213       -0.242780659
       163.677205623        0.000000183
#
# SECTION 3 / 50   y = 76.734694   chord = 164.023256   x_le = 5.371429   x_te = 169.394684
#               x_mm               y_mm
       164.023255780        0.000000180
       163.981966401        0.245415800
       163.858139840        0.469479035
       163.651900779        0.647400778
       163.363456884        0.745972291
       162.993098592        0.813888850
       162.541198825        0.896497993
       162.008212605        0.993582551
       161.394676606        1.104872354
       160.701208605        1.230068021
       159.928506867        1.368817146
       159.077349437        1.520763216
       158.148593358        1.685495066
       157.143173808        1.862593384
       156.062103160        2.051594028
       154.906469961        2.252031022
       153.677437834        2.463392386
       152.376244312        2.685170285
       151.004199586        2.916823818
       149.562685188        3.157811793
       148.053152602        3.407574724
       146.477121798        3.665531021
       144.836179706        3.931110606
       143.131978617        4.203719247
       141.366234515        4.482769045
       139.540725355        4.767642751
       137.657289271        5.057747308
       135.717822722        5.352468618
       133.724278588        5.651180046
       131.678664198        5.953270599
       129.583039313        6.258108881
       127.439514049        6.565062899
       125.250246754        6.873492127
       123.017441835        7.182750342
       120.743347538        7.492180068
       118.430253682        7.801124168
       116.080489356        8.108909316
       113.696420576        8.414843890
       111.280447894        8.718252516
       108.835003992        9.018407981
       106.362551224        9.314608919
       103.865579141        9.606122240
       101.346601981        9.892204443
        98.808156141       10.172101707
        96.252797621       10.445049951
        93.683099450       10.710275104
        91.101649096       10.966979451
        88.511045862       11.214377106
        85.913898265       11.451675781
        83.312821412       11.678051192
        80.710434368       11.892712186
        78.109357515       12.094858716
        75.512209918       12.283664977
        72.921606684       12.458365259
        70.340156330       12.618177221
        67.770458159       12.762318727
        65.215099639       12.890055091
        62.676653799       13.000670802
        60.157676639       13.093474585
        57.660704556       13.167812017
        55.188251788       13.223046784
        52.742807886       13.258609655
        50.326835205       13.273988102
        47.942766424       13.268674968
        45.593002099       13.242247644
        43.279908243       13.194350552
        41.005813945       13.124681035
        38.773009026       13.032944430
        36.583741731       12.919038675
        34.440216467       12.782767456
        32.344591582       12.624144503
        30.298977192       12.443178193
        28.305433058       12.239923362
        26.365966510       12.014595090
        24.482530425       11.767391072
        22.657021266       11.498598459
        20.891277164       11.208605401
        19.187076074       10.897760101
        17.546133982       10.566562623
        15.970103178       10.215440401
        14.460570592        9.845129334
        13.019056194        9.456039792
        11.647011468        9.048912391
        10.345817946        8.624271637
         9.116785819        8.182956459
         7.961152620        7.725580466
         6.880081972        7.253000629
         5.874662422        6.765465441
         4.945906343        6.264092356
         4.094748913        5.749646882
         3.322047175        5.222051303
         2.628579174        4.682763771
         2.015043175        4.131882505
         1.482056956        3.570332934
         1.030157188        2.998226701
         0.659798896        2.417564436
         0.371355001        1.825421492
         0.165115940        1.224395865
         0.041289379        0.614766844
         0.000000000       -0.000000232
         0.040467788       -0.607587746
         0.161831214       -1.211499440
         0.363970508       -1.806804838
         0.646686182       -2.393365246
         1.009699230       -2.969919463
         1.452651402       -3.536075088
         1.975105558       -4.093288828
         2.576546099       -4.639622681
         3.256379475       -5.174311988
         4.013934773       -5.697217821
         4.848464378       -6.208299695
         5.759144708       -6.706248271
         6.745077034       -7.190365667
         7.805288358       -7.660338538
         8.938732381       -8.115350718
        10.144290529       -8.554766357
        11.420773062       -8.977967833
        12.766920247       -9.384019949
        14.181403598       -9.772558069
        15.662827191      -10.142913540
        17.209729040      -10.494413789
        18.820582539      -10.826616910
        20.493797971      -11.138925617
        22.227724074      -11.430913983
        24.020649673      -11.702226917
        25.870805365      -11.952452656
        27.776365272      -12.181281739
        29.735448835      -12.388488482
        31.746122675      -12.573977519
        33.806402500      -12.737527822
        35.914255062      -12.879174493
        38.067600167      -12.998934364
        40.264312721      -13.096838955
        42.502224835      -13.173129765
        44.779127960      -13.227950280
        47.092775067      -13.261613884
        49.440882866      -13.274462205
        51.821134058      -13.266861812
        54.231179623      -13.239283336
        56.668641136      -13.192227028
        59.131113117      -13.126225796
        61.616165404      -13.041855802
        64.121345550      -12.939756978
        66.644181245      -12.820581795
        69.182182754      -12.685015724
        71.732845377      -12.533771694
        74.293651917      -12.367584313
        76.862075167      -12.187201499
        79.435580405      -11.993375533
        82.011627890      -11.786895466
        84.587675375      -11.568540285
        87.161180613      -11.339089503
        89.729603863      -11.099311020
        92.290410403      -10.849999229
        94.841073026      -10.591926685
        97.379074535      -10.325859038
        99.901910230      -10.052553887
       102.407090376       -9.772759875
       104.892142663       -9.487215920
       107.354614644       -9.196651186
       109.792076157       -8.901780073
       112.202121722       -8.603297080
       114.582372914       -8.301906811
       116.930480713       -7.998284875
       119.244127820       -7.693093354
       121.521030945       -7.386998212
       123.758943059       -7.080641298
       125.955655613       -6.774674064
       128.109000718       -6.469718578
       130.216853280       -6.166406480
       132.277133105       -5.865353428
       134.287806946       -5.567176340
       136.246890508       -5.272470412
       138.152450415       -4.981850177
       140.002606107       -4.695908262
       141.795531706       -4.415242335
       143.529457809       -4.140427727
       145.202673241       -3.872058669
       146.813526741       -3.610710489
       148.360428590       -3.356945138
       149.841852183       -3.111332597
       151.256335534       -2.874419860
       152.602482718       -2.646758350
       153.878965251       -2.428861420
       155.084523399       -2.221256735
       156.217967422       -2.024434354
       157.278178746       -1.838884702
       158.264111072       -1.665066855
       159.174791402       -1.503412430
       160.009321007       -1.354340355
       160.766876305       -1.218235738
       161.446709681       -1.095452217
       162.048150222       -0.986319193
       162.570604378       -0.891133795
       163.013556550       -0.810139917
       163.376569599       -0.743565599
       163.659285273       -0.643024661
       163.861424566       -0.465357289
       163.982787992       -0.243030367
       164.023255780        0.000000180
#
# SECTION 4 / 50   y = 75.102041   chord = 164.369306   x_le = 5.257143   x_te = 169.626449
#               x_mm               y_mm
       164.369305937        0.000000177
       164.327929448        0.245667693
       164.203841642        0.469912281
       163.997167465        0.647858215
       163.708115022        0.746228301
       163.336975362        0.814291549
       162.884122193        0.897079270
       162.350011499        0.994373778
       161.735181084        1.105903976
       161.040250031        1.231369809
       160.265918076        1.370418814
       159.412964905        1.522692976
       158.482249371        1.687780229
       157.474708624        1.865260688
       156.391357174        2.054669193
       155.233285863        2.255538737
       154.001660770        2.467355890
       152.697722038        2.689611711
       151.322782623        2.921764744
       149.878226972        3.163272004
       148.365509630        3.413573083
       146.786153775        3.672084826
       145.141749685        3.938236233
       143.433953135        4.211431800
       141.664483732        4.491082362
       139.835123181        4.776569068
       137.947713493        5.067297850
       136.004155131        5.362653023
       134.006405092        5.662007127
       131.956474941        5.964747362
       129.856428784        6.270241280
       127.708381190        6.577855587
       125.514495061        6.886948152
       123.276979453        7.196871787
       120.998087356        7.506967182
       118.680113421        7.816576109
       116.325391650        8.125023607
       113.936293050        8.431617053
       111.515223240        8.735679319
       109.064620031        9.036481623
       106.586950974        9.333321312
       104.084710872        9.625463629
       101.560419268        9.912163645
        99.016617909       10.192665947
        96.455868189       10.466204860
        93.880748564       10.732004652
        91.293851963       10.989265625
        88.697783171       11.237200892
        86.095156208       11.475016157
        83.488591700       11.701885122
        80.880714237       11.917015471
        78.274149729       12.119604988
        75.671522767       12.308826607
        73.075453974       12.483912799
        70.488557373       12.644079453
        67.913437748       12.788542360
        65.352688028       12.916566123
        62.808886670       13.027433229
        60.284595065       13.120450995
        57.782354963       13.194963511
        55.304685906       13.250333443
        52.854082698       13.285989771
        50.433012887       13.301419318
        48.043914287       13.296113201
        45.689192517       13.269648800
        43.371218581       13.221669041
        41.092326484       13.151870815
        38.854810877       13.059959325
        36.660924747       12.945831054
        34.512877153       12.809290406
        32.412830997       12.650350628
        30.362900846       12.469020539
        28.365150807       12.265353981
        26.421592444       12.039567661
        24.534182756       11.791859022
        22.704822205       11.522515766
        20.935352802       11.231927654
        19.227556252       10.920442054
        17.583152162       10.588561674
        16.003796307       10.236714763
        14.491078965        9.865637216
        13.046523314        9.475741996
        11.671583899        9.067771196
        10.367645167        8.642248701
         9.136020075        8.200017112
         7.977948763        7.741689630
         6.894597313        7.268126691
         5.887056567        6.779577839
         4.956341032        6.277160170
         4.103387862        5.761643384
         3.329055906        5.232949605
         2.634124853        4.692536838
         2.019294438        4.140506301
         1.485183744        3.577783627
         1.032330575        3.004484148
         0.661190916        2.422615193
         0.372138472        1.829225121
         0.165464295        1.226949045
         0.041376490        0.616108072
         0.000000000       -0.000000229
         0.040553165       -0.608853554
         0.162172639       -1.214027033
         0.364738399       -1.810575523
         0.648050536       -2.398359967
         1.011829456       -2.976121065
         1.455716152       -3.543456148
         1.979272562       -4.101833525
         2.581982000       -4.649303970
         3.263249663       -5.185110570
         4.022403223       -5.709105221
         4.858693487       -6.221252549
         5.771295138       -6.720238093
         6.759307546       -7.205362676
         7.821755665       -7.676312391
         8.957590985       -8.132270772
        10.165692575       -8.572599130
        11.444868184       -8.996678571
        12.793855420       -9.403573046
        14.211322995       -9.792916057
        15.695872040      -10.164037492
        17.246037485      -10.516264305
        18.860289503      -10.849152911
        20.537035023      -11.162104512
        22.274619299      -11.454692515
        24.071327545      -11.726561664
        25.925386627      -11.977298102
        27.834966813      -12.206593645
        29.798183577      -12.414220154
        31.813099462      -12.600082867
        33.877725989      -12.763960712
        35.990025620      -12.905888468
        38.147913772      -13.025883504
        40.349260869      -13.123976333
        42.591894446      -13.200410103
        44.873601297      -13.255327616
        47.192129650      -13.289043975
        49.545191400      -13.301900962
        51.930464357      -13.294266513
        54.345594546      -13.266611312
        56.788198525      -13.219437666
        59.255865737      -13.153278701
        61.746160895      -13.068712736
        64.256626377      -12.966380684
        66.784784657      -12.846936246
        69.328140747      -12.711066654
        71.884184663      -12.559486172
        74.450393897      -12.392930934
        77.024235911      -12.212150983
        79.603170634      -12.017899366
        82.184652969      -11.810967212
        84.766135303      -11.592135209
        87.345070026      -11.362184799
        89.918912040      -11.121884756
        92.485121275      -10.872031690
        95.041165190      -10.613399607
        97.584521281      -10.346755849
       100.112679560      -10.072859639
       102.623145042       -9.792461051
       105.113440200       -9.506300686
       107.581107413       -9.215109168
       110.023711391       -8.919602194
       112.438841580       -8.620476163
       114.824114538       -8.318436663
       117.177176287       -8.014161228
       119.495704641       -7.708312852
       121.777411491       -7.401558863
       124.020045069       -7.094542922
       126.221392165       -6.787917676
       128.379280317       -6.482306180
       130.491579948       -6.178341675
       132.556206475       -5.876641143
       134.571122360       -5.577822791
       136.534339124       -5.282482815
       138.443919310       -4.991237304
       140.297978392       -4.704680155
       142.094686638       -4.423410321
       143.832270914       -4.148004095
       145.509016434       -3.879057249
       147.123268452       -3.617146342
       148.673433897       -3.362834286
       150.157982943       -3.116692561
       151.575450518       -2.879269333
       152.924437754       -2.651116931
       154.203613362       -2.432750468
       155.411714952       -2.224697806
       156.547550272       -2.027451022
       157.609998391       -1.841500981
       158.598010800       -1.667308089
       159.510612450       -1.505304578
       160.346902714       -1.355910638
       161.106056274       -1.219512225
       161.787323937       -1.096463404
       162.390033375       -0.987094667
       162.913589785       -0.891703422
       163.357476482       -0.810534851
       163.721255401       -0.743816386
       164.004567538       -0.643485170
       164.207133298       -0.465788094
       164.328752772       -0.243279906
       164.369305937        0.000000177
#
# SECTION 5 / 50   y = 73.469388   chord = 164.715356   x_le = 5.142857   x_te = 169.858213
#               x_mm               y_mm
       164.715356095        0.000000270
       164.673892494        0.245918576
       164.549543444        0.470345534
       164.342434152        0.648314448
       164.052773160        0.746484341
       163.680852132        0.814694283
       163.227045562        0.897660570
       162.691810393        0.995165038
       162.075685563        1.106935629
       161.379291457        1.232671637
       160.603329284        1.372020518
       159.748580373        1.524622771
       158.815905384        1.690065433
       157.806243441        1.867928037
       156.720611188        2.057744398
       155.560101765        2.259046481
       154.325883706        2.471319413
       153.019199764        2.694053153
       151.641365660        2.926705685
       150.193768756        3.168732225
       148.677866658        3.419571454
       147.095185752        3.678638662
       145.447319664        3.945361911
       143.735927654        4.219144408
       141.962732949        4.499395720
       140.129521007        4.785495399
       138.238137716        5.076848383
       136.290487539        5.372837414
       134.288531595        5.672834210
       132.234285683        5.976224166
       130.129818255        6.282373746
       127.977248331        6.590648324
       125.778743367        6.900404172
       123.536517071        7.210993230
       121.252827174        7.521754321
       118.929973160        7.832028082
       116.570293944        8.141137902
       114.176165524        8.448390190
       111.749998585        8.753106167
       109.294236070        9.054555286
       106.811350724        9.352033668
       104.303842603        9.644805024
       101.774236555        9.932122871
        99.225079678       10.213230214
        96.658938757       10.487359778
        94.078397679       10.753734207
        91.486054830       11.011551853
        88.884520479       11.260024717
        86.276414152       11.498356562
        83.664361989       11.725719058
        81.050994106       11.941318794
        78.438941943       12.144351257
        75.830835615       12.333988248
        73.229301265       12.509460303
        70.636958415       12.669981635
        68.056417337       12.814766012
        65.490276417       12.943077159
        62.941119540       13.054195680
        60.411513491       13.147427403
        57.904005370       13.222114999
        55.421120025       13.277620173
        52.965357510       13.313369851
        50.539190570       13.328850571
        48.145062150       13.323551476
        45.785382935       13.297049905
        43.462528920       13.248987553
        41.178839024       13.179060627
        38.936612727       13.086974186
        36.738107763       12.972623434
        34.585537840       12.835813377
        32.481070412       12.676556733
        30.426824500       12.494862896
        28.424868555       12.290784610
        26.477218378       12.064540224
        24.585835087       11.816326962
        22.752623145       11.546433098
        20.979428441       11.255249919
        19.268036431       10.943124028
        17.620170342       10.610560689
        16.037489436       10.257989154
        14.521587339        9.886145092
        13.073990434        9.495444132
        11.696156330        9.086630088
        10.389472389        8.660225771
         9.155254330        8.217077786
         7.994744907        7.757799448
         6.909112654        7.283252887
         5.899450711        6.793689835
         4.966775721        6.290228149
         4.112026810        5.773638976
         3.336064638        5.243846696
         2.639670531        4.702310150
         2.023545701        4.149130595
         1.488310533        3.585235314
         1.034503962        3.010744086
         0.662582935        2.427664790
         0.372921943        1.833034133
         0.165812651        1.229503194
         0.041463600        0.617388768
         0.000000000       -0.000000227
         0.040638543       -0.610119365
         0.162514065       -1.216554630
         0.365506290       -1.814346213
         0.649414890       -2.403354695
         1.013959681       -2.982322674
         1.458780902       -3.550837215
         1.983439567       -4.110378230
         2.587417901       -4.658985266
         3.270119851       -5.195909160
         4.030871673       -5.720992630
         4.868922597       -6.234205411
         5.783445567       -6.734227922
         6.773538059       -7.220359693
         7.838222972       -7.692286252
         8.976449590       -8.149190833
        10.187094622       -8.590431892
        11.468963306       -9.015389312
        12.820790592       -9.423126174
        14.241242392       -9.813274058
        15.728916890      -10.185161501
        17.282345931      -10.538114930
        18.899996468      -10.871688914
        20.580272075      -11.185283439
        22.321514524      -11.478471049
        24.122005417      -11.750896458
        25.979967889      -12.002143564
        27.893568354      -12.231905543
        29.860918320      -12.439951836
        31.880076250      -12.626188171
        33.949049478      -12.790393611
        36.065796178      -12.932602439
        38.228227377      -13.052832622
        40.434209016      -13.151113715
        42.681564058      -13.227690445
        44.968074633      -13.282704963
        47.291484233      -13.316474037
        49.649499933      -13.329339722
        52.039794656      -13.321671198
        54.460009469      -13.293939308
        56.907755913      -13.246648303
        59.380618358      -13.180331646
        61.876156387      -13.095569708
        64.391907204      -12.993004381
        66.925388069      -12.873290772
        69.474098740      -12.737117591
        72.035523949      -12.585200632
        74.607135877      -12.418277603
        77.186396655      -12.237100463
        79.770760864      -12.042423217
        82.357678047      -11.835039000
        84.944595231      -11.615730154
        87.528959439      -11.385280057
        90.108220217      -11.144458528
        92.679832146      -10.894064149
        95.241257355      -10.634872550
        97.789968026      -10.367652685
       100.323448890      -10.093165370
       102.839199708       -9.812162244
       105.334737737       -9.525385462
       107.807600181       -9.233567170
       110.255346625       -8.937424320
       112.675561439       -8.637655250
       115.065856161       -8.334966536
       117.423871861       -8.030037606
       119.747281461       -7.723532360
       122.033792037       -7.416119521
       124.281147078       -7.108444573
       126.487128717       -6.801161291
       128.649559916       -6.494893795
       130.766306617       -6.190276898
       132.835279845       -5.887928881
       134.854437775       -5.588469258
       136.821787740       -5.292495230
       138.735388206       -5.000624447
       140.593350677       -4.713452069
       142.393841571       -4.431578331
       144.135084020       -4.155580484
       145.815359627       -3.886055848
       147.433010164       -3.623582226
       148.986439205       -3.368723454
       150.474113703       -3.122052533
       151.894565502       -2.884118820
       153.246392789       -2.655475538
       154.528261473       -2.436639541
       155.738906504       -2.228138900
       156.877133123       -2.030467715
       157.941818036       -1.844117285
       158.931910528       -1.669549351
       159.846433498       -1.507196755
       160.684484421       -1.357480948
       161.445236243       -1.220788738
       162.127938194       -1.097474621
       162.731916528       -0.987870166
       163.256575193       -0.892273081
       163.701396413       -0.810929811
       164.065941204       -0.744067201
       164.349849804       -0.643944327
       164.552842030       -0.466218828
       164.674717552       -0.243528163
       164.715356095        0.000000270
#
# SECTION 6 / 50   y = 71.836735   chord = 165.061406   x_le = 5.028571   x_te = 170.089978
#               x_mm               y_mm
       165.061406252        0.000000268
       165.019855541        0.246168984
       164.895245245        0.470777688
       164.687700838        0.648769652
       164.397431298        0.746740409
       164.024728902        0.815097044
       163.569968930        0.898241899
       163.033609287        0.995956326
       162.416190042        1.107967311
       161.718332883        1.233973492
       160.940740493        1.373622249
       160.084195842        1.526552593
       159.149561397        1.692350662
       158.137778257        1.870595412
       157.049865202        2.060819627
       155.886917667        2.262554250
       154.650106642        2.475282959
       153.340677491        2.698494619
       151.959948698        2.931646648
       150.509310540        3.174192468
       148.990223686        3.425569845
       147.404217729        3.685192518
       145.752889642        3.952487608
       144.037902172        4.226857035
       142.260982167        4.507709096
       140.423918833        4.794421749
       138.528561939        5.086398933
       136.576819948        5.383021821
       134.570658098        5.683661310
       132.512096425        5.987700985
       130.403207726        6.294506227
       128.246115472        6.603441075
       126.042991674        6.913860207
       123.796054689        7.225114686
       121.507566993        7.536541474
       119.179832899        7.847480069
       116.815196238        8.157252211
       114.416037999        8.465163341
       111.984773930        8.770533027
       109.523852108        9.072628961
       107.035750474        9.370746037
       104.522974334        9.664146432
       101.988053842        9.952082109
        99.433541446       10.233794494
        96.862009325       10.508514709
        94.276046794       10.775463774
        91.678257697       11.033838093
        89.071257788       11.282848553
        86.457672095       11.521696980
        83.840132277       11.749553006
        81.221273975       11.965622130
        78.603734157       12.169097541
        75.990148464       12.359149904
        73.383148555       12.535007819
        70.785359458       12.695883829
        68.199396927       12.840989677
        65.627864806       12.969588207
        63.073352410       13.080958143
        60.538431917       13.174403822
        58.025655778       13.249266500
        55.537554143       13.304906915
        53.076632322       13.340749942
        50.645368253       13.356281836
        48.246210014       13.350989763
        45.881573353       13.324451022
        43.553839259       13.276306075
        41.265351563       13.206250449
        39.018414578       13.113989058
        36.815290779       12.999415824
        34.658198526       12.862336359
        32.549309827       12.702762847
        30.490748154       12.520705262
        28.484586304       12.316215249
        26.532844313       12.089512797
        24.637487418       11.840794912
        22.800424085       11.570350438
        21.023504079       11.278572193
        19.308516610       10.965806011
        17.657188522       10.632559713
        16.071182565       10.279263553
        14.552095712        9.906652976
        13.101457554        9.515146277
        11.720728761        9.105488989
        10.411299610        8.678202849
         9.174488585        8.234138468
         8.011541050        7.773909274
         6.923627994        7.298379090
         5.911844855        6.807801838
         4.977210410        6.303296136
         4.120665759        5.785634577
         3.343073369        5.254743795
         2.645216210        4.712083471
         2.027796964        4.157754895
         1.491437321        3.592687008
         1.036677350        3.017004031
         0.663974954        2.432714392
         0.373705414        1.836843151
         0.166161006        1.232057347
         0.041550711        0.618669466
         0.000000000       -0.000000225
         0.040723920       -0.611385178
         0.162855490       -1.219082231
         0.366274182       -1.818116908
         0.650779245       -2.408349428
         1.016089907       -2.988524290
         1.461845652       -3.558218289
         1.987606571       -4.118922942
         2.592853802       -4.668666570
         3.276990040       -5.206707757
         4.039340124       -5.732880046
         4.879151706       -6.247158281
         5.795595996       -6.748217759
         6.787768571       -7.235356718
         7.854690279       -7.708260122
         8.995308195       -8.166110902
        10.208496668       -8.608264661
        11.493058427       -9.034100061
        12.847725765       -9.442679311
        14.271161789       -9.833632068
        15.761961739      -10.206285518
        17.318654376      -10.559965564
        18.939703432      -10.894224925
        20.623509127      -11.208462375
        22.368409748      -11.502249593
        24.172683289      -11.775231300
        26.034549151      -12.026989036
        27.952169895      -12.257217450
        29.923653063      -12.465683527
        31.947053037      -12.652293485
        34.020372967      -12.816826521
        36.141566736      -12.959316420
        38.308540983      -13.079781750
        40.519157164      -13.178251107
        42.771233669      -13.254970797
        45.062547970      -13.310082320
        47.390838817      -13.343904110
        49.753808467      -13.356778492
        52.149124955      -13.349075895
        54.574424393      -13.321267316
        57.027313302      -13.273858951
        59.505370979      -13.207384603
        62.006151878      -13.122426692
        64.527188031      -13.019628089
        67.065991480      -12.899645309
        69.620056733      -12.763168540
        72.186863235      -12.610915105
        74.763877858      -12.443624285
        77.348557400      -12.262049955
        79.938351093      -12.066947081
        82.530703126      -11.859110800
        85.123055158      -11.639325111
        87.712848852      -11.408375327
        90.297528394      -11.167032312
        92.874543017      -10.916096619
        95.441349519      -10.656345505
        97.995414771      -10.388549534
       100.534218221      -10.113471113
       103.055254374       -9.831863450
       105.556035273       -9.544470250
       108.034092950       -9.252025186
       110.486981859       -8.955246460
       112.912281297       -8.654834350
       115.307597785       -8.351496421
       117.670567435       -8.045913890
       119.998858282       -7.738751882
       122.290172583       -7.430680193
       124.542249088       -7.122346238
       126.752865269       -6.814404921
       128.919839515       -6.507481425
       131.041033285       -6.202212137
       133.114353215       -5.899216635
       135.137753189       -5.599115741
       137.109236357       -5.302507663
       139.026857101       -5.010011607
       140.888722962       -4.722224001
       142.692996504       -4.439746359
       144.437897125       -4.163156892
       146.121702820       -3.893054467
       147.742751876       -3.630018130
       149.299444512       -3.374612643
       150.790244463       -3.127412526
       152.213680486       -2.888968329
       153.568347825       -2.659834169
       154.852909584       -2.440528638
       156.066098057       -2.231580017
       157.206715973       -2.033484433
       158.273637681       -1.846733615
       159.265810256       -1.671790639
       160.182254545       -1.509088959
       161.022066128       -1.359051284
       161.784416212       -1.222065278
       162.468552450       -1.098485865
       163.073799681       -0.988645693
       163.599560600       -0.892842768
       164.045316344       -0.811324800
       164.410627007       -0.744318046
       164.695132070       -0.644402038
       164.898550762       -0.466648657
       165.020682332       -0.243776439
       165.061406252        0.000000268
#
# SECTION 7 / 50   y = 70.204082   chord = 165.407456   x_le = 4.914286   x_te = 170.321742
#               x_mm               y_mm
       165.407456409        0.000000266
       165.365818587        0.246419531
       165.240947047        0.471209408
       165.032967524        0.649223465
       164.742089436        0.746996507
       164.368605672        0.815499834
       163.912892299        0.898823255
       163.375408182        0.996747641
       162.756694521        1.108999020
       162.057374308        1.235275374
       161.278151701        1.375224007
       160.419811310        1.528482441
       159.483217410        1.694635917
       158.469313074        1.873262811
       157.379119216        2.063894881
       156.213733569        2.266062042
       154.974329577        2.479246529
       153.662155217        2.702936106
       152.278531735        2.936587633
       150.824852323        3.179652731
       149.302580715        3.431568257
       147.713249706        3.691746394
       146.058459621        3.959613324
       144.339876691        4.234569680
       142.559231384        4.516022490
       140.718316660        4.803348117
       138.818986162        5.095949501
       136.863152357        5.393206245
       134.852784602        5.694488427
       132.789907168        5.999177820
       130.676597197        6.306638724
       128.514982614        6.616233842
       126.307239980        6.927316257
       124.055592307        7.239236157
       121.762306811        7.551328640
       119.429692638        7.862932069
       117.060098532        8.173366534
       114.655910473        8.481936505
       112.219549275        8.787959786
       109.753468147        9.090702650
       107.260150224        9.389458418
       104.742106066        9.683487852
       102.201871129        9.972041360
        99.642003215       10.254358786
        97.065079893       10.529669652
        94.473695909       10.797193354
        91.870460564       11.056124345
        89.257995097       11.305672402
        86.638930038       11.545037410
        84.015902565       11.773386966
        81.391553844       11.989925478
        78.768526371       12.193843836
        76.149461312       12.384311571
        73.536995845       12.560555346
        70.933760500       12.721786035
        68.342376516       12.867213353
        65.765453194       12.996099267
        63.205585280       13.107720618
        60.665350343       13.201380252
        58.147306185       13.276418012
        55.653988262       13.332193668
        53.187907134       13.368130045
        50.751545936       13.383713111
        48.347357877       13.378428060
        45.977763771       13.351852149
        43.645149598       13.303624609
        41.351864102       13.233440282
        39.100216429       13.141003940
        36.892473795       13.026208225
        34.730859212       12.888859351
        32.617549241       12.728968971
        30.554671807       12.546547639
        28.544304052       12.341645897
        26.588470247       12.114485378
        24.689139749       11.865262871
        22.848225025       11.594267788
        21.067579718       11.301894476
        19.348996788       10.988488002
        17.694206703       10.654558745
        16.104875694       10.300537961
        14.582604086        9.927160868
        13.128924674        9.534848429
        11.745301192        9.124347898
        10.433126832        8.696179935
         9.193722840        8.251199158
         8.028337193        7.790019107
         6.938143335        7.313505301
         5.924238999        6.821913849
         4.987645099        6.316364131
         4.129304708        5.797630185
         3.350082101        5.265640901
         2.650761888        4.721856799
         2.032048227        4.166379204
         1.494564110        3.600138710
         1.038850737        3.023263982
         0.665366973        2.437764000
         0.374488885        1.840652173
         0.166509362        1.234611503
         0.041637822        0.619950166
         0.000000000       -0.000000223
         0.040809297       -0.612650993
         0.163196916       -1.221609835
         0.367042073       -1.821887608
         0.652143599       -2.413344168
         1.018220133       -2.994725911
         1.464910401       -3.565599370
         1.991773575       -4.127467661
         2.598289703       -4.678347882
         3.283860228       -5.217506362
         4.047808574       -5.744767471
         4.889380816       -6.260111158
         5.807746425       -6.762207604
         6.801999084       -7.250353750
         7.871157585       -7.724233999
         9.014166800       -8.183030980
        10.229898714       -8.626097439
        11.517153549       -9.052810819
        12.874660938       -9.462232455
        14.301081186       -9.853990086
        15.795006589      -10.227409544
        17.354962822      -10.581816205
        18.979410396      -10.916760944
        20.666746179      -11.231641320
        22.415304973      -11.526028145
        24.223361162      -11.799566113
        26.089130413      -12.051834516
        28.010771436      -12.282529367
        29.986387805      -12.491415228
        32.014029825      -12.678398809
        34.091696456      -12.843259440
        36.217337294      -12.986030411
        38.388854588      -13.106730888
        40.604105311      -13.205388509
        42.860903280      -13.282251160
        45.157021307      -13.337459688
        47.490193400      -13.371334193
        49.858117000      -13.384217274
        52.258455254      -13.376480603
        54.688839316      -13.348595335
        57.146870691      -13.301069610
        59.630123599      -13.234437572
        62.136147369      -13.149283688
        64.662468858      -13.046251809
        67.206594892      -12.925999859
        69.766014726      -12.789219501
        72.338202521      -12.636629589
        74.920619838      -12.468970978
        77.510718144      -12.286999459
        80.105941323      -12.091470956
        82.703728205      -11.883182612
        85.301515086      -11.662920080
        87.896738265      -11.431470609
        90.486836571      -11.189606109
        93.069253888      -10.938129102
        95.641441683      -10.677818472
        98.200861517      -10.409446395
       100.744987551      -10.133776869
       103.271309040       -9.851564669
       105.777332810       -9.563555050
       108.260585718       -9.270483214
       110.718617093       -8.973068612
       113.149001155       -8.672013463
       115.549339409       -8.368026320
       117.917263009       -8.061790056
       120.250435102       -7.753971417
       122.546553129       -7.445240879
       124.803351098       -7.136247918
       127.018601821       -6.827648566
       129.190119115       -6.520069071
       131.315759953       -6.214147391
       133.393426584       -5.910504406
       135.421068604       -5.609762241
       137.396684973       -5.312520112
       139.318325996       -5.019398784
       141.184095247       -4.730995951
       142.992151436       -4.447914406
       144.740710230       -4.170733319
       146.428046013       -3.900053106
       148.052493587       -3.636454055
       149.612449820       -3.380501853
       151.106375223       -3.132772540
       152.532795471       -2.893817859
       153.890302860       -2.664192822
       155.177557695       -2.444417759
       156.393289609       -2.235021159
       157.536298824       -2.036501175
       158.605457325       -1.849349970
       159.599709984       -1.674031953
       160.518075593       -1.510981188
       161.359647835       -1.360621647
       162.123596181       -1.223341845
       162.809166706       -1.099497137
       163.415682834       -0.989421247
       163.942546008       -0.893412484
       164.389236276       -0.811719817
       164.755312810       -0.744568919
       165.040414336       -0.644858764
       165.244259493       -0.467077863
       165.366647112       -0.244024866
       165.407456409        0.000000266
#
# SECTION 8 / 50   y = 68.571429   chord = 165.753507   x_le = 4.800000   x_te = 170.553507
#               x_mm               y_mm
       165.753506566        0.000000265
       165.711781634        0.246669893
       165.586648849        0.471640553
       165.378234210        0.649675829
       165.086747574        0.747252632
       164.712482442        0.815902653
       164.255815668        0.899404640
       163.717207076        0.997538984
       163.097198999        1.110030756
       162.396415734        1.236577283
       161.615562910        1.376825791
       160.755426778        1.530412314
       159.816873424        1.696921198
       158.800847890        1.875930235
       157.708373229        2.066970159
       156.540549471        2.269569858
       155.298552513        2.483210122
       153.983632943        2.707377617
       152.597114772        2.941528640
       151.140394107        3.185113016
       149.614937743        3.437566690
       148.022281684        3.698300291
       146.364029599        3.966739060
       144.641851210        4.242282345
       142.857480602        4.524335792
       141.012714486        4.812274502
       139.109410385        5.105500086
       137.149484765        5.403390686
       135.134911105        5.705315559
       133.067717910        6.010654671
       130.949986668        6.318771237
       128.783849755        6.629026624
       126.571488287        6.940772321
       124.315129925        7.253357643
       122.017046630        7.566115821
       119.679552377        7.878384084
       117.305000826        8.189480870
       114.895782947        8.498709682
       112.454324620        8.805386432
       109.983084186        9.108776351
       107.484549974        9.408170812
       104.961237797        9.702829285
       102.415688416        9.992000623
        99.850464983       10.274923090
        97.268150462       10.550824607
        94.671345023       10.818922946
        92.062663431       11.078410610
        89.444732405       11.328496263
        86.820187982       11.568377852
        84.191672853       11.797220938
        81.561833713       12.014228838
        78.933318585       12.218590143
        76.308774161       12.409473251
        73.690843136       12.586102886
        71.082161543       12.747688252
        68.485356105       12.893437041
        65.903041583       13.022610339
        63.337818151       13.134483105
        60.792268770       13.228356695
        58.268956592       13.303569536
        55.770422380       13.359480433
        53.299181946       13.395510159
        50.857723619       13.411144398
        48.448505740       13.405866369
        46.073954189       13.379253288
        43.736459936       13.330943153
        41.438376642       13.260630125
        39.182018279       13.168018833
        36.969656812       13.053000636
        34.803519898       12.915382353
        32.685788656       12.755175105
        30.618595461       12.572390024
        28.604021801       12.367076555
        26.644096181       12.139457969
        24.740792080       11.889730840
        22.896025964       11.618185146
        21.111655357       11.325216767
        19.389476967       11.011170002
        17.731224883       10.676557786
        16.138568823       10.321812377
        14.613112459        9.947668768
        13.156391794        9.554550590
        11.769873623        9.143206815
        10.454954053        8.714157029
         9.212957096        8.268259855
         8.045133337        7.806128949
         6.952658676        7.328631520
         5.936633143        6.836025867
         4.998079788        6.329432134
         4.137943657        5.809625801
         3.357090832        5.276538015
         2.656307567        4.731630135
         2.036299490        4.175003519
         1.497690898        3.607590419
         1.041024124        3.029523940
         0.666758992        2.442813614
         0.375272356        1.844461201
         0.166857717        1.237165663
         0.041724933        0.621230869
         0.000000000       -0.000000222
         0.040894675       -0.613916810
         0.163538341       -1.224137442
         0.367809965       -1.825658313
         0.653507954       -2.418338914
         1.020350359       -3.000927540
         1.467975151       -3.572980459
         1.995940579       -4.136012388
         2.603725604       -4.688029202
         3.290730416       -5.228304975
         4.056277024       -5.756654903
         4.899609926       -6.273064043
         5.819896854       -6.776197457
         6.816229596       -7.265350791
         7.887624892       -7.740207884
         9.033025404       -8.199951065
        10.251300761       -8.643930224
        11.541248671       -9.071521584
        12.901596111       -9.481785608
        14.331000584       -9.874348113
        15.828051438      -10.248533578
        17.391271267      -10.603666856
        19.019117360      -10.939296972
        20.709983230      -11.254820273
        22.462200197      -11.549806706
        24.274039034      -11.823900936
        26.143711674      -12.076680006
        28.069372977      -12.307841293
        30.049122548      -12.517146938
        32.081006612      -12.704504143
        34.163019945      -12.869692369
        36.293107852      -13.012744412
        38.469168193      -13.133680037
        40.689053459      -13.232525922
        42.950572891      -13.309531534
        45.251494643      -13.364837068
        47.589547983      -13.398764288
        49.962425534      -13.411656067
        52.367785553      -13.403885322
        54.803254239      -13.375923366
        57.266428080      -13.328280282
        59.754876220      -13.261490552
        62.266142861      -13.176140696
        64.797749686      -13.072875541
        67.347198304      -12.952354420
        69.911972719      -12.815270474
        72.489541807      -12.662344086
        75.077361818      -12.494317684
        77.672878888      -12.311948975
        80.273531553      -12.115994843
        82.876753283      -11.907254436
        85.479975014      -11.686515061
        88.080627679      -11.454565903
        90.676144748      -11.212179918
        93.263964759      -10.960161597
        95.841533847      -10.699291452
        98.406308262      -10.430343268
       100.955756881      -10.154082636
       103.487363706       -9.871265893
       105.998630347       -9.582639864
       108.487078486       -9.288941267
       110.950252327       -8.990890777
       113.385721013       -8.689192560
       115.791081032       -8.384556248
       118.163958583       -8.077666281
       120.502011923       -7.769190968
       122.802933675       -7.459801554
       125.064453107       -7.150149601
       127.284338373       -6.840892244
       129.460398714       -6.532656753
       131.590486621       -6.226082661
       133.672499954       -5.921792192
       135.704384018       -5.620408758
       137.684133589       -5.322532578
       139.609794892       -5.028785979
       141.479467532       -4.739767919
       143.291306369       -4.456082471
       145.043523336       -4.178309765
       146.734389206       -3.907051764
       148.362235299       -3.642890000
       149.925455128       -3.386391083
       151.422505983       -3.138132576
       152.851910455       -2.898667412
       154.212257896       -2.668551498
       155.502205805       -2.448306902
       156.720481162       -2.238462324
       157.865881674       -2.039517942
       158.937276970       -1.851966349
       159.933609713       -1.676273292
       160.853896641       -1.512873444
       161.697229542       -1.362192037
       162.462776150       -1.224618440
       163.149780962       -1.100508436
       163.757565987       -0.990196830
       164.285531415       -0.893982227
       164.733156207       -0.812114863
       165.099998612       -0.744819820
       165.385696602       -0.645314325
       165.589968225       -0.467506727
       165.712611891       -0.244273081
       165.753506566        0.000000265
#
# SECTION 9 / 50   y = 66.938776   chord = 166.099557   x_le = 4.685714   x_te = 170.785271
#               x_mm               y_mm
       166.099556723        0.000000263
       166.057744680        0.246920493
       165.932350651        0.472070747
       165.723500897        0.650127173
       165.431405712        0.747508786
       165.056359212        0.816305499
       164.598739036        0.899986052
       164.059005970        0.998330355
       163.437703478        1.111062519
       162.735457160        1.237879218
       161.952974118        1.378427601
       161.091042246        1.532342214
       160.150529437        1.699206504
       159.132382707        1.878597684
       158.037627243        2.070045462
       156.867365373        2.273077697
       155.622775449        2.487173738
       154.305110669        2.711819149
       152.915697809        2.946469669
       151.455935891        3.190573323
       149.927294771        3.443565143
       148.331313661        3.704854207
       146.669599578        3.973864816
       144.943825728        4.249995028
       143.155729819        4.532648955
       141.307112312        4.821200905
       139.399834608        5.115050688
       137.435817174        5.413575143
       135.417037608        5.716142708
       133.345528652        6.022131537
       131.223376139        6.330903764
       129.052716896        6.641819420
       126.835736593        6.954228400
       124.574667543        7.267479142
       122.271786448        7.580903015
       119.929412116        7.893836111
       117.549903120        8.205595219
       115.135655422        8.515482873
       112.689099965        8.822813092
       110.212700224        9.126850065
       107.708949724        9.426883219
       105.180369528        9.722170731
       102.629505703       10.011959898
       100.058926752       10.295487407
        97.471221030       10.571979574
        94.868994138       10.840652550
        92.254866298       11.100696886
        89.631469714       11.351320136
        87.001445925       11.591718306
        84.367443142       11.821054922
        81.732113582       12.038532210
        79.098110799       12.243336476
        76.468087010       12.434634926
        73.844690426       12.611650437
        71.230562586       12.773590482
        68.628335694       12.919660741
        66.040629972       13.049121422
        63.470051021       13.161245603
        60.919187196       13.255333149
        58.390607000       13.330721071
        55.886856499       13.386767209
        53.410456758       13.422890284
        50.963901302       13.438575696
        48.549653604       13.433304688
        46.170144607       13.406654437
        43.827770275       13.358261708
        41.524889181       13.287819979
        39.263820130       13.195033735
        37.046839828       13.079793057
        34.876180585       12.941905365
        32.754028071       12.781381249
        30.682519115       12.598232419
        28.663739550       12.392507222
        26.699722116       12.164430570
        24.792444411       11.914198817
        22.943826904       11.642102513
        21.155730995       11.348539067
        19.429957145       11.033852010
        17.768243063       10.698556835
        16.172261952       10.343086801
        14.643620832        9.968176677
        13.183858914        9.574252758
        11.794446055        9.162065740
        10.476781275        8.732134131
         9.232191351        8.285320561
         8.061929480        7.822238799
         6.967174017        7.343757747
         5.949027287        6.850137894
         5.008514477        6.342500144
         4.146582605        5.821621425
         3.364099563        5.287435137
         2.661853245        4.741403478
         2.040550753        4.183627842
         1.500817687        3.615042135
         1.043197511        3.035783905
         0.668151011        2.447863233
         0.376055827        1.848270233
         0.167206073        1.239719827
         0.041812043        0.622511573
         0.000000000       -0.000000221
         0.040980052       -0.615182629
         0.163879767       -1.226665054
         0.368577856       -1.829429023
         0.654872308       -2.423333665
         1.022480585       -3.007129174
         1.471039901       -3.580361555
         2.000107583       -4.144557123
         2.609161505       -4.697710530
         3.297600604       -5.239103595
         4.064745474       -5.768542343
         4.909839035       -6.286016936
         5.832047283       -6.790187318
         6.830460108       -7.280347839
         7.904092199       -7.756181777
         9.051884009       -8.216871158
        10.272702807       -8.661763017
        11.565343792       -9.090232358
        12.928531284       -9.501338769
        14.360919981       -9.894706147
        15.861096288      -10.269657621
        17.427579713      -10.625517514
        19.058824324      -10.961833009
        20.753220282      -11.277999235
        22.509095422      -11.573585276
        24.324716906      -11.848235767
        26.198292936      -12.101525505
        28.127974519      -12.333153228
        30.111857291      -12.542878658
        32.147983400      -12.730609486
        34.234343435      -12.896125308
        36.368878410      -13.039458423
        38.549481798      -13.160629196
        40.774001607      -13.259663346
        43.040242503      -13.336811918
        45.345967980      -13.392214457
        47.688902566      -13.426194394
        50.066734068      -13.439094871
        52.477115852      -13.431290053
        54.917669163      -13.403251408
        57.385985469      -13.355490964
        59.879628840      -13.288543544
        62.396138352      -13.202997715
        64.933030513      -13.099499284
        67.487801716      -12.978708993
        70.057930712      -12.841321459
        72.640881093      -12.688058594
        75.234103799      -12.519664401
        77.835039632      -12.336898503
        80.441121782      -12.140518743
        83.049778362      -11.931326272
        85.658434941      -11.710110055
        88.264517092      -11.477661034
        90.865452925      -11.234753738
        93.458675631      -10.982194105
        96.041626011      -10.720764444
        98.611755007      -10.451240154
       101.166526211      -10.174388416
       103.703418372       -9.890967137
       106.219927883       -9.601724690
       108.713571255       -9.307399321
       111.181887561       -9.008712955
       113.622440872       -8.706371699
       116.032822656       -8.401086174
       118.410654157       -8.093542475
       120.753588743       -7.784410532
       123.059314221       -7.474362268
       125.325555117       -7.164051309
       127.550074925       -6.854135918
       129.730678313       -6.545244428
       131.865213289       -6.238017945
       133.951573324       -5.933079994
       135.987699433       -5.631055290
       137.971582205       -5.332545061
       139.901263787       -5.038173191
       141.774839817       -4.748539905
       143.590461302       -4.464250555
       145.346336441       -4.185886230
       147.040732399       -3.914050442
       148.671977011       -3.649325965
       150.238460435       -3.392280335
       151.738636743       -3.143492633
       153.171025439       -2.903516987
       154.534212931       -2.672910196
       155.826853916       -2.452196069
       157.047672714       -2.241903512
       158.195464525       -2.042534733
       159.269096615       -1.854582754
       160.267509441       -1.678514656
       161.189717688       -1.514765725
       162.034811249       -1.363762453
       162.801956119       -1.225895061
       163.490395218       -1.101519762
       164.099449140       -0.990972440
       164.628516822       -0.894551998
       165.077076139       -0.812509936
       165.444684415       -0.745070750
       165.730978867       -0.645768271
       165.935676957       -0.467934410
       166.058576671       -0.244521312
       166.099556723        0.000000263
#
# SECTION 10 / 50   y = 65.306122   chord = 166.445607   x_le = 4.571429   x_te = 171.017035
#               x_mm               y_mm
       166.445606881        0.000000262
       166.403707726        0.247169862
       166.278052452        0.472500893
       166.068767583        0.650577379
       165.776063850        0.747764968
       165.400235982        0.816708373
       164.941662405        0.900567492
       164.400804864        0.999121753
       163.778207957        1.112094309
       163.074498586        1.239181180
       162.290385326        1.380029437
       161.426657714        1.534272139
       160.484185450        1.701491835
       159.463917523        1.881265157
       158.366881257        2.073120788
       157.194181275        2.276585560
       155.946998385        2.491137376
       154.626588395        2.716260704
       153.234280847        2.951410719
       151.771477675        3.196033650
       150.239651799        3.449563617
       148.640345638        3.711408143
       146.975169557        3.980990590
       145.245800247        4.257707730
       143.453979037        4.540962136
       141.601510138        4.830127325
       139.690258831        5.124601307
       137.722149582        5.423759617
       135.699164112        5.726969872
       133.623339395        6.033608419
       131.496765610        6.343036307
       129.321584037        6.654612231
       127.099984900        6.967684493
       124.834205160        7.281600656
       122.526526267        7.595690223
       120.179271856        7.909288152
       117.794805414        8.221709582
       115.375527896        8.532256076
       112.923875310        8.840239764
       110.442316263        9.144923791
       107.933349474        9.445595638
       105.399501259        9.741512189
       102.843322990       10.031919186
       100.267388520       10.316051735
        97.674291598       10.593134554
        95.066643253       10.862382166
        92.447069164       11.122983175
        89.818207022       11.374144021
        87.182703868       11.615058772
        84.543213430       11.844888917
        81.902393451       12.062835594
        79.262903012       12.268082808
        76.627399858       12.459796630
        73.998537716       12.637198000
        71.378963628       12.799492723
        68.771315283       12.945884452
        66.178218361       13.075632517
        63.602283891       13.188008112
        61.046105622       13.282309614
        58.512257407       13.357872617
        56.003290618       13.414053996
        53.521731570       13.450270421
        51.070078985       13.466007005
        48.650801467       13.460743019
        46.266335025       13.434055597
        43.919080614       13.385580273
        41.611401720       13.315009843
        39.345621981       13.222048648
        37.124022844       13.106585488
        34.948841271       12.968428387
        32.822267486       12.807587402
        30.746442769       12.624074824
        28.723457298       12.417937899
        26.755348050       12.189403179
        24.844096742       11.938666803
        22.991627844       11.666019889
        21.199806634       11.371861376
        19.470437324       11.056534027
        17.805261243       10.720555892
        16.205955081       10.364361233
        14.674129206        9.988684593
        13.211326034        9.593954935
        11.819018486        9.180924672
        10.498608496        8.750111241
         9.251425606        8.302381275
         8.078725623        7.838348656
         6.981689357        7.358883982
         5.961421431        6.864249929
         5.018949166        6.355568163
         4.155221554        5.833617057
         3.371108295        5.298332267
         2.667398924        4.751176829
         2.044802017        4.192252173
         1.503944476        3.622493859
         1.045370899        3.042043876
         0.669543030        2.452912858
         0.376839298        1.852079271
         0.167554428        1.242273994
         0.041899154        0.623792280
         0.000000000       -0.000000221
         0.041065430       -0.616448450
         0.164221192       -1.229192668
         0.369345747       -1.833199737
         0.656236663       -2.428328423
         1.024610811       -3.013330815
         1.474104651       -3.587742657
         2.004274587       -4.153101864
         2.614597406       -4.707391865
         3.304470792       -5.249902223
         4.073213924       -5.780429790
         4.920068145       -6.298969836
         5.844197712       -6.804177186
         6.844690621       -7.295344895
         7.920559505       -7.772155677
         9.070742614       -8.233791259
        10.294104854       -8.679595818
        11.589438914       -9.108943139
        12.955466457       -9.520891938
        14.390839378       -9.915064190
        15.894141138      -10.290781671
        17.463888158      -10.647368181
        19.098531289      -10.984369054
        20.796457334      -11.301178205
        22.555990646      -11.597363855
        24.375394778      -11.872570608
        26.252874198      -12.126371013
        28.186576060      -12.358465173
        30.174592033      -12.568610387
        32.214960187      -12.756714839
        34.305666924      -12.922558257
        36.444648968      -13.066172445
        38.629795404      -13.187578139
        40.858949754      -13.286800779
        43.129912114      -13.364092313
        45.440441317      -13.419591858
        47.788257149      -13.453624510
        50.171042601      -13.466533686
        52.586446151      -13.458694794
        55.032084086      -13.430579461
        57.505542858      -13.382701658
        60.004381461      -13.315596548
        62.526133843      -13.229854745
        65.068311340      -13.126123039
        67.628405128      -13.005063578
        70.203888705      -12.867372456
        72.792220379      -12.713773114
        75.390845779      -12.545011130
        77.997200376      -12.361848043
        80.608712012      -12.165042654
        83.222803440      -11.955398120
        85.836894869      -11.733705060
        88.448406505      -11.500756070
        91.054761102      -11.257327571
        93.653386502      -11.004226624
        96.241718176      -10.742237448
        98.817201752      -10.472137052
       101.377295541      -10.194694208
       103.919473037       -9.910668392
       106.441225420       -9.620809529
       108.940064023       -9.325857387
       111.413522795       -9.026535145
       113.859160730       -8.723550850
       116.274564279       -8.417616113
       118.657349731       -8.109418682
       121.005165564       -7.799630108
       123.315694767       -7.488922996
       125.586657126       -7.177953031
       127.815811477       -6.867379607
       130.000957912       -6.557832119
       132.139939957       -6.249953245
       134.230646694       -5.944367811
       136.271014847       -5.641701839
       138.259030821       -5.342557560
       140.192732683       -5.047560421
       142.070212102       -4.757311908
       143.889616234       -4.472418657
       145.649149547       -4.193462714
       147.347075592       -3.921049139
       148.981718723       -3.655761950
       150.551465743       -3.398169606
       152.054767502       -3.148852712
       153.490140424       -2.908366583
       154.856167967       -2.677268916
       156.151502027       -2.456085258
       157.374864267       -2.245344725
       158.525047375       -2.045551548
       159.600916260       -1.857199183
       160.601409169       -1.680756046
       161.525538736       -1.516658032
       162.372392957       -1.365332894
       163.141136088       -1.227171708
       163.831009475       -1.102531115
       164.441332293       -0.991748077
       164.971502230       -0.895121796
       165.420996070       -0.812905038
       165.789370218       -0.745321708
       166.076261133       -0.646221241
       166.281385689       -0.468362101
       166.404541451       -0.244768166
       166.445606881        0.000000262
#
# SECTION 11 / 50   y = 63.673469   chord = 166.791657   x_le = 4.457143   x_te = 171.248800
#               x_mm               y_mm
       166.791657038        0.000000261
       166.749670773        0.247418806
       166.623754254        0.472929568
       166.414034269        0.651025900
       166.120721988        0.748021178
       165.744112752        0.817111274
       165.284585774        0.901148959
       164.742603758        0.999913178
       164.118712436        1.113126126
       163.413540012        1.240483168
       162.627796535        1.381631299
       161.762273182        1.536202090
       160.817841463        1.703777190
       159.795452340        1.883932654
       158.696135271        2.076196138
       157.520997177        2.280093447
       156.271221320        2.495101037
       154.948066121        2.720702281
       153.552863884        2.956351791
       152.087019459        3.201493998
       150.552008827        3.455562111
       148.949377615        3.717962098
       147.280739535        3.988116384
       145.547774765        4.265420451
       143.752228254        4.549275335
       141.895907964        4.839053763
       139.980683054        5.134151943
       138.008481991        5.433944107
       135.981290615        5.737797053
       133.901150137        6.045085316
       131.770155081        6.355168865
       129.590451178        6.667405057
       127.364233207        6.981140600
       125.093742778        7.295722183
       122.781266085        7.610477445
       120.429131595        7.924740207
       118.039707707        8.237823957
       115.615400370        8.549029292
       113.158650656        8.857666449
       110.671932302        9.162997530
       108.157749224        9.464308070
       105.618632990        9.760853659
       103.057140276       10.051878486
       100.475850288       10.336616076
        97.877362166       10.614289545
        95.264292367       10.884111794
        92.639272031       11.145269475
        90.004944331       11.396967918
        87.363961812       11.638399249
        84.718983718       11.868722925
        82.072673320       12.087138990
        79.427695226       12.292829151
        76.786712707       12.484958345
        74.152385007       12.662745575
        71.527364671       12.825394976
        68.914294872       12.972108175
        66.315806749       13.102143624
        63.734516761       13.214770633
        61.173024048       13.309286090
        58.633907814       13.385024175
        56.119724736       13.441340794
        53.633006382       13.477650568
        51.176256668       13.493438325
        48.751949330       13.488181360
        46.362525443       13.461456768
        44.010390953       13.412898849
        41.697914259       13.342199718
        39.427423831       13.249063571
        37.201205860       13.133377929
        35.021501957       12.994951418
        32.890506901       12.833793565
        30.810366423       12.649917238
        28.783175047       12.443368585
        26.810973984       12.214375797
        24.895749073       11.963134798
        23.039428784       11.689937274
        21.243882273       11.395183693
        19.510917503       11.079216053
        17.842279423       10.742554958
        16.239648210       10.385635673
        14.704637579       10.009192518
        13.238793154        9.613657120
        11.843590917        9.199783613
        10.520435717        8.768088358
         9.270659861        8.319441996
         8.095521767        7.854458521
         6.996204698        7.374010225
         5.973815575        6.878361971
         5.029383855        6.368636189
         4.163860503        5.845612697
         3.378117026        5.309229404
         2.672944602        4.760950187
         2.049053280        4.200876511
         1.507071264        3.629945589
         1.047544286        3.048303853
         0.670935050        2.457962488
         0.377622769        1.855888313
         0.167902784        1.244828164
         0.041986265        0.625072988
         0.000000000       -0.000000221
         0.041150807       -0.617714272
         0.164562618       -1.231720286
         0.370113639       -1.836970457
         0.657601017       -2.433323186
         1.026741037       -3.019532463
         1.477169401       -3.595123767
         2.008441592       -4.161646613
         2.620033307       -4.717073208
         3.311340980       -5.260700858
         4.081682374       -5.792317246
         4.930297254       -6.311922745
         5.856348141       -6.818167062
         6.858921133       -7.310341959
         7.937026812       -7.788129585
         9.089601218       -8.250711367
        10.315506900       -8.697428627
        11.613534036       -9.127653928
        12.982401630       -9.540445114
        14.420758775       -9.935422240
        15.927185987      -10.311905730
        17.500196603      -10.669218857
        19.138238253      -11.006905107
        20.839694386      -11.324357184
        22.602885871      -11.621142443
        24.426072651      -11.896905457
        26.307455460      -12.151216531
        28.245177601      -12.383777127
        30.237326776      -12.594342126
        32.281936974      -12.782820202
        34.376990413      -12.948991216
        36.520419526      -13.092886476
        38.710109009      -13.214526801
        40.943897902      -13.313938223
        43.219581725      -13.391372718
        45.534914653      -13.446969269
        47.887611733      -13.481054637
        50.275351135      -13.493972512
        52.695776450      -13.486099546
        55.146499009      -13.457907526
        57.625100247      -13.409912363
        60.129134081      -13.342649562
        62.656129335      -13.256711787
        65.203592167      -13.152746806
        67.769008540      -13.031418174
        70.349846698      -12.893423464
        72.943559665      -12.739487646
        75.547587759      -12.570357871
        78.159361120      -12.386797594
        80.776302241      -12.189566577
        83.395828519      -11.979469980
        86.015354797      -11.757300077
        88.632295918      -11.523851118
        91.244069279      -11.279901416
        93.848097373      -11.026259155
        96.441810340      -10.763710464
        99.022648498      -10.493033962
       101.588064871      -10.215000013
       104.135527703       -9.930369660
       106.662522956       -9.639894380
       109.166556791       -9.344315466
       111.645158029       -9.044357348
       114.095880588       -8.740730015
       116.516305903       -8.434146065
       118.904045305       -8.125294902
       121.256742384       -7.814849698
       123.572075313       -7.503483737
       125.847759136       -7.191854768
       128.081548029       -6.880623310
       130.271237512       -6.570419824
       132.414666625       -6.261888561
       134.509720063       -5.955655645
       136.554330262       -5.652348404
       138.546479437       -5.352570076
       140.484201578       -5.056947667
       142.365584387       -4.766083929
       144.188771167       -4.480586777
       145.951962652       -4.201039217
       147.653418785       -3.928047855
       149.291460434       -3.662197955
       150.864471051       -3.404058899
       152.370898262       -3.154212811
       153.809255408       -2.913216202
       155.178123002       -2.681627659
       156.476150138       -2.459974471
       157.702055819       -2.248785960
       158.854630226       -2.048568387
       159.932735905       -1.859815637
       160.935308897       -1.682997460
       161.861359783       -1.518550364
       162.709974664       -1.366903362
       163.480316057       -1.228448382
       164.171623731       -1.103542495
       164.783215446       -0.992523741
       165.314487637       -0.895691622
       165.764916001       -0.813300167
       166.134056021       -0.745572693
       166.421543399       -0.646673222
       166.627094420       -0.468788485
       166.750506231       -0.245015104
       166.791657038        0.000000261
#
# SECTION 12 / 50   y = 62.040816   chord = 167.137707   x_le = 4.342857   x_te = 171.480564
#               x_mm               y_mm
       167.137707195        0.000000259
       167.095633819        0.247668069
       166.969456056        0.473358250
       166.759300956        0.651473412
       166.465380126        0.748277416
       166.087989522        0.817514203
       165.627509142        0.901730453
       165.084402652        1.000704631
       164.459216914        1.114157969
       163.752581437        1.241785182
       162.965207743        1.383233187
       162.097888651        1.538132066
       161.151497476        1.706062571
       160.126987156        1.886600176
       159.025389285        2.079271512
       157.847813078        2.283601356
       156.595444256        2.499064721
       155.269543847        2.725143879
       153.871446921        2.961292884
       152.402561243        3.206954367
       150.864365856        3.461560625
       149.258409592        3.724516074
       147.586309514        3.995242196
       145.849749284        4.273133190
       144.050477471        4.557588552
       142.190305791        4.847980218
       140.271107277        5.143702596
       138.294814399        5.444128613
       136.263417119        5.748624249
       134.178960879        6.056562229
       132.043544552        6.367301437
       129.859318320        6.680197898
       127.628481513        6.994596722
       125.353280396        7.309843724
       123.036005904        7.625264680
       120.678991334        7.940192275
       118.284610001        8.253938346
       115.855272845        8.565802521
       113.393426001        8.875093146
       110.901548340        9.181071282
       108.382148973        9.483020514
       105.837764721        9.780195142
       103.270957563       10.071837798
       100.684312057       10.357180429
        98.080432734       10.635444549
        95.461941482       10.905841434
        92.831474898       11.167555788
        90.191681640       11.419791827
        87.545219755       11.661739739
        84.894754006       11.892556945
        82.242953189       12.111442397
        79.592487440       12.317575505
        76.946025555       12.510120071
        74.306232297       12.688293162
        71.675765713       12.851297240
        69.057274461       12.998331910
        66.453395138       13.128654742
        63.866749632       13.241533165
        61.299942474       13.336262578
        58.755558222       13.412175743
        56.236158855       13.468627604
        53.744281194       13.505030726
        51.282434350       13.520869656
        48.853097194       13.515619712
        46.458715861       13.488857949
        44.101701292       13.440217435
        41.784426799       13.369389603
        39.509225682       13.276078505
        37.278388876       13.160170380
        35.094162643       13.021474460
        32.958746316       12.859999738
        30.874290076       12.675759662
        28.842892796       12.468799280
        26.866599919       12.239348425
        24.947401404       11.987602802
        23.087229724       11.713854667
        21.287957911       11.418506019
        19.551397681       11.101898087
        17.879297603       10.764554032
        16.273341339       10.406910122
        14.735145952       10.029700450
        13.266260274        9.633359312
        11.868163348        9.218642561
        10.542262939        8.786065484
         9.289894117        8.336502725
         8.112317910        7.870568394
         7.010720039        7.389136475
         5.986209719        6.892474021
         5.039818544        6.381704223
         4.172499452        5.857608344
         3.385125758        5.320126549
         2.678490281        4.770723553
         2.053304543        4.209500856
         1.510198053        3.637397327
         1.049717673        3.054563836
         0.672327069        2.463012124
         0.378406240        1.859697360
         0.168251139        1.247382338
         0.042073376        0.626353699
         0.000000000       -0.000000222
         0.041236185       -0.618980097
         0.164904043       -1.234247908
         0.370881530       -1.840741181
         0.658965371       -2.438317956
         1.028871262       -3.025734116
         1.480234151       -3.602504884
         2.012608596       -4.170191369
         2.625469208       -4.726754559
         3.318211169       -5.271499501
         4.090150824       -5.804204709
         4.940526364       -6.324875660
         5.868498570       -6.832156945
         6.873151645       -7.325339030
         7.953494119       -7.804103501
         9.108459823       -8.267631484
        10.336908946       -8.715261444
        11.637629158       -9.146364726
        13.009336803       -9.559998299
        14.450678173       -9.955780299
        15.960230837      -10.333029797
        17.536505049      -10.691069540
        19.177945217      -11.029441169
        20.882931438      -11.347536172
        22.649781095      -11.644921039
        24.476750523      -11.921240315
        26.362036722      -12.176062057
        28.303779142      -12.409089090
        30.300061519      -12.620073874
        32.348913762      -12.808925574
        34.448313902      -12.975424184
        36.596190084      -13.119600517
        38.790422614      -13.241475473
        41.028846050      -13.341075678
        43.309251336      -13.418653134
        45.629387990      -13.474346690
        47.986966316      -13.508484775
        50.379659669      -13.521411348
        52.805106749      -13.513504310
        55.260913933      -13.485235601
        57.744657635      -13.437123079
        60.253886702      -13.369702588
        62.786124826      -13.283568840
        65.338872994      -13.179370584
        67.909611952      -13.057772782
        70.495804691      -12.919474483
        73.094898951      -12.765202189
        75.704329740      -12.595704623
        78.321521864      -12.411747158
        80.943892471      -12.214090511
        83.568853598      -12.003541890
        86.193814724      -11.780895109
        88.816185331      -11.546946143
        91.433377456      -11.302475272
        94.042808244      -11.048291699
        96.641902504      -10.785183492
        99.228095243      -10.513930884
       101.798834201      -10.235305808
       104.351582369       -9.950070938
       106.883820493       -9.658979261
       109.393049560       -9.362773544
       111.876793262       -9.062179556
       114.332600447       -8.757909218
       116.758047527       -8.450676030
       119.150740879       -8.141171136
       121.508319205       -7.830069302
       123.828455859       -7.518044492
       126.108861145       -7.205756518
       128.347284581       -6.893867027
       130.541517111       -6.583007544
       132.689393293       -6.273823891
       134.788793433       -5.966943493
       136.837645676       -5.662994985
       138.833928053       -5.362582609
       140.775670474       -5.066334930
       142.660956672       -4.774855967
       144.487926100       -4.488754915
       146.254775757       -4.208615738
       147.959761978       -3.935046590
       149.601202146       -3.668633980
       151.177476358       -3.409948211
       152.687029022       -3.159572931
       154.128370392       -2.918065841
       155.500078037       -2.685986423
       156.800798249       -2.463863706
       158.029247372       -2.252227219
       159.184213076       -2.051585250
       160.264555550       -1.862432115
       161.269208625       -1.685238900
       162.197180831       -1.520442722
       163.047556371       -1.368473856
       163.819496027       -1.229725082
       164.512237987       -1.104553901
       165.125098599       -0.993299432
       165.657473044       -0.896261475
       166.108835933       -0.813695324
       166.478741824       -0.745823707
       166.766825665       -0.647123428
       166.972803152       -0.469214661
       167.096471011       -0.245261994
       167.137707195        0.000000259
#
# SECTION 13 / 50   y = 60.408163   chord = 167.483757   x_le = 4.228571   x_te = 171.712329
#               x_mm               y_mm
       167.483757352        0.000000258
       167.441596866        0.247917001
       167.315157858        0.473785885
       167.104567642        0.651919916
       166.810038264        0.748533681
       166.431866292        0.817917160
       165.970432511        0.902311975
       165.426201547        1.001496109
       164.799721393        1.115189839
       164.091622863        1.243087222
       163.302618952        1.384835100
       162.433504119        1.540062067
       161.485153490        1.708347976
       160.458521973        1.889267722
       159.354643299        2.082346910
       158.174628980        2.287109288
       156.919667192        2.503028428
       155.591021573        2.729585500
       154.190029958        2.966233999
       152.718103027        3.212414756
       151.176722884        3.467559159
       149.567441569        3.731070068
       147.891879492        4.002368028
       146.151723803        4.280845947
       144.348726689        4.565901786
       142.484703617        4.856906690
       140.561531499        5.153253265
       138.581146808        5.454313135
       136.545543622        5.759451461
       134.456771622        6.068039157
       132.316934023        6.379434025
       130.128185461        6.692990753
       127.892729820        7.008052857
       125.612818014        7.323965279
       123.290745722        7.640051929
       120.928851073        7.955644356
       118.529512295        8.270052748
       116.095145319        8.582575763
       113.628201346        8.892519857
       111.131164379        9.199145046
       108.606548723        9.501732971
       106.056896453        9.799536636
       103.484774850       10.091797123
       100.892773825       10.377744794
        98.283503303       10.656599564
        95.659590597       10.927571086
        93.023677765       11.189842112
        90.378418948       11.442615748
        87.726477698       11.685080240
        85.070524295       11.916390976
        82.413233058       12.135745816
        79.757279654       12.342321872
        77.105338404       12.535281809
        74.460079587       12.713840760
        71.824166756       12.877199516
        69.200254050       13.024555656
        66.590983527       13.155165871
        63.998982502       13.268295709
        61.426860900       13.363239077
        58.877208629       13.439327333
        56.352592973       13.495914416
        53.855556006       13.532410879
        51.388612033       13.548301002
        48.954245057       13.543058081
        46.554906279       13.516259147
        44.193011630       13.467536039
        41.870939338       13.396579492
        39.591027533       13.303093401
        37.355571892       13.186962897
        35.166823330       13.047997477
        33.026985731       12.886205918
        30.938213730       12.701602133
        28.902610544       12.494229956
        26.922225853       12.264321076
        24.999053735       12.012070817
        23.135030663       11.737772098
        21.332033550       11.441828330
        19.591877860       11.124580152
        17.916315783       10.786553088
        16.307034468       10.428184556
        14.765654326       10.050208368
        13.293727394        9.653061472
        11.892735779        9.237501574
        10.564090160        8.804042648
         9.309128372        8.353563403
         8.129114053        7.886678274
         7.025235380        7.404262733
         5.998603863        6.906586078
         5.050253233        6.394772264
         4.181138401        5.869603999
         3.392134489        5.331023701
         2.684035959        4.780496926
         2.057555806        4.218125208
         1.513324841        3.644849072
         1.051891060        3.060823826
         0.673719088        2.468061766
         0.379189711        1.863506412
         0.168599495        1.249936516
         0.042160487        0.627634411
         0.000000000       -0.000000223
         0.041321562       -0.620245924
         0.165245469       -1.236775533
         0.371649422       -1.844511910
         0.660329726       -2.443312731
         1.031001488       -3.031935776
         1.483298900       -3.609886008
         2.016775600       -4.178736132
         2.630905109       -4.736435917
         3.325081357       -5.282298152
         4.098619274       -5.816092179
         4.950755474       -6.337828583
         5.880648999       -6.846146836
         6.887382158       -7.340336109
         7.969961426       -7.820077425
         9.127318428       -8.284551608
        10.358310993       -8.733094268
        11.661724279       -9.165075530
        13.036271976       -9.579551491
        14.480597570       -9.976138365
        15.993275686      -10.354153871
        17.572813494      -10.712920231
        19.217652181      -11.051977239
        20.926168490      -11.370715168
        22.696676320      -11.668699644
        24.527428395      -11.945575182
        26.416617983      -12.200907592
        28.362380683      -12.434401062
        30.362796261      -12.645805632
        32.415890549      -12.835030955
        34.519637391      -13.001857162
        36.671960642      -13.146314568
        38.870736220      -13.268424156
        41.113794197      -13.368213142
        43.398920948      -13.445933560
        45.723861327      -13.501724122
        48.086320899      -13.535914924
        50.483968202      -13.548850196
        52.914437048      -13.540909084
        55.375328856      -13.512563687
        57.864215024      -13.464333806
        60.378639322      -13.396755625
        62.916120317      -13.310425905
        65.474153821      -13.205994373
        68.050215364      -13.084127401
        70.641762684      -12.945525515
        73.246238237      -12.790916744
        75.861071720      -12.621051387
        78.483682608      -12.436696732
        81.111482700      -12.238614457
        83.741878676      -12.027613774
        86.372274652      -11.804490149
        89.000074745      -11.570041214
        91.622685632      -11.325049141
        94.237519115      -11.070324254
        96.841994668      -10.806656532
        99.433541988      -10.534827818
       102.009603531      -10.255611636
       104.567637035       -9.969772230
       107.105118030       -9.678064137
       109.619542328       -9.381231648
       112.108428496       -9.080001784
       114.569320305       -8.775088408
       116.999789150       -8.467206008
       119.397436453       -8.157047383
       121.759896025       -7.845288919
       124.084836405       -7.532605261
       126.369963155       -7.219658282
       128.613021133       -6.907110759
       130.811796710       -6.595595278
       132.964119961       -6.285759236
       135.067866803       -5.978231357
       137.120961091       -5.673641581
       139.121376669       -5.372595158
       141.067139369       -5.075722210
       142.956328957       -4.783628022
       144.787081032       -4.496923071
       146.557588863       -4.216192277
       148.266105171       -3.942045345
       149.910943858       -3.675070024
       151.490481666       -3.415837543
       153.003159782       -3.164933072
       154.447485376       -2.922915502
       155.822033073       -2.690345210
       157.125446359       -2.467752964
       158.356438924       -2.255668500
       159.513795927       -2.054602136
       160.596375195       -1.865048617
       161.603108353       -1.687480364
       162.533001879       -1.522335105
       163.385138078       -1.370044375
       164.158675996       -1.231001809
       164.852852243       -1.105565334
       165.466981752       -0.994075150
       166.000458452       -0.896831356
       166.452755864       -0.814090508
       166.823427626       -0.746074748
       167.112107931       -0.647572669
       167.318511884       -0.469640105
       167.442435790       -0.245508891
       167.483757352        0.000000258
#
# SECTION 14 / 50   y = 58.775510   chord = 167.829808   x_le = 4.114286   x_te = 171.944093
#               x_mm               y_mm
       167.829807510        0.000000257
       167.787559912        0.248166271
       167.660859659        0.474213055
       167.449834328        0.652364728
       167.154696403        0.748789974
       166.775743062        0.818320143
       166.313355880        0.902893523
       165.768000441        1.002287615
       165.140225872        1.116221735
       164.430664289        1.244389288
       163.640030160        1.386437039
       162.769119587        1.541992093
       161.818809503        1.710633405
       160.790056789        1.891935292
       159.683897313        2.085422330
       158.501444882        2.290617244
       157.243890128        2.506992156
       155.912499300        2.734027142
       154.508612996        2.971175134
       153.033644810        3.217875166
       151.489079912        3.473557714
       149.876473546        3.737624082
       148.197449471        4.009493878
       146.453698321        4.288558722
       144.646975906        4.574215039
       142.779101443        4.865833179
       140.851955722        5.162803951
       138.867479217        5.464497674
       136.827670125        5.770278689
       134.734582364        6.079516100
       132.590323494        6.391566627
       130.397052602        6.705783622
       128.156978126        7.021509007
       125.872355632        7.338086848
       123.545485540        7.654839192
       121.178710812        7.971096450
       118.774414589        8.286167162
       116.335017793        8.599349017
       113.862976691        8.909946579
       111.360780418        9.217218822
       108.830948473        9.520445439
       106.276028184        9.818878143
       103.698592137       10.111756459
       101.101235594       10.398309171
        98.486573871       10.677754591
        95.857239711       10.949300750
        93.215880632       11.212128448
        90.565156257       11.465439680
        87.907735642       11.708420753
        85.246294583       11.940225019
        82.583512927       12.160049246
        79.922071868       12.367068250
        77.264651253       12.560443559
        74.613926878       12.739388369
        71.972567798       12.903101804
        69.343233639       13.050779413
        66.728571916       13.181677012
        64.131215372       13.295058264
        61.553779326       13.390215588
        58.998859036       13.466478924
        56.469027092       13.523201247
        53.966830818       13.559791059
        51.494789716       13.575732354
        49.055392920       13.570496454
        46.651096697       13.543660349
        44.284321969       13.494854646
        41.957451877       13.423769397
        39.672829383       13.330108354
        37.432754908       13.213755369
        35.239484016       13.074520538
        33.095225146       12.912412110
        31.002137384       12.727444575
        28.962328293       12.519660670
        26.977851787       12.289293722
        25.050706067       12.036538839
        23.182831603       11.761689508
        21.376109188       11.465150673
        19.632358039       11.147262203
        17.953333963       10.808552178
        16.340727597       10.449459020
        14.796162699       10.070716317
        13.321194514        9.672763680
        11.917308210        9.256360538
        10.585917382        8.822019789
         9.328362627        8.370624147
         8.145910197        7.902788162
         7.039750720        7.419388998
         6.010998007        6.920698143
         5.060687922        6.407840313
         4.189777349        5.881599662
         3.399143221        5.341920861
         2.689581638        4.790270307
         2.061807069        4.226749568
         1.516451630        3.652300824
         1.054064448        3.067083823
         0.675111107        2.473111412
         0.379973181        1.867315469
         0.168947850        1.252490697
         0.042247597        0.628915125
         0.000000000       -0.000000224
         0.041406939       -0.621511752
         0.165586894       -1.239303161
         0.372417313       -1.848282644
         0.661694080       -2.448307512
         1.033131714       -3.038137442
         1.486363650       -3.617267138
         2.020942604       -4.187280902
         2.636341010       -4.746117283
         3.331951545       -5.293096809
         4.107087725       -5.827979657
         4.960984583       -6.350781514
         5.892799428       -6.860136735
         6.901612670       -7.355333195
         7.986428732       -7.836051356
         9.146177033       -8.301471739
        10.379713039       -8.750927100
        11.685819401       -9.183786343
        13.063207149       -9.599104692
        14.510516967       -9.996496439
        16.026320536      -10.375277954
        17.609121940      -10.734770931
        19.257359145      -11.074513317
        20.969405541      -11.393894172
        22.743571544      -11.692478257
        24.578106267      -11.969910057
        26.471199245      -12.225753136
        28.420982224      -12.459713043
        30.425531004      -12.671537398
        32.482867337      -12.861136346
        34.590960880      -13.028290149
        36.747731200      -13.173028629
        38.951049825      -13.295372848
        41.198742345      -13.395350616
        43.488590559      -13.473213996
        45.818334664      -13.529101565
        48.185675482      -13.563345082
        50.588276736      -13.576289054
        53.023767346      -13.568313869
        55.489743779      -13.539891784
        57.983772413      -13.491544545
        60.503391943      -13.423808673
        63.046115809      -13.337282980
        65.609434648      -13.232618174
        68.190818776      -13.110482031
        70.787720677      -12.971576557
        73.397577523      -12.816631310
        76.017813700      -12.646398162
        78.645843352      -12.461646319
        81.279072930      -12.263138415
        83.914903755      -12.051685669
        86.550734580      -11.828085201
        89.183964158      -11.593136296
        91.811993809      -11.347623021
        94.432229987      -11.092356820
        97.042086833      -10.828129583
        99.638988734      -10.555724764
       102.220372861      -10.275917477
       104.783691701       -9.989473534
       107.326415566       -9.697149024
       109.846035096       -9.399689764
       112.340063730       -9.097824024
       114.806040163       -8.792267611
       117.241530774       -8.483735998
       119.644132027       -8.172923642
       122.011472846       -7.860508549
       124.341216950       -7.547166043
       126.631065165       -7.233560060
       128.878757685       -6.920354505
       131.082076309       -6.608183027
       133.238846629       -6.297694596
       135.346940173       -5.989519237
       137.404276505       -5.684288194
       139.408825285       -5.382607722
       141.358608264       -5.085109507
       143.251701242       -4.792400095
       145.086235965       -4.505091245
       146.860401968       -4.223768835
       148.572448364       -3.949044118
       150.220685570       -3.681506087
       151.803486974       -3.421726896
       153.319290542       -3.170293233
       154.766600361       -2.927765184
       156.143988108       -2.694704018
       157.450094470       -2.471642243
       158.683630477       -2.259109805
       159.843378777       -2.057619046
       160.928194840       -1.867665143
       161.937008081       -1.689721853
       162.868822926       -1.524227513
       163.722719785       -1.371614919
       164.497855965       -1.232278561
       165.193466499       -1.106576793
       165.808864905       -0.994850895
       166.343443859       -0.897401263
       166.796675795       -0.814485720
       167.168113429       -0.746325816
       167.457390196       -0.648020948
       167.664220615       -0.470064771
       167.788400570       -0.245755629
       167.829807510        0.000000257
#
# SECTION 15 / 50   y = 57.142857   chord = 168.175858   x_le = 4.000000   x_te = 172.175858
#               x_mm               y_mm
       168.175857667        0.000000152
       168.133522958        0.248414115
       168.006561461        0.474639716
       167.795101014        0.652808433
       167.499354541        0.749046293
       167.119619832        0.818723154
       166.656279248        0.903475098
       166.109799335        1.003079147
       165.480730351        1.117253658
       164.769705715        1.245691380
       163.977441369        1.388039004
       163.104735055        1.543922144
       162.152465516        1.712918859
       161.121591606        1.894602885
       160.013151327        2.088497774
       158.828260784        2.294125057
       157.568113063        2.510955907
       156.233977026        2.738468806
       154.827196033        2.976116291
       153.349186594        3.223335596
       151.801436940        3.479556288
       150.185505523        3.744178115
       148.503019450        4.016619747
       146.755672840        4.296271515
       144.945225124        4.582528308
       143.073499269        4.874759685
       141.142379945        5.172354653
       139.153811625        5.474682228
       137.109796629        5.781105932
       135.012393106        6.090993059
       132.863712965        6.403699244
       130.665919743        6.718576505
       128.421226433        7.034965170
       126.131893250        7.352208430
       123.800225359        7.669626467
       121.428570551        7.986548557
       119.019316883        8.302281590
       116.574890268        8.616122285
       114.097752036        8.927373314
       111.590396456        9.235292611
       109.055348223        9.539157920
       106.495159915        9.838219662
       103.912409424       10.131715807
       101.309697362       10.418873560
        98.689644439       10.698909630
        96.054888826       10.971030425
        93.408083499       11.234414795
        90.751893566       11.488263624
        88.088993585       11.731761278
        85.422064871       11.964059073
        82.753792796       12.184352688
        80.086864082       12.391814639
        77.423964101       12.585605320
        74.767774168       12.764935990
        72.120968841       12.929004102
        69.486213228       13.077003182
        66.866160304       13.208188164
        64.263448242       13.321820830
        61.680697752       13.417192109
        59.120509444       13.493630526
        56.585461210       13.550488090
        54.078105631       13.587171249
        51.600967399       13.603163717
        49.156540784       13.597934838
        46.747287115       13.571061562
        44.375632308       13.522173263
        42.043964417       13.450959313
        39.754631234       13.357123317
        37.509937924       13.240547850
        35.312144702       13.101043608
        33.163464561       12.938618311
        31.066061038       12.753287026
        29.022046042       12.545091392
        27.033477722       12.314266376
        25.102358398       12.061006869
        23.230632543       11.785606927
        21.420184827       11.488473023
        19.672838217       11.169944262
        17.990352143       10.830551277
        16.374420726       10.470733492
        14.826671072       10.091224273
        13.348661634        9.692465896
        11.941880641        9.275219509
        10.607744603        8.839996938
         9.347596882        8.387684898
         8.162706340        7.918898057
         7.054266061        7.434515272
         6.023392151        6.934810216
         5.071122611        6.420908370
         4.198416298        5.893595332
         3.406151952        5.352818029
         2.695127316        4.800043694
         2.066058332        4.235373935
         1.519578418        3.659752582
         1.056237835        3.073343825
         0.676503126        2.478161065
         0.380756652        1.871124531
         0.169296206        1.255044882
         0.042334708        0.630195842
         0.000000000       -0.000000207
         0.041492317       -0.622777583
         0.165928319       -1.241830793
         0.373185205       -1.852053382
         0.663058435       -2.453302299
         1.035261940       -3.044339114
         1.489428400       -3.624648276
         2.025109608       -4.195825679
         2.641776911       -4.755798656
         3.338821733       -5.303895474
         4.115556175       -5.839867143
         4.971213693       -6.363734452
         5.904949857       -6.874126640
         6.915843182       -7.370330289
         8.002896039       -7.852025295
         9.165035637       -8.318391878
        10.401115086       -8.768759939
        11.709914523       -9.202497163
        13.090142322       -9.618657899
        14.540436364      -10.016854522
        16.059365385      -10.396402045
        17.645430385      -10.756621639
        19.297066110      -11.097049403
        21.012642593      -11.417073184
        22.790466769      -11.716256879
        24.628784139      -11.994244941
        26.525780507      -12.250598689
        28.479583765      -12.485025033
        30.488265747      -12.697269174
        32.549844124      -12.887241746
        34.662284369      -13.054723146
        36.823501758      -13.199742700
        39.031363430      -13.322321550
        41.283690493      -13.422488101
        43.578260170      -13.500494442
        45.912808000      -13.556479018
        48.285030066      -13.590775252
        50.692585269      -13.603727922
        53.133097645      -13.595718665
        55.604158703      -13.567219893
        58.103329802      -13.518755294
        60.628144564      -13.450861733
        63.176111300      -13.364140067
        65.744715475      -13.259241986
        68.331422188      -13.136836673
        70.933678670      -12.997627611
        73.548916809      -12.842345888
        76.174555680      -12.671744949
        78.808004096      -12.486595755
        81.446663159      -12.287662385
        84.087928833      -12.075757576
        86.729194507      -11.851680265
        89.367853571      -11.616231390
        92.001301986      -11.370196912
        94.626940858      -11.114389399
        97.242178997      -10.849602646
        99.844435479      -10.576621721
       102.431142191      -10.296223329
       104.999746367      -10.009174850
       107.547713103       -9.716233924
       110.072527865       -9.418147892
       112.571698964       -9.115646277
       115.042760021       -8.809446826
       117.483272397       -8.500266001
       119.890827601       -8.188799894
       122.263049666       -7.875728182
       124.597597496       -7.561726853
       126.892167174       -7.247461863
       129.144494237       -6.933598252
       131.352355909       -6.620770771
       133.513573297       -6.309629970
       135.626013542       -6.000807131
       137.687591920       -5.694934822
       139.696273901       -5.392620303
       141.650077160       -5.094496820
       143.547073527       -4.801172185
       145.385390898       -4.513259436
       147.163215074       -4.231345411
       148.878791557       -3.956042910
       150.530427281       -3.687942170
       152.116492281       -3.427616268
       153.635421302       -3.175653415
       155.085715345       -2.932614887
       156.465943144       -2.699062848
       157.774742581       -2.475531546
       159.010822029       -2.262551132
       160.172961628       -2.060635979
       161.260014484       -1.870281692
       162.270907810       -1.691963366
       163.204643974       -1.526119945
       164.060301492       -1.373185489
       164.837035934       -1.233555339
       165.534080756       -1.107588278
       166.150748059       -0.995626666
       166.686429267       -0.897971196
       167.140595727       -0.814880958
       167.512799232       -0.746576912
       167.802672462       -0.648467577
       168.009929347       -0.470489284
       168.134365350       -0.246001141
       168.175857667        0.000000152
#
# SECTION 16 / 50   y = 55.510204   chord = 168.521908   x_le = 3.885714   x_te = 172.407622
#               x_mm               y_mm
       168.521907824        0.000000151
       168.479486005        0.248661812
       168.352263263        0.475065379
       168.140367701        0.653251141
       167.844012679        0.749302640
       167.463496602        0.819126191
       166.999202617        0.904056700
       166.451598229        1.003870705
       165.821234829        1.118285606
       165.108747141        1.246993497
       164.314852577        1.389640993
       163.440350523        1.545852219
       162.486121529        1.715204337
       161.453126422        1.897270502
       160.342405340        2.091573242
       159.155076686        2.297632744
       157.892335999        2.514919680
       156.555454752        2.742910491
       155.145779070        2.981057468
       153.664728378        3.228796047
       152.113793968        3.485554881
       150.494537500        3.750732167
       148.808589428        4.023745634
       147.057647358        4.303984327
       145.243474341        4.590841595
       143.367897095        4.883686209
       141.432804168        5.181905372
       139.440144034        5.484866799
       137.391923132        5.791933190
       135.290203849        6.102470032
       133.137102436        6.415831876
       130.934786884        6.731369403
       128.685474740        7.048421348
       126.391430868        7.366330026
       124.054965177        7.684413756
       121.678430291        8.002000678
       119.264219177        8.318396030
       116.814762742        8.632895564
       114.332527381        8.944800062
       111.820012495        9.253366412
       109.279747973        9.557870412
       106.714291646        9.857561192
       104.126226711       10.151675167
       101.518159131       10.439437960
        98.892715007       10.720064681
        96.252537941       10.992760112
        93.600286366       11.256701154
        90.938630874       11.511087579
        88.270251528       11.755101814
        85.597835159       11.987893139
        82.924072665       12.208656142
        80.251656296       12.416561040
        77.583276950       12.610767093
        74.921621458       12.790483571
        72.269369883       12.954906358
        69.629192817       13.103226962
        67.003748693       13.234699327
        64.395681113       13.348583407
        61.807616178       13.444168642
        59.242159851       13.520782139
        56.701895329       13.577774943
        54.189380443       13.614551451
        51.707145082       13.630595091
        49.257688647       13.625373232
        46.843477533       13.598462785
        44.466942647       13.549491890
        42.130476956       13.478149238
        39.836433084       13.384138289
        37.587120940       13.267340341
        35.384805388       13.127566687
        33.231703975       12.964824522
        31.129984692       12.779129486
        29.081763790       12.570522123
        27.089103656       12.339239039
        25.154010729       12.085474908
        23.278433483       11.809524355
        21.464260466       11.511795382
        19.713318396       11.192626329
        18.027370323       10.852550383
        16.408113855       10.492007972
        14.857179446       10.111732237
        13.376128754        9.712168119
        11.966453072        9.294078487
        10.629571825        8.857974094
         9.366831138        8.404745657
         8.179502484        7.935007960
         7.068781402        7.449641552
         6.035786295        6.948922296
         5.081557301        6.433976434
         4.207055247        5.905591010
         3.413160683        5.363715203
         2.700672994        4.809817089
         2.070309595        4.243998308
         1.522705207        3.667204348
         1.058411222        3.079603834
         0.677895145        2.483210722
         0.381540123        1.874933597
         0.169644561        1.257599070
         0.042421819        0.631476560
         0.000000000       -0.000000210
         0.041577694       -0.624043415
         0.166269745       -1.244358428
         0.373953096       -1.855824125
         0.664422789       -2.458297092
         1.037392166       -3.050540793
         1.492493150       -3.632029420
         2.029276612       -4.204370463
         2.647212812       -4.765480037
         3.345691921       -5.314694147
         4.124024625       -5.851754636
         4.981442802       -6.376687398
         5.917100286       -6.888116554
         6.930073695       -7.385327390
         8.019363346       -7.867999241
         9.183894242       -8.335312025
        10.422517132       -8.786592786
        11.734009644       -9.221207993
        13.117077495       -9.638211115
        14.570355762      -10.037212611
        16.092410235      -10.417526144
        17.681738831      -10.778472354
        19.336773074      -11.119585498
        21.055879645      -11.440252205
        22.837361994      -11.740035509
        24.679462012      -12.018579834
        26.580361769      -12.275444251
        28.538185306      -12.510337032
        30.551000489      -12.723000959
        32.616820912      -12.913347156
        34.733607858      -13.081156153
        36.899272316      -13.226456780
        39.111677035      -13.349270262
        41.368638640      -13.449625595
        43.667929782      -13.527774898
        46.007281337      -13.583856481
        48.384384649      -13.618205432
        50.796893803      -13.631166801
        53.242427944      -13.623123471
        55.718573626      -13.594548011
        58.222887191      -13.545966054
        60.752897184      -13.477914803
        63.306106791      -13.390997165
        65.879996302      -13.285865808
        68.472025600      -13.163191326
        71.079636663      -13.023678676
        73.700256095      -12.868060477
        76.331297661      -12.697091748
        78.970164840      -12.511545054
        81.614253389      -12.312186365
        84.260953912      -12.099829495
        86.907654435      -11.875275340
        89.551742984      -11.639326496
        92.190610163      -11.392770815
        94.821651729      -11.136421989
        97.442271161      -10.871075721
       100.049882224      -10.597518691
       102.641911521      -10.316529193
       105.215801033      -10.028876178
       107.769010640       -9.735318836
       110.299020633       -9.436606032
       112.803334198       -9.133468542
       115.279479880       -8.826626054
       117.725014021       -8.516796017
       120.137523175       -8.204676179
       122.514626487       -7.890947839
       124.853978042       -7.576287662
       127.153269184       -7.261363669
       129.410230788       -6.946842026
       131.622635508       -6.633358548
       133.788299966       -6.321565360
       135.905086912       -6.012095041
       137.970907335       -5.705581465
       139.983722517       -5.402632900
       141.941546055       -5.103884149
       143.842445812       -4.809944292
       145.684545830       -4.521427645
       147.466028179       -4.238922005
       149.185134750       -3.963041720
       150.840168993       -3.694378272
       152.429497589       -3.433505660
       153.951552062       -3.181013617
       155.404830329       -2.937464611
       156.787898179       -2.703421699
       158.099390692       -2.479420870
       159.338013582       -2.265992482
       160.502544478       -2.063652936
       161.591834129       -1.872898266
       162.604807538       -1.694204903
       163.540465021       -1.528012403
       164.397883199       -1.374756084
       165.176215903       -1.234832142
       165.874695012       -1.108599790
       166.492631212       -0.996402464
       167.029414674       -0.898541157
       167.484515658       -0.815276223
       167.857485035       -0.746828034
       168.147954728       -0.648913116
       168.355638079       -0.470912448
       168.480330130       -0.246246654
       168.521907824        0.000000151
#
# SECTION 17 / 50   y = 53.877551   chord = 168.867958   x_le = 3.771429   x_te = 172.639387
#               x_mm               y_mm
       168.867957981        0.000000149
       168.825449051        0.248909557
       168.697965065        0.475491049
       168.485634387        0.653692379
       168.188670817        0.749559014
       167.807373372        0.819529255
       167.342125985        0.904638328
       166.793397123        1.004662290
       166.161739308        1.119317580
       165.447788566        1.248295639
       164.652263785        1.391243007
       163.775965992        1.547782319
       162.819777542        1.717489839
       161.784661238        1.899938143
       160.671659354        2.094648732
       159.481892588        2.301140453
       158.216558935        2.518883474
       156.876932478        2.747352197
       155.464362107        2.985998666
       153.980270162        3.234256518
       152.426150997        3.491553494
       150.803569478        3.757286238
       149.114159407        4.030871539
       147.359621877        4.311697156
       145.541723559        4.599154899
       143.662294922        4.892612748
       141.723228391        5.191456107
       139.726476442        5.495051385
       137.674049636        5.802760464
       135.568014591        6.113947020
       133.410491907        6.427964522
       131.203654026        6.744162315
       128.949723046        7.061877539
       126.650968486        7.380451636
       124.309704996        7.699201058
       121.928290030        8.017452811
       119.509121471        8.334510483
       117.054635216        8.649668856
       114.567302726        8.962226822
       112.049628534        9.271440225
       109.504147723        9.576582917
       106.933423377        9.876902735
       104.340043998       10.171634539
       101.726620899       10.460002373
        99.095785575       10.741219743
        96.450187055       11.014489811
        93.792489232       11.278987525
        91.125368183       11.533911546
        88.451509472       11.778442361
        85.773605448       12.011727216
        83.094352533       12.232959607
        80.416448510       12.441307452
        77.742589798       12.635928876
        75.075468749       12.816031214
        72.417770926       12.980808678
        69.772172406       13.129450753
        67.141337082       13.261210501
        64.527913983       13.375345995
        61.934534604       13.471145185
        59.363810258       13.547933763
        56.818329447       13.605061806
        54.300655255       13.641931663
        51.813322765       13.658026474
        49.358836510       13.652811637
        46.939667951       13.625864018
        44.558252985       13.576810527
        42.216989495       13.505339174
        39.918234935       13.411153272
        37.664303956       13.294132842
        35.457466075       13.154089776
        33.299943390       12.991030741
        31.193908346       12.804971951
        29.141481539       12.595952914
        27.144729590       12.364211664
        25.205663060       12.109942927
        23.326234422       11.833441787
        21.508336104       11.535117749
        19.753798574       11.215308404
        18.064388504       10.874549497
        16.441806984       10.513282459
        14.887687819       10.132240208
        13.403595874        9.731870350
        11.991025503        9.312937473
        10.651399046        8.875951258
         9.386065393        8.421806424
         8.196298627        7.951117871
         7.083296743        7.464767840
         6.048180439        6.963034383
         5.091991990        6.447044506
         4.215694196        5.917586696
         3.420169415        5.374612385
         2.706218673        4.819590492
         2.074560858        4.252622689
         1.525831996        3.674656121
         1.060584610        3.085863849
         0.679287164        2.488260385
         0.382323594        1.878742668
         0.169992916        1.260153261
         0.042508930        0.632757280
         0.000000000       -0.000000214
         0.041663072       -0.625309249
         0.166611170       -1.246886067
         0.374720987       -1.859594873
         0.665787144       -2.463291890
         1.039522392       -3.056742477
         1.495557900       -3.639410571
         2.033443616       -4.212915254
         2.652648713       -4.775161426
         3.352562109       -5.325492826
         4.132493075       -5.863642136
         4.991671912       -6.389640351
         5.929250715       -6.902106474
         6.944304207       -7.400324499
         8.035830653       -7.883973195
         9.202752847       -8.352232179
        10.443919178       -8.804425641
        11.758104766       -9.239918829
        13.144012668       -9.657764339
        14.600275159      -10.057570709
        16.125455085      -10.438650250
        17.718047276      -10.800323078
        19.376480038      -11.142121600
        21.099116697      -11.463431234
        22.884257218      -11.763814148
        24.730139884      -12.042914735
        26.634943031      -12.300289821
        28.596786848      -12.535649040
        30.613735232      -12.748732753
        32.683797699      -12.939452575
        34.804931348      -13.107589169
        36.975042874      -13.253170869
        39.191990641      -13.376218984
        41.453586788      -13.476763100
        43.757599393      -13.555055365
        46.101754674      -13.611233916
        48.483739232      -13.645635607
        50.901202337      -13.658605685
        53.351758243      -13.650528255
        55.832988549      -13.621876147
        58.342444580      -13.573176774
        60.877649805      -13.504967940
        63.436102283      -13.417854284
        66.015277130      -13.312489621
        68.612629012      -13.189545990
        71.225594656      -13.049729744
        73.851595381      -12.893775084
        76.488039641      -12.722438579
        79.132325584      -12.536494375
        81.781843618      -12.336710367
        84.433978991      -12.123901378
        87.086114363      -11.898870429
        89.735632397      -11.662421647
        92.379918340      -11.415344730
        95.016362600      -11.158454591
        97.642363325      -10.892548808
       100.255328970      -10.618415672
       102.852680852      -10.336835069
       105.431855699      -10.048577518
       107.990308176       -9.754403759
       110.525513401       -9.455064184
       113.034969432       -9.151290819
       115.516199738       -8.843805294
       117.966755645       -8.533326045
       120.384218749       -8.220552477
       122.766203308       -7.906167508
       125.110358588       -7.590848484
       127.414371193       -7.275265487
       129.675967340       -6.960085814
       131.892915107       -6.645946340
       134.063026634       -6.333500764
       136.184160282       -6.023382965
       138.254222749       -5.716228124
       140.271171134       -5.412645513
       142.233014951       -5.113271496
       144.137818097       -4.818716415
       145.983700763       -4.529595871
       147.768841284       -4.246498617
       149.491477943       -3.970040549
       151.149910705       -3.700814393
       152.742502897       -3.439395072
       154.267682822       -3.186373840
       155.723945314       -2.942314356
       157.109853215       -2.707780572
       158.424038803       -2.483310216
       159.665205134       -2.269433855
       160.832127329       -2.066669915
       161.923653774       -1.875514863
       162.938707266       -1.696446464
       163.876286069       -1.529904884
       164.735464906       -1.376326704
       165.515395872       -1.236108971
       166.215309268       -1.109611326
       166.834514365       -0.997178287
       167.372400081       -0.899111144
       167.828435590       -0.815671516
       168.202170838       -0.747079184
       168.493236994       -0.649357701
       168.701346811       -0.471335620
       168.826294909       -0.246492173
       168.867957981        0.000000149
#
# SECTION 18 / 50   y = 52.244898   chord = 169.214008   x_le = 3.657143   x_te = 172.871151
#               x_mm               y_mm
       169.214008138        0.000000148
       169.171412098        0.249157154
       169.043666866        0.475915238
       168.830901073        0.654132304
       168.533328955        0.749815415
       168.151250141        0.819932345
       167.685049354        0.905219982
       167.135196017        1.005453900
       166.502243787        1.120349579
       165.786829992        1.249597807
       164.989674994        1.392845046
       164.111581460        1.549712444
       163.153433556        1.719775365
       162.116196055        1.902605806
       161.000913368        2.097724245
       159.808708490        2.304648184
       158.540781871        2.522847291
       157.198410204        2.751793924
       155.782945145        2.990939885
       154.295811946        3.239717008
       152.738508025        3.497552127
       151.112601455        3.763840328
       149.419729385        4.037997463
       147.661596396        4.319410003
       145.839972776        4.607468220
       143.956692748        4.901539305
       142.013652614        5.201006859
       140.012808851        5.505235986
       137.956176139        5.813587753
       135.845825333        6.125424023
       133.683881378        6.440097191
       131.472521167        6.756955264
       129.213971353        7.075333737
       126.910506104        7.394573240
       124.564444814        7.713988379
       122.178149769        8.032904975
       119.754023765        8.350624937
       117.294507691        8.666442140
       114.802078072        8.979653594
       112.279244572        9.289514050
       109.728547473        9.595295434
       107.152555108        9.896244289
       104.553861285       10.191593922
       101.935082668       10.480566796
        99.298856144       10.762374817
        96.647836170       11.036219521
        93.984692099       11.301273907
        91.312105491       11.556735524
        88.632767415       11.801782920
        85.949375736       12.035561305
        83.264632402       12.257263083
        80.581240723       12.466053876
        77.901902647       12.661090671
        75.229316039       12.841578868
        72.566171968       13.006711009
        69.915151995       13.155674555
        67.278925471       13.287721686
        64.660146853       13.402108595
        62.061453030       13.498121739
        59.485460666       13.575085398
        56.934763566       13.632348681
        54.411930067       13.669311886
        51.919500448       13.685457869
        49.459984374       13.680250052
        47.035858369       13.653265261
        44.649563324       13.604129174
        42.303502035       13.532529119
        40.000036786       13.438168264
        37.741486972       13.320925352
        35.530126761       13.180612875
        33.368182805       13.017236970
        31.257831999       12.830814429
        29.201199288       12.621383663
        27.200355525       12.389184344
        25.257315391       12.134410982
        23.374035362       11.857359232
        21.552411743       11.558440124
        19.794278753       11.237990488
        18.101406684       10.896548620
        16.475500113       10.534556955
        14.918196192       10.152748188
        13.431062994        9.751572588
        12.015597934        9.331796467
        10.673226268        8.893928429
         9.405299648        8.438867197
         8.213094770        7.967227788
         7.097812083        7.479894136
         6.060574583        6.977146478
         5.102426679        6.460112584
         4.224333144        5.929582388
         3.427178146        5.385509575
         2.711764351        4.829363901
         2.078812121        4.261247077
         1.528958784        3.682107900
         1.062757997        3.092123870
         0.680679184        2.493310053
         0.383107065        1.882551744
         0.170341272        1.262707456
         0.042596041        0.634038002
         0.000000000       -0.000000218
         0.041748449       -0.626575085
         0.166952596       -1.249413709
         0.375488879       -1.863365625
         0.667151498       -2.468286694
         1.041652617       -3.062944168
         1.498622650       -3.646791729
         2.037610621       -4.221460052
         2.658084614       -4.784842821
         3.359432298       -5.336291513
         4.140961525       -5.875529644
         5.001901022       -6.402593311
         5.941401144       -6.916096402
         6.958534719       -7.415321615
         8.052297959       -7.899947156
         9.221611452       -8.369152340
        10.465321225       -8.822258503
        11.782199888       -9.258629673
        13.170947841       -9.677317569
        14.630194556      -10.077928814
        16.158499934      -10.459774364
        17.754355722      -10.822173809
        19.416187002      -11.164657711
        21.142353749      -11.486610272
        22.931152443      -11.787592795
        24.780817756      -12.067249644
        26.689524292      -12.325135400
        28.655388389      -12.560961057
        30.676469975      -12.774464555
        32.750774487      -12.965558003
        34.876254837      -13.134022194
        37.050813432      -13.279884968
        39.272304246      -13.403167715
        41.538534935      -13.503900614
        43.847269004      -13.582335841
        46.196228010      -13.638611399
        48.583093815      -13.673065808
        51.005510870      -13.686044584
        53.461088542      -13.677933083
        55.947403473      -13.649204288
        58.462001969      -13.600387555
        61.002402425      -13.532021032
        63.566097774      -13.444711403
        66.150557957      -13.339113465
        68.753232424      -13.215900665
        71.371552649      -13.075780832
        74.002934667      -12.919489696
        76.644781621      -12.747785400
        79.294486328      -12.561443696
        81.949433848      -12.361234370
        84.607004069      -12.147973319
        87.264574290      -11.922465527
        89.919521811      -11.685516776
        92.569226517      -11.437918656
        95.211073471      -11.180487204
        97.842455489      -10.914021906
       100.460775715      -10.639312664
       103.063450182      -10.357140956
       105.647910365      -10.068278869
       108.211605713       -9.773488695
       110.752006170       -9.473522348
       113.266604666       -9.169113109
       115.752919596       -8.860984546
       118.208497268       -8.549856086
       120.630914323       -8.236428788
       123.017780128       -7.921387190
       125.366739134       -7.605409320
       127.675473203       -7.289167320
       129.941703892       -6.973329615
       132.163194706       -6.658534146
       134.337753302       -6.345436182
       136.463233652       -6.034670905
       138.537538164       -5.726874799
       140.558619750       -5.422658142
       142.524483846       -5.122658858
       144.433190382       -4.827488556
       146.282855696       -4.537764114
       148.071654390       -4.254075246
       149.797821136       -3.977039397
       151.459652417       -3.707250534
       153.055508204       -3.445284503
       154.583813582       -3.191734082
       156.043060298       -2.947164121
       157.431808250       -2.712139466
       158.748686914       -2.487199584
       159.992396687       -2.272875249
       161.161710179       -2.069686918
       162.255473419       -1.878131484
       163.272606994       -1.698688050
       164.212107117       -1.531797391
       165.073046613       -1.377897349
       165.854575841       -1.237385825
       166.555923524       -1.110622889
       167.176397518       -0.997954137
       167.715385489       -0.899681156
       168.172355521       -0.816066834
       168.546856640       -0.747330360
       168.838519259       -0.649800785
       169.047055542       -0.471757707
       169.172259689       -0.246737515
       169.214008138        0.000000148
#
# SECTION 19 / 50   y = 50.612245   chord = 169.560058   x_le = 3.542857   x_te = 173.102915
#               x_mm               y_mm
       169.560058296        0.000000147
       169.517375144        0.249404876
       169.389368668        0.476339408
       169.176167759        0.654571239
       168.877987093        0.750071842
       168.495126911        0.820335462
       168.027972723        0.905801662
       167.476994912        1.006245536
       166.842748266        1.121381604
       166.125871418        1.250899999
       165.327086202        1.394447110
       164.447196928        1.551642593
       163.487089569        1.722060914
       162.447730871        1.905273494
       161.330167382        2.100799780
       160.135524392        2.308155938
       158.865004807        2.526811129
       157.519887930        2.756235673
       156.101528182        2.995881124
       154.611353730        3.245177519
       153.050865053        3.503550779
       151.421633432        3.770394437
       149.725299364        4.045123405
       147.963570914        4.327122867
       146.138221994        4.615781559
       144.251090574        4.910465878
       142.304076837        5.210557626
       140.299141259        5.515420604
       138.238302642        5.824415058
       136.123636076        6.136901041
       133.957270849        6.452229866
       131.741388308        6.769748204
       129.478219659        7.088789956
       127.170043722        7.408694876
       124.819184633        7.728775707
       122.428009508        8.048357134
       119.998926059        8.366739415
       117.534380165        8.683215456
       115.036853417        8.997080378
       112.508860611        9.307587887
       109.952947223        9.614007962
       107.371686840        9.915585855
       104.767678572       10.211553317
       102.143544436       10.501131232
        99.501926712       10.783529902
        96.845485285       11.057949242
        94.176894966       11.323560300
        91.498842800       11.579559514
        88.814025358       11.825123490
        86.125146024       12.059395404
        83.434912271       12.281566570
        80.746032937       12.490800311
        78.061215496       12.686252478
        75.383163329       12.867126533
        72.714573011       13.032613352
        70.058131584       13.181898368
        67.416513860       13.314232883
        64.792379723       13.428871205
        62.188371456       13.525098304
        59.607111073       13.602237043
        57.051197684       13.659635566
        54.523204879       13.696692119
        52.025678130       13.712889274
        49.561132237       13.707688477
        47.132048788       13.680666515
        44.740873663       13.631447831
        42.390014574       13.559719075
        40.081838636       13.465183266
        37.818669988       13.347717871
        35.602787447       13.207135983
        33.436422220       13.043443208
        31.321755653       12.856656917
        29.260917036       12.646814421
        27.255981459       12.414157034
        25.308967722       12.158879046
        23.421836302       11.881276685
        21.596487381       11.581762508
        19.834758932       11.260672579
        18.138424864       10.918547750
        16.509193242       10.555831458
        14.948704566       10.173256175
        13.458530114        9.771274834
        12.040170365        9.350655468
        10.695053489        8.911905608
         9.424533903        8.455927979
         8.229890914        7.983337713
         7.112327424        7.495020439
         6.072968727        6.991258581
         5.112861368        6.473180671
         4.232972093        5.941578089
         3.434186878        5.396406771
         2.717310030        4.839137318
         2.083063384        4.269871472
         1.532085573        3.689559686
         1.064931384        3.098383897
         0.682071203        2.498359726
         0.383890536        1.886360824
         0.170689627        1.265261654
         0.042683151        0.635318726
         0.000000000       -0.000000222
         0.041833827       -0.627840923
         0.167294021       -1.251941354
         0.376256770       -1.867136382
         0.668515852       -2.473281504
         1.043782843       -3.069145864
         1.501687400       -3.654172894
         2.041777625       -4.230004857
         2.663520515       -4.794524224
         3.366302486       -5.347090207
         4.149429975       -5.887417159
         5.012130131       -6.415546278
         5.953551573       -6.930086337
         6.972765232       -7.430318738
         8.068765266       -7.915921124
         9.240470056       -8.386072509
        10.486723271       -8.840091372
        11.806295010       -9.277340524
        13.197883013       -9.696870808
        14.660113953      -10.098286927
        16.191544784      -10.480898486
        17.790664167      -10.844024549
        19.455893966      -11.187193829
        21.185590800      -11.509789317
        22.978047667      -11.811371450
        24.831495628      -12.091584563
        26.744105554      -12.349980988
        28.713989930      -12.586273083
        30.739204717      -12.800196367
        32.817751274      -12.991663440
        34.947578326      -13.160455229
        37.126583990      -13.306599077
        39.352617851      -13.430116456
        41.623483083      -13.531038138
        43.936938615      -13.609616328
        46.290701347      -13.665988892
        48.682448398      -13.700496018
        51.109819404      -13.713483495
        53.570418841      -13.705337921
        56.061818396      -13.676532438
        58.581559358      -13.627598348
        61.127155046      -13.559074135
        63.696093265      -13.471568534
        66.285838784      -13.365737321
        68.893835835      -13.242255351
        71.517510642      -13.101831930
        74.154273953      -12.945204318
        76.801523602      -12.773132233
        79.456647072      -12.586393029
        82.117024078      -12.385758385
        84.780029148      -12.172045271
        87.443034218      -11.946060637
        90.103411224      -11.708611916
        92.758534694      -11.460492594
        95.405784343      -11.202519828
        98.042547654      -10.935495016
       100.666222460      -10.660209668
       103.274219512      -10.377446855
       105.863965030      -10.087980233
       108.432903250       -9.792573642
       110.978498938       -9.491980524
       113.498239900       -9.186935410
       115.989639454       -8.878163811
       118.450238892       -8.566386139
       120.877609897       -8.252305111
       123.269356949       -7.936606704
       125.623119680       -7.619970168
       127.936575213       -7.303069165
       130.207440444       -6.986573430
       132.433474306       -6.671121966
       134.612479970       -6.357371615
       136.742307021       -6.045958859
       138.820853578       -5.737521488
       140.846068366       -5.432670786
       142.815952741       -5.132046236
       144.728562667       -4.836260713
       146.582010628       -4.545932264
       148.374467495       -4.261651894
       150.104164329       -3.984038262
       151.769394128       -3.713686693
       153.368513512       -3.451173954
       154.899944342       -3.197094345
       156.362175282       -2.952013907
       157.753763286       -2.716498381
       159.073335024       -2.491088974
       160.319588239       -2.276316666
       161.491293030       -2.072703943
       162.587293064       -1.880748128
       163.606506722       -1.700929659
       164.547928164       -1.533689921
       165.410628320       -1.379468018
       166.193755810       -1.238662704
       166.896537780       -1.111634477
       167.518280671       -0.998730012
       168.058370896       -0.900251195
       168.516275452       -0.816462110
       168.891542443       -0.747581563
       169.183801525       -0.650242645
       169.392764274       -0.472179383
       169.518224469       -0.246983019
       169.560058296        0.000000147
#
# SECTION 20 / 50   y = 48.979592   chord = 169.906108   x_le = 3.428571   x_te = 173.334680
#               x_mm               y_mm
       169.906108453        0.000000147
       169.863338191        0.249651336
       169.735070470        0.476762648
       169.521434446        0.655008919
       169.222645231        0.750328295
       168.839003681        0.820738605
       168.370896091        0.906383368
       167.818793806        1.007037198
       167.183252744        1.122413655
       166.464912844        1.252202217
       165.664497411        1.396049198
       164.782812396        1.553572765
       163.820745582        1.724346487
       162.779265688        1.907941204
       161.659421396        2.103875338
       160.462340294        2.311663713
       159.189227742        2.530774988
       157.841365656        2.760677442
       156.420111219        3.000822383
       154.926895514        3.250638049
       153.363222081        3.509549450
       151.730665409        3.776948564
       150.030869343        4.052249365
       148.265545433        4.334835749
       146.436471211        4.624094914
       144.545488400        4.919392468
       142.594501060        5.220108409
       140.585473668        5.525605236
       138.520429146        5.835242377
       136.401446818        6.148378073
       134.230660320        6.464362555
       132.010255449        6.782541158
       129.742467966        7.102246188
       127.429581340        7.422816525
       125.073924451        7.743563048
       122.677869247        8.063809305
       120.243828352        8.382853905
       117.774252640        8.699988785
       115.271628762        9.014507174
       112.738476650        9.325661735
       110.177346973        9.632720502
       107.590818571        9.934927433
       104.981495859       10.231512724
       102.352006204       10.521695678
        99.704997280       10.804684999
        97.043134399       11.079678975
        94.369097833       11.345846705
        91.685580109       11.602383515
        88.995283302       11.848464071
        86.300916312       12.083229515
        83.605192140       12.305870069
        80.910825151       12.515546756
        78.220528344       12.711414295
        75.537010620       12.892674209
        72.862974053       13.058515706
        70.201111173       13.208122192
        67.554102248       13.340744090
        64.924612594       13.455633825
        62.315289882       13.552074880
        59.728761480       13.629388699
        57.167631803       13.686922461
        54.634479691       13.724072363
        52.131855813       13.740320689
        49.662280100       13.735126913
        47.228239206       13.708067779
        44.832184002       13.658766498
        42.476527113       13.586909040
        40.163640487       13.492198278
        37.895853004       13.374510401
        35.675448133       13.233659100
        33.504661635       13.069649456
        31.385679307       12.882499413
        29.320634785       12.672245187
        27.311607393       12.439129731
        25.360620053       12.183347119
        23.469637242       11.905194146
        21.640563020       11.605084899
        19.875239110       11.283354679
        18.175443044       10.940546888
        16.542886371       10.577105969
        14.979212939       10.193764170
        13.485997234        9.790977088
        12.064742796        9.369514477
        10.716880710        8.929882794
         9.443768158        8.472988767
         8.246687057        7.999447646
         7.126842765        7.510146749
         6.085362871        7.005370690
         5.123296057        6.486248764
         4.241611042        5.953573796
         3.441195609        5.407303975
         2.722855708        4.848910741
         2.087314647        4.278495873
         1.535212361        3.697011479
         1.067104771        3.104643931
         0.683463222        2.503409405
         0.384674007        1.890169910
         0.171037983        1.267815856
         0.042770262        0.636599452
         0.000000000       -0.000000227
         0.041919204       -0.629106763
         0.167635447       -1.254469002
         0.377024662       -1.870907144
         0.669880207       -2.478276319
         1.045913069       -3.075347566
         1.504752149       -3.661554065
         2.045944629       -4.238549669
         2.668956416       -4.804205635
         3.373172674       -5.357888908
         4.157898425       -5.899304681
         5.022359241       -6.428499253
         5.965702002       -6.944076279
         6.986995744       -7.445315869
         8.085232573       -7.931895100
         9.259328661       -8.402992685
        10.508125318       -8.857924249
        11.830390131       -9.296051383
        13.224818186       -9.716424054
        14.690033350      -10.118645048
        16.224589633      -10.502022616
        17.826972613      -10.865875296
        19.495600931      -11.209729956
        21.228827852      -11.532968370
        23.024942892      -11.835150113
        24.882173500      -12.115919489
        26.798686816      -12.374826584
        28.772591471      -12.611585117
        30.801939460      -12.825928188
        32.884728062      -13.017768886
        35.018901815      -13.186888272
        37.202354548      -13.333313195
        39.432931457      -13.457065206
        41.708431231      -13.558175671
        44.026608227      -13.636896824
        46.385174684      -13.693366396
        48.781802982      -13.727926239
        51.214127937      -13.740922415
        53.679749140      -13.732742769
        56.176233319      -13.703860600
        58.701116746      -13.654809151
        61.251907666      -13.586127248
        63.826088757      -13.498425675
        66.421119611      -13.392361187
        69.034439247      -13.268610048
        71.663468635      -13.127883040
        74.305613239      -12.970918952
        76.958265582      -12.798479076
        79.618807816      -12.611342372
        82.284614307      -12.410282410
        84.953054226      -12.196117235
        87.621494146      -11.969655757
        90.287300637      -11.731707068
        92.947842871      -11.483066542
        95.600495214      -11.224552464
        98.242639818      -10.956968136
       100.871669205      -10.681106684
       103.484988842      -10.397752766
       106.080019696      -10.107681607
       108.654200786       -9.811658601
       111.204991706       -9.510438711
       113.729875134       -9.204757723
       116.226359313       -8.895343087
       118.691980515       -8.582916205
       121.124305471       -8.268181447
       123.520933769       -7.951826180
       125.879500226       -7.634531029
       128.197677222       -7.316971024
       130.473176996       -6.999817259
       132.703753905       -6.683709800
       134.887206638       -6.369307063
       137.021380391       -6.057246829
       139.104168993       -5.748167974
       141.133516982       -5.442683447
       143.107421637       -5.141433631
       145.023934952       -4.845032886
       146.881165561       -4.554100278
       148.677280601       -4.269228559
       150.410507522       -3.991037146
       152.079135840       -3.720122870
       153.681518820       -3.457063424
       155.216075102       -3.202454627
       156.681290266       -2.956863713
       158.075718321       -2.720857316
       159.397983135       -2.494978385
       160.646779792       -2.279758105
       161.820875880       -2.075720990
       162.919112709       -1.883364795
       163.940406450       -1.703171292
       164.883749212       -1.535582476
       165.748210028       -1.381038712
       166.532935779       -1.239939609
       167.237152037       -1.112646090
       167.860163824       -0.999505913
       168.401356303       -0.900821260
       168.860195384       -0.816857128
       169.236228246       -0.747832792
       169.529083791       -0.650683563
       169.738473006       -0.472600564
       169.864189249       -0.247227190
       169.906108453        0.000000147
#
# SECTION 21 / 50   y = 47.346939   chord = 170.252159   x_le = 3.314286   x_te = 173.566444
#               x_mm               y_mm
       170.252158610        0.000000146
       170.209301237        0.249897625
       170.080772272        0.477185324
       169.866701132        0.655445087
       169.567303369        0.750584775
       169.182880451        0.821141773
       168.713819460        0.906965100
       168.160592700        1.007828886
       167.523757223        1.123445730
       166.803954270        1.253504459
       166.001908619        1.397651311
       165.118427864        1.555502962
       164.154401595        1.726632083
       163.110800504        1.910608937
       161.988675410        2.106950919
       160.789156196        2.315171510
       159.513450678        2.534738869
       158.162843382        2.765119232
       156.738694256        3.005763663
       155.242437297        3.256098599
       153.675579110        3.515548140
       152.039697386        3.783502710
       150.336439321        4.059375343
       148.567519951        4.342548648
       146.734720428        4.632408286
       144.839886226        4.928319074
       142.884925282        5.229659208
       140.871806077        5.535789885
       138.802555649        5.846069711
       136.679257560        6.159855120
       134.504049791        6.476495258
       132.279122590        6.795334126
       130.006716272        7.115702433
       127.689118958        7.436938187
       125.328664270        7.758350402
       122.927728986        8.079261490
       120.488730646        8.398968408
       118.014125114        8.716762126
       115.506404107        9.031933982
       112.968092688        9.343735596
       110.401746722        9.651433054
       107.809950302        9.954269022
       105.195313146       10.251472142
       102.560467973       10.542260137
        99.908067848       10.825840107
        97.240783514       11.101408719
        94.561300700       11.368133121
        91.872317417       11.625207527
        89.176541245       11.871804664
        86.476686601       12.107063638
        83.775472009       12.330173579
        81.075617365       12.540293213
        78.379841193       12.736576123
        75.690857910       12.918221896
        73.011375096       13.084418070
        70.344090762       13.234346027
        67.691690637       13.367255308
        65.056845464       13.482396457
        62.442208308       13.579051467
        59.850411888       13.656540366
        57.284065922       13.714209367
        54.745754503       13.751452617
        52.238033496       13.767752114
        49.763427964       13.762565359
        47.324429624       13.735469052
        44.923494340       13.686085175
        42.563039653       13.614099014
        40.245442338       13.519213299
        37.973036020       13.401302939
        35.748108819       13.260182226
        33.572901050       13.095855712
        31.449602961       12.908341919
        29.380352533       12.697675962
        27.367233328       12.464102437
        25.412272384       12.207815199
        23.517438182       11.929111615
        21.684638659       11.628407299
        19.915719289       11.306036786
        18.212461224       10.962546034
        16.576579500       10.598380487
        15.009721313       10.214272172
        13.513464354        9.810679349
        12.089315228        9.388373492
        10.738707932        8.947859987
         9.463002414        8.490049563
         8.263483200        8.015557585
         7.141358106        7.525273067
         6.097757015        7.019482807
         5.133730746        6.499316865
         4.250249991        5.965569511
         3.448204341        5.418201186
         2.728401387        4.858684172
         2.091565910        4.287120282
         1.538339150        3.704463279
         1.069278159        3.110903970
         0.684855241        2.508459088
         0.385457478        1.893978999
         0.171386338        1.270370061
         0.042857373        0.637880180
         0.000000000       -0.000000232
         0.042004581       -0.630372605
         0.167976872       -1.256996654
         0.377792553       -1.874677910
         0.671244561       -2.483271140
         1.048043295       -3.081549275
         1.507816899       -3.668935243
         2.050111633       -4.247094487
         2.674392317       -4.813887052
         3.380042862       -5.368687616
         4.166366875       -5.911192210
         5.032588350       -6.441452234
         5.977852431       -6.958066229
         7.001226256       -7.460313006
         8.101699879       -7.947869083
         9.278187266       -8.419912868
        10.529527364       -8.875757133
        11.854485253       -9.314762249
        13.251753359       -9.735977307
        14.719952748      -10.139003176
        16.257634483      -10.523146753
        17.863281058      -10.887726051
        19.535307895      -11.232266090
        21.272064904      -11.556147432
        23.071838116      -11.858928785
        24.932851373      -12.140254424
        26.853268078      -12.399672189
        28.831193012      -12.636897160
        30.864674203      -12.851660017
        32.951704849      -13.043874342
        35.090225304      -13.213321325
        37.278125106      -13.360027322
        39.513245062      -13.484013966
        41.793379378      -13.585313215
        44.116277838      -13.664177330
        46.479648020      -13.720743909
        48.881157565      -13.755356470
        51.318436471      -13.768361346
        53.789079439      -13.760147628
        56.290648243      -13.731188772
        58.820674135      -13.682019964
        61.376660287      -13.613180373
        63.956084248      -13.525282827
        66.556400438      -13.418985064
        69.175042659      -13.294964780
        71.809426628      -13.153934174
        74.456952525      -12.996633596
        77.115007562      -12.823825930
        79.780968560      -12.636291727
        82.452204537      -12.434806447
        85.126079305      -12.220189209
        87.799954073      -11.993250889
        90.471190050      -11.754802230
        93.137151048      -11.505640502
        95.795206085      -11.246585111
        98.442731982      -10.978441269
       101.077115951      -10.702003710
       103.695758172      -10.418058688
       106.296074362      -10.127382994
       108.875498323       -9.830743571
       111.431484475       -9.528896911
       113.961510367       -9.222580048
       116.463079171       -8.912522376
       118.933722139       -8.599446283
       121.371001045       -8.284057795
       123.772510590       -7.967045669
       126.135880772       -7.649091904
       128.458779232       -7.330872896
       130.738913548       -7.013061101
       132.974033504       -6.696297648
       135.161933306       -6.381242524
       137.300453761       -6.068534812
       139.387484407       -5.758814448
       141.420965598       -5.452696122
       143.398890532       -5.150821042
       145.319307237       -4.853805077
       147.180320494       -4.562268310
       148.980093706       -4.276805241
       150.716850715       -3.998036048
       152.388877552       -3.726559067
       153.994524127       -3.462952913
       155.532205862       -3.207814929
       157.000405251       -2.961713540
       158.397673357       -2.725216273
       159.722631246       -2.498867818
       160.973971344       -2.283199566
       162.150458731       -2.078738061
       163.250932354       -1.885981485
       164.274306179       -1.705412948
       165.219570260       -1.537475054
       166.085791735       -1.382609430
       166.872115748       -1.241216538
       167.577766293       -1.113657729
       168.202046977       -1.000281840
       168.744341711       -0.901391351
       169.204115315       -0.817252172
       169.580914049       -0.748084048
       169.874366057       -0.651123117
       170.084181738       -0.473020750
       170.210154029       -0.247471186
       170.252158610        0.000000146
#
# SECTION 22 / 50   y = 45.714286   chord = 170.598209   x_le = 3.200000   x_te = 173.798209
#               x_mm               y_mm
       170.598208767        0.000000146
       170.555264283        0.250144123
       170.426474073        0.477607624
       170.211967818        0.655880276
       169.911961507        0.750841283
       169.526757221        0.821544973
       169.056742829        0.907546852
       168.502391594        1.008620603
       167.864261702        1.124477837
       167.142995695        1.254806735
       166.339319828        1.399253455
       165.454043333        1.557433199
       164.488057608        1.728917731
       163.442335321        1.913276716
       162.317929424        2.110026533
       161.115972098        2.318679339
       159.837673614        2.538702772
       158.484321109        2.769561039
       157.057277294        3.010704958
       155.557979081        3.261559163
       153.987936138        3.521546844
       152.348729363        3.790056870
       150.642009300        4.066501338
       148.869494470        4.350261569
       147.032969646        4.640721684
       145.134284053        4.937245707
       143.175349505        5.239210029
       141.158138485        5.545974538
       139.084682153        5.856897030
       136.957068302        6.171332150
       134.777439262        6.488627989
       132.547989732        6.808127100
       130.270964579        7.129158690
       127.948656575        7.451059873
       125.583404088        7.773137760
       123.177588726        8.094713677
       120.733632940        8.415082961
       118.253997588        8.733535444
       115.741179452        9.049360812
       113.197708727        9.361809482
       110.626146472        9.670145565
       108.029082033        9.973610625
       105.409130433       10.271431573
       102.768929741       10.562824608
       100.111138416       10.846995219
        97.438432629       11.123138472
        94.753503567       11.390419593
        92.059054726       11.648031575
        89.357799188       11.895145289
        86.652456889       12.130897761
        83.945751878       12.354477117
        81.240409579       12.565039668
        78.539154041       12.761737979
        75.844705201       12.943769594
        73.159776138       13.110320299
        70.487070351       13.260569890
        67.829279026       13.393766533
        65.189078334       13.509159107
        62.569126734       13.606028042
        59.972062295       13.683692027
        57.400500040       13.741496369
        54.857029315       13.778832845
        52.344211179       13.795183573
        49.864575827       13.790003840
        47.420620042       13.762870262
        45.014804679       13.713403869
        42.649552192       13.641289023
        40.327244188       13.546228329
        38.050219036       13.428095478
        35.820769506       13.286705371
        33.641140465       13.122061975
        31.513526615       12.934184392
        29.440070282       12.723106730
        27.422859262       12.489075213
        25.463924715       12.232283286
        23.565239121       11.953029108
        21.728714297       11.651729714
        19.956199468       11.328718899
        18.249479404       10.984545166
        16.610272629       10.619655058
        15.040229686       10.234780180
        13.540931474        9.830381571
        12.113887659        9.407232543
        10.760535153        8.965837151
         9.482236669        8.507110440
         8.280279344        8.031668214
         7.155873446        7.540399539
         6.110151159        7.033594421
         5.144165435        6.512385130
         4.258888940        5.977564265
         3.455213072        5.429097128
         2.733947065        4.868457876
         2.095817173        4.295745195
         1.541465939        3.711916110
         1.071451546        3.117166623
         0.686247260        2.513507536
         0.386240949        1.897793562
         0.171734694        1.272925416
         0.042944484        0.639098294
         0.000000000       -0.000000193
         0.042089959       -0.631638448
         0.168318298       -1.259524309
         0.378560445       -1.878448680
         0.672608916       -2.488265966
         1.050173521       -3.087750989
         1.510881649       -3.676316427
         2.054278637       -4.255639313
         2.679828218       -4.823568477
         3.386913050       -5.379486331
         4.174835325       -5.923079747
         5.042817460       -6.454405223
         5.990002860       -6.972056185
         7.015456769       -7.475310151
         8.118167186       -7.963843073
         9.297045870       -8.436833058
        10.550929410       -8.893590011
        11.878580375       -9.333473117
        13.278688532       -9.755530593
        14.749872145      -10.159361318
        16.290679332      -10.544270881
        17.899589504      -10.909576823
        19.575014859      -11.254802246
        21.315301956      -11.579326526
        23.118733341      -11.882707468
        24.983529245      -12.164589363
        26.907849340      -12.424517822
        28.889794553      -12.662209187
        30.927408945      -12.877391855
        33.018681637      -13.069979756
        35.161548793      -13.239754386
        37.353895664      -13.386741408
        39.593558667      -13.510962734
        41.878327526      -13.612450762
        44.205947449      -13.691457838
        46.574121357      -13.748121473
        48.980512148      -13.782786685
        51.422745005      -13.795800287
        53.898409738      -13.787552498
        56.405063166      -13.758516961
        58.940231524      -13.709230829
        61.501412907      -13.640233478
        64.086079739      -13.552139997
        66.691681265      -13.445608944
        69.315646071      -13.321319544
        71.955384621      -13.179985290
        74.608291811      -13.022348219
        77.271749542      -12.849172814
        79.943129304      -12.661241066
        82.619794766      -12.459330497
        85.299104384      -12.244261236
        87.978414001      -12.016846031
        90.655079463      -11.777897349
        93.326459225      -11.528214496
        95.989916956      -11.268617754
        98.642824146      -10.999914417
       101.282562696      -10.722900758
       103.906527502      -10.438364608
       106.512129028      -10.147084401
       109.096795860       -9.849828543
       111.657977243       -9.547355121
       114.193145601       -9.240402389
       116.699799029       -8.929701679
       119.175463763       -8.615976358
       121.617696619       -8.299934130
       124.024087410       -7.982265173
       126.392261318       -7.663652803
       128.719881241       -7.344774798
       131.004650100       -7.026304929
       133.244313103       -6.708885503
       135.436659974       -6.393178018
       137.579527131       -6.079822818
       139.670799822       -5.769460938
       141.708414214       -5.462708810
       143.690359428       -5.160208464
       145.614679522       -4.862577283
       147.479475426       -4.570436364
       149.282906811       -4.284381946
       151.023193908       -4.005034964
       152.698619263       -3.732995289
       154.307529435       -3.468842416
       155.848336622       -3.213175236
       157.319520235       -2.966563380
       158.719628392       -2.729575257
       160.047279357       -2.502757276
       161.301162897       -2.286641046
       162.480041581       -2.081755154
       163.582751998       -1.888598198
       164.608205907       -1.707654630
       165.555391307       -1.539367659
       166.423373442       -1.384180173
       167.211295717       -1.242493490
       167.918380549       -1.114669393
       168.543930130       -1.001057788
       169.087327118       -0.901961471
       169.548035247       -0.817647238
       169.925599852       -0.748335328
       170.219648323       -0.651561325
       170.429890469       -0.473440944
       170.556118808       -0.247715346
       170.598208767        0.000000146
#
# SECTION 23 / 50   y = 44.081633   chord = 170.944259   x_le = 3.085714   x_te = 174.029973
#               x_mm               y_mm
       170.944258924        0.000000146
       170.901227330        0.250390490
       170.772175875        0.478028813
       170.557234504        0.656314410
       170.256619645        0.751097814
       169.870633991        0.821948193
       169.399666197        0.908128635
       168.844190488        1.009412341
       168.204766181        1.125509962
       167.482037121        1.256109026
       166.676731036        1.400855616
       165.789658801        1.559363444
       164.821713622        1.731203374
       163.773870137        1.915944495
       162.647183438        2.113102158
       161.442788000        2.322187179
       160.161896550        2.542666695
       158.805798835        2.774002870
       157.375860331        3.015646277
       155.873520865        3.267019752
       154.300293166        3.527545572
       152.657761340        3.796611052
       150.947579278        4.073627351
       149.171468988        4.357974503
       147.331218863        4.649035090
       145.428681879        4.946172346
       143.465773728        5.248760859
       141.444470894        5.556159216
       139.366808656        5.867724394
       137.234879045        6.182809224
       135.050828733        6.500760720
       132.816856873        6.820920095
       130.535212886        7.142614962
       128.208194193        7.465181562
       125.838143906        7.787925139
       123.427448465        8.110165885
       120.978535234        8.431197488
       118.493870063        8.750308809
       115.975954797        9.066787644
       113.427324766        9.379883366
       110.850546222        9.688858140
       108.248213764        9.992952237
       105.622947720       10.291391013
       102.977391510       10.583389088
       100.314208985       10.868150349
        97.636081744       11.144867989
        94.945706434       11.412706032
        92.245792035       11.670855609
        89.539057132       11.918485903
        86.828227177       12.154731906
        84.116031747       12.378780648
        81.405201793       12.589786148
        78.698466890       12.786899829
        75.998552491       12.969317303
        73.308177181       13.136222356
        70.630049940       13.286793730
        67.966867415       13.420277761
        65.321311204       13.535921760
        62.696045160       13.633004650
        60.093712702       13.710843714
        57.516934159       13.768783296
        54.968304127       13.806213119
        52.450388862       13.822615019
        49.965723690       13.817442305
        47.516810460       13.790271597
        45.106115018       13.740722566
        42.736064731       13.668479017
        40.409046039       13.573243369
        38.127402052       13.454888035
        35.893430192       13.313228515
        33.709379880       13.148268249
        31.577450268       12.960026915
        29.499788031       12.748537523
        27.478485196       12.514047936
        25.515577046       12.256751383
        23.613040061       11.976946594
        21.772789936       11.675052130
        19.996679646       11.351401022
        18.286497584       11.006544328
        16.643965758       10.640929592
        15.070738059       10.255288197
        13.568398594        9.850083846
        12.138460090        9.426091574
        10.782362375        8.983814358
         9.501470924        8.524171251
         8.297075487        8.047778170
         7.170388787        7.555525872
         6.122545303        7.047706547
         5.154600124        6.525453246
         4.267527888        5.989559991
         3.462221803        5.439994350
         2.739492744        4.878231322
         2.100068436        4.304369617
         1.544592727        3.719367925
         1.073624933        3.123426681
         0.687639279        2.518557226
         0.387024420        1.901602665
         0.172083049        1.275479637
         0.043031595        0.640378916
         0.000000000       -0.000000203
         0.042175336       -0.632904294
         0.168659723       -1.262051967
         0.379328336       -1.882219455
         0.673973270       -2.493260798
         1.052303747       -3.093952709
         1.513946399       -3.683697618
         2.058445641       -4.264184145
         2.685264119       -4.833249908
         3.393783238       -5.390285053
         4.183303776       -5.934967290
         5.053046570       -6.467358219
         6.002153289       -6.986044475
         7.029687281       -7.490307303
         8.134634493       -7.979817071
         9.315904475       -8.453753256
        10.572331457       -8.911422910
        11.902675497       -9.352183997
        13.305623705       -9.775083861
        14.779791542      -10.179719461
        16.323724182      -10.565395033
        17.935897949      -10.931427593
        19.614721823      -11.277338396
        21.358539008      -11.602505603
        23.165628565      -11.906486156
        25.034207117      -12.188924315
        26.962430601      -12.449363444
        28.948396094      -12.687521247
        30.990143688      -12.903123702
        33.085658424      -13.096085229
        35.232872282      -13.266187457
        37.429666222      -13.413455554
        39.673872272      -13.537911513
        41.963275674      -13.639588324
        44.295617060      -13.718738364
        46.668594694      -13.775499007
        49.079866731      -13.810216936
        51.527053538      -13.823239239
        54.007740037      -13.814957377
        56.519478089      -13.785845154
        59.059788913      -13.736441664
        61.626165528      -13.667286623
        64.216075231      -13.578997170
        66.826962092      -13.472232843
        69.456249483      -13.347674274
        72.101342614      -13.206036432
        74.759631097      -13.048062885
        77.428491523      -12.874519690
        80.105290048      -12.686190442
        82.787384996      -12.483854556
        85.472129462      -12.268333233
        88.156873929      -12.040441184
        90.838968876      -11.800992534
        93.515767402      -11.550788479
        96.184627827      -11.290650424
        98.842916310      -11.021387572
       101.488009441      -10.743797808
       104.117296832      -10.458670552
       106.728183694      -10.166785810
       109.318093396       -9.868913536
       111.884470011       -9.565813343
       114.424780835       -9.258224738
       116.936518888       -8.946880991
       119.417205386       -8.632506459
       121.864392193       -8.315810503
       124.275664231       -7.997484687
       126.648641864       -7.678213703
       128.980983251       -7.358676696
       131.270386652       -7.039548798
       133.514592703       -6.721473378
       135.711386642       -6.405113508
       137.858600500       -6.091110831
       139.954115236       -5.780107442
       141.995862830       -5.472721516
       143.981828323       -5.169595906
       145.910051807       -4.871349505
       147.778630359       -4.578604429
       149.585719917       -4.291958663
       151.329537101       -4.012033902
       153.008360975       -3.739431522
       154.620534743       -3.474731943
       156.164467382       -3.218535577
       157.638635219       -2.971413247
       159.041583428       -2.733934256
       160.371927468       -2.506646751
       161.628354449       -2.290082550
       162.809624432       -2.084772268
       163.914571643       -1.891214933
       164.942105635       -1.709896332
       165.891212355       -1.541260285
       166.760955149       -1.385750939
       167.550475686       -1.243770468
       168.258994805       -1.115681081
       168.885813283       -1.001833765
       169.430312526       -0.902531613
       169.891955178       -0.818042334
       170.270285654       -0.748586635
       170.564930588       -0.651998600
       170.775599201       -0.473859736
       170.902083588       -0.247959504
       170.944258924        0.000000146
#
# SECTION 24 / 50   y = 42.448980   chord = 171.290309   x_le = 2.971429   x_te = 174.261738
#               x_mm               y_mm
       171.290309082        0.000000146
       171.247190376        0.250636838
       171.117877677        0.478450009
       170.902501191        0.656746850
       170.601277783        0.751354369
       170.214510761        0.822351434
       169.742589566        0.908710448
       169.185989382        1.010204099
       168.545270660        1.126542106
       167.821078547        1.257411332
       167.014142245        1.402457796
       166.125274269        1.561293698
       165.155369635        1.733489017
       164.105404954        1.918612278
       162.976437451        2.116177799
       161.769603902        2.325695037
       160.486119485        2.546630640
       159.127276561        2.778444724
       157.694443368        3.020587618
       156.189062649        3.272480360
       154.612650194        3.533544318
       152.966793317        3.803165253
       151.253149257        4.080753383
       149.473443507        4.365687453
       147.629468081        4.657348510
       145.723079705        4.955098996
       143.756197951        5.258311702
       141.730803302        5.566343912
       139.648935159        5.878551783
       137.512689787        6.194286328
       135.324218204        6.512893459
       133.085724014        6.833713111
       130.799461192        7.156071246
       128.467731811        7.479303253
       126.092883725        7.802712541
       123.677308204        8.125618116
       121.223437528        8.447311989
       118.733742537        8.767082219
       116.210730143        9.084214469
       113.656940804        9.397957251
       111.074945972        9.707570777
       108.467345495       10.012293859
       105.836765007       10.311350468
       103.185853278       10.603953562
       100.517279553       10.889305491
        97.833730858       11.166597513
        95.137909300       11.434992436
        92.432529343       11.693679619
        89.720315075       11.941826516
        87.003997465       12.178566062
        84.286311616       12.403084163
        81.569994007       12.614532643
        78.857779738       12.812061667
        76.152399781       12.994865069
        73.456578223       13.162124481
        70.773029529       13.313017610
        68.104455803       13.446789035
        65.453544075       13.562684416
        62.822963586       13.659981278
        60.215363110       13.737995425
        57.633368277       13.796070148
        55.079578939       13.833593440
        52.556566545       13.850046451
        50.066871554       13.844880756
        47.613000878       13.817672933
        45.197425357       13.768041265
        42.822577270       13.695668997
        40.490847889       13.600258419
        38.204585068       13.481680611
        35.966090878       13.339751660
        33.777619294       13.174474535
        31.641373922       12.985869487
        29.559505779       12.773968340
        27.534111131       12.539020607
        25.567229377       12.281219492
        23.660841001       12.000864072
        21.816865575       11.698374545
        20.037159825       11.374083156
        18.323515764       11.028543517
        16.677658887       10.662204088
        15.101246433       10.275796224
        13.595865713        9.869786177
        12.163032521        9.444950584
        10.804189596        9.001791611
         9.520705179        8.541231993
         8.313871630        8.063887447
         7.184904128        7.570652063
         6.134939447        7.061819201
         5.165034813        6.538521211
         4.276166837        6.001556699
         3.469230535        5.450892862
         2.745038422        4.888004506
         2.104319699        4.312993549
         1.547719516        3.726818718
         1.075798321        3.129684124
         0.689031298        2.523608170
         0.387807891        1.905406296
         0.172431405        1.278032695
         0.043118705        0.641722374
         0.000000000       -0.000000213
         0.042260714       -0.634170141
         0.169001149       -1.264579629
         0.380096227       -1.885990235
         0.675337625       -2.498255635
         1.054433972       -3.100154435
         1.517011149       -3.691078815
         2.062612646       -4.272728983
         2.690700020       -4.842931347
         3.400653426       -5.401083782
         4.191772226       -5.946854841
         5.063275679       -6.480311222
         6.014303719       -7.000032694
         7.043917794       -7.505304462
         8.151101800       -7.995791075
         9.334763080       -8.470673461
        10.593733503       -8.929255829
        11.926770618       -9.370894890
        13.332558878       -9.794637111
        14.809710939      -10.200077604
        16.356769031      -10.586519211
        17.972206395      -10.953278361
        19.654428788      -11.299874540
        21.401776060      -11.625684664
        23.212523790      -11.930264849
        25.084884989      -12.213259277
        27.017011863      -12.474209053
        29.006997635      -12.712833340
        31.052878431      -12.928855558
        33.152635212      -13.122190761
        35.304195771      -13.292620539
        37.505436780      -13.440169760
        39.754185878      -13.564860303
        42.048223821      -13.666725902
        44.385286672      -13.746018906
        46.763068031      -13.802876508
        49.179221314      -13.837647223
        51.631362072      -13.850678199
        54.117070336      -13.842362265
        56.633893013      -13.813173349
        59.179346302      -13.763652467
        61.750918149      -13.694339808
        64.346070722      -13.605854375
        66.962242919      -13.498856737
        69.596852895      -13.374028963
        72.247300607      -13.232087609
        74.910970383      -13.073777567
        77.585233503      -12.899866604
        80.267450792      -12.711139842
        82.954975225      -12.508378618
        85.645154541      -12.292405231
        88.335333856      -12.064036356
        91.022858290      -11.824087779
        93.705075579      -11.573362447
        96.379338699      -11.312683118
        99.043008475      -11.042860734
       101.693456187      -10.764694855
       104.328066162      -10.478976519
       106.944238360      -10.186487222
       109.539390933       -9.887998553
       112.110962780       -9.584271576
       114.656416069       -9.276047097
       117.173238746       -8.964060310
       119.658947010       -8.649036587
       122.111087767       -8.331686908
       124.527241051       -8.012704209
       126.905022410       -7.692774607
       129.242085260       -7.372578590
       131.536123204       -7.052792704
       133.784872302       -6.734061281
       135.986113310       -6.417048997
       138.137673870       -6.102398832
       140.237430651       -5.790753951
       142.283311446       -5.482734245
       144.273297219       -5.178983376
       146.205424092       -4.880121749
       148.077785292       -4.586772501
       149.888533022       -4.299535384
       151.635880294       -4.019032852
       153.318102687       -3.745867766
       154.933540050       -3.480621497
       156.480598142       -3.223895952
       157.957750204       -2.976263139
       159.363538463       -2.738293265
       160.696575578       -2.510536243
       161.955546002       -2.293524079
       163.139207282       -2.087789405
       164.246391288       -1.893831691
       165.276005363       -1.712138056
       166.227033402       -1.543152932
       167.098536856       -1.387321730
       167.889655655       -1.245047472
       168.599609061       -1.116692793
       169.227696436       -1.002609771
       169.773297933       -0.903101776
       170.235875109       -0.818437458
       170.614971457       -0.748837970
       170.910212854       -0.652434637
       171.121307933       -0.474278446
       171.248048368       -0.248203581
       171.290309082        0.000000146
#
# SECTION 25 / 50   y = 40.816327   chord = 171.636359   x_le = 2.857143   x_te = 174.493502
#               x_mm               y_mm
       171.636359239        0.000000146
       171.593153423        0.250881845
       171.463579479        0.478869888
       171.247767877        0.657178317
       170.945935921        0.751610952
       170.558387531        0.822754705
       170.085512935        0.909292282
       169.527788277        1.010995887
       168.885775138        1.127574281
       168.160119973        1.258713672
       167.351553453        1.404060004
       166.460889737        1.563223989
       165.489025648        1.735774706
       164.436939770        1.921280101
       163.305691465        2.119253468
       162.096419804        2.329202920
       160.810342421        2.550594605
       159.448754287        2.782886596
       158.013026405        3.025528977
       156.504604433        3.277940987
       154.925007222        3.539543083
       153.275825294        3.809719471
       151.558719235        4.087879431
       149.775418026        4.373400421
       147.927717298        4.665661948
       146.017477531        4.964025667
       144.046622174        5.267862564
       142.017135711        5.576528621
       139.931061663        5.889379176
       137.790500529        6.205763432
       135.597607675        6.525026218
       133.354591155        6.846506133
       131.063709499        7.169527544
       128.727269429        7.493424966
       126.347623543        7.817499946
       123.927167943        8.141070349
       121.468339822        8.463426540
       118.973615011        8.783855608
       116.445505488        9.101641324
       113.886556843        9.416031158
       111.299345722        9.726283375
       108.686477227       10.031635494
       106.050582294       10.331309931
       103.394315047       10.624518065
       100.720350121       10.910460644
        98.031379973       11.188327043
        95.330112167       11.457278896
        92.619266652       11.716503675
        89.901573018       11.965167153
        87.179767754       12.202400228
        84.456591485       12.427387716
        81.734786221       12.639279143
        79.017092587       12.837223539
        76.306247072       13.020412800
        73.604979266       13.188026559
        70.916009118       13.339241489
        68.242044192       13.473300296
        65.585776945       13.589447090
        62.949882012       13.686957907
        60.337013517       13.765147134
        57.749802396       13.823357095
        55.190853751       13.860973735
        52.662744228       13.877477917
        50.168019417       13.872319241
        47.709191296       13.845074246
        45.288735696       13.795359981
        42.909089810       13.722859010
        40.572649740       13.627273477
        38.281768084       13.508473186
        36.038751564       13.366274823
        33.845858709       13.200680827
        31.705297576       13.011712028
        29.619223528       12.799399149
        27.589737065       12.563993347
        25.618881708       12.305687605
        23.708641941       12.024781574
        21.860941213       11.721696976
        20.077640003       11.396765294
        18.360533944       11.050542694
        16.711352016       10.683478637
        15.131754806       10.296304256
        13.623332833        9.889488467
        12.187604952        9.463809628
        10.826016818        9.019768833
         9.539939435        8.558292818
         8.330667774        8.079997416
         7.199419469        7.585778409
         6.147333591        7.075931346
         5.175469502        6.551589340
         4.284805786        6.013552443
         3.476239266        5.461790101
         2.750584101        4.897777964
         2.108570962        4.321617984
         1.550846304        3.734270544
         1.077971708        3.135944187
         0.690423318        2.528657874
         0.388591362        1.909215404
         0.172779760        1.280586913
         0.043205816        0.643003110
         0.000000000       -0.000000221
         0.042346091       -0.635435990
         0.169342574       -1.267107293
         0.380864119       -1.889761018
         0.676701979       -2.503250478
         1.056564198       -3.106356167
         1.520075899       -3.698460019
         2.066779650       -4.281273828
         2.696135921       -4.852612793
         3.407523615       -5.411882518
         4.200240676       -5.958742399
         5.073504789       -6.493264232
         6.026454148       -7.014020920
         7.058148306       -7.520301628
         8.167569106       -8.011765087
         9.353621685       -8.487593673
        10.615135550       -8.947088742
        11.950865740       -9.389605785
        13.359494051       -9.814190394
        14.839630337      -10.220435762
        16.389813881      -10.607643378
        18.008514840      -10.975129146
        19.694135752      -11.322410705
        21.445013111      -11.648863757
        23.259419014      -11.954043552
        25.135562861      -12.237594245
        27.071593125      -12.499054692
        29.065599177      -12.738145417
        31.115613173      -12.954587423
        33.219611999      -13.148296251
        35.375519261      -13.319053628
        37.581207338      -13.466883924
        39.834499483      -13.591809100
        42.133171969      -13.693863483
        44.474956283      -13.773299052
        46.857541367      -13.830254060
        49.278575898      -13.865077494
        51.735670605      -13.878117170
        54.226400635      -13.869767164
        56.748307936      -13.840501562
        59.298903691      -13.790863322
        61.875670769      -13.721392974
        64.476066213      -13.632711569
        67.097523746      -13.525480657
        69.737456307      -13.400383714
        72.393258600      -13.258138773
        75.062309669      -13.099492255
        77.741975483      -12.925213502
        80.429611536      -12.736089241
        83.122565455      -12.532902698
        85.818179619      -12.316477249
        88.513793784      -12.087631532
        91.206747703      -11.847182987
        93.894383755      -11.595936451
        96.574049570      -11.334715809
        99.243100639      -11.064333911
       101.898902932      -10.785591926
       104.538835492      -10.499282486
       107.160293026      -10.206188654
       109.760688470       -9.907083569
       112.337455548       -9.602729822
       114.888051303       -9.293869469
       117.409958604       -8.981239646
       119.900688633       -8.665566713
       122.357783341       -8.347563305
       124.778817872       -8.027923748
       127.161402956       -7.707335532
       129.503187270       -7.386480514
       131.801859756       -7.066036600
       134.055151901       -6.746649183
       136.260839978       -6.428984515
       138.416747240       -6.113686874
       140.520746065       -5.801400484
       142.570760062       -5.492746982
       144.564766114       -5.188370850
       146.500796377       -4.888894004
       148.376940224       -4.594940599
       150.191346128       -4.307112135
       151.942223487       -4.026031825
       153.627844399       -3.752304035
       155.246545358       -3.486511062
       156.796728902       -3.229256332
       158.276865188       -2.981113046
       159.685493499       -2.742652303
       161.021223689       -2.514425739
       162.282737554       -2.296965626
       163.468790132       -2.090806564
       164.578210933       -1.896448472
       165.609905091       -1.714379805
       166.562854450       -1.545045604
       167.436118563       -1.388892544
       168.228835624       -1.246324499
       168.940223318       -1.117704531
       169.569579589       -1.003385798
       170.116283340       -0.903671968
       170.579795041       -0.818832604
       170.959657260       -0.749089328
       171.255495120       -0.652869219
       171.467016665       -0.474696356
       171.594013148       -0.248446331
       171.636359239        0.000000146
#
# SECTION 26 / 50   y = 39.183673   chord = 171.982409   x_le = 2.742857   x_te = 174.725267
#               x_mm               y_mm
       171.982409396        0.000000147
       171.939116469        0.251126856
       171.809281280        0.479289603
       171.593034563        0.657608819
       171.290594059        0.751867561
       170.902264301        0.823158001
       170.428436303        0.909874140
       169.869587171        1.011787700
       169.226279617        1.128606479
       168.499161398        1.260016035
       167.688964661        1.405662236
       166.796505205        1.565154303
       165.822681661        1.738060417
       164.768474587        1.923947947
       163.634945479        2.122329159
       162.423235706        2.332710824
       161.134565357        2.554558591
       159.770232013        2.787328487
       158.331609443        3.030470356
       156.820146217        3.283401633
       155.237364251        3.545541781
       153.584857272        3.816273707
       151.864289214        4.095005497
       150.077392544        4.381113406
       148.225966516        4.673975403
       146.311875357        4.972952353
       144.337046397        5.277413441
       142.303468119        5.586713344
       140.213188166        5.900206583
       138.068311272        6.217240549
       135.870997145        6.537158990
       133.623458296        6.859299168
       131.327957805        7.182983855
       128.986807047        7.507546693
       126.602363362        7.832287362
       124.177027682        8.156522595
       121.713242116        8.479541103
       119.213487486        8.800629009
       116.680280833        9.119068191
       114.116172882        9.434105076
       111.523745472        9.744995985
       108.905608958       10.050977141
       106.264399581       10.351269405
       103.602776815       10.645082578
       100.923420689       10.931615808
        98.229029088       11.210056584
        95.522315034       11.479565367
        92.806003960       11.739327741
        90.082830962       11.988507742
        87.355538042       12.226234405
        84.626871354       12.451691280
        81.899578435       12.664025654
        79.176405436       12.862385422
        76.460094362       13.045960542
        73.753380309       13.213928649
        71.058988707       13.365465370
        68.379632581       13.499811566
        65.718009815       13.616209777
        63.076800438       13.713934545
        60.458663924       13.792298853
        57.866236514       13.850644052
        55.302128563       13.888354041
        52.768921910       13.904909393
        50.269167280       13.899757737
        47.805381714       13.872475569
        45.380046034       13.822678689
        42.995602349       13.750049021
        40.654451591       13.654288589
        38.358951100       13.535265719
        36.111412251       13.392798028
        33.914098124       13.226887130
        31.769221230       13.037554542
        29.678941277       12.824829948
        27.645362999       12.588966122
        25.670534039       12.330155735
        23.756442880       12.048699082
        21.905016852       11.745019415
        20.118120182       11.419447441
        18.397552124       11.072541878
        16.745045145       10.704753193
        15.162263179       10.316812295
        13.650799953        9.909190765
        12.212177383        9.482668680
        10.847844039        9.037746062
         9.559173690        8.575353649
         8.347463917        8.096107391
         7.213934809        7.600904763
         6.159727735        7.090043498
         5.185904191        6.564657477
         4.293444735        6.025548194
         3.483247998        5.472687348
         2.756129779        4.907551429
         2.112822225        4.330242427
         1.553973093        3.741722377
         1.080145095        3.142204256
         0.691815337        2.533707583
         0.389374833        1.913024516
         0.173128116        1.283141134
         0.043292927        0.644283847
         0.000000000       -0.000000229
         0.042431469       -0.636701840
         0.169684000       -1.269634961
         0.381632010       -1.893531807
         0.678066333       -2.508245326
         1.058694424       -3.112557904
         1.523140648       -3.705841229
         2.070946654       -4.289818680
         2.701571822       -4.862294246
         3.414393803       -5.422681261
         4.208709126       -5.970629964
         5.083733898       -6.506217249
         6.038604577       -7.028009153
         7.072378818       -7.535298801
         8.184036413       -8.027739106
         9.372480289       -8.504513892
        10.636537596       -8.964921662
        11.974960862       -9.408316688
        13.386429224       -9.833743684
        14.869549734      -10.240793927
        16.422858731      -10.628767553
        18.044823286      -10.996979939
        19.733842716      -11.344946878
        21.488250163      -11.672042857
        23.306314239      -11.977822264
        25.186240734      -12.261929221
        27.126174387      -12.523900338
        29.124200718      -12.763457502
        31.178347916      -12.980319296
        33.286588786      -13.174401751
        35.446842750      -13.345486726
        37.656977896      -13.493598097
        39.914813088      -13.618757907
        42.218120116      -13.721001074
        44.564625894      -13.800579137
        46.952014704      -13.857631622
        49.377930481      -13.892507775
        51.839979139      -13.905556151
        54.335730934      -13.897172074
        56.862722859      -13.867829785
        59.418461080      -13.818074188
        62.000423390      -13.748446151
        64.606061705      -13.659568774
        67.232804574      -13.552104587
        69.878059719      -13.426738475
        72.539216593      -13.284189947
        75.213648955      -13.125206953
        77.898717464      -12.950560410
        80.591772280      -12.761038650
        83.290155684      -12.557426790
        85.991204698      -12.340549278
        88.692253712      -12.111226718
        91.390637116      -11.870278204
        94.083691932      -11.618510460
        96.768760441      -11.356748487
        99.443192803      -11.085807124
       102.104349677      -10.806489007
       104.749604822      -10.519588458
       107.376347692      -10.225890104
       109.981986006       -9.926168581
       112.563948317       -9.621188096
       115.119686537       -9.311691836
       117.646678462       -8.998419017
       120.142430257       -8.682096852
       122.604478915       -8.363439687
       125.030394692       -8.043143302
       127.417783502       -7.721896480
       129.764289280       -7.400382450
       132.067596308       -7.079280503
       134.325431500       -6.759237097
       136.535566646       -6.440920047
       138.695820610       -6.124974929
       140.804061480       -5.812047032
       142.858208678       -5.502759733
       144.856235009       -5.197758339
       146.796168662       -4.897666275
       148.676095157       -4.603108714
       150.494159233       -4.314688904
       152.248566680       -4.033030816
       153.937586110       -3.758740323
       155.559550666       -3.492400645
       157.112859662       -3.234616731
       158.595980172       -2.985962972
       160.007448534       -2.747011362
       161.345871800       -2.518314974
       162.609929107       -2.300407194
       163.798372983       -2.093823744
       164.910030578       -1.899065274
       165.943804819       -1.716621577
       166.898675498       -1.546938300
       167.773700270       -1.390463382
       168.568015593       -1.247601550
       169.280837574       -1.118716293
       169.911462742       -1.004161850
       170.459268748       -0.904242185
       170.923714972       -0.819227776
       171.304343063       -0.749340713
       171.600777386       -0.653302874
       171.812725396       -0.475113589
       171.939977927       -0.248689099
       171.982409396        0.000000147
#
# SECTION 27 / 50   y = 37.551020   chord = 172.328460   x_le = 2.628571   x_te = 174.957031
#               x_mm               y_mm
       172.328459553        0.000000147
       172.285079516        0.251371870
       172.154983082        0.479708567
       171.938301249        0.658037654
       171.635252197        0.752124194
       171.246141071        0.823561323
       170.771359672        0.910456023
       170.211386065        1.012579537
       169.566784096        1.129638703
       168.838202824        1.261318423
       168.026375870        1.407264492
       167.132120673        1.567084474
       166.156337674        1.740346151
       165.100009403        1.926615814
       163.964199493        2.125404871
       162.750051608        2.336218750
       161.458788293        2.558522597
       160.091709739        2.791770399
       158.650192480        3.035411754
       157.135688001        3.288862298
       155.549721279        3.551540304
       153.893889249        3.822827962
       152.169859193        4.102131580
       150.379367063        4.388826407
       148.524215733        4.682288874
       146.606273184        4.981879056
       144.627470620        5.286964333
       142.589800528        5.596898082
       140.495314670        5.911034005
       138.346122014        6.228717681
       136.144386616        6.549291777
       133.892325437        6.872092217
       131.592206112        7.196440179
       129.246344665        7.521668432
       126.857103180        7.847074792
       124.426887421        8.171974853
       121.958144410        8.495655678
       119.453359960        8.817402421
       116.915056178        9.136495069
       114.345788921        9.452179005
       111.748145222        9.763708606
       109.124740689       10.070318798
       106.478216868       10.371228890
       103.811238584       10.665647103
       101.126491257       10.952770982
        98.426678202       11.231786136
        95.714517901       11.501851849
        92.992741269       11.762151819
        90.264088905       12.011848125
        87.531308330       12.250068592
        84.797151223       12.475994855
        82.064370648       12.688772176
        79.335718284       12.887547315
        76.613941652       13.071508294
        73.901781351       13.239830749
        71.201968296       13.391689269
        68.517220970       13.526322847
        65.850242686       13.642972472
        63.203718864       13.740911195
        60.580314331       13.819450582
        57.982670633       13.877931020
        55.413403375       13.915734356
        52.875099593       13.932340878
        50.370315144       13.927196242
        47.901572132       13.899876901
        45.471356373       13.849997424
        43.082114888       13.777239053
        40.736253441       13.681303666
        38.436134116       13.562058312
        36.184072937       13.419321209
        33.982337539       13.253093440
        31.833144884       13.063397099
        29.738659025       12.850260775
        27.700988934       12.613938879
        25.722186370       12.354623865
        23.804243820       12.072616599
        21.949092490       11.768341862
        20.158600361       11.442129594
        18.434570305       11.094541070
        16.778738274       10.726027756
        15.192771553       10.337320342
        13.678267073        9.928893070
        12.236749814        9.501527739
        10.869671261        9.055723299
         9.578407945        8.592414487
         8.364260060        8.112217373
         7.228450150        7.616031123
         6.172121879        7.104155658
         5.196338880        6.577725620
         4.302083683        6.037543952
         3.490256729        5.483584601
         2.761675458        4.917324901
         2.117073488        4.338866876
         1.557099881        3.749174216
         1.082318482        3.148464330
         0.693207356        2.538757298
         0.390158304        1.916833633
         0.173476471        1.285695359
         0.043380038        0.645564585
         0.000000000       -0.000000187
         0.042516846       -0.637967693
         0.170025425       -1.272162632
         0.382399902       -1.897302599
         0.679430688       -2.513240180
         1.060824650       -3.118759647
         1.526205398       -3.713222446
         2.075113658       -4.298363538
         2.707007723       -4.871975706
         3.421263991       -5.433480011
         4.217177576       -5.982517535
         5.093963008       -6.519170273
         6.050755006       -7.041997393
         7.086609331       -7.550295981
         8.200503720       -8.043713131
         9.391338894       -8.521434118
        10.657939643       -8.982754589
        11.999055983       -9.427027597
        13.413364397       -9.853296981
        14.899469131      -10.261152099
        16.455903580      -10.649891736
        18.081131731      -11.018830740
        19.773549680      -11.367483059
        21.531487215      -11.695221966
        23.353209464      -12.001600984
        25.236918606      -12.286264204
        27.180755648      -12.548745993
        29.182802259      -12.788769596
        31.241082659      -13.006051177
        33.353565574      -13.200507259
        35.518166239      -13.371919833
        37.732748454      -13.520312279
        39.995126694      -13.645706723
        42.303068264      -13.748138674
        44.654295506      -13.827859232
        47.046488041      -13.885009194
        49.477285064      -13.919938065
        51.944287673      -13.932995142
        54.445061233      -13.924576993
        56.977137783      -13.895158019
        59.538018468      -13.845285063
        62.125176010      -13.775499337
        64.736057196      -13.686425989
        67.368085401      -13.578728527
        70.018663131      -13.453093247
        72.685174586      -13.310241132
        75.364988241      -13.150921662
        78.055459444      -12.975907329
        80.753933024      -12.785988069
        83.457745914      -12.581950892
        86.164229777      -12.364621318
        88.870713639      -12.134821915
        91.574526529      -11.893373433
        94.273000109      -11.641084486
        96.963471312      -11.378781200
        99.643284967      -11.107280323
       102.309796422      -10.827386100
       104.960374153      -10.539894446
       107.592402357      -10.245591558
       110.203283543       -9.945253620
       112.790441085       -9.639646364
       115.351321771       -9.329514231
       117.883398321       -9.015598377
       120.384171881       -8.698627002
       122.851174489       -8.379316107
       125.281971513       -8.058362865
       127.674164048       -7.736457431
       130.025391289       -7.414284400
       132.333332860       -7.092524424
       134.595711100       -6.771825027
       136.810293314       -6.452855592
       138.974893979       -6.136262998
       141.087376894       -5.822693594
       143.145657294       -5.512772500
       145.147703905       -5.207145844
       147.091540947       -4.906438562
       148.975250090       -4.611276845
       150.796972338       -4.322265689
       152.554909873       -4.040029823
       154.247327822       -3.765176629
       155.872555973       -3.498290246
       157.428990422       -3.239977149
       158.915095156       -2.990812918
       160.329403570       -2.751370441
       161.670519911       -2.522204230
       162.937120659       -2.303848784
       164.127955833       -2.096840947
       165.241850223       -1.901682099
       166.277704548       -1.718863371
       167.234496545       -1.548831019
       168.111281977       -1.392034244
       168.907195562       -1.248878625
       169.621451830       -1.119728079
       170.253345895       -1.004937926
       170.802254155       -0.904812427
       171.267634903       -0.819622973
       171.649028865       -0.749592122
       171.946059652       -0.653735410
       172.158434128       -0.475530625
       172.285942707       -0.248931919
       172.328459553        0.000000147
#
# SECTION 28 / 50   y = 35.918367   chord = 172.674510   x_le = 2.514286   x_te = 175.188795
#               x_mm               y_mm
       172.674509711        0.000000148
       172.631042562        0.251616888
       172.500684884        0.480126806
       172.283567936        0.658465387
       171.979910336        0.752380853
       171.590017841        0.823964669
       171.114283041        0.911037931
       170.553184959        1.013371398
       169.907288575        1.130670950
       169.177244250        1.262620834
       168.363787078        1.408866771
       167.467736142        1.569014508
       166.489993688        1.742631907
       165.431544220        1.929283704
       164.293453507        2.128480604
       163.076867510        2.339726696
       161.783011228        2.562486623
       160.413187465        2.796212330
       158.968775517        3.040353171
       157.451229784        3.294322982
       155.862078307        3.557538845
       154.202921226        3.829382234
       152.475429171        4.109257681
       150.681341581        4.396539426
       148.822464951        4.690602362
       146.900671010        4.990805773
       144.917894843        5.296515241
       142.876132937        5.607082836
       140.777441173        5.921861441
       138.623932756        6.240194827
       136.417776087        6.561424576
       134.161192579        6.884885279
       131.856454419        7.209896516
       129.505882283        7.535790163
       127.111842999        7.861862233
       124.676747161        8.187427124
       122.203046703        8.511770265
       119.693232434        8.834175845
       117.149831523        9.153921959
       114.575404959        9.470252946
       111.972544972        9.782421238
       109.343872420       10.089660467
       106.692034155       10.391188386
       104.019700352       10.686211639
       101.329561826       10.973926168
        98.624327317       11.253515699
        95.906720768       11.524138342
        93.179478578       11.784975907
        90.445346848       12.035188518
        87.707078618       12.273902791
        84.967431092       12.500298440
        82.229162862       12.713518709
        79.495031133       12.912709218
        76.767788943       13.097056057
        74.050182394       13.265732859
        71.344947885       13.417913178
        68.654809358       13.552834139
        65.982475556       13.669735177
        63.330637290       13.767887854
        60.701964739       13.846602321
        58.099104751       13.905217998
        55.524678187       13.943114681
        52.981277276       13.959772374
        50.471463007       13.954634757
        47.997762550       13.927278243
        45.562666712       13.877316169
        43.168627428       13.804429094
        40.818055292       13.708318753
        38.513317132       13.588850914
        36.256733623       13.445844398
        34.050576954       13.279299758
        31.897068538       13.089239665
        29.798376774       12.875691609
        27.756614868       12.638911643
        25.773838701       12.379092003
        23.852044760       12.096534125
        21.993168129       11.791664317
        20.199080539       11.464811756
        18.471588485       11.116540229
        16.812431403       10.747302361
        15.223279926       10.357828405
        13.705734193        9.948595176
        12.261322245        9.520386777
        10.891498482        9.073700510
         9.597642200        8.609475146
         8.381056204        8.128327362
         7.242965491        7.631157491
         6.184516023        7.118267824
         5.206773569        6.590793771
         4.310722632        6.049539716
         3.497265460        5.494481861
         2.767221136        4.927098380
         2.121324752        4.347491331
         1.560226670        3.756626061
         1.084491870        3.154724411
         0.694599375        2.543807017
         0.390941775        1.920642754
         0.173824827        1.288249586
         0.043467149        0.646845326
         0.000000000       -0.000000204
         0.042602223       -0.639233547
         0.170366851       -1.274690306
         0.383167793       -1.901073396
         0.680795042       -2.518235039
         1.062954876       -3.124961396
         1.529270148       -3.720603668
         2.079280662       -4.306908403
         2.712443624       -4.881657173
         3.428134179       -5.444278767
         4.225646026       -5.994405114
         5.104192118       -6.532123303
         6.062905435       -7.055985640
         7.100839843       -7.565293168
         8.216971027       -8.059687164
         9.410197499       -8.538354351
        10.679341689       -9.000587523
        12.023151105       -9.445738513
        13.440299570       -9.872850285
        14.929388528      -10.281510279
        16.488948430      -10.671015925
        18.117440177      -11.040681547
        19.813256644      -11.390019247
        21.574724267      -11.718401082
        23.400104688      -12.025379711
        25.287596478      -12.310599196
        27.235336910      -12.573591656
        29.241403800      -12.814081697
        31.303817401      -13.031783067
        33.420542361      -13.226612776
        35.589489728      -13.398352948
        37.808519012      -13.547026471
        40.075440299      -13.672655548
        42.388016412      -13.775276283
        44.743965117      -13.855139336
        47.140961377      -13.912386775
        49.576639647      -13.947368365
        52.048596206      -13.960434143
        54.554391532      -13.951981922
        57.091552706      -13.922486262
        59.657575857      -13.872495949
        62.249928631      -13.802552534
        64.866052687      -13.713283214
        67.503366228      -13.605352478
        70.159266543      -13.479448029
        72.831132579      -13.336292327
        75.516327527      -13.176636381
        78.212201424      -13.001254259
        80.916093768      -12.810937500
        83.625336144      -12.606475004
        86.337254855      -12.388693368
        89.049173567      -12.158417122
        91.758415942      -11.916468673
        94.462308286      -11.663658522
        97.158182183      -11.400813924
        99.843377132      -11.128753533
       102.515243168      -10.848283204
       105.171143483      -10.560200446
       107.808457023      -10.265293023
       110.424581080       -9.964338670
       113.016933853       -9.658104644
       115.582957005       -9.347336637
       118.120118179       -9.032777748
       120.625913504       -8.715157163
       123.097870063       -8.395192540
       125.533548333       -8.073582440
       127.930544594       -7.751018393
       130.286493299       -7.428186362
       132.599069412       -7.105768359
       134.865990699       -6.784412969
       137.085019983       -6.464791151
       139.253967349       -6.147551082
       141.370692309       -5.833340171
       143.433105911       -5.522785282
       145.439172800       -5.216533364
       147.386913232       -4.915210865
       149.274405022       -4.619444992
       151.099785444       -4.329842491
       152.861253066       -4.047028849
       154.557069534       -3.771612952
       156.185561281       -3.504179866
       157.745121182       -3.245337585
       159.234210141       -2.995662883
       160.651358605       -2.755729540
       161.995168022       -2.526093506
       163.264312212       -2.307290394
       164.457538684       -2.099858170
       165.573669868       -1.904298947
       166.611604276       -1.721105188
       167.570317593       -1.550723761
       168.448863684       -1.393605129
       169.246375531       -1.250155723
       169.962066086       -1.120739889
       170.595229048       -1.005714027
       171.145239562       -0.905382694
       171.611554835       -0.820018194
       171.993714668       -0.749843557
       172.291341917       -0.654166389
       172.504142860       -0.475946388
       172.631907487       -0.249174895
       172.674509711        0.000000148
#
# SECTION 29 / 50   y = 34.285714   chord = 173.020560   x_le = 2.400000   x_te = 175.420560
#               x_mm               y_mm
       173.020559868        0.000000149
       172.977005608        0.251861867
       172.846386686        0.480544863
       172.628834622        0.658892236
       172.324568474        0.752637541
       171.933894611        0.824368044
       171.457206409        0.911619859
       170.894983853        1.014163286
       170.247793053        1.131703220
       169.516285676        1.263923268
       168.701198287        1.410469074
       167.803351610        1.570944564
       166.823649701        1.744917686
       165.763079036        1.931951615
       164.622707521        2.131556359
       163.403683412        2.343234663
       162.107234164        2.566450670
       160.734665191        2.800654282
       159.287358554        3.045294608
       157.766771568        3.299783684
       156.174435335        3.563537404
       154.511953203        3.835936523
       152.780999150        4.116383798
       150.983316100        4.404252460
       149.120714168        4.698915865
       147.195068836        4.999732507
       145.208319065        5.306066164
       143.162465345        5.617267603
       141.059567676        5.932688891
       138.901743499        6.251671986
       136.691165558        6.573557390
       134.430059720        6.897678354
       132.120702725        7.223352866
       129.765419901        7.549911699
       127.366582817        7.876649687
       124.926606900        8.202879406
       122.447948997        8.527884863
       119.933104909        8.850949281
       117.384606868        9.171348860
       114.805020998        9.488326898
       112.196944722        9.801133881
       109.563004151       10.109002147
       106.905851442       10.411147893
       104.228162120       10.706776185
       101.532632394       10.995081364
        98.821976432       11.275245272
        96.098923635       11.546424845
        93.366215886       11.807800007
        90.626604792       12.058528922
        87.882848907       12.297736999
        85.137710961       12.524602036
        82.393955076       12.738265252
        79.654343981       12.937871132
        76.921636233       13.122603830
        74.198583436       13.291634980
        71.487927474       13.444137098
        68.792397747       13.579345442
        66.114708426       13.696497892
        63.457555716       13.794864524
        60.823615146       13.873754070
        58.215538870       13.932504986
        55.635952999       13.970495016
        53.087454959       13.987203879
        50.572610870       13.982073282
        48.093952968       13.954679595
        45.653977051       13.904634923
        43.255139967       13.831619144
        40.899857143       13.735333849
        38.590500148       13.615643525
        36.329394309       13.472367597
        34.118816369       13.305506085
        31.960992191       13.115082239
        29.858094523       12.901122453
        27.812240802       12.663884416
        25.825491032       12.403560149
        23.899845700       12.120451658
        22.037243768       11.814986779
        20.239560718       11.487493925
        18.508606665       11.138539436
        16.846124532       10.768576940
        15.253788299       10.378336466
        13.733201313        9.968297494
        12.285894676        9.539245850
        10.913325704        9.091677760
         9.616876456        8.626535996
         8.397852347        8.144437359
         7.257480832        7.646283865
         6.196910167        7.132379998
         5.217208258        6.603861928
         4.319361581        6.061535488
         3.504274192        5.505379128
         2.772766814        4.936871866
         2.125576015        4.356115793
         1.563353459        3.764077913
         1.086665257        3.160984497
         0.695991394        2.548856741
         0.391725246        1.924451880
         0.174173182        1.290803817
         0.043554259        0.648126068
         0.000000000       -0.000000217
         0.042687601       -0.640499403
         0.170708276       -1.277217983
         0.383935685       -1.904844197
         0.682159397       -2.523229903
         1.065085102       -3.131163151
         1.532334898       -3.727984898
         2.083447666       -4.315453274
         2.717879525       -4.891338647
         3.435004367       -5.455077530
         4.234114476       -6.006292699
         5.114421227       -6.545076341
         6.075055864       -7.069973894
         7.115070355       -7.580290362
         8.233438333       -8.075661204
         9.429056103       -8.555274591
        10.700743735       -9.018420464
        12.047246227       -9.464449437
        13.467234743       -9.892403596
        14.959307926      -10.301868466
        16.521993279      -10.692140122
        18.153748622      -11.062532363
        19.852963609      -11.412555442
        21.617961319      -11.741580206
        23.446999913      -12.049158447
        25.338274350      -12.334934195
        27.289918172      -12.598437327
        29.300005341      -12.839393808
        31.366552144      -13.057514965
        33.487519149      -13.252718301
        35.660813217      -13.424786072
        37.884289570      -13.573740671
        40.155753904      -13.699604382
        42.472964559      -13.802413901
        44.833634728      -13.882419450
        47.235434714      -13.939764366
        49.675994231      -13.974798675
        52.152904740      -13.987873153
        54.663721831      -13.979386862
        57.205967629      -13.949814515
        59.777133246      -13.899706845
        62.374681251      -13.829605741
        64.996048179      -13.740140450
        67.638647055      -13.631976439
        70.299869955      -13.505802821
        72.977090572      -13.362343532
        75.667666813      -13.202351111
        78.368943405      -13.026601199
        81.078254512      -12.835886940
        83.792926373      -12.630999127
        86.510279934      -12.412765429
        89.227633495      -12.182012341
        91.942305356      -11.939563923
        94.651616463      -11.686232569
        97.352893055      -11.422846659
       100.043469296      -11.150226753
       102.720689913      -10.869180319
       105.381912813      -10.580506457
       108.024511689      -10.284994499
       110.645878616       -9.983423731
       113.243426622       -9.676562935
       115.814592238       -9.365159055
       118.356838037       -9.049957127
       120.867655128       -8.731687315
       123.344565637       -8.411068990
       125.785125154       -8.088802042
       128.186925140       -7.765579363
       130.547595308       -7.442088322
       132.864805964       -7.119012313
       135.136270298       -6.797000946
       137.359746651       -6.476726724
       139.533040719       -6.158839179
       141.654007724       -5.843986762
       143.720554527       -5.532798078
       145.730641696       -5.225920899
       147.682285517       -4.923983183
       149.573559955       -4.627613155
       151.402598549       -4.337419310
       153.167596259       -4.054027891
       154.866811246       -3.778049294
       156.498566588       -3.510069505
       158.061251942       -3.250698041
       159.553325125       -3.000512868
       160.973313641       -2.760088659
       162.319816132       -2.529982803
       163.591503764       -2.310732026
       164.787121534       -2.102875416
       165.905489512       -1.906915815
       166.945504004       -1.723347027
       167.906138640       -1.552616526
       168.786445391       -1.395176037
       169.585555500       -1.251432845
       170.302680342       -1.121751724
       170.937112201       -1.006490152
       171.488224970       -0.905952985
       171.955474766       -0.820413440
       172.338400471       -0.750095016
       172.636624183       -0.654596450
       172.849851592       -0.476362158
       172.977872267       -0.249417594
       173.020559868        0.000000149
#
# SECTION 30 / 50   y = 32.653061   chord = 173.366610   x_le = 2.285714   x_te = 175.652324
#               x_mm               y_mm
       173.366610025        0.000000150
       173.322968655        0.252105540
       173.192088487        0.480961633
       172.974101308        0.659317561
       172.669226612        0.752894249
       172.277771381        0.824771440
       171.800129778        0.912201815
       171.236782747        1.014955196
       170.588297532        1.132735515
       169.855327102        1.265225726
       169.038609495        1.412071399
       168.138967078        1.572874643
       167.157305714        1.747203487
       166.094613853        1.934619548
       164.951961535        2.134632135
       163.730499314        2.346742651
       162.431457100        2.570414737
       161.056142918        2.805096253
       159.605941592        3.050236064
       158.082313352        3.305244405
       156.486792363        3.569535981
       154.820985180        3.842490830
       153.086569128        4.123509932
       151.285290619        4.411965511
       149.418963385        4.707229384
       147.489466662        5.008659256
       145.498743288        5.315617101
       143.448797754        5.627452385
       141.341694180        5.943516355
       139.179554241        6.263149160
       136.964555029        6.585690216
       134.698926861        6.910471442
       132.384951032        7.236809228
       130.024957519        7.564033247
       127.621322636        7.891437153
       125.176466639        8.218331700
       122.692851291        8.543999473
       120.172977383        8.867722728
       117.619382213        9.188775772
       115.034637037        9.506400862
       112.421344471        9.819846535
       109.782135882       10.128343837
       107.119668729       10.431107410
       104.436623889       10.727340742
       101.735702962       11.016236571
        99.019625546       11.296974856
        96.291126502       11.568711359
        93.552953195       11.830624116
        90.807862735       12.081869336
        88.058619195       12.321571219
        85.307990830       12.548905642
        82.558747290       12.763011805
        79.813656830       12.963033057
        77.075483523       13.148151614
        74.346984479       13.317537111
        71.630907063       13.470361029
        68.929986136       13.605856754
        66.246941296       13.723260618
        63.584474143       13.821841204
        60.945265553       13.900905829
        58.331972988       13.959791983
        55.747227811       13.997875360
        53.193632642       14.014635394
        50.673758734       14.009511816
        48.190143386       13.982080956
        45.745287389       13.931953686
        43.341652506       13.858809203
        40.981658993       13.762348954
        38.667683164       13.642436144
        36.402054996       13.498890803
        34.187055784       13.331712420
        32.024915845       13.140924813
        29.917812271       12.926553304
        27.867866737       12.688857197
        25.877143363       12.428028303
        23.947646640       12.144369199
        22.081319406       11.838309248
        20.280040896       11.510176102
        18.545624845       11.160538650
        16.879817661       10.789851526
        15.284296673       10.398844535
        13.760668433        9.987999818
        12.310467107        9.558104930
        10.935152925        9.109655017
         9.636110711        8.643596853
         8.414648490        8.160547362
         7.271996172        7.661410246
         6.209304311        7.146492178
         5.227642947        6.616930092
         4.328000530        6.073531267
         3.511282923        5.516276402
         2.778312493        4.946645358
         2.129827278        4.364740262
         1.566480247        3.771529771
         1.088838644        3.167244589
         0.697383413        2.553906470
         0.392508717        1.928261010
         0.174521537        1.293358051
         0.043641370        0.649406812
         0.000000000       -0.000000227
         0.042772978       -0.641765261
         0.171049702       -1.279745663
         0.384703576       -1.908615003
         0.683523751       -2.528224772
         1.067215327       -3.137364911
         1.535399648       -3.735366133
         2.087614671       -4.323998152
         2.723315426       -4.901020127
         3.441874555       -5.465876300
         4.242582926       -6.018180292
         5.124650337       -6.558029385
         6.087206293       -7.083962155
         7.129300868       -7.595287562
         8.249905640       -8.091635250
         9.447914708       -8.572194837
        10.722145782       -9.036253412
        12.071341349       -9.483160367
        13.494169916       -9.911956915
        14.989227323      -10.322226659
        16.555038129      -10.713264326
        18.190057068      -11.084383185
        19.892670573      -11.435091645
        21.661198370      -11.764759337
        23.493895137      -12.072937190
        25.388952222      -12.359269203
        27.344499434      -12.623283006
        29.358606882      -12.864705926
        31.429286887      -13.083246872
        33.554495936      -13.278823835
        35.732136706      -13.451219205
        37.960060128      -13.600454880
        40.236067509      -13.726553225
        42.557912707      -13.829551529
        44.923304339      -13.909699573
        47.329908051      -13.967141966
        49.775348814      -14.002228994
        52.257213274      -14.015312173
        54.773052130      -14.006791810
        57.320382553      -13.977142778
        59.896690635      -13.926917750
        62.499433872      -13.856658958
        65.126043670      -13.766997696
        67.773927882      -13.658600410
        70.440473367      -13.532157624
        73.123048565      -13.388394748
        75.819006099      -13.228065851
        78.525685385      -13.051948150
        81.240415256      -12.860836392
        83.960516603      -12.655523261
        86.683305012      -12.436837500
        89.406093422      -12.205607569
        92.126194769      -11.962659184
        94.840924640      -11.708806627
        97.547603926      -11.444879404
       100.243561460      -11.171699984
       102.926136658      -10.890077445
       105.592682143      -10.600812478
       108.240566355      -10.304695987
       110.867176153      -10.002508802
       113.469919390       -9.695021237
       116.046227472       -9.382981483
       118.593557895       -9.067136521
       121.109396751       -8.748217499
       123.591261211       -8.426945447
       126.036701974       -8.104021641
       128.443305686       -7.780140350
       130.808697318       -7.455990309
       133.130542515       -7.132256273
       135.406549897       -6.809588916
       137.634473319       -6.488662310
       139.812114089       -6.170127291
       141.937323138       -5.854633367
       144.008003143       -5.542810889
       146.022110591       -5.235308449
       147.977657802       -4.932755517
       149.872714888       -4.635781335
       151.705411654       -4.344996145
       153.473939452       -4.061026950
       155.176552957       -3.784485652
       156.811571896       -3.515959161
       158.377382702       -3.256058515
       159.872440109       -3.005362871
       161.295268676       -2.764447797
       162.644464243       -2.533872119
       163.918695317       -2.314173678
       165.116704385       -2.105892682
       166.237309157       -1.909532706
       167.279403732       -1.725588888
       168.241959688       -1.554509314
       169.124027099       -1.396746968
       169.924735470       -1.252709991
       170.643294599       -1.122763582
       171.278995354       -1.007266301
       171.831210377       -0.906523300
       172.299394698       -0.820808711
       172.683086274       -0.750346501
       172.981906449       -0.655025498
       173.195560323       -0.476776856
       173.323837047       -0.249659049
       173.366610025        0.000000150
#
# SECTION 31 / 50   y = 31.020408   chord = 173.712660   x_le = 2.171429   x_te = 175.884089
#               x_mm               y_mm
       173.712660182        0.000000151
       173.668931701        0.252349216
       173.537790289        0.481378410
       173.319367994        0.659741659
       173.013884750        0.753150983
       172.621648151        0.825174860
       172.143053146        0.912783796
       171.578581641        1.015747130
       170.928802011        1.133767834
       170.194368527        1.266528207
       169.376020704        1.413673747
       168.474582546        1.574804745
       167.490961727        1.749489310
       166.426148669        1.937287503
       165.281215548        2.137707932
       164.057315216        2.350250660
       162.755680036        2.574378720
       161.377620644        2.809538243
       159.924524629        3.055177539
       158.397855136        3.310705145
       156.799149392        3.575534575
       155.130017157        3.849045154
       153.392139107        4.130636084
       151.587265137        4.419678579
       149.717212603        4.715542919
       147.783864488        5.017586020
       145.789167511        5.325168054
       143.735130162        5.637637182
       141.623820683        5.954343834
       139.457364983        6.274626346
       137.237944500        6.597823056
       134.967794002        6.923264543
       132.649199338        7.250265603
       130.284495137        7.578154807
       127.876062454        7.906224631
       125.426326378        8.233784005
       122.937753585        8.560114095
       120.412849857        8.884496186
       117.854157559        9.206202696
       115.264253075        9.524474836
       112.645744221        9.838559200
       110.001267614       10.147685539
       107.333486016       10.451066939
       104.645085657       10.747905310
       101.938773530       11.037391788
        99.217274661       11.318704451
        96.483329368       11.590997884
        93.739690504       11.853448236
        90.989120678       12.105209761
        88.234389483       12.345405448
        85.478270699       12.573209259
        82.723539504       12.787758369
        79.972969679       12.988194992
        77.229330814       13.173699408
        74.495385521       13.343439253
        71.773886652       13.496584969
        69.067574525       13.632368077
        66.379174167       13.750023353
        63.711392569       13.848817894
        61.066915961       13.928057599
        58.448407107       13.987078991
        55.858502624       14.025255715
        53.299810325       14.042066918
        50.774906597       14.036950360
        48.286333804       14.009482326
        45.836597728       13.959272459
        43.428165046       13.885999272
        41.063460844       13.789364068
        38.744866180       13.669228773
        36.474715682       13.525414019
        34.255295199       13.357918764
        32.088839499       13.166767404
        29.977530020       12.951984163
        27.923492671       12.713829985
        25.928795694       12.452496465
        23.995447579       12.168286748
        22.125395045       11.861631726
        20.320521075       11.532858286
        18.582643025       11.182537871
        16.913510790       10.811126119
        15.314805046       10.419352610
        13.788135553       10.007702150
        12.335039538        9.576964018
        10.956980146        9.127632281
         9.655344966        8.660657717
         8.431444634        8.176657371
         7.286511513        7.676536634
         6.221698455        7.160604365
         5.238077636        6.629998263
         4.336639479        6.085527053
         3.518291655        5.527173682
         2.783858171        4.956418856
         2.134078541        4.373364737
         1.569607036        3.778981636
         1.091012031        3.173504687
         0.698775432        2.558956203
         0.393292188        1.932070144
         0.174869893        1.295912288
         0.043728481        0.650687558
         0.000000000       -0.000000184
         0.042858356       -0.643031120
         0.171391127       -1.282273347
         0.385471467       -1.912385813
         0.684888105       -2.533219647
         1.069345553       -3.143566677
         1.538464398       -3.742747375
         2.091781675       -4.332543036
         2.728751327       -4.910701615
         3.448744744       -5.476675077
         4.251051376       -6.030067891
         5.134879446       -6.570982436
         6.099356722       -7.097950423
         7.143531380       -7.610284769
         8.266372947       -8.107609303
         9.466773313       -8.589115091
        10.743547828       -9.054086366
        12.095436470       -9.501871305
        13.521105089       -9.931510240
        15.019146720      -10.342584860
        16.588082978      -10.734388556
        18.226365513      -11.106234011
        19.932377537      -11.457627871
        21.704435422      -11.787938493
        23.540790362      -12.096715921
        25.439630095      -12.383604215
        27.399080696      -12.648128698
        29.417208423      -12.890018040
        31.492021629      -13.108978793
        33.621472724      -13.304929342
        35.803460195      -13.477652344
        38.035830686      -13.627169051
        40.316381115      -13.753502066
        42.642860855      -13.856689165
        45.012973951      -13.936979705
        47.424381387      -13.994519576
        49.874703397      -14.029659323
        52.361521807      -14.042751203
        54.882382428      -14.034196769
        57.434797476      -14.004471051
        60.016248024      -13.954128666
        62.624186492      -13.883712186
        65.256039161      -13.793854951
        67.909208709      -13.685224391
        70.581076779      -13.558512437
        73.269006558      -13.414445974
        75.970345385      -13.253780602
        78.682427365      -13.077295111
        81.402576000      -12.885785853
        84.128106832      -12.680047405
        86.856330091      -12.460909582
        89.584553350      -12.229202809
        92.310084182      -11.985754455
        95.030232817      -11.731380695
        97.742314797      -11.466912160
       100.443653624      -11.193173198
       103.131583404      -10.910974607
       105.803451473      -10.621118483
       108.456621021      -10.324397503
       111.088473690      -10.021593868
       113.696412158       -9.713479540
       116.277862706       -9.400803952
       118.830277754       -9.084315904
       121.351138375       -8.764747687
       123.837956785       -8.442821917
       126.288278795       -8.119241248
       128.699686231       -7.794701354
       131.069799328       -7.469892318
       133.396279067       -7.145500240
       135.676829497       -6.822176880
       137.909199987       -6.500597909
       140.091187458       -6.181415416
       142.220638553       -5.865279987
       144.295451759       -5.552823715
       146.313579487       -5.244696014
       148.273030087       -4.941527867
       150.171869820       -4.643949530
       152.008224760       -4.352572997
       153.780282645       -4.068026027
       155.486294669       -3.790922029
       157.124577204       -3.521848835
       158.693513462       -3.261419007
       160.191555094       -3.010212894
       161.617223712       -2.768806955
       162.969112354       -2.537761456
       164.245886869       -2.317615351
       165.446287235       -2.108909970
       166.569128802       -1.912149619
       167.613303460       -1.727830772
       168.577780736       -1.556402124
       169.461608806       -1.398317922
       170.263915439       -1.253987160
       170.983908855       -1.123775464
       171.620878507       -1.008042475
       172.174195785       -0.907093640
       172.643314629       -0.821204007
       173.027772077       -0.750598010
       173.327188715       -0.655452899
       173.541269055       -0.477191162
       173.669801826       -0.249900516
       173.712660182        0.000000151
#
# SECTION 32 / 50   y = 29.387755   chord = 174.058710   x_le = 2.057143   x_te = 176.115853
#               x_mm               y_mm
       174.058710339        0.000000153
       174.014894748        0.252592897
       173.883492091        0.481794098
       173.664634681        0.660164808
       173.358542888        0.753407741
       172.965524921        0.825578304
       172.485976515        0.913365801
       171.920380536        1.016539088
       171.269306490        1.134800177
       170.533409953        1.267830712
       169.713431912        1.415276119
       168.810198014        1.576734868
       167.824617740        1.751775155
       166.757683485        1.939955479
       165.610469562        2.140783750
       164.384131118        2.353758688
       163.079902971        2.578342528
       161.699098370        2.813980253
       160.243107666        3.060119032
       158.713396920        3.316165903
       157.111506420        3.581533188
       155.439049134        3.855599496
       153.697709086        4.137762252
       151.889239656        4.427391663
       150.015461820        4.723856470
       148.078262314        5.026512800
       146.079591734        5.334719021
       144.021462571        5.647821993
       141.905947187        5.965171326
       139.735175726        6.286103547
       137.511333971        6.609955909
       135.236661143        6.936057657
       132.913447645        7.263721991
       130.544032755        7.592276380
       128.130802272        7.921012122
       125.676186117        8.249236323
       123.182655879        8.576228729
       120.652722332        8.901269656
       118.088932904        9.223629630
       115.493869114        9.542548821
       112.870143971        9.857271876
       110.220399345       10.167027251
       107.547303303       10.471026478
       104.853547426       10.768469889
       102.141844098       11.058547017
        99.414923776       11.340434057
        96.675532235       11.613284419
        93.926427812       11.876272367
        91.170378622       12.128550197
        88.410159771       12.369239689
        85.648550568       12.597512886
        82.888331718       12.812504943
        80.132282527       13.013356937
        77.383178104       13.199247213
        74.643786564       13.369341404
        71.916866241       13.522808920
        69.205162914       13.658879410
        66.511407037       13.776786099
        63.838310995       13.875794593
        61.188566368       13.955209378
        58.564841226       14.014366008
        55.969777436       14.052636079
        53.405988008       14.069498453
        50.876054460       14.064388913
        48.382524222       14.036883706
        45.927908067       13.986591241
        43.514677585       13.913189350
        41.145262695       13.816379191
        38.822049196       13.696021411
        36.547376368       13.551937243
        34.323534614       13.384125116
        32.152763153       13.192610003
        30.037247768       12.977415031
        27.979118605       12.738802782
        25.980448025       12.476964635
        24.043248519       12.192204304
        22.169470684       11.884954211
        20.361001254       11.555540477
        18.619661205       11.204537100
        16.947203919       10.832400719
        15.345313419       10.439860692
        13.815602673       10.027404489
        12.359611970        9.595823112
        10.978807368        9.145609552
         9.674579221        8.677718588
         8.448240777        8.192767388
         7.301026854        7.691663029
         6.234092599        7.174716559
         5.248512325        6.643066441
         4.345278427        6.097522845
         3.525300386        5.538070969
         2.789403850        4.966192362
         2.138329804        4.381989218
         1.572733824        3.786433507
         1.093185419        3.179764790
         0.700167452        2.564005942
         0.394075659        1.935879283
         0.175218248        1.298466528
         0.043815592        0.651968306
         0.000000000       -0.000000207
         0.042943733       -0.644296981
         0.171732552       -1.284801033
         0.386239359       -1.916156626
         0.686252460       -2.538214526
         1.071475779       -3.149768448
         1.541529147       -3.750128622
         2.095948679       -4.341087926
         2.734187228       -4.920383109
         3.455614932       -5.487473860
         4.259519827       -6.041955497
         5.145108556       -6.583935493
         6.111507151       -7.111938698
         7.157761892       -7.625281983
         8.282840253       -8.123583363
         9.485631918       -8.606035351
        10.764949875       -9.071919328
        12.119531592       -9.520582249
        13.548040261       -9.951063572
        15.049066117      -10.362943068
        16.621127828      -10.755512775
        18.262673959      -11.128084848
        19.972084501      -11.480164088
        21.747672474      -11.811117640
        23.587685586      -12.120494679
        25.490307967      -12.407939238
        27.453661957      -12.672974393
        29.475809965      -12.915330174
        31.554756372      -13.134710716
        33.688449511      -13.331034893
        35.874783684      -13.504085494
        38.111601244      -13.653883277
        40.396694720      -13.780450927
        42.727809002      -13.883826811
        45.102643562      -13.964259846
        47.518854724      -14.021897195
        49.974057980      -14.057089661
        52.465830341      -14.070190242
        54.991712727      -14.061601737
        57.549212399      -14.031799334
        60.135805413      -13.981339591
        62.748939113      -13.910765423
        65.386034653      -13.820712217
        68.044489536      -13.711848383
        70.721680190      -13.584867260
        73.414964551      -13.440497211
        76.121684671      -13.279495362
        78.839169345      -13.102642083
        81.564736744      -12.910735325
        84.295697062      -12.704571559
        87.029355170      -12.484981684
        89.763013278      -12.252798063
        92.493973595      -12.008849727
        95.219540994      -11.753954774
        97.937025668      -11.488944926
       100.643745788      -11.214646450
       103.337030149      -10.931871754
       106.014220803      -10.641424526
       108.672675687      -10.344099011
       111.309771226      -10.040678961
       113.922904927       -9.731937864
       116.509497940       -9.418626404
       119.066997612       -9.101495321
       121.592879999       -8.781277893
       124.084652359       -8.458698397
       126.539855615       -8.134460871
       128.956066777       -7.809262366
       131.330901337       -7.483794331
       133.662015619       -7.158744226
       135.947109096       -6.834764875
       138.183926655       -6.512533522
       140.370260828       -6.192703555
       142.503953967       -5.875926620
       144.582900375       -5.562836555
       146.605048382       -5.254083595
       148.568402372       -4.950300232
       150.471024753       -4.652117742
       152.311037865       -4.360149866
       154.086625838       -4.075025120
       155.796036381       -3.797358423
       157.437582511       -3.527738528
       159.009644222       -3.266779518
       160.510670078       -3.015062936
       161.939178747       -2.773166132
       163.293760465       -2.541650813
       164.573078422       -2.321057044
       165.775870086       -2.111927279
       166.900948447       -1.914766552
       167.947203188       -1.730072678
       168.913601783       -1.558294956
       169.799190513       -1.399888899
       170.603095408       -1.255264352
       171.324523111       -1.124787369
       171.962761660       -1.008818672
       172.517181192       -0.907664004
       172.987234560       -0.821599326
       173.372457879       -0.750849544
       173.672470981       -0.655879392
       173.886977787       -0.477605009
       174.015766606       -0.250141830
       174.058710339        0.000000153
#
# SECTION 33 / 50   y = 27.755102   chord = 174.404760   x_le = 1.942857   x_te = 176.347618
#               x_mm               y_mm
       174.404760497        0.000000155
       174.360857794        0.252836580
       174.229193893        0.482209412
       174.009901367        0.660586632
       173.703201026        0.753664523
       173.309401691        0.825981773
       172.828899884        0.913947830
       172.262179430        1.017331070
       171.609810968        1.135832542
       170.872451379        1.269133240
       170.050843120        1.416878517
       169.145813483        1.578665022
       168.158273753        1.754061032
       167.089218302        1.942623487
       165.939723576        2.143859599
       164.710947020        2.357266744
       163.404125907        2.582306357
       162.020576096        2.818422278
       160.561690703        3.065060537
       159.028938704        3.321626670
       157.423863448        3.587531812
       155.748081111        3.862153853
       154.003279064        4.144888440
       152.191214174        4.435104771
       150.313711038        4.732170045
       148.372660141        5.035439599
       146.370015957        5.344270000
       144.307794979        5.658006809
       142.188073690        5.975998822
       140.012986468        6.297580757
       137.784723442        6.622088776
       135.505528285        6.948850783
       133.177695951        7.277178391
       130.803570372        7.606397964
       128.385542091        7.935799624
       125.926045856        8.264688652
       123.427558173        8.592343374
       120.892594806        8.918043138
       118.323708249        9.241056576
       115.723485153        9.560622818
       113.094543721        9.875984563
       110.439531076       10.186368974
       107.761120590       10.490986028
       105.062009194       10.789034478
       102.344914667       11.079702255
        99.612572890       11.362163672
        96.867735102       11.635570965
        94.113165121       11.899096508
        91.351636565       12.151890643
        88.585930060       12.393073939
        85.818830437       12.621816524
        83.053123932       12.837251528
        80.291595376       13.038518893
        77.537025394       13.224795027
        74.792187606       13.395243566
        72.059845830       13.549032881
        69.342751302       13.685390753
        66.643639907       13.803548855
        63.965229421       13.902771303
        61.310216775       13.982361167
        58.681275344       14.041653035
        56.081052248       14.080016453
        53.512165691       14.096929996
        50.977202324       14.091827476
        48.478714640       14.064285095
        46.019218406       14.013910032
        43.601190124       13.940379437
        41.227064545       13.843394322
        38.899232212       13.722814057
        36.620037054       13.578460476
        34.391774028       13.410331477
        32.216686807       13.218452610
        30.096965517       13.002845907
        28.034744540       12.763775587
        26.032100356       12.501432812
        24.091049459       12.216121868
        22.213546322       11.908276703
        20.401481432       11.578222676
        18.656679385       11.226536336
        16.980897048       10.853675326
        15.375821793       10.460368782
        13.843069793       10.047106834
        12.384184401        9.614682212
        11.000634589        9.163586830
         9.693813477        8.694779465
         8.465036920        8.208877411
         7.315542195        7.706789431
         6.246486743        7.188828759
         5.258947014        6.656134626
         4.353917376        6.109518644
         3.532309118        5.548968263
         2.794949528        4.975965873
         2.142581067        4.390613706
         1.575860613        3.793885384
         1.095358806        3.186024899
         0.701559471        2.569055685
         0.394859130        1.939688426
         0.175566604        1.301020772
         0.043902703        0.653249056
         0.000000000       -0.000000209
         0.043029111       -0.645562844
         0.172073978       -1.287328722
         0.387007250       -1.919927445
         0.687616814       -2.543209411
         1.073606005       -3.155970224
         1.544593897       -3.757509876
         2.100115683       -4.349632822
         2.739623129       -4.930064610
         3.462485120       -5.498272649
         4.267988277       -6.053843109
         5.155337666       -6.596888558
         6.123657580       -7.125926979
         7.171992405       -7.640279204
         8.299307560       -8.139557430
         9.504490522       -8.622955618
        10.786351921       -9.089752296
        12.143626714       -9.539293200
        13.574975434       -9.970616912
        15.078985514      -10.383301283
        16.654172677      -10.776637000
        18.298982404      -11.149935693
        20.011791465      -11.502700314
        21.790909526      -11.834296794
        23.634580811      -12.144273445
        25.540985839      -12.432274269
        27.508243219      -12.697820096
        29.534411506      -12.940642317
        31.617491115      -13.160442647
        33.755426299      -13.357140453
        35.946107174      -13.530518653
        38.187371802      -13.680597512
        40.477008325      -13.807399796
        42.812757150      -13.910964466
        45.192313173      -13.991539997
        47.613328061      -14.049274823
        50.073412563      -14.084520008
        52.570138874      -14.097629291
        55.101043026      -14.089006715
        57.663627323      -14.059127626
        60.255362802      -14.008550527
        62.873691734      -13.937818670
        65.516030144      -13.847569493
        68.179770363      -13.738472385
        70.862283602      -13.611222094
        73.560922544      -13.466548457
        76.273023957      -13.305210134
        78.995911326      -13.127989064
        81.726897488      -12.935684808
        84.463287291      -12.729095724
        87.202380248      -12.509053762
        89.941473205      -12.276393285
        92.677863008      -12.031944951
        95.408849171      -11.776528863
        98.131736539      -11.510977703
       100.843837953      -11.236119713
       103.542476894      -10.952768912
       106.224990133      -10.661730579
       108.888730353      -10.363800531
       111.531068763      -10.059764080
       114.149397695       -9.750396203
       116.741133174       -9.436448856
       119.303717470       -9.118674741
       121.834621622       -8.797808118
       124.331347933       -8.474574898
       126.791432436       -8.149680506
       129.212447323       -7.823823378
       131.592003347       -7.497696349
       133.927752171       -7.171988234
       136.217388695       -6.847352898
       138.458653323       -6.524469148
       140.649334198       -6.203991707
       142.787269382       -5.886573268
       144.870348991       -5.572849410
       146.896517277       -5.263471190
       148.863774657       -4.959072612
       150.770179686       -4.660285969
       152.613850971       -4.367726750
       154.392969031       -4.082024230
       156.105778093       -3.803794834
       157.750587819       -3.533628238
       159.325774982       -3.272140048
       160.829785062       -3.019912997
       162.261133783       -2.777525329
       163.618408576       -2.545540189
       164.900269974       -2.324498758
       166.105452936       -2.114944608
       167.232768092       -1.917383508
       168.281102917       -1.732314605
       169.249422831       -1.560187811
       170.136772220       -1.401459898
       170.942275377       -1.256541568
       171.665137367       -1.125799298
       172.304644814       -1.009594893
       172.860166599       -0.908234391
       173.331154492       -0.821994670
       173.717143682       -0.751101102
       174.017753246       -0.656304963
       174.232686519       -0.478017857
       174.361731386       -0.250383494
       174.404760497        0.000000155
#
# SECTION 34 / 50   y = 26.122449   chord = 174.750811   x_le = 1.828571   x_te = 176.579382
#               x_mm               y_mm
       174.750810654        0.000000156
       174.706820840        0.253080078
       174.574895694        0.482624215
       174.355168053        0.661007081
       174.047859164        0.753921330
       173.653278461        0.826385265
       173.171823252        0.914529883
       172.603978324        1.018123075
       171.950315447        1.136864931
       171.211492805        1.270435790
       170.388254329        1.418480933
       169.481428951        1.580595190
       168.491929767        1.756346920
       167.420753118        1.945291506
       166.268977590        2.146935459
       165.037762922        2.360774813
       163.728348843        2.586270205
       162.342053822        2.822864326
       160.880273741        3.070002068
       159.344480488        3.327087465
       157.736220476        3.593530459
       156.057113089        3.868708229
       154.308849043        4.152014641
       152.493188693        4.442817887
       150.611960255        4.740483627
       148.667057967        5.044366409
       146.660440180        5.353820997
       144.594127388        5.668191648
       142.470200193        5.986826342
       140.290797210        6.309057985
       138.058112913        6.634221655
       135.774395426        6.961643922
       133.441944258        7.290634803
       131.063107990        7.620519561
       128.640281909        7.950587138
       126.175905595        8.280140993
       123.672460467        8.608458030
       121.132467280        8.934816630
       118.558483594        9.258483533
       115.953101191        9.578696825
       113.318943471        9.894697261
       110.658662807       10.205710708
       107.974937876       10.510945589
       105.270470963       10.809599078
       102.547985235       11.100857504
        99.810222005       11.383893299
        97.059937969       11.657857521
        94.299902429       11.921920659
        91.532894508       12.175231099
        88.761700348       12.416908200
        85.989110306       12.646120171
        83.217916146       12.861998123
        80.450908224       13.063680858
        77.690872685       13.250342852
        74.940588649       13.421145739
        72.202825419       13.575256852
        69.480339691       13.711902106
        66.775872777       13.830311621
        64.092147847       13.929748023
        61.431867183       14.009512966
        58.797709463       14.068940072
        56.192327060       14.107396837
        53.618343373       14.124361550
        51.078350187       14.119266048
        48.574905058       14.091686494
        46.110528744       14.041228832
        43.687702663       13.967569532
        41.308866396       13.870409463
        38.976415228       13.749606712
        36.692697740       13.604983717
        34.460013443       13.436537846
        32.280610460       13.244295226
        30.156683266       13.028276791
        28.090370474       12.788748399
        26.083752687       12.525900997
        24.138850399       12.240039440
        22.257621961       11.931599203
        20.441961611       11.600904882
        18.693697565       11.248535579
        17.014590177       10.874949940
        15.406330166       10.480876878
        13.870536913       10.066809187
        12.408756832        9.633541320
        11.022461811        9.181564114
         9.713047732        8.711840349
         8.481833064        8.224987441
         7.330057535        7.721915840
         6.258880887        7.202940966
         5.269381703        6.669202817
         4.362556325        6.121514450
         3.539317849        5.559865563
         2.800495207        4.985739392
         2.146832330        4.399238200
         1.578987401        3.801337267
         1.097532193        3.192285013
         0.702951490        2.574105434
         0.395642601        1.943497573
         0.175914959        1.303575018
         0.043989813        0.654529807
         0.000000000       -0.000000196
         0.043114488       -0.646828709
         0.172415403       -1.289856415
         0.387775142       -1.923698267
         0.688981169       -2.548204302
         1.075736231       -3.162172007
         1.547658647       -3.764891136
         2.104282687       -4.358177725
         2.745059030       -4.939746117
         3.469355308       -5.509071446
         4.276456727       -6.065730728
         5.165566775       -6.609841628
         6.135808009       -7.139915267
         7.186222917       -7.655276432
         8.315774867       -8.155531504
         9.523349127       -8.639875892
        10.807753967       -9.107585275
        12.167721836       -9.558004159
        13.601910607       -9.990170258
        15.108904912      -10.403659505
        16.687217527      -10.797761233
        18.335290849      -11.171786544
        20.051498430      -11.525236546
        21.834146578      -11.857475955
        23.681476035      -12.168052219
        25.591663711      -12.456609307
        27.562824481      -12.722665807
        29.593013047      -12.965954467
        31.680225858      -13.186174587
        33.822403086      -13.383246020
        36.017430663      -13.556951820
        38.263142360      -13.707311756
        40.557321931      -13.834348675
        42.897705298      -13.938102129
        45.281982785      -14.018820156
        47.707801398      -14.076652460
        50.172767147      -14.111950365
        52.674447408      -14.125068349
        55.210373325      -14.116411703
        57.778042246      -14.086455929
        60.374920190      -14.035761472
        62.998444354      -13.964871927
        65.646025635      -13.874426779
        68.315051191      -13.765096396
        71.002887014      -13.637576937
        73.706880537      -13.492599714
        76.424363243      -13.330924915
        79.152653306      -13.153336056
        81.889058232      -12.960634300
        84.630877521      -12.753619899
        87.375405327      -12.533125875
        90.119933133      -12.299988555
        92.861752421      -12.055040253
        95.598157348      -11.799102962
        98.326447411      -11.533010490
       101.043930117      -11.257592986
       103.747923640      -10.973666081
       106.435759463      -10.682036643
       109.104785019      -10.383502061
       111.752366300      -10.078849195
       114.375890463       -9.768854549
       116.972768408       -9.454271329
       119.540437328       -9.135854180
       122.076363246       -8.814338348
       124.578043507       -8.490451401
       127.043009256       -8.164900152
       129.468827869       -7.838384414
       131.853105356       -7.511598385
       134.193488723       -7.185232245
       136.487668294       -6.859940919
       138.733379991       -6.536404787
       140.928407568       -6.215279873
       143.070584796       -5.897219929
       145.157797607       -5.582862279
       147.187986173       -5.272858800
       149.159146942       -4.967845008
       151.069334618       -4.668454211
       152.916664076       -4.375303651
       154.699312224       -4.089023357
       156.415519804       -3.810231262
       158.063593127       -3.539517966
       159.641905742       -3.277500595
       161.148900046       -3.024763076
       162.583088818       -2.781884545
       163.943056686       -2.549429586
       165.227461527       -2.327940492
       166.435035787       -2.117961959
       167.564587737       -1.920000484
       168.615002645       -1.734556554
       169.585243879       -1.562080687
       170.474353927       -1.403030920
       171.281455346       -1.257818806
       172.005751623       -1.126811250
       172.646527967       -1.010371137
       173.203152007       -0.908804803
       173.675074423       -0.822390038
       174.061829485       -0.751352684
       174.363035512       -0.656728810
       174.578395250       -0.478430712
       174.707696166       -0.250624928
       174.750810654        0.000000156
#
# SECTION 35 / 50   y = 24.489796   chord = 175.096861   x_le = 1.714286   x_te = 176.811147
#               x_mm               y_mm
       175.096860811        0.000000158
       175.052783887        0.253322473
       174.920597496        0.483038073
       174.700434740        0.661426589
       174.392517302        0.754178160
       173.997155230        0.826788781
       173.514746621        0.915111959
       172.945777218        1.018915103
       172.290819926        1.137897343
       171.550534231        1.271738363
       170.725665537        1.420083372
       169.817044419        1.582525380
       168.825585780        1.758632830
       167.752287935        1.947959545
       166.598231604        2.150011339
       165.364578824        2.364282902
       164.052571779        2.590234072
       162.663531548        2.827306393
       161.198856778        3.074943618
       159.660022271        3.332548277
       158.048577505        3.599529125
       156.366145066        3.875262622
       154.614419021        4.159140859
       152.795163212        4.450531019
       150.910209473        4.748797225
       148.961455793        5.053293234
       146.950864403        5.363372009
       144.880459797        5.678376502
       142.752326697        5.997653875
       140.568607953        6.320535225
       138.331502384        6.646354547
       136.043262567        6.974437074
       133.706192565        7.304091228
       131.322645608        7.634641170
       128.895021728        7.965374663
       126.425765335        8.295593346
       123.917362761        8.624572698
       121.372339755        8.951590134
       118.793258939        9.275910501
       116.182717230        9.596770844
       113.543343221        9.913409969
       110.877794538       10.225052453
       108.188755163       10.530905160
       105.478932731       10.830163688
       102.751055803       11.122012764
       100.007871120       11.405622935
        97.252140836       11.680144087
        94.486639738       11.944744821
        91.714152452       12.198571565
        88.937470636       12.440742471
        86.159390175       12.670423829
        83.382708359       12.886744728
        80.610221073       13.088842834
        77.844719975       13.275890687
        75.088989691       13.447047921
        72.345805008       13.601480833
        69.617928080       13.738413469
        66.908105648       13.857074396
        64.219066273       13.956724752
        61.553517590       14.036664774
        58.914143581       14.096227118
        56.303601872       14.134777230
        53.724521056       14.151793112
        51.179498050       14.146704630
        48.671095476       14.119087902
        46.201839083       14.068547642
        43.774215203       13.994759637
        41.390668246       13.897424612
        39.053598244       13.776399375
        36.765358427       13.631506967
        34.528252858       13.462744224
        32.344534114       13.270137850
        30.216401014       13.053707683
        28.145996408       12.813721219
        26.135405018       12.550369190
        24.186651338       12.263957019
        22.301697599       11.954921710
        20.482441790       11.623587096
        18.730715745       11.270534829
        17.048283306       10.896224562
        15.436838540       10.501384981
        13.898004033       10.086511547
        12.433329263        9.652400435
        11.044289032        9.199541406
         9.732281987        8.728901240
         8.498629207        8.241097478
         7.344572876        7.737042255
         6.271275031        7.217053180
         5.279816392        6.682271015
         4.371195274        6.133510263
         3.546326580        5.570762870
         2.806040885        4.995512916
         2.151083593        4.407862701
         1.582114190        3.808789157
         1.099705581        3.198545133
         0.704343509        2.579155187
         0.396426071        1.947306724
         0.176263315        1.306129267
         0.044076924        0.655810560
         0.000000000       -0.000000215
         0.043199865       -0.648094575
         0.172756829       -1.292384110
         0.388543033       -1.927469093
         0.690345523       -2.553199197
         1.077866457       -3.168373794
         1.550723397       -3.772272402
         2.108449691       -4.366722634
         2.750494931       -4.949427632
         3.476225496       -5.519870248
         4.284925177       -6.077618354
         5.175795885       -6.622794706
         6.147958438       -7.153903562
         7.200453429       -7.670273665
         8.332242174       -8.171505584
         9.542207732       -8.656796173
        10.829156014       -9.125418257
        12.191816957       -9.576715123
        13.628845780      -10.009723611
        15.138824309      -10.424017734
        16.720262377      -10.818885472
        18.371599295      -11.193637403
        20.091205394      -11.547772785
        21.877383630      -11.880655124
        23.728371260      -12.191830999
        25.642341584      -12.480944354
        27.617405743      -12.747511525
        29.651614588      -12.991266626
        31.742960600      -13.211906534
        33.889379874      -13.409351596
        36.088754152      -13.583384996
        38.338912918      -13.734026008
        40.637635536      -13.861297562
        42.982653445      -13.965239802
        45.371652396      -14.046100325
        47.802274734      -14.104030107
        50.272121730      -14.139380731
        52.778755942      -14.152507417
        55.319703624      -14.143816700
        57.892457169      -14.113784240
        60.494477579      -14.062972426
        63.123196975      -13.991925194
        65.776021126      -13.901284075
        68.450332018      -13.791720418
        71.143490426      -13.663931790
        73.852838530      -13.518650980
        76.575702529      -13.356639706
        79.309395286      -13.178683058
        82.051218976      -12.985583803
        84.798467750      -12.778144084
        87.548430406      -12.557197999
        90.298393061      -12.323583836
        93.045641835      -12.078135564
        95.787465525      -11.821677072
        98.521158282      -11.555043288
       101.244022281      -11.279066269
       103.953370385      -10.994563260
       106.646528793      -10.702342717
       109.320839685      -10.403203601
       111.973663836      -10.097934321
       114.602383232       -9.787312906
       117.204403642       -9.472093813
       119.777157187       -9.153033629
       122.318104869       -8.830868589
       124.824739081       -8.506327916
       127.294586077       -8.180119810
       129.725208415       -7.852945461
       132.114207366       -7.525500434
       134.459225275       -7.198476268
       136.757947893       -6.872528953
       139.008106659       -6.548340440
       141.207480937       -6.226568053
       143.353900211       -5.907866604
       145.445246223       -5.592875162
       147.479455068       -5.282246424
       149.454519227       -4.976617419
       151.368489551       -4.676622470
       153.219477181       -4.382880568
       155.005655417       -4.096022500
       156.725261516       -3.816667637
       158.376598434       -3.545407711
       159.958036502       -3.282861161
       161.468015031       -3.029613175
       162.905043854       -2.786243781
       164.267704797       -2.553319002
       165.554653079       -2.331382246
       166.764618637       -2.120979330
       167.896407382       -1.922617482
       168.948902373       -1.736798525
       169.921064926       -1.563973586
       170.811935634       -1.404601965
       171.620635315       -1.259096067
       172.346365880       -1.127823225
       172.988411120       -1.011147405
       173.546137414       -0.909375238
       174.018994354       -0.822785429
       174.406515288       -0.751604290
       174.708317778       -0.657151757
       174.924103982       -0.478842257
       175.053660946       -0.250865086
       175.096860811        0.000000158
#
# SECTION 36 / 50   y = 22.857143   chord = 175.442911   x_le = 1.600000   x_te = 177.042911
#               x_mm               y_mm
       175.442910968        0.000000160
       175.398746933        0.253564939
       175.266299298        0.483451938
       175.045701426        0.661844930
       174.737175440        0.754435015
       174.341032000        0.827192321
       173.857669990        0.915694059
       173.287576112        1.019707155
       172.631324405        1.138929778
       171.889575656        1.273040959
       171.063076746        1.421685833
       170.152659887        1.584455591
       169.159241793        1.760918761
       168.083822751        1.950627606
       166.927485618        2.153087240
       165.691394726        2.367791012
       164.376794715        2.594197959
       162.985009274        2.831748479
       161.517439815        3.079885186
       159.975564055        3.338009107
       158.360934533        3.605527807
       156.675177043        3.881817032
       154.919989000        4.166267093
       153.097137730        4.458244167
       151.208458690        4.757110838
       149.255853619        5.062220074
       147.241288626        5.372923035
       145.166792205        5.688561369
       143.034453200        6.008481423
       140.846418695        6.332012479
       138.604891855        6.658487453
       136.312129708        6.987230239
       133.970440871        7.317547665
       131.582183226        7.648762791
       129.149761546        7.980162201
       126.675625074        8.311045710
       124.162265055        8.640687377
       121.612212229        8.968363648
       119.028034284        9.293337480
       116.412333269        9.614844873
       113.767742971        9.932122688
       111.096926269       10.244394208
       108.402572450       10.550864742
       105.687394500       10.850728309
       102.954126371       11.143168034
       100.205520234       11.427352582
        97.444343703       11.702430664
        94.673377047       11.967568993
        91.895410395       12.221912042
        89.113240924       12.464576752
        86.329670044       12.694727497
        83.547500573       12.911491343
        80.769533922       13.114004820
        77.998567266       13.301438532
        75.237390734       13.472950113
        72.488784597       13.627704824
        69.755516469       13.764924842
        67.040338518       13.883837182
        64.345984699       13.983701492
        61.675167997       14.063816593
        59.030577700       14.123514174
        56.414876684       14.162157632
        53.830698739       14.179224684
        51.280645914       14.174143221
        48.767285894       14.146489318
        46.293149422       14.095866460
        43.860727742       14.021949751
        41.472470097       13.924439770
        39.130781260       13.803192048
        36.838019113       13.658030225
        34.596492273       13.488950610
        32.408457768       13.295980482
        30.276118763       13.079138582
        28.201622343       12.838694048
        26.187057349       12.574837391
        24.234452278       12.287874605
        22.345773238       11.978244224
        20.522921968       11.646269316
        18.767733925       11.292534086
        17.081976435       10.917499190
        15.467346913       10.521893091
        13.925471153       10.106213913
        12.457901694        9.671259556
        11.066116254        9.217518704
         9.751516242        8.745962138
         8.515425350        8.257207522
         7.359088217        7.752168677
         6.283669175        7.231165401
         5.290251081        6.695339219
         4.379834222        6.145506083
         3.553335312        5.581660184
         2.811586564        5.005286448
         2.155334856        4.416487208
         1.585240979        3.816241053
         1.101878968        3.204805259
         0.705735528        2.584204944
         0.397209542        1.951115880
         0.176611670        1.308683520
         0.044164035        0.657091314
         0.000000000       -0.000000206
         0.043285243       -0.649360443
         0.173098254       -1.294911808
         0.389310925       -1.931239924
         0.691709878       -2.558194097
         1.079996682       -3.174575587
         1.553788147       -3.779653674
         2.112616696       -4.375267550
         2.755930833       -4.959109152
         3.483095684       -5.530669057
         4.293393627       -6.089505986
         5.186024994       -6.635747790
         6.160108867       -7.167891864
         7.214683942       -7.685270906
         8.348709480       -8.187479671
         9.561066336       -8.673716460
        10.850558060       -9.143251246
        12.215912079       -9.595426095
        13.655780953      -10.029276970
        15.168743706      -10.444375969
        16.753307226      -10.840009719
        18.407907740      -11.215488269
        20.130912358      -11.570309032
        21.920620681      -11.903834300
        23.775266484      -12.215609788
        25.693019456      -12.505279407
        27.671987005      -12.772357252
        29.710216129      -13.016578792
        31.805695343      -13.237638490
        33.956356661      -13.435457180
        36.160077641      -13.609818180
        38.414683475      -13.760740269
        40.717949141      -13.888246458
        43.067601593      -13.992377483
        45.461322007      -14.073380502
        47.896748071      -14.131407763
        50.371476313      -14.166811107
        52.883064475      -14.179946494
        55.429033923      -14.171221706
        58.006872093      -14.141112562
        60.614034968      -14.090183391
        63.247949595      -14.018978470
        65.906016618      -13.928141380
        68.585612845      -13.818344449
        71.284093838      -13.690286654
        73.998796523      -13.544702257
        76.727041815      -13.382354507
        79.466137267      -13.204030070
        82.213379720      -13.010533316
        84.966057980      -12.802668279
        87.721455484      -12.581270132
        90.476852988      -12.347179126
        93.229531248      -12.101230886
        95.976773702      -11.844251192
        98.715869153      -11.577076096
       101.444114445      -11.300539563
       104.158817130      -11.015460449
       106.857298123      -10.722648802
       109.536894350      -10.422905152
       112.194961373      -10.117019457
       114.828876000       -9.805771273
       117.436038876       -9.489916308
       120.013877045       -9.170213089
       122.559846493       -8.847398841
       125.071434655       -8.522204442
       127.546162897       -8.195339480
       129.981588961       -7.867506520
       132.375309375       -7.539402495
       134.724961827       -7.211720304
       137.028227493       -6.885116999
       139.282833327       -6.560276105
       141.486554307       -6.237856245
       143.637215625       -5.918513293
       145.732694839       -5.602888059
       147.770923964       -5.291634063
       149.749891512       -4.985389844
       151.667644484       -4.684790744
       153.522290287       -4.390457501
       155.311998610       -4.103021660
       157.035003228       -3.823103829
       158.689603742       -3.551297474
       160.274167262       -3.288221745
       161.787130015       -3.034463291
       163.226998889       -2.790603035
       164.592352908       -2.557208437
       165.881844632       -2.334824020
       167.094201488       -2.123996721
       168.228227026       -1.925234500
       169.282802101       -1.739040517
       170.256885974       -1.565866507
       171.149517341       -1.406173032
       171.959815284       -1.260373351
       172.686980136       -1.128835223
       173.330294273       -1.011923696
       173.889122822       -0.909945697
       174.362914286       -0.823180845
       174.751201091       -0.751855921
       175.053600044       -0.657573805
       175.269812714       -0.479253659
       175.399625725       -0.251105071
       175.442910968        0.000000160
#
# SECTION 37 / 50   y = 21.224490   chord = 175.788961   x_le = 1.485714   x_te = 177.274675
#               x_mm               y_mm
       175.788961125        0.000000163
       175.744709980        0.253807184
       175.612001100        0.483864406
       175.390968112        0.662261754
       175.081833578        0.754691893
       174.684908770        0.827595885
       174.200593358        0.916276182
       173.629375006        1.020499230
       172.971828883        1.139962236
       172.228617082        1.274343577
       171.400487954        1.423288316
       170.488275355        1.586385824
       169.492897806        1.763204714
       168.415357568        1.953295687
       167.256739632        2.156163161
       166.018210628        2.371299141
       164.701017650        2.598161865
       163.306487000        2.836190584
       161.836022852        3.084826773
       160.291105839        3.343469955
       158.673291561        3.611526507
       156.984209020        3.888371458
       155.225558979        4.173393344
       153.399112249        4.465957331
       151.506707908        4.765424466
       149.550251445        5.071146929
       147.531712848        5.382474075
       145.453124614        5.698746251
       143.316579704        6.019308984
       141.124229437        6.343489747
       138.878281326        6.670620371
       136.580996849        7.000023416
       134.234689178        7.331004114
       131.841720844        7.662884424
       129.404501365        7.994949750
       126.925484813        8.326498085
       124.407167348        8.656802067
       121.852084703        8.985137174
       119.262809630        9.310764470
       116.641949307        9.632918912
       113.992142721        9.950835418
       111.316058001       10.263735973
       108.616389737       10.570824334
       105.895856268       10.871292940
       103.157196939       11.164323314
       100.403169349       11.449082239
        97.636546570       11.724717251
        94.860114355       11.990393175
        92.076668338       12.245252529
        89.289011213       12.488411044
        86.499949913       12.719031175
        83.712292787       12.936237968
        80.928846770       13.139166816
        78.152414556       13.326986386
        75.385791776       13.498852315
        72.631764186       13.653928824
        69.893104857       13.791436224
        67.172571388       13.910599977
        64.472903125       14.010678241
        61.796818405       14.090968421
        59.147011818       14.150801240
        56.526151496       14.189538044
        53.936876422       14.206656266
        51.381793777       14.201581821
        48.863476312       14.173890744
        46.384459761       14.123185287
        43.947240281       14.049139873
        41.554271948       13.951454937
        39.207964276       13.829984728
        36.910679799       13.684553492
        34.664731688       13.515157004
        32.472381422       13.321823122
        30.335836512       13.104569490
        28.257248277       12.863666883
        26.238709680       12.599305599
        24.282253218       12.311792199
        22.389848877       12.001566746
        20.563402147       11.668951544
        18.804752106       11.314533351
        17.115669564       10.938773825
        15.497855286       10.542401209
        13.952938273       10.125916286
        12.482474125        9.690118684
        11.087943475        9.235496008
         9.770750497        8.763023042
         8.532221494        8.273317571
         7.373603558        7.767295105
         6.296063319        7.245277628
         5.300685770        6.708407430
         4.388473171        6.157501909
         3.560344043        5.592557504
         2.817132242        5.015059985
         2.159586119        4.425111721
         1.588367767        3.823692954
         1.104052355        3.211065390
         0.707127547        2.589254707
         0.397993013        1.954925039
         0.176960026        1.311237775
         0.044251146        0.658372070
         0.000000000       -0.000000194
         0.043370620       -0.650626312
         0.173439680       -1.297439510
         0.390078816       -1.935010759
         0.693074232       -2.563189002
         1.082126908       -3.180777386
         1.556852897       -3.787034952
         2.116783700       -4.383812471
         2.761366734       -4.968790680
         3.489965872       -5.541467873
         4.301862077       -6.101393625
         5.196254104       -6.648700880
         6.172259296       -7.181880172
         7.228914454       -7.700268153
         8.365176787       -8.203453764
         9.579924941       -8.690636754
        10.871960107       -9.161084241
        12.240007201       -9.614137073
        13.682716126      -10.048830337
        15.198663103      -10.464734212
        16.786352076      -10.861133972
        18.444216186      -11.237339142
        20.170619322      -11.592845286
        21.963857733      -11.927013483
        23.822161709      -12.239388584
        25.743697328      -12.529614469
        27.726568266      -12.797202986
        29.768817670      -13.041890966
        31.868430086      -13.263370454
        34.023333449      -13.461562773
        36.231401130      -13.636251372
        38.490454033      -13.787454538
        40.798262746      -13.915195362
        43.152549740      -14.019515173
        45.550991618      -14.100660689
        47.991221408      -14.158785427
        50.470830896      -14.194241491
        52.987373009      -14.207385580
        55.538364222      -14.198626722
        58.121287016      -14.168440892
        60.733592357      -14.117394365
        63.372702216      -14.046031756
        66.036012109      -13.954998695
        68.720893672      -13.844968490
        71.424697250      -13.716641527
        74.144754516      -13.570753543
        76.878381101      -13.408069318
        79.622879247      -13.229377092
        82.375540464      -13.035482839
        85.133648209      -12.827192485
        87.894480563      -12.605342276
        90.655312916      -12.370774427
        93.413420661      -12.124326218
        96.166081878      -11.866825322
        98.910580024      -11.599108914
       101.644206610      -11.322012867
       104.364263875      -11.036357649
       107.068067454      -10.742954897
       109.752949016      -10.442606714
       112.416258910      -10.136104604
       115.055368768       -9.824229651
       117.667674110       -9.507738814
       120.250596903       -9.187392561
       122.801588117       -8.863929104
       125.318130229       -8.538080979
       127.797739718       -8.210559161
       130.237969507       -7.882067591
       132.636411385       -7.553304568
       134.990698379       -7.224964352
       137.298507092       -6.897705058
       139.557559995       -6.572211783
       141.765627677       -6.249144451
       143.920531040       -5.929159996
       146.020143455       -5.612900971
       148.062392859       -5.301021717
       150.045263797       -4.994162285
       151.966799416       -4.692959033
       153.825103392       -4.398034450
       155.618341803       -4.110020837
       157.344744940       -3.829540038
       159.002609050       -3.557187254
       160.590298022       -3.293582346
       162.106244999       -3.039313426
       163.548953925       -2.794962308
       164.917001019       -2.561097892
       166.209036184       -2.338265814
       167.423784338       -2.127014133
       168.560046671       -1.927851540
       169.616701829       -1.741282531
       170.592707021       -1.567759449
       171.487099048       -1.407744120
       172.298995253       -1.261650657
       173.027594392       -1.129847244
       173.672177426       -1.012700010
       174.232108229       -0.910516179
       174.706834217       -0.823576284
       175.095886893       -0.752107575
       175.398882309       -0.657994182
       175.615521446       -0.479664376
       175.745590505       -0.251345211
       175.788961125        0.000000163
#
# SECTION 38 / 50   y = 19.591837   chord = 176.135011   x_le = 1.371429   x_te = 177.506440
#               x_mm               y_mm
       176.135011283        0.000000165
       176.090673026        0.254049480
       175.957702901        0.484276820
       175.736234798        0.662677645
       175.426491716        0.754948796
       175.028785540        0.827999472
       174.543516727        0.916858329
       173.971173901        1.021291328
       173.312333362        1.140994717
       172.567658508        1.275646217
       171.737899163        1.424890821
       170.823890823        1.588316079
       169.826553819        1.765490687
       168.746892384        1.955963789
       167.585993646        2.159239103
       166.345026530        2.374807290
       165.025240586        2.602125791
       163.627964727        2.840632708
       162.154605890        3.089768377
       160.606647623        3.348930821
       158.985648589        3.617525224
       157.293240997        3.894925902
       155.531128957        4.180519610
       153.701086767        4.473670510
       151.804957125        4.773738110
       149.844649272        5.080073798
       147.822137071        5.392025130
       145.739457022        5.708931147
       143.598706207        6.030136558
       141.402040180        6.354967027
       139.151670797        6.682753302
       136.849863991        7.012816606
       134.498937484        7.344460576
       132.101258462        7.677006068
       129.659241183        8.009737310
       127.175344552        8.341950472
       124.652069642        8.672916768
       122.091957178        9.001910711
       119.497584975        9.328191471
       116.871565346        9.650992963
       114.216542471        9.969548159
       111.535189732       10.283077749
       108.830207024       10.590783936
       106.104318037       10.891857581
       103.360267508       11.185478605
       100.600818464       11.470811907
        97.828749436       11.747003848
        95.046851664       12.013217367
        92.257926282       12.268593025
        89.464781501       12.512245345
        86.670229782       12.743334863
        83.877085001       12.960984603
        81.088159619       13.164328822
        78.306261846       13.352534251
        75.534192819       13.524754527
        72.774743775       13.680152835
        70.030693246       13.817947617
        67.304804258       13.937362782
        64.599821551       14.037654999
        61.918468812       14.118120258
        59.263445937       14.178088315
        56.637426308       14.216918466
        54.043054105       14.234087856
        51.482941640       14.229020430
        48.959666731       14.201292179
        46.475770100       14.150504124
        44.033752821       14.076330004
        41.636073798       13.978470112
        39.285147292       13.856777418
        36.983340485       13.711076767
        34.732971103       13.541363406
        32.536305076       13.347665770
        30.395554260       13.130000406
        28.312874211       12.888639727
        26.290362011       12.623773814
        24.330054158       12.335709801
        22.433924515       12.024889275
        20.603882325       11.691633779
        18.841770286       11.336532622
        17.149362693       10.960048467
        15.528363660       10.562909333
        13.980405393       10.145618666
        12.507046556        9.708977818
        11.109770697        9.253473319
         9.789984753        8.780083952
         8.549017637        8.289427628
         7.388118898        7.782421540
         6.308457463        7.259389862
         5.311120459        6.721475648
         4.397112120        6.169497741
         3.567352775        5.603454831
         2.822677921        5.024833529
         2.163837382        4.433736240
         1.591494556        3.831144862
         1.106225742        3.217325526
         0.708519566        2.594304474
         0.398776484        1.958734203
         0.177308381        1.313792034
         0.044338257        0.659652828
         0.000000000       -0.000000216
         0.043455998       -0.651892184
         0.173781105       -1.299967214
         0.390846707       -1.938781598
         0.694438586       -2.568183913
         1.084257134       -3.186979190
         1.559917646       -3.794416237
         2.120950704       -4.392357399
         2.766802635       -4.978472214
         3.496836061       -5.552266695
         4.310330527       -6.113281271
         5.206483214       -6.661653977
         6.184409725       -7.195868487
         7.243144967       -7.715265407
         8.381644094       -8.219427864
         9.598783546       -8.707557054
        10.893362153       -9.178917243
        12.264102322       -9.632848058
        13.709651299      -10.068383710
        15.228582501      -10.485092461
        16.819396925      -10.882258232
        18.480524631      -11.259190021
        20.210326286      -11.615381547
        22.007094785      -11.950192674
        23.869056934      -12.263167387
        25.794375200      -12.553949537
        27.781149528      -12.822048728
        29.827419211      -13.067203148
        31.931164828      -13.289102425
        34.090310236      -13.487668373
        36.302724619      -13.662684573
        38.566224591      -13.814168816
        40.878576352      -13.942144275
        43.237497888      -14.046652872
        45.640661230      -14.127940884
        48.085694744      -14.186163101
        50.570185479      -14.221671885
        53.091681542      -14.234824676
        55.647694521      -14.226031747
        58.235701939      -14.195769233
        60.853149746      -14.144605348
        63.497454836      -14.073085052
        66.166007600      -13.981856020
        68.856174499      -13.871592541
        71.565300662      -13.742996410
        74.290712509      -13.596804840
        77.029720387      -13.433784139
        79.779621227      -13.254724124
        82.537701208      -13.060432371
        85.301238439      -12.851716700
        88.067505641      -12.629414429
        90.833772844      -12.394369738
        93.597310074      -12.147421560
        96.355390055      -11.889399462
        99.105290895      -11.621141742
       101.844298774      -11.343486183
       104.569710621      -11.057254844
       107.278836784      -10.763261014
       109.969003682      -10.462308286
       112.637556446      -10.155189761
       115.281861537       -9.842688040
       117.899309343       -9.525561331
       120.487316762       -9.204572043
       123.043329740       -8.880459378
       125.564825803       -8.553957527
       128.049316538       -8.225778853
       130.494350053       -7.896628673
       132.897513395       -7.567206652
       135.256434931       -7.238208413
       137.568786691       -6.910293130
       139.832286663       -6.584147474
       142.044701047       -6.260432671
       144.203846454       -5.939806712
       146.307592071       -5.622913896
       148.353861754       -5.310409385
       150.340636082       -5.002934741
       152.265954349       -4.701127337
       154.127916498       -4.405611414
       155.924684996       -4.117020029
       157.654486651       -3.835976263
       159.315614357       -3.563077052
       160.906428782       -3.298942966
       162.425359984       -3.044163580
       163.870908960       -2.799321600
       165.241649130       -2.564987366
       166.536227737       -2.341707628
       167.753367189       -2.130031566
       168.891866316       -1.930468600
       169.950601557       -1.743524565
       170.928528069       -1.569652413
       171.824680755       -1.409315231
       172.638175222       -1.262927985
       173.368208648       -1.130859287
       174.014060579       -1.013476348
       174.575093636       -0.911086684
       175.050754149       -0.823971746
       175.440572696       -0.752359253
       175.744164575       -0.658413606
       175.961230177       -0.480074333
       176.091555285       -0.251585553
       176.135011283        0.000000165
#
# SECTION 39 / 50   y = 17.959184   chord = 176.481061   x_le = 1.257143   x_te = 177.738204
#               x_mm               y_mm
       176.481061440        0.000000167
       176.436636073        0.254292024
       176.303404703        0.484688428
       176.081501485        0.663092513
       175.771149854        0.755205721
       175.372662310        0.828403082
       174.886440096        0.917440498
       174.312972795        1.022083449
       173.652837841        1.142027220
       172.906699934        1.276948879
       172.075310371        1.426493348
       171.159506292        1.590246355
       170.160209833        1.767776682
       169.078427201        1.958631912
       167.915247659        2.162315064
       166.671842432        2.378315458
       165.349463522        2.606089735
       163.949442453        2.845074850
       162.473188927        3.094710000
       160.922189407        3.354391704
       159.298005617        3.623523959
       157.602272974        3.901480362
       155.836698936        4.187645893
       154.003061286        4.481383706
       152.103206342        4.782051768
       150.139047098        5.089000682
       148.112561294        5.401576199
       146.025789431        5.719116056
       143.880832710        6.040964146
       141.679850922        6.366444320
       139.425060268        6.694886245
       137.118731132        7.025609808
       134.763185791        7.357917049
       132.360796080        7.691127725
       129.913981002        8.024524883
       127.425204291        8.357402870
       124.896971936        8.689031481
       122.331829652        9.018684258
       119.732360320        9.345618482
       117.101181385        9.669067024
       114.440942220        9.988260909
       111.754321463       10.302419536
       109.044024311       10.610743549
       106.312779805       10.912422233
       103.563338076       11.206633921
       100.798467578       11.492541644
        98.020952303       11.769290475
        95.233588973       12.036041567
        92.439184225       12.291933508
        89.640551789       12.536079702
        86.840509651       12.767638599
        84.041877215       12.985731227
        81.247472467       13.189490870
        78.460109137       13.378082070
        75.682593861       13.550656731
        72.917723364       13.706376819
        70.168281635       13.844458999
        67.437037129       13.964125610
        64.726739977       14.064631731
        62.040119219       14.145272093
        59.379880055       14.205375399
        56.748701120       14.244298897
        54.149231788       14.261519456
        51.584089504       14.256459048
        49.055857149       14.228693623
        46.567080438       14.177822969
        44.120265360       14.103520144
        41.717875649       14.005485296
        39.362330308       13.883570115
        37.056001172       13.737600050
        34.801210518       13.567569816
        32.600228730       13.373508426
        30.455272009       13.155431329
        28.368500146       12.913612578
        26.342014342       12.648242037
        24.377855097       12.359627410
        22.478000154       12.048211811
        20.644362504       11.714316021
        18.878788466       11.358531901
        17.183055822       10.981323116
        15.558872033       10.583417463
        14.007872513       10.165321052
        12.531618987        9.727836959
        11.131597918        9.271450637
         9.809219008        8.797144869
         8.565813780        8.305537691
         7.402634239        7.797547982
         6.320851607        7.273502102
         5.321555148        6.734543872
         4.405751069        6.181493581
         3.574361506        5.614352164
         2.828223599        5.034607079
         2.168088645        4.442360766
         1.594621344        3.838596776
         1.108399130        3.223585668
         0.709911586        2.599354246
         0.399559955        1.962543371
         0.177656737        1.316346295
         0.044425367        0.660933588
         0.000000000       -0.000000209
         0.043541375       -0.653158057
         0.174122531       -1.302494921
         0.391614599       -1.942552440
         0.695802941       -2.573178828
         1.086387360       -3.193180999
         1.562982396       -3.801797526
         2.125117708       -4.400902332
         2.772238536       -4.988153754
         3.503706249       -5.563065523
         4.318798977       -6.125168922
         5.216712323       -6.674607081
         6.196560154       -7.209856808
         7.257375479       -7.730262667
         8.398111401       -8.235401971
         9.617642151       -8.724477361
        10.914764199       -9.196750251
        12.288197444       -9.651559050
        13.736586472      -10.087937090
        15.258501898      -10.505450717
        16.852441775      -10.903382500
        18.516833077      -11.281040908
        20.250033251      -11.637917815
        22.050331837      -11.973371872
        23.915952158      -12.286946197
        25.845053072      -12.578284614
        27.835730790      -12.846894478
        29.886020752      -13.092515338
        31.993899571      -13.314834405
        34.157287024      -13.513773982
        36.374048108      -13.689117782
        38.641995149      -13.840883102
        40.958889957      -13.969093197
        43.322446036      -14.073790579
        45.730330841      -14.155221088
        48.180168081      -14.213540784
        50.669540063      -14.249102288
        53.195990076      -14.262263780
        55.757024820      -14.253436782
        58.350116863      -14.223097582
        60.972707135      -14.171816341
        63.622207457      -14.100138357
        66.296003092      -14.008713355
        68.991455326      -13.898216602
        71.705904074      -13.769351303
        74.436670502      -13.622856146
        77.181059673      -13.459498970
        79.936363208      -13.280071165
        82.699861952      -13.085381914
        85.468828669      -12.876240925
        88.240530720      -12.653486593
        91.012232771      -12.417965059
        93.781199487      -12.170516913
        96.544698232      -11.911973613
        99.300001766      -11.643174580
       102.044390938      -11.364959507
       104.775157366      -11.078152063
       107.489606114      -10.783567130
       110.185058348      -10.482009868
       112.858853983      -10.174274929
       115.508354305       -9.861146439
       118.130944577       -9.543383858
       120.724036620       -9.221751536
       123.285071364       -8.896989663
       125.811521377       -8.569834086
       128.300893359       -8.240998557
       130.750730599       -7.911189767
       133.158615404       -7.581108749
       135.522171483       -7.251452485
       137.839066290       -6.922881214
       140.107013332       -6.596083178
       142.323774416       -6.271720903
       144.487161869       -5.950453442
       146.595040687       -5.632926836
       148.645330650       -5.319797067
       150.636008367       -5.011707211
       152.565109282       -4.709295657
       154.430729603       -4.413188395
       156.231028189       -4.124019238
       157.964228363       -3.842412506
       159.628619665       -3.568966867
       161.222559542       -3.304303603
       162.744474968       -3.049013751
       164.192863996       -2.803680910
       165.566297240       -2.568876859
       166.863419289       -2.345149461
       168.082950039       -2.133049018
       169.223685961       -1.933085681
       170.284501286       -1.745766621
       171.264349117       -1.571545399
       172.162262462       -1.410886364
       172.977355191       -1.264205336
       173.708822904       -1.131871353
       174.355943732       -1.014252708
       174.918079044       -0.911657213
       175.394674080       -0.824367232
       175.785258499       -0.752610954
       176.089446841       -0.658832142
       176.306938909       -0.480484230
       176.437520065       -0.251825717
       176.481061440        0.000000167
#
# SECTION 40 / 50   y = 16.326531   chord = 176.827112   x_le = 1.142857   x_te = 177.969969
#               x_mm               y_mm
       176.827111597        0.000000170
       176.782599119        0.254532900
       176.649106505        0.485099396
       176.426768171        0.663505733
       176.115807992        0.755462670
       175.716539080        0.828806716
       175.229363464        0.918022691
       174.654771689        1.022875593
       173.993342320        1.143059745
       173.245741360        1.278251563
       172.412721580        1.428095897
       171.495121760        1.592176653
       170.493865846        1.770062697
       169.409962017        1.961300055
       168.244501673        2.165391045
       166.998658334        2.381823646
       165.673686458        2.610053698
       164.270920179        2.849517011
       162.791771964        3.099651641
       161.237731191        3.359852605
       159.610362646        3.629522710
       157.911304951        3.908034838
       156.142268914        4.194772192
       154.305035805        4.489096916
       152.401455560        4.790365442
       150.433444924        5.097927581
       148.402985517        5.411127282
       146.312121839        5.729300979
       144.162959214        6.051791747
       141.957661664        6.377921627
       139.698449739        6.707019201
       137.387598273        7.038403022
       135.027434098        7.371373535
       132.620333698        7.705249393
       130.168720820        8.039312466
       127.675064030        8.372855279
       125.141874230        8.705146204
       122.571702126        9.035457817
       119.967135665        9.363045504
       117.330797423        9.687141095
       114.665341970       10.006973671
       111.973453194       10.321761332
       109.257841598       10.630703172
       106.521241573       10.932986894
       103.766408644       11.227789232
       100.996116693       11.514271332
        98.213155170       11.791577092
        95.420326281       12.058865779
        92.620442168       12.315274025
        89.816322077       12.559914023
        87.010789520       12.791942307
        84.206669429       13.010477882
        81.406785316       13.214652896
        78.613956427       13.403629954
        75.830994904       13.576558962
        73.060702953       13.732600849
        70.305870024       13.870970411
        67.569269999       13.990888434
        64.853658403       14.091608509
        62.161769627       14.172423950
        59.496314174       14.232662493
        56.859975932       14.271679337
        54.255409471       14.288951065
        51.685237367       14.283897675
        49.152047567       14.256095076
        46.658390777       14.205141822
        44.206777899       14.130710293
        41.799677500       14.032500488
        39.439513324       13.910362821
        37.128661858       13.764123341
        34.869449933       13.593776235
        32.664152383       13.399351089
        30.514989758       13.180862260
        28.424126080       12.938585437
        26.393666673       12.672710268
        24.425656037       12.383545026
        22.522075792       12.071534354
        20.684842683       11.736998271
        18.915806646       11.380531186
        17.216748951       11.002597772
        15.589380406       10.603925601
        14.035339633       10.185023446
        12.556191418        9.746696107
        11.153425139        9.289427962
         9.828453263        8.814205793
         8.582609924        8.321647760
         7.417149580        7.812674430
         6.333245751        7.287614348
         5.331989837        6.747612103
         4.414390018        6.193489426
         3.581370238        5.625249503
         2.833769278        5.044380636
         2.172339908        4.450985297
         1.597748133        3.846048696
         1.110572517        3.229845815
         0.711303605        2.604404022
         0.400343426        1.966352543
         0.178005092        1.318900560
         0.044512478        0.662214349
         0.000000000       -0.000000201
         0.043626753       -0.654423931
         0.174463956       -1.305022631
         0.392382490       -1.946323287
         0.697167295       -2.578173748
         1.088517586       -3.199382813
         1.566047146       -3.809178822
         2.129284712       -4.409447272
         2.777674437       -4.997835301
         3.510576437       -5.573864357
         4.327267428       -6.137056581
         5.226941433       -6.687560190
         6.208710583       -7.223845136
         7.271605991       -7.745259933
         8.414578707       -8.251376084
         9.636500755       -8.741397674
        10.936166246       -9.214583266
        12.312292566       -9.670270048
        13.763521645      -10.107490476
        15.288421295      -10.525808980
        16.885486624      -10.924506774
        18.553141522      -11.302891802
        20.289740215      -11.660454090
        22.093568889      -11.996551077
        23.962847383      -12.310725015
        25.895730945      -12.602619697
        27.890312052      -12.871740235
        29.944622294      -13.117827536
        32.056634314      -13.340566393
        34.224263811      -13.539879598
        36.445371597      -13.715550999
        38.717765707      -13.867597397
        41.039203562      -13.996042127
        43.407394183      -14.100928295
        45.820000452      -14.182501301
        48.274641418      -14.240918475
        50.768894646      -14.276532699
        53.300298610      -14.289702894
        55.866355119      -14.280841825
        58.464531786      -14.250425941
        61.092264524      -14.199027344
        63.746960077      -14.127191672
        66.425998583      -14.035570699
        69.126736153      -13.924840672
        71.846507486      -13.795706205
        74.582628495      -13.648907462
        77.332398959      -13.485213811
        80.093105188      -13.305418217
        82.862022697      -13.110331467
        85.636418898      -12.900765160
        88.413555799      -12.677558766
        91.190692699      -12.441560390
        93.965088901      -12.193612275
        96.734006409      -11.934547773
        99.494712638      -11.665207429
       102.244483102      -11.386432842
       104.980604111      -11.099049293
       107.700375444      -10.803873256
       110.401113014      -10.501711460
       113.080151520      -10.193360107
       115.734847073       -9.879604849
       118.362579811       -9.561206396
       120.960756478       -9.238931040
       123.526812987       -8.913519959
       126.058216951       -8.585710657
       128.552470179       -8.256218272
       131.007111145       -7.925750873
       133.419717414       -7.595010857
       135.787908035       -7.264696570
       138.109345890       -6.935469311
       140.381740000       -6.608018895
       142.602847786       -6.283009149
       144.770477284       -5.961100185
       146.882489304       -5.642939789
       148.936799545       -5.329184764
       150.931380652       -5.020479696
       152.864264214       -4.717463992
       154.733542708       -4.420765390
       156.537371382       -4.131018463
       158.273970075       -3.848848765
       159.941624973       -3.574856699
       161.538690302       -3.309664258
       163.063589952       -3.053863941
       164.514819031       -2.808040240
       165.890945351       -2.572766372
       167.190610842       -2.348591314
       168.412532890       -2.136066491
       169.555505606       -1.935702782
       170.618401014       -1.748008698
       171.600170164       -1.573438405
       172.499844170       -1.412457518
       173.316535160       -1.265482709
       174.049437161       -1.132883442
       174.697826885       -1.015029091
       175.261064451       -0.912227764
       175.738594011       -0.824762741
       176.129944302       -0.752862679
       176.434729107       -0.659249076
       176.652647641       -0.480892746
       176.783484844       -0.252064626
       176.827111597        0.000000170
#
# SECTION 41 / 50   y = 14.693878   chord = 177.173162   x_le = 1.028571   x_te = 178.201733
#               x_mm               y_mm
       177.173161754        0.000000173
       177.128562165        0.254774080
       176.994808307        0.485510150
       176.772034857        0.663918030
       176.460466130        0.755719643
       176.060415850        0.829210373
       175.572286833        0.918604906
       174.996570583        1.023667759
       174.333846798        1.144092293
       173.584782785        1.279554270
       172.750132788        1.429698467
       171.830737228        1.594106971
       170.827521859        1.772348733
       169.741496834        1.963968218
       168.573755687        2.168467047
       167.325474236        2.385331853
       165.997909393        2.614017680
       164.592397905        2.853959190
       163.110355001        3.104593300
       161.553272975        3.365313523
       159.922719674        3.635521478
       158.220336928        3.914589331
       156.447838893        4.201898506
       154.607010323        4.496810142
       152.699704777        4.798679131
       150.727842750        5.106854495
       148.693409740        5.420678379
       146.598454248        5.739485916
       144.445085717        6.062619362
       142.235472407        6.389398946
       139.971839210        6.719152170
       137.656465414        7.051196248
       135.291682404        7.384830032
       132.879871316        7.719371072
       130.423460638        8.054100061
       127.924923770        8.388307700
       125.386776524        8.721260939
       122.811574601        9.052231386
       120.201911010        9.380472537
       117.560413462        9.705215178
       114.889741720       10.025686442
       112.192584925       10.341103139
       109.471658885       10.650662805
       106.729703342       10.953551566
       103.969479212       11.248944553
       101.193765808       11.536001030
        98.405358037       11.813863735
        95.607063590       12.081690041
        92.801700112       12.338614590
        89.992092366       12.583748309
        87.181069389       12.816245973
        84.371461643       13.035224586
        81.566098165       13.239814913
        78.767803717       13.429177846
        75.979395946       13.602461171
        73.203682542       13.758824918
        70.443458412       13.897481843
        67.701502869       14.017651253
        64.980576829       14.118585345
        62.283420034       14.199575830
        59.612748292       14.259949596
        56.971250744       14.299059786
        54.361587153       14.316382683
        51.786385230       14.311336312
        49.248237985       14.283496538
        46.749701116       14.232460685
        44.293290439       14.157900450
        41.881479350       14.059515689
        39.516696340       13.937155535
        37.201322544       13.790646641
        34.937689348       13.619982661
        32.728076037       13.425193761
        30.574707506       13.206293199
        28.479752014       12.963558304
        26.445319004       12.697178506
        24.473456977       12.407462649
        22.566151431       12.094856905
        20.725322861       11.759680527
        18.952824826       11.402530478
        17.250442080       11.023872435
        15.619888780       10.624433745
        14.062806753       10.204725846
        12.580763849        9.765555261
        11.175252361        9.307405293
         9.847687518        8.831266723
         8.599406067        8.337757836
         7.431664921        7.827800884
         6.345639895        7.301726601
         5.342424526        6.760680340
         4.423028966        6.205485278
         3.588378969        5.636146849
         2.839314956        5.054154198
         2.176591171        4.459609835
         1.600874921        3.853500621
         1.112745904        3.236105968
         0.712695624        2.609452941
         0.401126897        1.970161720
         0.178353448        1.321454827
         0.044599589        0.663495112
         0.000000000       -0.000000191
         0.043712130       -0.655689807
         0.174805382       -1.307550344
         0.393150382       -1.950094138
         0.698531650       -2.583168674
         1.090647812       -3.205584633
         1.569111896       -3.816560124
         2.133451716       -4.417992217
         2.783110338       -5.007516854
         3.517446625       -5.584663198
         4.335735878       -6.148944245
         5.237170542       -6.700513306
         6.220861012       -7.237833470
         7.285836504       -7.760257206
         8.431046014       -8.267350203
         9.655359360       -8.758317994
        10.957568292       -9.232416287
        12.336387688       -9.688981053
        13.790456818      -10.127043870
        15.318340692      -10.546167250
        16.918531474      -10.945631055
        18.589449968      -11.324742702
        20.329447179      -11.682990372
        22.136805940      -12.019730289
        24.009742607      -12.334503840
        25.946408817      -12.626954788
        27.944893314      -12.896585999
        30.003223835      -13.143139741
        32.119369056      -13.366298388
        34.291240599      -13.565985223
        36.516695087      -13.741984224
        38.793536265      -13.894311699
        41.119517168      -14.022991065
        43.492342331      -14.128066020
        45.909670063      -14.209781522
        48.369114755      -14.268296175
        50.868249229      -14.303963120
        53.404607143      -14.317142017
        55.975685418      -14.308246878
        58.578946709      -14.277754310
        61.211821913      -14.226238355
        63.871712698      -14.154244996
        66.555994074      -14.062428052
        69.262016980      -13.951464752
        71.987110898      -13.822061117
        74.728586488      -13.674958788
        77.483738245      -13.510928662
        80.249847168      -13.330765278
        83.024183441      -13.135281029
        85.804009128      -12.925289405
        88.586580877      -12.701630950
        91.369152627      -12.465155731
        94.148978314      -12.216707647
        96.923314586      -11.957121943
        99.689423509      -11.687240287
       102.444575266      -11.407906186
       105.186050857      -11.119946534
       107.911144774      -10.824179393
       110.617167680      -10.521413063
       113.301449056      -10.212445296
       115.961339842       -9.898063269
       118.594215045       -9.579028944
       121.197476336       -9.256110554
       123.768554611       -8.930050266
       126.304912525       -8.601587238
       128.804047000       -8.271437998
       131.263491691       -7.940311990
       133.680819423       -7.608912977
       136.053644587       -7.277940568
       138.379625489       -6.948057419
       140.656466668       -6.619954624
       142.881921156       -6.294297407
       145.053792698       -5.971746942
       147.169937920       -5.652952756
       149.228268441       -5.338572475
       151.226752938       -5.029252196
       153.163419147       -4.725632342
       155.036355814       -4.428342402
       156.843714575       -4.138017704
       158.583711786       -3.855285040
       160.254630280       -3.580746548
       161.854821062       -3.315024930
       163.382704936       -3.058714149
       164.836774067       -2.812399587
       166.215593462       -2.576655903
       167.517802394       -2.352033187
       168.742115740       -2.139083983
       169.887325251       -1.938319904
       170.952300742       -1.750250796
       171.935991212       -1.575331433
       172.837425877       -1.414028694
       173.655715129       -1.266760104
       174.390051417       -1.133895553
       175.039710038       -1.015805496
       175.604049858       -0.912798338
       176.082513943       -0.825158273
       176.474630105       -0.753114427
       176.780011373       -0.659665002
       176.998356373       -0.481301270
       177.129449624       -0.252303405
       177.173161754        0.000000173
#
# SECTION 42 / 50   y = 13.061224   chord = 177.519212   x_le = 0.914286   x_te = 178.433498
#               x_mm               y_mm
       177.519211912        0.000000176
       177.474525212        0.255015050
       177.340510108        0.485919680
       177.117301543        0.664329406
       176.805124269        0.755976638
       176.404292620        0.829614052
       175.915210201        0.919187144
       175.338369477        1.024459948
       174.674351277        1.145124863
       173.923824211        1.280856998
       173.087543996        1.431301059
       172.166352696        1.596037311
       171.161177872        1.774634790
       170.073031650        1.966636401
       168.903009701        2.171543068
       167.652290138        2.388840080
       166.322132329        2.617981681
       164.913875631        2.858401387
       163.428938039        3.109534976
       161.868814758        3.370774459
       160.235076702        3.641520262
       158.529368905        3.921143840
       156.753408872        4.209024837
       154.908984842        4.504523384
       152.997953995        4.806992834
       151.022240576        5.115781423
       148.983833963        5.430229490
       146.884786657        5.749670866
       144.727212221        6.073446990
       142.513283149        6.400876278
       140.245228681        6.731285151
       137.925332555        7.063989487
       135.555930711        7.398286541
       133.139408934        7.733492764
       130.678200457        8.068887668
       128.174783509        8.403760131
       125.631678818        8.737375684
       123.051447075        9.069004966
       120.436686355        9.397899580
       117.790029501        9.723289270
       115.114141470       10.044399224
       112.411716656       10.360444957
       109.685476172       10.670622448
       106.938165110       10.974116248
       104.172549780       11.270099884
       101.391414923       11.557730738
        98.597560904       11.836150372
        95.793800898       12.104514273
        92.982958055       12.361955127
        90.167862654       12.607582650
        87.351349258       12.840549700
        84.536253857       13.059971260
        81.725411013       13.264976958
        78.921651008       13.454725749
        76.127796989       13.628363422
        73.346662131       13.785048968
        70.581046801       13.923993274
        67.833735739       14.044414096
        65.107495255       14.145562141
        62.405070441       14.226727705
        59.729182411       14.287236708
        57.082525556       14.326440244
        54.467764836       14.343814311
        51.887533094       14.338774957
        49.344428403       14.310898008
        46.841011455       14.259779556
        44.379802978       14.185090616
        41.963281201       14.086530899
        39.593879356       13.963948258
        37.273983230       13.817169949
        35.005928762       13.646189096
        32.791999691       13.451036441
        30.634425255       13.231724146
        28.535377949       12.988531177
        26.496971335       12.721646751
        24.521257917       12.431380280
        22.610227070       12.118179462
        20.765803040       11.782362790
        18.989843006       11.424529777
        17.284135209       11.045147104
        15.650397153       10.644941896
        14.090273873       10.224428252
        12.605336280        9.784414422
        11.197079582        9.325382630
         9.866921774        8.848327660
         8.616202210        8.353867919
         7.446180261        7.842927345
         6.358034039        7.315838861
         5.352859215        6.773748584
         4.431667915        6.217481137
         3.595387700        5.647044201
         2.844860634        5.063927767
         2.180842434        4.468234378
         1.604001710        3.860952553
         1.114919291        3.242366125
         0.714087643        2.614498087
         0.401910368        1.973970900
         0.178701803        1.324009097
         0.044686700        0.664775877
         0.000000000       -0.000000193
         0.043797508       -0.656955685
         0.175146807       -1.310078060
         0.393918273       -1.953864993
         0.699896004       -2.588163604
         1.092778037       -3.211786458
         1.572176646       -3.823941431
         2.137618720       -4.426537169
         2.788546239       -5.017198413
         3.524316813       -5.595462045
         4.344204328       -6.160831916
         5.247399652       -6.713466429
         6.233011441       -7.251821811
         7.300067016       -7.775254485
         8.447513321       -8.283324329
         9.674217965       -8.775238320
        10.978970339       -9.250249315
        12.360482809       -9.707692064
        13.817391991      -10.146597269
        15.348260089      -10.566525526
        16.951576324      -10.966755342
        18.625758413      -11.346593609
        20.369154143      -11.705526661
        22.180042992      -12.042909508
        24.056637832      -12.358282672
        25.997086689      -12.651289887
        27.999474575      -12.921431772
        30.061825376      -13.168451954
        32.182103799      -13.392030391
        34.358217386      -13.592090855
        36.588018576      -13.768417457
        38.869306823      -13.921026010
        41.199830773      -14.049940012
        43.577290479      -14.155203753
        45.999339675      -14.237061752
        48.463588091      -14.295673884
        50.967603812      -14.331393550
        53.508915677      -14.344581149
        56.085015717      -14.335651940
        58.693361633      -14.305082687
        61.331379301      -14.253449376
        63.996465319      -14.181298330
        66.685989566      -14.089285415
        69.397297807      -13.978088841
        72.127714310      -13.848416039
        74.874544481      -13.701010123
        77.635077531      -13.536643522
        80.406589148      -13.356112349
        83.186344185      -13.160230601
        85.971599357      -12.949813660
        88.759605956      -12.725703143
        91.547612554      -12.488751081
        94.332867727      -12.239803029
        97.112622763      -11.979696124
        99.884134380      -11.709273155
       102.644667431      -11.429379540
       105.391497602      -11.140843784
       108.121914104      -10.844485539
       110.833222346      -10.541114676
       113.522746593      -10.231530494
       116.187832610       -9.916521699
       118.825850279       -9.596851503
       121.434196195       -9.273290079
       124.010296235       -8.946580583
       126.551608099       -8.617463831
       129.055623820       -8.286657736
       131.519872237       -7.954873118
       133.941921433       -7.622815109
       136.319381139       -7.291184452
       138.649905088       -6.960645540
       140.931193336       -6.631890366
       143.160994525       -6.305585679
       145.337108113       -5.982393711
       147.457386536       -5.662965737
       149.519737336       -5.347960200
       151.522125223       -5.038024710
       153.462574080       -4.733800707
       155.339168919       -4.435919429
       157.150057768       -4.145016961
       158.893453498       -3.861721332
       160.567635588       -3.586636413
       162.170951822       -3.320385619
       163.701819921       -3.063564374
       165.158729102       -2.816758953
       166.540241573       -2.580545453
       167.844993947       -2.355475078
       169.071698591       -2.142101496
       170.219144896       -1.940937046
       171.286200470       -1.752492914
       172.271812259       -1.577224482
       173.175007584       -1.415599892
       173.994895098       -1.268037521
       174.730665673       -1.134907686
       175.381593191       -1.016581924
       175.947035266       -0.913368935
       176.426433874       -0.825553827
       176.819315907       -0.753366198
       177.125293638       -0.660080046
       177.344065104       -0.481708912
       177.475414404       -0.252542288
       177.519211912        0.000000176
#
# SECTION 43 / 50   y = 11.428571   chord = 177.865262   x_le = 0.800000   x_te = 178.665262
#               x_mm               y_mm
       177.865262069        0.000000179
       177.820488258        0.255256221
       177.686211910        0.486329217
       177.462568230        0.664739081
       177.149782407        0.756233657
       176.748169390        0.830017754
       176.258133570        0.919769405
       175.680168371        1.025252159
       175.014855756        1.146157455
       174.262865637        1.282159748
       173.424955205        1.432903672
       172.501968164        1.597967671
       171.494833885        1.776920868
       170.404566467        1.969304605
       169.232263715        2.174619108
       167.979106040        2.392348325
       166.646355265        2.621945701
       165.235353357        2.862843603
       163.747521076        3.114476671
       162.184356542        3.376235412
       160.547433730        3.647519064
       158.838400883        3.927698365
       157.058978850        4.216151183
       155.210959360        4.512236640
       153.296203212        4.815306552
       151.316638403        5.124708365
       149.274258186        5.439780615
       147.171119065        5.759855830
       145.009338724        6.084274630
       142.791093891        6.412353622
       140.518618152        6.743418144
       138.194199697        7.076782737
       135.820179017        7.411743062
       133.398946552        7.747614466
       130.932940275        8.083675285
       128.424643248        8.419212547
       125.876581112        8.753490440
       123.291319550        9.085778556
       120.671461700        9.415326634
       118.019645539        9.741363373
       115.338541220       10.063112016
       112.630848388       10.379786784
       109.899293459       10.690582102
       107.146626879       10.994680940
       104.375620349       11.291255224
       101.589064037       11.579460456
        98.789763771       11.858437019
        95.980538207       12.127338515
        93.164215998       12.385295673
        90.343632942       12.631417000
        87.521629127       12.864853437
        84.701046070       13.084717945
        81.884723862       13.290139013
        79.075498298       13.480273662
        76.276198031       13.654265682
        73.489641720       13.811273027
        70.718635190       13.950504714
        67.965968610       14.071176949
        65.234413681       14.172538947
        62.526720849       14.253879589
        59.845616529       14.314523830
        57.193800368       14.353820712
        54.573942519       14.371245947
        51.988680957       14.366213611
        49.440618821       14.338299487
        46.932321793       14.287098436
        44.466315517       14.212280790
        42.045083051       14.113546116
        39.671062372       13.990740989
        37.346643917       13.843693265
        35.074168177       13.672395538
        32.855923345       13.476879128
        30.694143004       13.257155100
        28.591003883       13.013504059
        26.548623666       12.746115004
        24.569058857       12.455297918
        22.654302708       12.141502027
        20.806283219       11.805045060
        19.026861186       11.446529083
        17.317828338       11.066421780
        15.680905526       10.665450053
        14.117740993       10.244130665
        12.629908712        9.803273589
        11.218906804        9.343359974
         9.886156029        8.865388602
         8.632998354        8.369978007
         7.460695602        7.858053813
         6.370428183        7.329951127
         5.363293904        6.786816834
         4.440306864        6.229477002
         3.602396432        5.657941559
         2.850406313        5.073701342
         2.185093697        4.476858928
         1.607128499        3.868404490
         1.117092679        3.248626288
         0.715479662        2.619543237
         0.402693839        1.977780084
         0.179050158        1.326563370
         0.044773810        0.666056643
         0.000000000       -0.000000176
         0.043882885       -0.658221564
         0.175488233       -1.312605779
         0.394686164       -1.957635852
         0.701260359       -2.593158539
         1.094908263       -3.217988288
         1.575241396       -3.831322745
         2.141785725       -4.435082126
         2.793982140       -5.026879979
         3.531187001       -5.606260898
         4.352672778       -6.172719594
         5.257628762       -6.726419557
         6.245161870       -7.265810158
         7.314297528       -7.790251770
         8.463980627       -8.299298461
         9.693076570       -8.792158652
        11.000372385       -9.268082349
        12.384577931       -9.726403082
        13.844327164      -10.166150675
        15.378179487      -10.586883808
        16.984621173      -10.987879637
        18.662066859      -11.368444524
        20.408861107      -11.728062957
        22.223280044      -12.066088734
        24.103533056      -12.382061512
        26.047764561      -12.675624992
        28.054055837      -12.946277551
        30.120426917      -13.193764174
        32.244838542      -13.417762402
        34.425194173      -13.618196496
        36.659342065      -13.794850699
        38.945077381      -13.947740329
        41.280144378      -14.076888967
        43.662238626      -14.182341494
        46.089009286      -14.264341991
        48.558061428      -14.323051602
        51.066958396      -14.358823988
        53.613224210      -14.372020290
        56.194346016      -14.363057011
        58.807776556      -14.332411074
        61.450936690      -14.280660407
        64.121217939      -14.208351673
        66.815985057      -14.116142788
        69.532578635      -14.004712940
        72.268317722      -13.874770970
        75.020502474      -13.727061468
        77.786416817      -13.562358392
        80.563331129      -13.381459430
        83.348504929      -13.185180183
        86.139189587      -12.974337924
        88.932631034      -12.749775346
        91.726072482      -12.512346442
        94.516757140      -12.262898420
        97.301930940      -12.002270314
       100.078845251      -11.731306033
       102.844759595      -11.450852904
       105.596944347      -11.161741044
       108.332683434      -10.864791695
       111.049277012      -10.560816299
       113.744044130      -10.250615703
       116.414325378       -9.934980140
       119.057485513       -9.614674072
       121.670916053       -9.290469615
       124.252037858       -8.963110911
       126.798303673       -8.633340434
       129.307200641       -8.301877485
       131.776252783       -7.969434258
       134.203023442       -7.636717253
       136.585117691       -7.304428347
       138.920184687       -6.973233674
       141.205920004       -6.643826120
       143.440067895       -6.316873963
       145.620423527       -5.993040494
       147.744835152       -5.672978731
       149.811206232       -5.357347939
       151.817497508       -5.046797239
       153.761729012       -4.741969087
       155.641982025       -4.443496471
       157.456400961       -4.152016233
       159.203195210       -3.868157640
       160.880640896       -3.592526296
       162.487082582       -3.325746326
       164.020934905       -3.068414618
       165.480684138       -2.821118337
       166.864889684       -2.584435022
       168.172185499       -2.358916989
       169.401281441       -2.145119028
       170.550964540       -1.943554208
       171.620100198       -1.754734861
       172.607633307       -1.579117553
       173.512589291       -1.417171111
       174.334075067       -1.269314960
       175.071279929       -1.135919841
       175.723476344       -1.017358375
       176.290020673       -0.913939555
       176.770353805       -0.825949405
       177.164001710       -0.753617993
       177.470575904       -0.660493551
       177.689773836       -0.482116002
       177.821379184       -0.252781170
       177.865262069        0.000000179
#
# SECTION 44 / 50   y = 9.795918   chord = 178.211312   x_le = 0.685714   x_te = 178.897027
#               x_mm               y_mm
       178.211312226        0.000000182
       178.166451305        0.255497278
       178.031913712        0.486737685
       177.807834916        0.665147807
       177.494440545        0.756490698
       177.092046160        0.830421479
       176.601056939        0.920351688
       176.021967266        1.026044392
       175.355360235        1.147190069
       174.601907063        1.283462519
       173.762366413        1.434506306
       172.837583633        1.599898053
       171.828489899        1.779206965
       170.736101283        1.971972828
       169.561517729        2.177695168
       168.305921942        2.395856590
       166.970578201        2.625909739
       165.556831083        2.867285837
       164.066104113        3.119418383
       162.499898326        3.381696382
       160.859790759        3.653517882
       159.147432860        3.934252906
       157.364548829        4.223277545
       155.512933879        4.519949912
       153.594452430        4.823620285
       151.611036229        5.133635321
       149.564682409        5.449331754
       147.457451474        5.770040807
       145.291465227        6.095102284
       143.068904634        6.423830980
       140.792007623        6.755551150
       138.463066838        7.089576000
       136.084427324        7.425199594
       133.658484169        7.761736180
       131.187680094        8.098462914
       128.674502987        8.434664780
       126.121483406        8.769605207
       123.531192024        9.102552157
       120.906237046        9.432753698
       118.249261578        9.759437486
       115.562940970       10.081824819
       112.849980119       10.399128621
       110.113110746       10.710541765
       107.355088647       11.015245641
       104.578690917       11.312410575
       101.786713152       11.601190184
        98.981966638       11.880723676
        96.167275516       12.150162767
        93.345473942       12.408636230
        90.519403230       12.655251361
        87.691908996       12.889157184
        84.865838284       13.109464639
        82.044036710       13.315301077
        79.229345588       13.505821584
        76.424599074       13.680167951
        73.632621309       13.837497095
        70.856223579       13.977016164
        68.098201480       14.097939811
        65.361332107       14.199515763
        62.648371256       14.281031483
        59.962050648       14.341810960
        57.305075180       14.381201188
        54.680120202       14.398677592
        52.089828820       14.393652274
        49.536809239       14.365700975
        47.023632132       14.314417325
        44.552828056       14.239470973
        42.126884902       14.140561342
        39.748245388       14.017533728
        37.419304603       13.870216589
        35.142407592       13.698601988
        32.919846999       13.502721823
        30.753860752       13.282586062
        28.646629817       13.038476948
        26.600275997       12.770583264
        24.616859796       12.479215563
        22.698378347       12.164824599
        20.846763397       11.827727337
        19.063879366       11.468528396
        17.351521467       11.087696463
        15.711413900       10.685958217
        14.145208113       10.263833085
        12.654481143        9.822132762
        11.240734025        9.361337324
         9.905390284        8.882449552
         8.649794497        8.386088102
         7.475210943        7.873180287
         6.382822327        7.344063399
         5.373728593        6.799885090
         4.448945813        6.241472874
         3.609405163        5.668838924
         2.855951991        5.083474923
         2.189344960        4.485483484
         1.610255287        3.875856434
         1.119266066        3.254886457
         0.716871681        2.624588392
         0.403477310        1.981589272
         0.179398514        1.329117646
         0.044860921        0.667337411
         0.000000000       -0.000000200
         0.043968262       -0.659487445
         0.175829658       -1.315133501
         0.395454056       -1.961406714
         0.702624713       -2.598153479
         1.097038489       -3.224190123
         1.578306145       -3.838704064
         2.145952729       -4.443627090
         2.799418041       -5.036561551
         3.538057190       -5.617059758
         4.361141228       -6.184607277
         5.267857871       -6.739372692
         6.257312299       -7.279798512
         7.328528041       -7.805249062
         8.480447934       -8.315272599
         9.711935174       -8.809078991
        11.021774431       -9.285915390
        12.408673053       -9.745114106
        13.871262337      -10.185704088
        15.408098884      -10.607242098
        17.017666023      -11.009003938
        18.698375304      -11.390295444
        20.448568072      -11.750599260
        22.266517096      -12.089267967
        24.150428281      -12.405840358
        26.098442433      -12.699960105
        28.108637099      -12.971123338
        30.179028458      -13.219076402
        32.307573284      -13.443494420
        34.492170961      -13.644302144
        36.730665554      -13.821283948
        39.020847939      -13.974454657
        41.360457983      -14.103837931
        43.747186774      -14.209479244
        46.178678897      -14.291622238
        48.652534765      -14.350429329
        51.166312979      -14.386254435
        53.717532744      -14.399459440
        56.303676315      -14.390462091
        58.922191479      -14.359739469
        61.570494079      -14.307871446
        64.245970560      -14.235405025
        66.945980548      -14.143000170
        69.667859462      -14.031337049
        72.408921133      -13.901125910
        75.166460467      -13.753112822
        77.937756103      -13.588073271
        80.720073109      -13.406806521
        83.510665673      -13.210129775
        86.306779816      -12.998862198
        89.105656113      -12.773847558
        91.904532410      -12.535941812
        94.700646553      -12.285993822
        97.491239117      -12.024844513
       100.273556122      -11.753338921
       103.044851759      -11.472326278
       105.802391092      -11.182638314
       108.543452764      -10.885097861
       111.265331677      -10.580517932
       113.965341666      -10.269700922
       116.640818147       -9.953438590
       119.289120747       -9.632496652
       121.907635911       -9.307649161
       124.493779482       -8.979641250
       127.044999247       -8.649217048
       129.558777461       -8.317097244
       132.032633329       -7.983995409
       134.464125452       -7.650619407
       136.850854242       -7.317672254
       139.190464287       -6.985821819
       141.480646672       -6.655761887
       143.719141265       -6.328162260
       145.903738942       -6.003687290
       148.032283768       -5.682991739
       150.102675127       -5.366735692
       152.112869793       -5.055569782
       154.060883945       -4.750137481
       155.944795130       -4.451073529
       157.762744154       -4.159015522
       159.512936922       -3.874593964
       161.193646203       -3.598416195
       162.803213342       -3.331107050
       164.340049889       -3.073264879
       165.802639173       -2.825477740
       167.189537794       -2.588324610
       168.499377052       -2.362358919
       169.730864292       -2.148136580
       170.882784185       -1.946171390
       171.953999926       -1.756976707
       172.943454355       -1.581010643
       173.850170998       -1.418742351
       174.673255036       -1.270592420
       175.411894185       -1.136932018
       176.065359497       -1.018134847
       176.633006081       -0.914510197
       177.114273737       -0.826345005
       177.508687513       -0.753869810
       177.815858170       -0.660905969
       178.035482568       -0.482522847
       178.167343964       -0.253020024
       178.211312226        0.000000182
#
# SECTION 45 / 50   y = 8.163265   chord = 178.557362   x_le = 0.571429   x_te = 179.128791
#               x_mm               y_mm
       178.557362383        0.000000185
       178.512414351        0.255736930
       178.377615514        0.487145788
       178.153101602        0.665555618
       177.839098683        0.756747762
       177.435922930        0.830825227
       176.943980307        0.920933994
       176.363766160        1.026836648
       175.695864713        1.148222705
       174.940948488        1.284765312
       174.099777622        1.436108796
       173.173199101        1.601828455
       172.162145912        1.781493084
       171.067636100        1.974641071
       169.890771743        2.180771248
       168.632737844        2.399364873
       167.294801136        2.629873795
       165.878308809        2.871728088
       164.384687150        3.124360112
       162.815440110        3.387157369
       161.172147787        3.659516716
       159.456464837        3.940807464
       157.670118807        4.230403922
       155.814908398        4.527663199
       153.892701647        4.831934033
       151.905434055        5.142562292
       149.855106631        5.458882906
       147.743783882        5.780225797
       145.573591731        6.105929951
       143.346715376        6.435308350
       141.065397094        6.767684168
       138.731933979        7.102369274
       136.348675630        7.438656139
       133.918021787        7.775857906
       131.442419912        8.113250554
       128.924362726        8.450117024
       126.366385700        8.785719985
       123.771064498        9.119325769
       121.141012391        9.450180773
       118.478877617        9.777511609
       115.787340720       10.100537631
       113.069111850       10.418470469
       110.326928033       10.730501438
       107.563550416       11.035810353
       104.781761485       11.333565936
       101.984362267       11.622919921
        99.174169504       11.903010342
        96.354012824       12.172987028
        93.526731885       12.431976796
        90.695173519       12.679085730
        87.862188865       12.913460940
        85.030630498       13.134211342
        82.203349559       13.340463151
        79.383192879       13.531369516
        76.573000117       13.706070231
        73.775600898       13.863721173
        70.993811967       14.003527624
        68.230434350       14.124702682
        65.488250533       14.226492587
        62.770021663       14.308183386
        60.078484767       14.369098100
        57.416349992       14.408581674
        54.786297885       14.426109246
        52.190976684       14.421090946
        49.632999657       14.393102472
        47.114942471       14.341736222
        44.639340596       14.266661164
        42.208686753       14.167576576
        39.825428404       14.044326475
        37.491965289       13.896739920
        35.210647007       13.724808446
        32.983770652       13.528564526
        30.813578501       13.308017031
        28.702255752       13.063449844
        26.651928328       12.795051531
        24.664660736       12.503133215
        22.742453986       12.188147177
        20.887243576       11.850409621
        19.100897546       11.490527716
        17.385214596       11.108971152
        15.741922273       10.706466388
        14.172675233       10.283535511
        12.679053574        9.840991942
        11.262561247        9.379314680
         9.924624539        8.899510507
         8.666590640        8.402198203
         7.489726284        7.888306767
         6.395216471        7.358175677
         5.384163282        6.812953352
         4.457584761        6.253468751
         3.616413895        5.679736294
         2.861497670        5.093248511
         2.193596223        4.494108045
         1.613382076        3.883308383
         1.121439453        3.261146630
         0.718263700        2.629633552
         0.404260781        1.985398465
         0.179746869        1.331671925
         0.044948032        0.668618181
         0.000000000       -0.000000194
         0.044053640       -0.660753328
         0.176171084       -1.317661225
         0.396221947       -1.965177581
         0.703989067       -2.603148423
         1.099168715       -3.230391963
         1.581370895       -3.846085388
         2.150119733       -4.452172059
         2.804853942       -5.046243130
         3.544927378       -5.627858623
         4.369609678       -6.196494967
         5.278086981       -6.752325833
         6.269462729       -7.293786872
         7.342758553       -7.820246360
         8.496915241       -8.331246744
         9.730793779       -8.825999336
        11.043176478       -9.303748437
        12.432768174       -9.763825137
        13.898197510      -10.205257507
        15.438018281      -10.627600393
        17.050710872      -11.030128245
        18.734683750      -11.412146372
        20.488275036      -11.773135570
        22.309754148      -12.112447207
        24.197323505      -12.429619212
        26.149120306      -12.724295226
        28.163218361      -12.995969133
        30.237629999      -13.244388637
        32.370308027      -13.469226446
        34.559147748      -13.670407800
        36.801989043      -13.847717205
        39.096618497      -14.001168992
        41.440771589      -14.130786902
        43.832134921      -14.236617002
        46.268348509      -14.318902494
        48.747008101      -14.377807064
        51.265667562      -14.413684891
        53.821841278      -14.426898598
        56.413006614      -14.417867180
        59.036606402      -14.387067874
        61.690051468      -14.335082495
        64.370723180      -14.262458387
        67.075976040      -14.169857561
        69.803140289      -14.057961166
        72.549524545      -13.927480860
        75.312418460      -13.779164186
        78.089095389      -13.613788160
        80.876815089      -13.432153620
        83.672826417      -13.235079376
        86.474370046      -13.023386482
        89.278681192      -12.797919780
        92.082992337      -12.559537192
        94.884535966      -12.309089233
        97.680547294      -12.047418723
       100.468266994      -11.775371819
       103.244943923      -11.493799662
       106.007837838      -11.203535594
       108.754222094      -10.905404037
       111.481386343      -10.600219575
       114.186639203      -10.288786151
       116.867310915       -9.971897051
       119.520755981       -9.650319242
       122.144355769       -9.324828717
       124.735521105       -8.996171600
       127.291694821       -8.665093673
       129.810354282       -8.332317015
       132.289013875       -7.998556571
       134.725227462       -7.664521574
       137.116590794       -7.330916173
       139.460743886       -6.998409976
       141.755373340       -6.667697666
       143.998214635       -6.339450570
       146.187054356       -6.014334100
       148.319732384       -5.693004760
       150.394144022       -5.376123458
       152.408242078       -5.064342339
       154.360038878       -4.758305891
       156.247608235       -4.458650601
       158.069087347       -4.166014826
       159.822678633       -3.881030304
       161.506651511       -3.604306111
       163.119344102       -3.336467791
       164.659164874       -3.078115157
       166.124594209       -2.829837160
       167.514185905       -2.592214215
       168.826568604       -2.365800868
       170.060447142       -2.151154151
       171.214603830       -1.948788593
       172.287899655       -1.759218574
       173.279275402       -1.582903755
       174.187752705       -1.420313612
       175.012435005       -1.271869902
       175.752508441       -1.137944217
       176.407242650       -1.018911342
       176.975991488       -0.915080861
       177.458193668       -0.826740628
       177.853373316       -0.754121649
       178.161140436       -0.661317575
       178.381191300       -0.482928508
       178.513308743       -0.253257778
       178.557362383        0.000000185
#
# SECTION 46 / 50   y = 6.530612   chord = 178.903413   x_le = 0.457143   x_te = 179.360555
#               x_mm               y_mm
       178.903412540        0.000000188
       178.858377397        0.255976761
       178.723317315        0.487553425
       178.498368288        0.665961854
       178.183756821        0.757004848
       177.779799700        0.831228996
       177.286903676        0.921516321
       176.705565054        1.027628925
       176.036369192        1.149255363
       175.279989914        1.286068126
       174.437188830        1.437711153
       173.508814569        1.603758877
       172.495801925        1.783779222
       171.399170916        1.977309334
       170.220025757        2.183847347
       168.959553746        2.402873176
       167.619024072        2.633837870
       166.199786536        2.876170358
       164.703270188        3.129301859
       163.130981894        3.392618372
       161.484504815        3.665515567
       159.765496814        3.947362037
       157.975688786        4.237530314
       156.116882916        4.535376501
       154.190950864        4.840247795
       152.199831881        5.151489276
       150.145530854        5.468434073
       148.030116291        5.790410801
       145.855718234        6.116757631
       143.624526118        6.446785732
       141.338786565        6.779817198
       139.000801120        7.115162560
       136.612923937        7.452112694
       134.177559405        7.789979643
       131.697159731        8.128038205
       129.174222465        8.465569278
       126.611287993        8.801834773
       124.010936973        9.136099391
       121.375787736        9.467607858
       118.708493655        9.795585743
       116.011740470       10.119250454
       113.288243581       10.437812326
       110.540745320       10.750461122
       107.772012184       11.056375074
       104.984832053       11.354721306
       102.182011381       11.644649669
        99.366372371       11.925297019
        96.540750133       12.195811299
        93.707989828       12.455317371
        90.870943807       12.702920110
        88.032468734       12.937764706
        85.195422712       13.158958055
        82.362662408       13.365625235
        79.537040169       13.556917457
        76.721401159       13.731972519
        73.918580487       13.889945260
        71.131400356       14.030039092
        68.362667220       14.151465563
        65.615168959       14.253469421
        62.891672071       14.335335298
        60.194918885       14.396385249
        57.527624804       14.435962168
        54.892475568       14.453540909
        52.292124547       14.448529626
        49.729190075       14.420503977
        47.206252810       14.369055128
        44.725853135       14.293851363
        42.290488603       14.194591819
        39.902611420       14.071119230
        37.564625975       13.923263260
        35.278886422       13.751014912
        33.047694306       13.554407236
        30.873296249       13.333448008
        28.757881686       13.088422747
        26.703580659       12.819519805
        24.712461676       12.527050874
        22.786529624       12.211469763
        20.927723754       11.873091912
        19.137915726       11.512527042
        17.418907725       11.130245848
        15.772430646       10.726974565
        14.200142353       10.303237943
        12.703626005        9.859851128
        11.284388468        9.397292043
         9.943858795        8.916571469
         8.683386784        8.418308311
         7.504241624        7.903433253
         6.407610615        7.372287962
         5.394597971        6.826021621
         4.466223710        6.265464635
         3.623422626        5.690633671
         2.867043348        5.103022104
         2.197847487        4.502732613
         1.616508864        3.890760338
         1.123612841        3.267406809
         0.719655720        2.634678717
         0.405044252        1.989207661
         0.180095225        1.334226207
         0.045035143        0.669898952
         0.000000000       -0.000000195
         0.044139017       -0.662019212
         0.176512509       -1.320188952
         0.396989839       -1.968948452
         0.705353422       -2.608143373
         1.101298941       -3.236593808
         1.584435645       -3.853466719
         2.154286737       -4.460717034
         2.810289843       -5.055924714
         3.551797566       -5.638657495
         4.378078128       -6.208382663
         5.288316090       -6.765278980
         6.281613158       -7.307775238
         7.356989065       -7.835243664
         8.513382548       -8.347220895
         9.749652384       -8.842919688
        11.064578524       -9.321581490
        12.456863296       -9.782536174
        13.925132682      -10.224810933
        15.467937678      -10.647958696
        17.083755722      -11.051252559
        18.770992195      -11.433997306
        20.527982000      -11.795671886
        22.352991200      -12.135626454
        24.244218730      -12.453398073
        26.199798178      -12.748630353
        28.217799623      -13.020814934
        30.296231540      -13.269700838
        32.433042770      -13.494958480
        34.626124536      -13.696513464
        36.873312532      -13.874150470
        39.172389055      -14.027883335
        41.521085194      -14.157735882
        43.917083069      -14.263754769
        46.358018120      -14.346182759
        48.841481438      -14.405184808
        51.365022145      -14.441115356
        53.926149811      -14.454337766
        56.522336913      -14.445272278
        59.151021326      -14.414396288
        61.809608857      -14.362293552
        64.495475801      -14.289511758
        67.205971531      -14.196714961
        69.938421116      -14.084585293
        72.690127957      -13.953835820
        75.458376453      -13.805215559
        78.240434675      -13.639503058
        81.033557070      -13.457500730
        83.834987161      -13.260028986
        86.641960275      -13.047910775
        89.451706270      -12.821992012
        92.261452265      -12.583132581
        95.068425380      -12.332184654
        97.869855471      -12.069992942
       100.662977865      -11.797404726
       103.445036087      -11.515273055
       106.213284583      -11.224432883
       108.964991424      -10.925710223
       111.697441009      -10.619921228
       114.407936740      -10.307871390
       117.093803684       -9.990355523
       119.752391215       -9.668141842
       122.381075628       -9.342008284
       124.977262729       -9.012701960
       127.538390395       -8.680970309
       130.061931102       -8.347536796
       132.545394421       -8.013117744
       134.986329471       -7.678423751
       137.382327346       -7.344160103
       139.731023485       -7.010998145
       142.030100008       -6.679633457
       144.277288004       -6.350738892
       146.470369771       -6.024980922
       148.607181000       -5.703017795
       150.685612918       -5.385511239
       152.703614363       -5.073114910
       154.659193810       -4.766474314
       156.550421341       -4.466227689
       158.375430540       -4.173014145
       160.132420345       -3.887466661
       161.819656819       -3.610196043
       163.435474862       -3.341828549
       164.978279858       -3.082965453
       166.446549244       -2.834196598
       167.838834016       -2.596103840
       169.153760157       -2.369242836
       170.390029993       -2.154171741
       171.546423475       -1.951405814
       172.621799383       -1.761460461
       173.615096450       -1.584796887
       174.525334412       -1.421884894
       175.351614974       -1.273147405
       176.093122698       -1.138956437
       176.749125803       -1.019687859
       177.318976895       -0.915651547
       177.802113600       -0.827136273
       178.198059118       -0.754373512
       178.506422702       -0.661727665
       178.726900031       -0.483334176
       178.859273523       -0.253495235
       178.903412540        0.000000188
#
# SECTION 47 / 50   y = 4.897959   chord = 179.249463   x_le = 0.342857   x_te = 179.592320
#               x_mm               y_mm
       179.249462698        0.000000191
       179.204340444        0.256216604
       179.069019117        0.487960101
       178.843634975        0.666367029
       178.528414959        0.757261958
       178.123676470        0.831632788
       177.629827045        0.922098671
       177.047363948        1.028421224
       176.376873671        1.150288042
       175.619031340        1.287370961
       174.774600039        1.439313530
       173.844430037        1.605689320
       172.829457938        1.786065380
       171.730705732        1.979977617
       170.549279770        2.186923465
       169.286369648        2.406381497
       167.943247008        2.637801963
       166.521264262        2.880612645
       165.021853225        3.134243623
       163.446523678        3.398079393
       161.796861843        3.671514434
       160.074528791        3.953916626
       158.281258765        4.244656722
       156.418857435        4.543089817
       154.489200082        4.848561571
       152.494229707        5.160416275
       150.435955077        5.477985253
       148.316448700        5.800595818
       146.137844737        6.127585323
       143.902336861        6.458263127
       141.612176036        6.791950235
       139.269668261        7.127955850
       136.877172244        7.465569271
       134.437097023        7.804101391
       131.951899549        8.142825858
       129.424082205        8.481021549
       126.856190287        8.817949577
       124.250809447        9.152873010
       121.610563081        9.485034953
       118.938109694        9.813659887
       116.236140220       10.137963286
       113.507375312       10.457154193
       110.754562607       10.770420815
       107.980473953       11.076939806
       105.187902621       11.375876686
       102.379660496       11.666379425
        99.558575238       11.947583704
        96.727487441       12.218635580
        93.889247772       12.478657956
        91.046714095       12.726754499
        88.202748603       12.962068482
        85.360214926       13.183704778
        82.521975256       13.390787328
        79.690887459       13.582465408
        76.869802202       13.757874817
        74.061560076       13.916169357
        71.268988745       14.056550570
        68.494900091       14.178228453
        65.742087385       14.280446264
        63.013322478       14.362487219
        60.311353004       14.423672407
        57.638899617       14.463342672
        54.998653251       14.480972580
        52.393272410       14.475968315
        49.825380493       14.447905491
        47.297563148       14.396374042
        44.812365674       14.321041571
        42.372290454       14.221607069
        39.979794436       14.097911994
        37.637286661       13.949786608
        35.347125837       13.777221386
        33.111617960       13.580249954
        30.933013998       13.358878992
        28.813507620       13.113395658
        26.755232990       12.843988087
        24.760262616       12.550968541
        22.830605263       12.234792355
        20.968203933       11.895774210
        19.174933907       11.534526375
        17.452600854       11.151520551
        15.802939020       10.747482749
        14.227609473       10.322940382
        12.728198436        9.878710321
        11.306215690        9.415269412
         9.963093050        8.933632437
         8.700182927        8.434418425
         7.518756965        7.918559746
         6.420004759        7.386400253
         5.405032660        6.839089896
         4.474862659        6.277460526
         3.630431358        5.701531054
         2.872589027        5.112795703
         2.202098750        4.511357186
         1.619635653        3.898212298
         1.125786228        3.273666993
         0.721047739        2.639723887
         0.405827723        1.993016861
         0.180443580        1.336780492
         0.045122254        0.671179725
         0.000000000       -0.000000189
         0.044224395       -0.663285097
         0.176853934       -1.322716682
         0.397757730       -1.972719326
         0.706717776       -2.613138327
         1.103429167       -3.242795659
         1.587500395       -3.860848055
         2.158453741       -4.469262015
         2.815725744       -5.065606305
         3.558667754       -5.649456372
         4.386546578       -6.220270365
         5.298545200       -6.778232134
         6.293763587       -7.321763610
         7.371219578       -7.850240975
         8.529849854       -8.363195052
         9.768510988       -8.859840045
        11.085980571       -9.339414550
        12.480958418       -9.801247217
        13.952067855      -10.244364365
        15.497857076      -10.668317004
        17.116800571      -11.072376880
        18.807300641      -11.455848247
        20.567688964      -11.818208209
        22.396228251      -12.158805708
        24.291113954      -12.477176940
        26.250476050      -12.772965487
        28.272380884      -13.045660744
        30.354833081      -13.295012509
        32.495777512      -13.520690522
        34.693101323      -13.722619135
        36.944636021      -13.900583743
        39.248159613      -14.054597687
        41.601398799      -14.184684870
        44.002031217      -14.290892544
        46.447687731      -14.373463031
        48.935954775      -14.432562560
        51.464376728      -14.468545829
        54.030458345      -14.481776942
        56.631667212      -14.472677385
        59.265436249      -14.441724711
        61.929166246      -14.389504619
        64.620228421      -14.316565137
        67.335967022      -14.223572371
        70.073701943      -14.111209429
        72.830731369      -13.980190788
        75.604334446      -13.831266942
        78.391773962      -13.665217966
        81.190299050      -13.482847849
        83.997147905      -13.284978606
        86.809550505      -13.072435077
        89.624731349      -12.846064253
        92.439912193      -12.606727980
        95.252314793      -12.355280084
        98.059163648      -12.092567170
       100.857688736      -11.819437643
       103.645128252      -11.536746459
       106.418731328      -11.245330183
       109.175760755      -10.946016419
       111.913495675      -10.639622891
       114.629234276      -10.326956639
       117.320296452      -10.008814004
       119.984026448       -9.685964452
       122.617795486       -9.359187861
       125.219004353       -9.029232331
       127.785085969       -8.696846955
       130.313507923       -8.362756589
       132.801774966       -8.027678929
       135.247431481       -7.692325940
       137.648063898       -7.357404045
       140.001303084       -7.023586327
       142.304826676       -6.691569260
       144.556361374       -6.362027227
       146.753685185       -6.035627757
       148.894629616       -5.713030842
       150.977081813       -5.394899033
       152.998986648       -5.081887496
       154.958348743       -4.774642753
       156.853234446       -4.473804792
       158.681773733       -4.180013480
       160.442162057       -3.893903033
       162.132662126       -3.616085992
       163.751605622       -3.347189324
       165.297394842       -3.087815767
       166.768504280       -2.838556054
       168.163482127       -2.599993482
       169.480951709       -2.372684823
       170.719612843       -2.157189351
       171.878243120       -1.954023056
       172.955699111       -1.763702367
       173.950917498       -1.586690040
       174.862916119       -1.423456198
       175.690794944       -1.274424929
       176.433736954       -1.139968679
       177.091008956       -1.020464397
       177.661962303       -0.916222256
       178.146033531       -0.827531941
       178.542744921       -0.754625397
       178.851704967       -0.662136659
       179.072608763       -0.483738801
       179.205238303       -0.253732870
       179.249462698        0.000000191
#
# SECTION 48 / 50   y = 3.265306   chord = 179.595513   x_le = 0.228571   x_te = 179.824084
#               x_mm               y_mm
       179.595512855        0.000000195
       179.550303490        0.256456310
       179.414720919        0.488366784
       179.188901661        0.666771300
       178.873073097        0.757519089
       178.467553240        0.832036603
       177.972750413        0.922681042
       177.389162842        1.029213274
       176.717378150        1.151320742
       175.958072766        1.288673817
       175.112011247        1.440915928
       174.180045505        1.607619783
       173.163113951        1.788351558
       172.062240549        1.982645919
       170.878533784        2.189999602
       169.613185550        2.409889836
       168.267469944        2.641766074
       166.842741988        2.885054950
       165.340436262        3.139185404
       163.762065462        3.403540430
       162.109218871        3.677513317
       160.383560768        3.960471231
       158.586828743        4.251783146
       156.720831953        4.550803149
       154.787449299        4.856875362
       152.788627534        5.169343288
       150.726379300        5.487536446
       148.602781108        5.810780848
       146.419971241        6.138413028
       144.180147603        6.469740534
       141.885565507        6.804083289
       139.538535403        7.140749160
       137.141420550        7.479025850
       134.696634641        7.818223150
       132.206639368        8.157613531
       129.673941944        8.496473824
       127.101092581        8.834064386
       124.490681921        9.169646653
       121.845338426        9.502462058
       119.167725733        9.831734040
       116.460539969       10.156676129
       113.726507043       10.476496071
       110.968379894       10.790380517
       108.188935721       11.097504547
       105.390973190       11.397032075
       102.577309611       11.688109192
        99.750778105       11.969870400
        96.914224750       12.241459870
        94.070505715       12.501998551
        91.222484383       12.750588897
        88.373028471       12.986372266
        85.525007140       13.208451510
        82.681288105       13.415949430
        79.844734750       13.608013368
        77.018203244       13.783777124
        74.204539665       13.942393462
        71.406577134       14.083062057
        68.627132961       14.204991352
        65.869005811       14.307423116
        63.134972885       14.389639149
        60.427787122       14.450959573
        57.750174429       14.490723184
        55.104830933       14.508404261
        52.494420274       14.503407013
        49.921570911       14.475307014
        47.388873487       14.423692964
        44.898878214       14.348231787
        42.454092305       14.248622328
        40.056977452       14.124704765
        37.709947348       13.976309964
        35.415365252       13.803427867
        33.175541614       13.606092679
        30.992731747       13.384309984
        28.869133555       13.138368576
        26.806885321       12.868456376
        24.808063555       12.574886214
        22.874680901       12.258114954
        21.008684112       11.918456514
        19.211952087       11.556525715
        17.486293983       11.172795260
        15.833447393       10.767990939
        14.255076593       10.342642827
        12.752770867        9.897569519
        11.328042911        9.433246787
         9.982327305        8.950693411
         8.716979071        8.450528545
         7.533272306        7.933686244
         6.432398903        7.400512550
         5.415467349        6.852158177
         4.483501608        6.289456422
         3.637440089        5.712428444
         2.878134705        5.122569309
         2.206350013        4.519981766
         1.622762442        3.905664265
         1.127959615        3.279927182
         0.722439758        2.644769061
         0.406611194        1.996826065
         0.180791936        1.339334779
         0.045209364        0.672460499
         0.000000000       -0.000000188
         0.044309772       -0.664550985
         0.177195360       -1.325244415
         0.398525622       -1.976490204
         0.708082131       -2.618133286
         1.105559392       -3.248997514
         1.590565145       -3.868229396
         2.162620745       -4.477807002
         2.821161645       -5.075287902
         3.565537942       -5.660255256
         4.395015028       -6.232158073
         5.308774310       -6.791185293
         6.305914016       -7.335751989
         7.385450090       -7.865238291
         8.546317161       -8.379169216
         9.787369593       -8.876760409
        11.107382617       -9.357247616
        12.505053540       -9.819958267
        13.979003028      -10.263917803
        15.527776473      -10.688675320
        17.149845421      -11.093501207
        18.843609086      -11.477699195
        20.607395929      -11.840744539
        22.439465303      -12.181984968
        24.338009179      -12.500955815
        26.301153922      -12.797300630
        28.326962146      -13.070506562
        30.413434623      -13.320324182
        32.558512255      -13.546422583
        34.760078111      -13.748724783
        37.015959510      -13.927017010
        39.323930171      -14.081312062
        41.681712405      -14.211633881
        44.086979364      -14.318030327
        46.537357342      -14.400743312
        49.030428111      -14.459940320
        51.563731312      -14.495976311
        54.134766879      -14.509216127
        56.740997510      -14.500082500
        59.379851172      -14.469053143
        62.048723635      -14.416715695
        64.744981042      -14.343618526
        67.465962514      -14.250429790
        70.208982770      -14.137833575
        72.971334781      -14.006545766
        75.750292439      -13.857318329
        78.543113248      -13.690932899
        81.347041030      -13.508194977
        84.159308649      -13.309928236
        86.977140734      -13.096959389
        89.797756427      -12.870136504
        92.618372120      -12.630323388
        95.436204206      -12.378375524
        98.248471825      -12.115141409
       101.052399607      -11.841470570
       103.845220416      -11.558219871
       106.624178074      -11.266227492
       109.386530085      -10.966322625
       112.129550341      -10.659324563
       114.850531813      -10.346041898
       117.546789220      -10.027272495
       120.215661682       -9.703787073
       122.854515344       -9.376367449
       125.460745976       -9.045762712
       128.031781543       -8.712723612
       130.565084743       -8.377976392
       133.058155512       -8.042240124
       135.508533490       -7.706228141
       137.913800450       -7.370647999
       140.271582684       -7.036174520
       142.579553344       -6.703505076
       144.835434744       -6.373315574
       147.037000600       -6.046274604
       149.182078232       -5.723043904
       151.268550709       -5.404286841
       153.294358933       -5.090660096
       155.257503676       -4.782811206
       157.156047552       -4.481381910
       158.988116926       -4.187012831
       160.751903769       -3.900339421
       162.445667434       -3.621975957
       164.067736382       -3.352550116
       165.616509826       -3.092666098
       167.090459315       -2.842915528
       168.488130238       -2.603883143
       169.808143262       -2.376126828
       171.049195694       -2.160206980
       172.210062765       -1.956640317
       173.289598839       -1.765944294
       174.286738545       -1.588583213
       175.200497826       -1.425027521
       176.029974913       -1.275702475
       176.774351210       -1.140980943
       177.432892109       -1.021240958
       178.004947710       -0.916792986
       178.489953462       -0.827927630
       178.887430724       -0.754877304
       179.196987233       -0.662544789
       179.418317495       -0.484143047
       179.551203083       -0.253970436
       179.595512855        0.000000195
#
# SECTION 49 / 50   y = 1.632653   chord = 179.941563   x_le = 0.114286   x_te = 180.055849
#               x_mm               y_mm
       179.941563012        0.000000198
       179.896266537        0.256696115
       179.760422721        0.488772168
       179.534168347        0.667174107
       179.217731235        0.757776242
       178.811430010        0.832440439
       178.315673782        0.923263435
       177.730961736        1.030005287
       177.057882628        1.152353464
       176.297114192        1.289976694
       175.449422455        1.442518346
       174.515660974        1.609550266
       173.496769965        1.790637756
       172.393775365        1.985314241
       171.207787798        2.193075758
       169.940001452        2.413398194
       168.591692879        2.645730204
       167.164219714        2.889497272
       165.659019300        3.144127202
       164.077607245        3.409001484
       162.421575900        3.683512217
       160.692592745        3.967025852
       158.892398722        4.258909584
       157.022806472        4.558516495
       155.085698517        4.865189167
       153.083025360        5.178270314
       151.016803523        5.497087653
       148.889113517        5.820965891
       146.702097744        6.149240746
       144.457958345        6.481217954
       142.158954978        6.816216355
       139.807402544        7.153542481
       137.405668857        7.492482440
       134.956172259        7.832344920
       132.461379186        8.172401214
       129.923801683        8.511926111
       127.345994875        8.850179206
       124.730554396        9.186420306
       122.080113771        9.519889174
       119.397341771        9.849808204
       116.684939719       10.175388981
       113.945638775       10.495837958
       111.182197181       10.810340230
       108.397397489       11.118069297
       105.594043758       11.418187474
       102.774958725       11.709838968
        99.942980972       11.992157104
        97.100962059       12.264284169
        94.251763658       12.525339155
        91.398254672       12.774423305
        88.543308340       13.010676061
        85.689799354       13.233198251
        82.840600953       13.441111542
        79.998582040       13.633561338
        77.166604287       13.809679440
        74.347519254       13.968617577
        71.544165523       14.109573553
        68.759365831       14.231754260
        65.995924237       14.334399977
        63.256623293       14.416791088
        60.544221241       14.478246749
        57.861449241       14.518103705
        55.211008616       14.535835950
        52.595568137       14.530845720
        50.017761329       14.502708544
        47.480183826       14.451011895
        44.985390753       14.375422012
        42.535894155       14.275637595
        40.134160468       14.151497544
        37.782608034       14.002833327
        35.483604667       13.829634356
        33.239465268       13.631935412
        31.052449495       13.409740983
        28.924759489       13.163341502
        26.858537652       12.892924671
        24.855864495       12.598803894
        22.918756540       12.281437560
        21.049164290       11.941138825
        19.248970267       11.578525061
        17.519987112       11.194069975
        15.863955767       10.788499136
        14.282543712       10.362345279
        12.777343298        9.916428724
        11.349870133        9.451224169
        10.001561560        8.967754391
         8.733775214        8.466638671
         7.547787647        7.948812749
         6.444793047        7.414624853
         5.425902038        6.865226464
         4.492140557        6.301452325
         3.644448820        5.723325839
         2.883680384        5.132342920
         2.210601276        4.528606351
         1.625889230        3.913116237
         1.130133002        3.286187376
         0.723831777        2.649814241
         0.407394665        2.000635273
         0.181140291        1.341889070
         0.045296475        0.673741275
         0.000000000       -0.000000177
         0.044395150       -0.665816873
         0.177536785       -1.327772150
         0.399293513       -1.980261086
         0.709446485       -2.623128249
         1.107689618       -3.255199375
         1.593629895       -3.875610744
         2.166787750       -4.486351994
         2.826597546       -5.084969505
         3.572408130       -5.671054145
         4.403483479       -6.244045788
         5.319003419       -6.804138459
         6.318064445       -7.349740374
         7.399680602       -7.880235613
         8.562784468       -8.395143385
         9.806228198       -8.893680779
        11.128784664       -9.375080688
        12.529148661       -9.838669323
        14.005938201      -10.283471248
        15.557695870      -10.709033641
        17.182890270      -11.114625541
        18.879917532      -11.499550149
        20.647102893      -11.863280875
        22.482702355      -12.205164236
        24.384904404      -12.524734696
        26.351831794      -12.821635778
        28.381543408      -13.095352386
        30.472036164      -13.345635867
        32.621246998      -13.572154639
        34.827054898      -13.774830470
        37.087283000      -13.953450299
        39.399700729      -14.108026429
        41.762026010      -14.238582886
        44.171927512      -14.345168118
        46.627026954      -14.428023602
        49.124901448      -14.487318090
        51.663085895      -14.523406802
        54.239075412      -14.536655321
        56.850327809      -14.527487624
        59.494266096      -14.496381583
        62.168281023      -14.443926779
        64.869733662      -14.370671924
        67.595958005      -14.277287217
        70.344263597      -14.164457729
        73.111938193      -14.032900753
        75.896250432      -13.883369730
        78.694452534      -13.716647825
        81.503783011      -13.533542114
        84.321469393      -13.334877874
        87.144730964      -13.121483711
        89.970781506      -12.894208764
        92.796832048      -12.653918806
        95.620093619      -12.401470973
        98.437780001      -12.137715656
       101.247110478      -11.863503506
       104.045312580      -11.579693294
       106.829624819      -11.287124810
       109.597299415      -10.986628840
       112.345605007      -10.679026245
       115.071829350      -10.365127166
       117.773281989      -10.045730996
       120.447296916       -9.721609703
       123.091235203       -9.393547046
       125.702487600       -9.062293103
       128.278477117       -8.728600280
       130.816661564       -8.393196206
       133.314536058       -8.056801331
       135.769635500       -7.720130352
       138.179537002       -7.383891963
       140.541862283       -7.048762724
       142.854280012       -6.715440904
       145.114508114       -6.384603934
       147.320316014       -6.056921465
       149.469526848       -5.733056978
       151.560019604       -5.413674662
       153.589731218       -5.099432709
       155.556658608       -4.790979673
       157.458860657       -4.488959042
       159.294460119       -4.194012196
       161.061645480       -3.906775825
       162.758672742       -3.627865938
       164.383867142       -3.357910924
       165.935624811       -3.097516446
       167.412414351       -2.847275020
       168.812778348       -2.607772822
       170.135334814       -2.379568852
       171.378778544       -2.163224628
       172.541882410       -1.959257598
       173.623498567       -1.768186241
       174.622559593       -1.590476407
       175.538079533       -1.426598866
       176.369154882       -1.276980041
       177.114965466       -1.141993228
       177.774775262       -1.022017539
       178.347933117       -0.917363738
       178.833873394       -0.828323342
       179.232116527       -0.755129233
       179.542269499       -0.662951475
       179.764026227       -0.484546894
       179.897167862       -0.254207971
       179.941563012        0.000000198
#
# SECTION 50 / 50   y = 0.000000   chord = 180.287613   x_le = 0.000000   x_te = 180.287613
#               x_mm               y_mm
       180.287613169        0.000000000
       180.242229583        0.256934758
       180.106124523        0.489177429
       179.879435033        0.667575757
       179.562389373        0.758033418
       179.155306780        0.832844297
       178.658597151        0.923845850
       178.072760630        1.030797321
       177.398387107        1.153386206
       176.636155617        1.291279586
       175.786833664        1.444120798
       174.851276442        1.611480782
       173.830425978        1.792923985
       172.725310182        1.987982588
       171.537041812        2.196151935
       170.266817354        2.416906569
       168.915915815        2.649694347
       167.485697440        2.893939607
       165.977602337        3.149069014
       164.393149029        3.414462552
       162.733932928        3.689511130
       161.001624722        3.973580486
       159.197968700        4.266036036
       157.324780991        4.566229854
       155.383947734        4.873502984
       153.377423186        5.187197354
       151.307227746        5.506638859
       149.175445925        5.831150959
       146.984224248        6.160068501
       144.735769088        6.492695419
       142.432344449        6.828349463
       140.076269685        7.166335820
       137.669917163        7.505939034
       135.215709877        7.846466696
       132.716119004        8.187188888
       130.173661422        8.527378368
       127.590897169        8.866294011
       124.970426870        9.203193924
       122.314889116        9.537316281
       119.626957810        9.867882358
       116.909339469       10.194101832
       114.164770506       10.515179871
       111.396014468       10.830299968
       108.605859258       11.138634114
       105.797114326       11.439342900
       102.972607840       11.731568761
       100.135183839       12.014443832
        97.287699367       12.287108489
        94.433021602       12.548679777
        91.574024960       12.798257748
        88.713588209       13.034979913
        85.854591568       13.257944975
        82.999913802       13.466273658
        80.152429331       13.659109311
        77.315005329       13.835581774
        74.490498843       13.994841664
        71.681753911       14.136085015
        68.891598701       14.258517170
        66.122842663       14.361376814
        63.378273700       14.443943017
        60.660655359       14.505533995
        57.972724053       14.545484233
        55.317186299       14.563267681
        52.696716000       14.558284436
        50.113951747       14.530110062
        47.571494165       14.478330852
        45.071903292       14.402612253
        42.617696006       14.302652816
        40.211343484       14.178290345
        37.855268720       14.029356699
        35.551844082       13.855840854
        33.303388922       13.657778185
        31.112167244       13.435172008
        28.980385423       13.188314453
        26.910189983       12.917392979
        24.903665435       12.622721572
        22.962832179       12.304760158
        21.089644469       11.963821077
        19.285988447       11.600524407
        17.553680241       11.215344677
        15.894464140       10.809007352
        14.310010832       10.382047991
        12.801915729        9.935287999
        11.371697354        9.469201602
        10.020795816        8.984815720
         8.750571357        8.482749525
         7.562302987        7.963939406
         6.457187191        7.428737884
         5.436336727        6.878294962
         4.500779505        6.313448004
         3.651457552        5.734223254
         2.889226062        5.142116757
         2.214852539        4.537232111
         1.629016019        3.920567912
         1.132306390        3.292447307
         0.725223796        2.654858456
         0.408178136        2.004456099
         0.181488647        1.344463696
         0.045383586        0.675064192
         0.000000000        0.000000000
         0.044480527       -0.667184576
         0.177878211       -1.330326629
         0.400061404       -1.984036519
         0.710810840       -2.628115558
         1.109819844       -3.261401116
         1.596694644       -3.882992659
         2.170954754       -4.494901258
         2.832033447       -5.094652951
         3.579278319       -5.681853201
         4.411951929       -6.255933842
         5.329232529       -6.817093069
         6.330214874       -7.363728859
         7.413911115       -7.895232856
         8.579251775       -8.411117784
         9.825086803       -8.910601161
        11.150186710       -9.392913729
        12.553243783       -9.857380342
        14.032873374      -10.303024683
        15.587615267      -10.729391948
        17.215935120      -11.135749845
        18.916225977      -11.521401144
        20.686809857      -11.885817256
        22.525939407      -12.228343539
        24.431799628      -12.548513614
        26.402509667      -12.845970929
        28.436124670      -13.120198214
        30.530637705      -13.370947534
        32.683981740      -13.597886673
        34.894031686      -13.800936167
        37.158606489      -13.979883637
        39.475471287      -14.134740788
        41.842339615      -14.265531915
        44.256875660      -14.372305887
        46.716696565      -14.455303881
        49.219374785      -14.514695862
        51.762440478      -14.550837280
        54.343383946      -14.564094501
        56.959658108      -14.554892748
        59.608681019      -14.523710035
        62.287838412      -14.471137887
        64.994486283      -14.397725328
        67.725953496      -14.304144645
        70.479544424      -14.191081919
        73.252541605      -14.059255766
        76.042208425      -13.909421152
        78.845791820      -13.742362790
        81.660524991      -13.558889228
        84.483630137      -13.359827527
        87.312321194      -13.146008062
        90.143806585      -12.918281028
        92.975291976      -12.677514233
        95.803983032      -12.424566458
        98.627088178      -12.160289873
       101.441821350      -11.885536393
       104.245404744      -11.601166685
       107.035071564      -11.308022111
       109.808068745      -11.006935061
       112.561659673      -10.698727934
       115.293126886      -10.384212485
       117.999774757      -10.064189530
       120.678932150       -9.739432379
       123.327955061       -9.410726697
       125.944229223       -9.078823534
       128.525172691       -8.744476970
       131.068238384       -8.408416034
       133.570916604       -8.071362547
       136.030737510       -7.734032563
       138.445273554       -7.397135913
       140.812141882       -7.061350917
       143.129006681       -6.727376746
       145.393581483       -6.395892312
       147.603631429       -6.067568342
       149.756975464       -5.743070067
       151.851488499       -5.423062498
       153.885103503       -5.108205341
       155.855813541       -4.799148164
       157.761673762       -4.496536207
       159.600803312       -4.201011596
       161.371387192       -3.913212244
       163.071678049       -3.633755912
       164.699997902       -3.363271733
       166.254739795       -3.102366814
       167.734369386       -2.851634542
       169.137426459       -2.611662526
       170.462526367       -2.383010895
       171.708361395       -2.166242295
       172.873702054       -1.961874898
       173.957398295       -1.770428209
       174.958380640       -1.592369621
       175.875661241       -1.428170232
       176.708334851       -1.278257626
       177.455579722       -1.143005535
       178.116658415       -1.022794141
       178.690918525       -0.917934511
       179.177793325       -0.828719076
       179.576802330       -0.755381185
       179.887551765       -0.663357038
       180.109734958       -0.484949724
       180.243132642       -0.254444633
       180.287613169        0.000000000
