#1
0.00000000 0.00000000 0.00000000
0.00004538 -0.00067506 0.00000000
0.00018149 -0.00134446 0.00000000
0.00040818 -0.00200446 0.00000000
0.00072522 -0.00265486 0.00000000
0.00113231 -0.00329245 0.00000000
0.00162902 -0.00392057 0.00000000
0.00221485 -0.00453723 0.00000000
0.00288923 -0.00514212 0.00000000
0.00365146 -0.00573422 0.00000000
0.00450078 -0.00631345 0.00000000
0.00543634 -0.00687829 0.00000000
0.00645719 -0.00742874 0.00000000
0.00756230 -0.00796394 0.00000000
0.00875057 -0.00848275 0.00000000
0.01002080 -0.00898482 0.00000000
0.01137170 -0.00946920 0.00000000
0.01280192 -0.00993529 0.00000000
0.01431001 -0.01038205 0.00000000
0.01589446 -0.01080901 0.00000000
0.01755368 -0.01121534 0.00000000
0.01928599 -0.01160052 0.00000000
0.02108964 -0.01196382 0.00000000
0.02296283 -0.01230476 0.00000000
0.02490367 -0.01262272 0.00000000
0.02691019 -0.01291739 0.00000000
0.02898039 -0.01318831 0.00000000
0.03111217 -0.01343517 0.00000000
0.03330339 -0.01365778 0.00000000
0.03555184 -0.01385584 0.00000000
0.03785527 -0.01402936 0.00000000
0.04021134 -0.01417829 0.00000000
0.04261770 -0.01430265 0.00000000
0.04507190 -0.01440261 0.00000000
0.04757149 -0.01447833 0.00000000
0.05011395 -0.01453011 0.00000000
0.05269672 -0.01455828 0.00000000
0.05531719 -0.01456327 0.00000000
0.05797272 -0.01454548 0.00000000
0.06066066 -0.01450553 0.00000000
0.06337827 -0.01444394 0.00000000
0.06612284 -0.01436138 0.00000000
0.06889160 -0.01425852 0.00000000
0.07168175 -0.01413609 0.00000000
0.07449050 -0.01399484 0.00000000
0.07731501 -0.01383558 0.00000000
0.08015243 -0.01365911 0.00000000
0.08299991 -0.01346627 0.00000000
0.08585459 -0.01325794 0.00000000
0.08871359 -0.01303498 0.00000000
0.09157402 -0.01279826 0.00000000
0.09443302 -0.01254868 0.00000000
0.09728770 -0.01228711 0.00000000
0.10013518 -0.01201444 0.00000000
0.10297261 -0.01173157 0.00000000
0.10579711 -0.01143934 0.00000000
0.10860586 -0.01113863 0.00000000
0.11139601 -0.01083030 0.00000000
0.11416477 -0.01051518 0.00000000
0.11690934 -0.01019410 0.00000000
0.11962696 -0.00986788 0.00000000
0.12231489 -0.00953732 0.00000000
0.12497043 -0.00920319 0.00000000
0.12759090 -0.00886629 0.00000000
0.13017366 -0.00852738 0.00000000
0.13271612 -0.00818719 0.00000000
0.13521571 -0.00784647 0.00000000
0.13766992 -0.00750594 0.00000000
0.14007627 -0.00716634 0.00000000
0.14243234 -0.00682835 0.00000000
0.14473577 -0.00649270 0.00000000
0.14698422 -0.00616007 0.00000000
0.14917545 -0.00583115 0.00000000
0.15130723 -0.00550664 0.00000000
0.15337742 -0.00518720 0.00000000
0.15538395 -0.00487350 0.00000000
0.15732478 -0.00456623 0.00000000
0.15919797 -0.00426604 0.00000000
0.16100162 -0.00397358 0.00000000
0.16273393 -0.00368951 0.00000000
0.16439315 -0.00341446 0.00000000
0.16597760 -0.00314907 0.00000000
0.16748570 -0.00289394 0.00000000
0.16891592 -0.00264969 0.00000000
0.17026682 -0.00241691 0.00000000
0.17153704 -0.00219615 0.00000000
0.17272531 -0.00198798 0.00000000
0.17383043 -0.00179292 0.00000000
0.17485128 -0.00161148 0.00000000
0.17578683 -0.00144412 0.00000000
0.17663616 -0.00129128 0.00000000
0.17739839 -0.00115339 0.00000000
0.17807276 -0.00103080 0.00000000
0.17865860 -0.00092385 0.00000000
0.17915531 -0.00083284 0.00000000
0.17956239 -0.00075803 0.00000000
0.17987944 -0.00066758 0.00000000
0.18010612 -0.00048918 0.00000000
0.18024223 -0.00025693 0.00000000
0.18028761 0.00000000 0.00000000
0.18024313 0.00025444 0.00000000
0.18010973 0.00048495 0.00000000
0.17988755 0.00066336 0.00000000
0.17957680 0.00075538 0.00000000
0.17917779 0.00082872 0.00000000
0.17869092 0.00091793 0.00000000
0.17811666 0.00102279 0.00000000
0.17745558 0.00114301 0.00000000
0.17670833 0.00127826 0.00000000
0.17587566 0.00142817 0.00000000
0.17495838 0.00159237 0.00000000
0.17395740 0.00177043 0.00000000
0.17287370 0.00196187 0.00000000
0.17170836 0.00216624 0.00000000
0.17046253 0.00238301 0.00000000
0.16913743 0.00261166 0.00000000
0.16773437 0.00285163 0.00000000
0.16625474 0.00310237 0.00000000
0.16470000 0.00336327 0.00000000
0.16307168 0.00363376 0.00000000
0.16137139 0.00391321 0.00000000
0.15960080 0.00420101 0.00000000
0.15776167 0.00449654 0.00000000
0.15585581 0.00479915 0.00000000
0.15388510 0.00510821 0.00000000
0.15185149 0.00542306 0.00000000
0.14975698 0.00574307 0.00000000
0.14760363 0.00606757 0.00000000
0.14539358 0.00639589 0.00000000
0.14312901 0.00672738 0.00000000
0.14081214 0.00706135 0.00000000
0.13844527 0.00739714 0.00000000
0.13603074 0.00773403 0.00000000
0.13357092 0.00807136 0.00000000
0.13106824 0.00840842 0.00000000
0.12852517 0.00874448 0.00000000
0.12594423 0.00907882 0.00000000
0.12332796 0.00941073 0.00000000
0.12067893 0.00973943 0.00000000
0.11799977 0.01006419 0.00000000
0.11529313 0.01038421 0.00000000
0.11256166 0.01069873 0.00000000
0.10980807 0.01100694 0.00000000
0.10703507 0.01130802 0.00000000
0.10424540 0.01160117 0.00000000
0.10144182 0.01188554 0.00000000
0.09862709 0.01216029 0.00000000
0.09580398 0.01242457 0.00000000
0.09297529 0.01267751 0.00000000
0.09014381 0.01291828 0.00000000
0.08731232 0.01314601 0.00000000
0.08448363 0.01335983 0.00000000
0.08166052 0.01355889 0.00000000
0.07884579 0.01374236 0.00000000
0.07604221 0.01390942 0.00000000
0.07325254 0.01405926 0.00000000
0.07047954 0.01419108 0.00000000
0.06772595 0.01430414 0.00000000
0.06499449 0.01439773 0.00000000
0.06228784 0.01447114 0.00000000
0.05960868 0.01452371 0.00000000
0.05695966 0.01455489 0.00000000
0.05434338 0.01456409 0.00000000
0.05176244 0.01455084 0.00000000
0.04921937 0.01451470 0.00000000
0.04671670 0.01445530 0.00000000
0.04425688 0.01437231 0.00000000
0.04184234 0.01426553 0.00000000
0.03947547 0.01413474 0.00000000
0.03715861 0.01397988 0.00000000
0.03489403 0.01380094 0.00000000
0.03268398 0.01359789 0.00000000
0.03053064 0.01337095 0.00000000
0.02843612 0.01312020 0.00000000
0.02640251 0.01284597 0.00000000
0.02443180 0.01254851 0.00000000
0.02252594 0.01222834 0.00000000
0.02068681 0.01188582 0.00000000
0.01891623 0.01152140 0.00000000
0.01721594 0.01113575 0.00000000
0.01558762 0.01072939 0.00000000
0.01403287 0.01030302 0.00000000
0.01255324 0.00985738 0.00000000
0.01115019 0.00939291 0.00000000
0.00982509 0.00891060 0.00000000
0.00857925 0.00841112 0.00000000
0.00741391 0.00789523 0.00000000
0.00633021 0.00736373 0.00000000
0.00532923 0.00681709 0.00000000
0.00441195 0.00625593 0.00000000
0.00357928 0.00568185 0.00000000
0.00283203 0.00509465 0.00000000
0.00217095 0.00449490 0.00000000
0.00159669 0.00388299 0.00000000
0.00110982 0.00326140 0.00000000
0.00071081 0.00262812 0.00000000
0.00040006 0.00198404 0.00000000
0.00017788 0.00133033 0.00000000
0.00004448 0.00066718 0.00000000
0.00000000 0.00000000 0.00000000
#2
0.00011429 0.00000000 0.00163265
0.00015958 -0.00067374 0.00163265
0.00029543 -0.00134189 0.00163265
0.00052168 -0.00200064 0.00163265
0.00083812 -0.00264981 0.00163265
0.00124442 -0.00328619 0.00163265
0.00174017 -0.00391312 0.00163265
0.00232489 -0.00452861 0.00163265
0.00299797 -0.00513234 0.00163265
0.00375873 -0.00572333 0.00163265
0.00460643 -0.00630145 0.00163265
0.00554019 -0.00686523 0.00163265
0.00655908 -0.00741462 0.00163265
0.00766207 -0.00794881 0.00163265
0.00884806 -0.00846664 0.00163265
0.01011585 -0.00896775 0.00163265
0.01146416 -0.00945122 0.00163265
0.01289163 -0.00991643 0.00163265
0.01439683 -0.01036235 0.00163265
0.01597824 -0.01078850 0.00163265
0.01763427 -0.01119407 0.00163265
0.01936326 -0.01157853 0.00163265
0.02116345 -0.01194114 0.00163265
0.02303304 -0.01228144 0.00163265
0.02497015 -0.01259880 0.00163265
0.02697282 -0.01289292 0.00163265
0.02903905 -0.01316334 0.00163265
0.03116674 -0.01340974 0.00163265
0.03335375 -0.01363194 0.00163265
0.03559789 -0.01382963 0.00163265
0.03789689 -0.01400283 0.00163265
0.04024845 -0.01415150 0.00163265
0.04265018 -0.01427564 0.00163265
0.04509968 -0.01437542 0.00163265
0.04759447 -0.01445101 0.00163265
0.05013205 -0.01450271 0.00163265
0.05270985 -0.01453085 0.00163265
0.05532529 -0.01453584 0.00163265
0.05797573 -0.01451810 0.00163265
0.06065851 -0.01447825 0.00163265
0.06337091 -0.01441679 0.00163265
0.06611021 -0.01433440 0.00163265
0.06887365 -0.01423175 0.00163265
0.07165845 -0.01410957 0.00163265
0.07446180 -0.01396862 0.00163265
0.07728089 -0.01380968 0.00163265
0.08011287 -0.01363356 0.00163265
0.08295489 -0.01344111 0.00163265
0.08580409 -0.01323320 0.00163265
0.08865759 -0.01301068 0.00163265
0.09151254 -0.01277442 0.00163265
0.09436605 -0.01252534 0.00163265
0.09721525 -0.01226428 0.00163265
0.10005727 -0.01199216 0.00163265
0.10288924 -0.01170984 0.00163265
0.10570833 -0.01141819 0.00163265
0.10851168 -0.01111807 0.00163265
0.11129648 -0.01081034 0.00163265
0.11405992 -0.01049584 0.00163265
0.11679923 -0.01017539 0.00163265
0.11951163 -0.00984981 0.00163265
0.12219440 -0.00951989 0.00163265
0.12484484 -0.00918642 0.00163265
0.12746028 -0.00885018 0.00163265
0.13003809 -0.00851193 0.00163265
0.13257566 -0.00817240 0.00163265
0.13507046 -0.00783234 0.00163265
0.13751995 -0.00749248 0.00163265
0.13992169 -0.00715354 0.00163265
0.14227324 -0.00681622 0.00163265
0.14457224 -0.00648122 0.00163265
0.14681638 -0.00614924 0.00163265
0.14900340 -0.00582097 0.00163265
0.15113109 -0.00549709 0.00163265
0.15319731 -0.00517827 0.00163265
0.15519998 -0.00486519 0.00163265
0.15713709 -0.00455852 0.00163265
0.15900668 -0.00425891 0.00163265
0.16080688 -0.00396703 0.00163265
0.16253586 -0.00368351 0.00163265
0.16419189 -0.00340900 0.00163265
0.16577331 -0.00314413 0.00163265
0.16727851 -0.00288950 0.00163265
0.16870598 -0.00264573 0.00163265
0.17005429 -0.00241340 0.00163265
0.17132207 -0.00219308 0.00163265
0.17250806 -0.00198531 0.00163265
0.17361106 -0.00179064 0.00163265
0.17462995 -0.00160955 0.00163265
0.17556371 -0.00144252 0.00163265
0.17641140 -0.00128998 0.00163265
0.17717217 -0.00115235 0.00163265
0.17784525 -0.00103001 0.00163265
0.17842996 -0.00092326 0.00163265
0.17892572 -0.00083244 0.00163265
0.17933202 -0.00075778 0.00163265
0.17964845 -0.00066717 0.00163265
0.17987471 -0.00048877 0.00163265
0.18001055 -0.00025670 0.00163265
0.18005585 0.00000000 0.00163265
0.18001145 0.00025421 0.00163265
0.17987831 0.00048455 0.00163265
0.17965656 0.00066295 0.00163265
0.17934640 0.00075513 0.00163265
0.17894816 0.00082832 0.00163265
0.17846222 0.00091736 0.00163265
0.17788906 0.00102202 0.00163265
0.17722925 0.00114199 0.00163265
0.17648344 0.00127698 0.00163265
0.17565237 0.00142660 0.00163265
0.17473685 0.00159048 0.00163265
0.17373778 0.00176819 0.00163265
0.17265617 0.00195926 0.00163265
0.17149306 0.00216322 0.00163265
0.17024962 0.00237957 0.00163265
0.16892706 0.00260777 0.00163265
0.16752670 0.00284728 0.00163265
0.16604991 0.00309752 0.00163265
0.16449815 0.00335791 0.00163265
0.16287296 0.00362787 0.00163265
0.16117593 0.00390678 0.00163265
0.15940875 0.00419401 0.00163265
0.15757315 0.00448896 0.00163265
0.15567094 0.00479098 0.00163265
0.15370402 0.00509943 0.00163265
0.15167431 0.00541367 0.00163265
0.14958381 0.00573306 0.00163265
0.14743460 0.00605692 0.00163265
0.14522879 0.00638460 0.00163265
0.14296857 0.00671544 0.00163265
0.14065615 0.00704876 0.00163265
0.13829382 0.00738389 0.00163265
0.13588392 0.00772013 0.00163265
0.13342882 0.00805680 0.00163265
0.13093095 0.00839320 0.00163265
0.12839276 0.00872860 0.00163265
0.12581677 0.00906229 0.00163265
0.12320552 0.00939355 0.00163265
0.12056158 0.00972161 0.00163265
0.11788757 0.01004573 0.00163265
0.11518612 0.01036513 0.00163265
0.11245989 0.01067903 0.00163265
0.10971159 0.01098663 0.00163265
0.10694391 0.01128712 0.00163265
0.10415960 0.01157969 0.00163265
0.10136140 0.01186350 0.00163265
0.09855207 0.01213772 0.00163265
0.09573438 0.01240147 0.00163265
0.09291112 0.01265392 0.00163265
0.09008507 0.01289421 0.00163265
0.08725902 0.01312148 0.00163265
0.08443576 0.01333488 0.00163265
0.08161807 0.01353354 0.00163265
0.07880874 0.01371665 0.00163265
0.07601054 0.01388337 0.00163265
0.07322622 0.01403290 0.00163265
0.07045855 0.01416446 0.00163265
0.06771024 0.01427729 0.00163265
0.06498402 0.01437067 0.00163265
0.06228257 0.01444393 0.00163265
0.05960855 0.01449638 0.00163265
0.05696461 0.01452749 0.00163265
0.05435336 0.01453666 0.00163265
0.05177737 0.01452341 0.00163265
0.04923919 0.01448732 0.00163265
0.04674131 0.01442802 0.00163265
0.04428621 0.01434517 0.00163265
0.04187631 0.01423858 0.00163265
0.03951399 0.01410803 0.00163265
0.03720157 0.01395345 0.00163265
0.03494134 0.01377483 0.00163265
0.03273553 0.01357215 0.00163265
0.03058632 0.01334564 0.00163265
0.02849583 0.01309535 0.00163265
0.02646612 0.01282164 0.00163265
0.02449919 0.01252473 0.00163265
0.02259699 0.01220516 0.00163265
0.02076139 0.01186328 0.00163265
0.01899420 0.01149955 0.00163265
0.01729718 0.01111463 0.00163265
0.01567198 0.01070903 0.00163265
0.01412022 0.01028347 0.00163265
0.01264343 0.00983867 0.00163265
0.01124307 0.00937508 0.00163265
0.00992051 0.00889368 0.00163265
0.00867707 0.00839514 0.00163265
0.00751397 0.00788024 0.00163265
0.00643235 0.00734974 0.00163265
0.00543329 0.00680414 0.00163265
0.00451777 0.00624405 0.00163265
0.00368669 0.00567105 0.00163265
0.00294088 0.00508497 0.00163265
0.00228107 0.00448635 0.00163265
0.00170792 0.00387561 0.00163265
0.00122198 0.00325520 0.00163265
0.00082373 0.00262313 0.00163265
0.00051358 0.00198026 0.00163265
0.00029182 0.00132777 0.00163265
0.00015868 0.00066582 0.00163265
0.00011429 0.00000000 0.00163265
#3
0.00022857 0.00000000 0.00326531
0.00027378 -0.00067246 0.00326531
0.00040936 -0.00133933 0.00326531
0.00063518 -0.00199683 0.00326531
0.00095101 -0.00264477 0.00326531
0.00135653 -0.00327993 0.00326531
0.00185133 -0.00390566 0.00326531
0.00243492 -0.00451998 0.00326531
0.00310671 -0.00512257 0.00326531
0.00386601 -0.00571243 0.00326531
0.00471207 -0.00628946 0.00326531
0.00564404 -0.00685216 0.00326531
0.00666097 -0.00740051 0.00326531
0.00776184 -0.00793369 0.00326531
0.00894555 -0.00845053 0.00326531
0.01021090 -0.00895069 0.00326531
0.01155661 -0.00943325 0.00326531
0.01298134 -0.00989757 0.00326531
0.01448365 -0.01034264 0.00326531
0.01606202 -0.01076799 0.00326531
0.01771487 -0.01117280 0.00326531
0.01944052 -0.01155653 0.00326531
0.02123726 -0.01191846 0.00326531
0.02310325 -0.01225811 0.00326531
0.02503663 -0.01257489 0.00326531
0.02703546 -0.01286846 0.00326531
0.02909770 -0.01313837 0.00326531
0.03122130 -0.01338431 0.00326531
0.03340411 -0.01360609 0.00326531
0.03564394 -0.01380343 0.00326531
0.03793852 -0.01397631 0.00326531
0.04028555 -0.01412470 0.00326531
0.04268266 -0.01424862 0.00326531
0.04512745 -0.01434823 0.00326531
0.04761744 -0.01442369 0.00326531
0.05015014 -0.01447531 0.00326531
0.05272299 -0.01450341 0.00326531
0.05533340 -0.01450840 0.00326531
0.05797875 -0.01449072 0.00326531
0.06065636 -0.01445096 0.00326531
0.06336354 -0.01438964 0.00326531
0.06609758 -0.01430742 0.00326531
0.06885570 -0.01420499 0.00326531
0.07163515 -0.01408306 0.00326531
0.07443311 -0.01394239 0.00326531
0.07724677 -0.01378378 0.00326531
0.08007331 -0.01360801 0.00326531
0.08290986 -0.01341595 0.00326531
0.08575358 -0.01320845 0.00326531
0.08860160 -0.01298637 0.00326531
0.09145106 -0.01275059 0.00326531
0.09429908 -0.01250200 0.00326531
0.09714280 -0.01224146 0.00326531
0.09997935 -0.01196987 0.00326531
0.10280588 -0.01168811 0.00326531
0.10561954 -0.01139703 0.00326531
0.10841751 -0.01109750 0.00326531
0.11119695 -0.01079038 0.00326531
0.11395508 -0.01047650 0.00326531
0.11668911 -0.01015668 0.00326531
0.11939630 -0.00983173 0.00326531
0.12207391 -0.00950246 0.00326531
0.12471925 -0.00916965 0.00326531
0.12732966 -0.00883406 0.00326531
0.12990251 -0.00849647 0.00326531
0.13243521 -0.00815761 0.00326531
0.13492521 -0.00781822 0.00326531
0.13736999 -0.00747903 0.00326531
0.13976711 -0.00714075 0.00326531
0.14211414 -0.00680408 0.00326531
0.14440872 -0.00646974 0.00326531
0.14664854 -0.00613841 0.00326531
0.14883135 -0.00581078 0.00326531
0.15095495 -0.00548754 0.00326531
0.15301720 -0.00516934 0.00326531
0.15501602 -0.00485688 0.00326531
0.15694940 -0.00455080 0.00326531
0.15881540 -0.00425178 0.00326531
0.16061213 -0.00396047 0.00326531
0.16233779 -0.00367751 0.00326531
0.16399064 -0.00340354 0.00326531
0.16556901 -0.00313919 0.00326531
0.16707131 -0.00288505 0.00326531
0.16849604 -0.00264177 0.00326531
0.16984176 -0.00240989 0.00326531
0.17110711 -0.00219000 0.00326531
0.17229081 -0.00198265 0.00326531
0.17339169 -0.00178835 0.00326531
0.17440862 -0.00160762 0.00326531
0.17534058 -0.00144092 0.00326531
0.17618664 -0.00128867 0.00326531
0.17694595 -0.00115132 0.00326531
0.17761773 -0.00102921 0.00326531
0.17820132 -0.00092268 0.00326531
0.17869612 -0.00083204 0.00326531
0.17910164 -0.00075752 0.00326531
0.17941747 -0.00066677 0.00326531
0.17964329 -0.00048837 0.00326531
0.17977887 -0.00025646 0.00326531
0.17982408 0.00000000 0.00326531
0.17977977 0.00025397 0.00326531
0.17964689 0.00048414 0.00326531
0.17942556 0.00066254 0.00326531
0.17911600 0.00075488 0.00326531
0.17871852 0.00082793 0.00326531
0.17823352 0.00091679 0.00326531
0.17766146 0.00102124 0.00326531
0.17700292 0.00114098 0.00326531
0.17625855 0.00127570 0.00326531
0.17542907 0.00142503 0.00326531
0.17451531 0.00158858 0.00326531
0.17351817 0.00176594 0.00326531
0.17243863 0.00195664 0.00326531
0.17127777 0.00216021 0.00326531
0.17003671 0.00237613 0.00326531
0.16871670 0.00260388 0.00326531
0.16731903 0.00284292 0.00326531
0.16584508 0.00309267 0.00326531
0.16429631 0.00335255 0.00326531
0.16267424 0.00362198 0.00326531
0.16098048 0.00390034 0.00326531
0.15921669 0.00418701 0.00326531
0.15738462 0.00448138 0.00326531
0.15548608 0.00478281 0.00326531
0.15352293 0.00509066 0.00326531
0.15149712 0.00540429 0.00326531
0.14941065 0.00572304 0.00326531
0.14726557 0.00604627 0.00326531
0.14506401 0.00637332 0.00326531
0.14280812 0.00670351 0.00326531
0.14050015 0.00703617 0.00326531
0.13814237 0.00737065 0.00326531
0.13573710 0.00770623 0.00326531
0.13328673 0.00804224 0.00326531
0.13079366 0.00837798 0.00326531
0.12826035 0.00871272 0.00326531
0.12568932 0.00904576 0.00326531
0.12308309 0.00937637 0.00326531
0.12044423 0.00970379 0.00326531
0.11777536 0.01002727 0.00326531
0.11507910 0.01034604 0.00326531
0.11235812 0.01065932 0.00326531
0.10961510 0.01096632 0.00326531
0.10685275 0.01126623 0.00326531
0.10407379 0.01155822 0.00326531
0.10128097 0.01184147 0.00326531
0.09847704 0.01211514 0.00326531
0.09566478 0.01237838 0.00326531
0.09284694 0.01263032 0.00326531
0.09002633 0.01287014 0.00326531
0.08720571 0.01309696 0.00326531
0.08438788 0.01330993 0.00326531
0.08157561 0.01350819 0.00326531
0.07877168 0.01369093 0.00326531
0.07597886 0.01385732 0.00326531
0.07319991 0.01400655 0.00326531
0.07043755 0.01413783 0.00326531
0.06769453 0.01425043 0.00326531
0.06497355 0.01434362 0.00326531
0.06227730 0.01441672 0.00326531
0.05960842 0.01446905 0.00326531
0.05696957 0.01450008 0.00326531
0.05436334 0.01450922 0.00326531
0.05179230 0.01449598 0.00326531
0.04925900 0.01445994 0.00326531
0.04676593 0.01440074 0.00326531
0.04431555 0.01431803 0.00326531
0.04191028 0.01421163 0.00326531
0.03955250 0.01408131 0.00326531
0.03724453 0.01392702 0.00326531
0.03498865 0.01374872 0.00326531
0.03278708 0.01354642 0.00326531
0.03064201 0.01332032 0.00326531
0.02855553 0.01307051 0.00326531
0.02652973 0.01279730 0.00326531
0.02456658 0.01250096 0.00326531
0.02266804 0.01218198 0.00326531
0.02083597 0.01184074 0.00326531
0.01907218 0.01147770 0.00326531
0.01737842 0.01109350 0.00326531
0.01575635 0.01068868 0.00326531
0.01420757 0.01026392 0.00326531
0.01273362 0.00981996 0.00326531
0.01133595 0.00935725 0.00326531
0.01001594 0.00887676 0.00326531
0.00877489 0.00837917 0.00326531
0.00761402 0.00786524 0.00326531
0.00653449 0.00733575 0.00326531
0.00553735 0.00679119 0.00326531
0.00462359 0.00623216 0.00326531
0.00379411 0.00566026 0.00326531
0.00304973 0.00507529 0.00326531
0.00239119 0.00447781 0.00326531
0.00181914 0.00386823 0.00326531
0.00133413 0.00324900 0.00326531
0.00093665 0.00261813 0.00326531
0.00062710 0.00197649 0.00326531
0.00040577 0.00132524 0.00326531
0.00027288 0.00066455 0.00326531
0.00022857 0.00000000 0.00326531
#4
0.00034286 0.00000000 0.00489796
0.00038798 -0.00067118 0.00489796
0.00052330 -0.00133678 0.00489796
0.00074868 -0.00199302 0.00489796
0.00106390 -0.00263972 0.00489796
0.00146864 -0.00327367 0.00489796
0.00196249 -0.00389821 0.00489796
0.00254496 -0.00451136 0.00489796
0.00321545 -0.00511280 0.00489796
0.00397329 -0.00570153 0.00489796
0.00481772 -0.00627746 0.00489796
0.00574789 -0.00683909 0.00489796
0.00676286 -0.00738640 0.00489796
0.00786161 -0.00791856 0.00489796
0.00904304 -0.00843442 0.00489796
0.01030595 -0.00893363 0.00489796
0.01164907 -0.00941527 0.00489796
0.01307106 -0.00987871 0.00489796
0.01457047 -0.01032294 0.00489796
0.01614580 -0.01074748 0.00489796
0.01779546 -0.01115152 0.00489796
0.01951779 -0.01153453 0.00489796
0.02131106 -0.01189577 0.00489796
0.02317346 -0.01223479 0.00489796
0.02510312 -0.01255097 0.00489796
0.02709809 -0.01284399 0.00489796
0.02915636 -0.01311340 0.00489796
0.03127587 -0.01335888 0.00489796
0.03345448 -0.01358025 0.00489796
0.03568998 -0.01377722 0.00489796
0.03798014 -0.01394979 0.00489796
0.04032265 -0.01409791 0.00489796
0.04271515 -0.01422161 0.00489796
0.04515522 -0.01432104 0.00489796
0.04764042 -0.01439637 0.00489796
0.05016824 -0.01444791 0.00489796
0.05273613 -0.01447597 0.00489796
0.05534151 -0.01448097 0.00489796
0.05798176 -0.01446334 0.00489796
0.06065421 -0.01442367 0.00489796
0.06335618 -0.01436249 0.00489796
0.06608494 -0.01428045 0.00489796
0.06883776 -0.01417823 0.00489796
0.07161185 -0.01405655 0.00489796
0.07440442 -0.01391617 0.00489796
0.07721266 -0.01375787 0.00489796
0.08003374 -0.01358247 0.00489796
0.08286483 -0.01339079 0.00489796
0.08570307 -0.01318370 0.00489796
0.08854561 -0.01296207 0.00489796
0.09138957 -0.01272675 0.00489796
0.09423210 -0.01247866 0.00489796
0.09707034 -0.01221864 0.00489796
0.09990143 -0.01194758 0.00489796
0.10272252 -0.01166638 0.00489796
0.10553076 -0.01137588 0.00489796
0.10832333 -0.01107694 0.00489796
0.11109742 -0.01077042 0.00489796
0.11385023 -0.01045715 0.00489796
0.11657900 -0.01013796 0.00489796
0.11928097 -0.00981366 0.00489796
0.12195342 -0.00948503 0.00489796
0.12459367 -0.00915287 0.00489796
0.12719905 -0.00881795 0.00489796
0.12976694 -0.00848102 0.00489796
0.13229476 -0.00814283 0.00489796
0.13477995 -0.00780410 0.00489796
0.13722003 -0.00746557 0.00489796
0.13961253 -0.00712796 0.00489796
0.14195503 -0.00679195 0.00489796
0.14424519 -0.00645826 0.00489796
0.14648070 -0.00612759 0.00489796
0.14865931 -0.00580060 0.00489796
0.15077881 -0.00547799 0.00489796
0.15283709 -0.00516042 0.00489796
0.15483206 -0.00484856 0.00489796
0.15676171 -0.00454309 0.00489796
0.15862412 -0.00424466 0.00489796
0.16041739 -0.00395392 0.00489796
0.16213972 -0.00367151 0.00489796
0.16378938 -0.00339808 0.00489796
0.16536471 -0.00313424 0.00489796
0.16686412 -0.00288061 0.00489796
0.16828610 -0.00263780 0.00489796
0.16962923 -0.00240638 0.00489796
0.17089214 -0.00218692 0.00489796
0.17207356 -0.00197998 0.00489796
0.17317232 -0.00178607 0.00489796
0.17418729 -0.00160569 0.00489796
0.17511746 -0.00143931 0.00489796
0.17596189 -0.00128737 0.00489796
0.17671973 -0.00115029 0.00489796
0.17739022 -0.00102842 0.00489796
0.17797268 -0.00092210 0.00489796
0.17846653 -0.00083163 0.00489796
0.17887127 -0.00075726 0.00489796
0.17918649 -0.00066637 0.00489796
0.17941188 -0.00048796 0.00489796
0.17954720 -0.00025622 0.00489796
0.17959232 0.00000000 0.00489796
0.17954810 0.00025373 0.00489796
0.17941547 0.00048374 0.00489796
0.17919456 0.00066214 0.00489796
0.17888560 0.00075463 0.00489796
0.17848889 0.00082753 0.00489796
0.17800482 0.00091622 0.00489796
0.17743387 0.00102046 0.00489796
0.17677659 0.00113997 0.00489796
0.17603365 0.00127442 0.00489796
0.17520577 0.00142346 0.00489796
0.17429377 0.00158669 0.00489796
0.17329856 0.00176370 0.00489796
0.17222110 0.00195402 0.00489796
0.17106247 0.00215719 0.00489796
0.16982381 0.00237268 0.00489796
0.16850634 0.00259999 0.00489796
0.16711136 0.00283856 0.00489796
0.16564025 0.00308782 0.00489796
0.16409446 0.00334719 0.00489796
0.16247552 0.00361609 0.00489796
0.16078502 0.00389390 0.00489796
0.15902463 0.00418001 0.00489796
0.15719609 0.00447380 0.00489796
0.15530121 0.00477464 0.00489796
0.15334184 0.00508189 0.00489796
0.15131994 0.00539490 0.00489796
0.14923749 0.00571303 0.00489796
0.14709654 0.00603563 0.00489796
0.14489922 0.00636203 0.00489796
0.14264768 0.00669157 0.00489796
0.14034416 0.00702359 0.00489796
0.13799092 0.00735740 0.00489796
0.13559029 0.00769233 0.00489796
0.13314463 0.00802768 0.00489796
0.13065637 0.00836276 0.00489796
0.12812794 0.00869685 0.00489796
0.12556186 0.00902923 0.00489796
0.12296065 0.00935919 0.00489796
0.12032688 0.00968596 0.00489796
0.11766315 0.01000881 0.00489796
0.11497209 0.01032696 0.00489796
0.11225635 0.01063962 0.00489796
0.10951862 0.01094602 0.00489796
0.10676159 0.01124533 0.00489796
0.10398799 0.01153675 0.00489796
0.10120055 0.01181944 0.00489796
0.09840202 0.01209257 0.00489796
0.09559517 0.01235528 0.00489796
0.09278277 0.01260673 0.00489796
0.08996759 0.01284606 0.00489796
0.08715241 0.01307244 0.00489796
0.08434001 0.01328498 0.00489796
0.08153316 0.01348285 0.00489796
0.07873463 0.01366522 0.00489796
0.07594719 0.01383127 0.00489796
0.07317359 0.01398019 0.00489796
0.07041656 0.01411121 0.00489796
0.06767882 0.01422357 0.00489796
0.06496309 0.01431657 0.00489796
0.06227202 0.01438950 0.00489796
0.05960829 0.01444172 0.00489796
0.05697452 0.01447268 0.00489796
0.05437332 0.01448178 0.00489796
0.05180723 0.01446855 0.00489796
0.04927881 0.01443256 0.00489796
0.04679054 0.01437346 0.00489796
0.04434489 0.01429089 0.00489796
0.04194426 0.01418468 0.00489796
0.03959102 0.01405460 0.00489796
0.03728749 0.01390058 0.00489796
0.03503596 0.01372262 0.00489796
0.03283863 0.01352069 0.00489796
0.03069769 0.01329501 0.00489796
0.02861524 0.01304566 0.00489796
0.02659333 0.01277297 0.00489796
0.02463397 0.01247718 0.00489796
0.02273909 0.01215881 0.00489796
0.02091055 0.01181821 0.00489796
0.01915016 0.01145585 0.00489796
0.01745966 0.01107238 0.00489796
0.01584071 0.01066832 0.00489796
0.01429492 0.01024436 0.00489796
0.01282382 0.00980125 0.00489796
0.01142884 0.00933941 0.00489796
0.01011137 0.00885984 0.00489796
0.00887271 0.00836320 0.00489796
0.00771408 0.00785024 0.00489796
0.00663662 0.00732176 0.00489796
0.00564140 0.00677823 0.00489796
0.00472940 0.00622027 0.00489796
0.00390152 0.00564946 0.00489796
0.00315858 0.00506561 0.00489796
0.00250131 0.00446926 0.00489796
0.00193036 0.00386085 0.00489796
0.00144629 0.00324280 0.00489796
0.00104957 0.00261314 0.00489796
0.00074061 0.00197272 0.00489796
0.00051971 0.00132272 0.00489796
0.00038708 0.00066329 0.00489796
0.00034286 0.00000000 0.00489796
#5
0.00045714 0.00000000 0.00653061
0.00050218 -0.00066990 0.00653061
0.00063724 -0.00133423 0.00653061
0.00086219 -0.00198921 0.00653061
0.00117680 -0.00263468 0.00653061
0.00158076 -0.00326741 0.00653061
0.00207365 -0.00389076 0.00653061
0.00265499 -0.00450273 0.00653061
0.00332419 -0.00510302 0.00653061
0.00408057 -0.00569063 0.00653061
0.00492337 -0.00626546 0.00653061
0.00585174 -0.00682602 0.00653061
0.00686475 -0.00737229 0.00653061
0.00796138 -0.00790343 0.00653061
0.00914053 -0.00841831 0.00653061
0.01040100 -0.00891657 0.00653061
0.01174153 -0.00939729 0.00653061
0.01316077 -0.00985985 0.00653061
0.01465729 -0.01030324 0.00653061
0.01622957 -0.01072697 0.00653061
0.01787605 -0.01113025 0.00653061
0.01959506 -0.01151253 0.00653061
0.02138487 -0.01187309 0.00653061
0.02324367 -0.01221147 0.00653061
0.02516960 -0.01252705 0.00653061
0.02716072 -0.01281952 0.00653061
0.02921502 -0.01308842 0.00653061
0.03133044 -0.01333345 0.00653061
0.03350484 -0.01355441 0.00653061
0.03573603 -0.01375101 0.00653061
0.03802177 -0.01392326 0.00653061
0.04035975 -0.01407112 0.00653061
0.04274763 -0.01419459 0.00653061
0.04518300 -0.01429385 0.00653061
0.04766340 -0.01436906 0.00653061
0.05018633 -0.01442050 0.00653061
0.05274927 -0.01444853 0.00653061
0.05534962 -0.01445354 0.00653061
0.05798477 -0.01443596 0.00653061
0.06065206 -0.01439639 0.00653061
0.06334881 -0.01433534 0.00653061
0.06607231 -0.01425347 0.00653061
0.06881981 -0.01415147 0.00653061
0.07158854 -0.01403004 0.00653061
0.07437572 -0.01388995 0.00653061
0.07717854 -0.01373197 0.00653061
0.07999418 -0.01355692 0.00653061
0.08281981 -0.01336563 0.00653061
0.08565257 -0.01315896 0.00653061
0.08848961 -0.01293776 0.00653061
0.09132809 -0.01270292 0.00653061
0.09416513 -0.01245532 0.00653061
0.09699789 -0.01219581 0.00653061
0.09982352 -0.01192530 0.00653061
0.10263915 -0.01164465 0.00653061
0.10544197 -0.01135472 0.00653061
0.10822916 -0.01105638 0.00653061
0.11099789 -0.01075046 0.00653061
0.11374539 -0.01043781 0.00653061
0.11646888 -0.01011925 0.00653061
0.11916564 -0.00979559 0.00653061
0.12183293 -0.00946761 0.00653061
0.12446808 -0.00913610 0.00653061
0.12706843 -0.00880183 0.00653061
0.12963137 -0.00846557 0.00653061
0.13215430 -0.00812804 0.00653061
0.13463470 -0.00778998 0.00653061
0.13707007 -0.00745211 0.00653061
0.13945794 -0.00711516 0.00653061
0.14179593 -0.00677982 0.00653061
0.14408167 -0.00644679 0.00653061
0.14631286 -0.00611676 0.00653061
0.14848726 -0.00579041 0.00653061
0.15060267 -0.00546843 0.00653061
0.15265697 -0.00515149 0.00653061
0.15464809 -0.00484025 0.00653061
0.15657403 -0.00453538 0.00653061
0.15843283 -0.00423753 0.00653061
0.16022264 -0.00394736 0.00653061
0.16194165 -0.00366552 0.00653061
0.16358812 -0.00339262 0.00653061
0.16516041 -0.00312930 0.00653061
0.16665693 -0.00287617 0.00653061
0.16807617 -0.00263384 0.00653061
0.16941670 -0.00240287 0.00653061
0.17067717 -0.00218385 0.00653061
0.17185631 -0.00197731 0.00653061
0.17295294 -0.00178378 0.00653061
0.17396596 -0.00160376 0.00653061
0.17489433 -0.00143771 0.00653061
0.17573713 -0.00128607 0.00653061
0.17649351 -0.00114926 0.00653061
0.17716271 -0.00102763 0.00653061
0.17774405 -0.00092152 0.00653061
0.17823694 -0.00083123 0.00653061
0.17864090 -0.00075700 0.00653061
0.17895551 -0.00066596 0.00653061
0.17918046 -0.00048755 0.00653061
0.17931552 -0.00025598 0.00653061
0.17936056 0.00000000 0.00653061
0.17931642 0.00025350 0.00653061
0.17918404 0.00048333 0.00653061
0.17896357 0.00066173 0.00653061
0.17865520 0.00075437 0.00653061
0.17825926 0.00082714 0.00653061
0.17777612 0.00091565 0.00653061
0.17720627 0.00101969 0.00653061
0.17655027 0.00113896 0.00653061
0.17580876 0.00127315 0.00653061
0.17498248 0.00142188 0.00653061
0.17407224 0.00158480 0.00653061
0.17307894 0.00176146 0.00653061
0.17200357 0.00195141 0.00653061
0.17084717 0.00215417 0.00653061
0.16961090 0.00236924 0.00653061
0.16829598 0.00259610 0.00653061
0.16690369 0.00283420 0.00653061
0.16543542 0.00308297 0.00653061
0.16389262 0.00334183 0.00653061
0.16227680 0.00361020 0.00653061
0.16058956 0.00388747 0.00653061
0.15883257 0.00417301 0.00653061
0.15700756 0.00446623 0.00653061
0.15511634 0.00476647 0.00653061
0.15316076 0.00507311 0.00653061
0.15114276 0.00538551 0.00653061
0.14906432 0.00570302 0.00653061
0.14692751 0.00602498 0.00653061
0.14473443 0.00635074 0.00653061
0.14248724 0.00667963 0.00653061
0.14018817 0.00701100 0.00653061
0.13783947 0.00734416 0.00653061
0.13544347 0.00767842 0.00653061
0.13300254 0.00801312 0.00653061
0.13051907 0.00834754 0.00653061
0.12799553 0.00868097 0.00653061
0.12543441 0.00901270 0.00653061
0.12283822 0.00934201 0.00653061
0.12020953 0.00966814 0.00653061
0.11755095 0.00999036 0.00653061
0.11486508 0.01030787 0.00653061
0.11215458 0.01061992 0.00653061
0.10942213 0.01092571 0.00653061
0.10667043 0.01122443 0.00653061
0.10390218 0.01151527 0.00653061
0.10112012 0.01179740 0.00653061
0.09832700 0.01206999 0.00653061
0.09552557 0.01233218 0.00653061
0.09271860 0.01258313 0.00653061
0.08990885 0.01282199 0.00653061
0.08709910 0.01304791 0.00653061
0.08429213 0.01326003 0.00653061
0.08149070 0.01345750 0.00653061
0.07869758 0.01363950 0.00653061
0.07591552 0.01380522 0.00653061
0.07314727 0.01395384 0.00653061
0.07039556 0.01408459 0.00653061
0.06766311 0.01419671 0.00653061
0.06495262 0.01428951 0.00653061
0.06226675 0.01436229 0.00653061
0.05960816 0.01441440 0.00653061
0.05697948 0.01444527 0.00653061
0.05438329 0.01445434 0.00653061
0.05182217 0.01444112 0.00653061
0.04929862 0.01440518 0.00653061
0.04681516 0.01434618 0.00653061
0.04437423 0.01426375 0.00653061
0.04197823 0.01415774 0.00653061
0.03962953 0.01402788 0.00653061
0.03733046 0.01387415 0.00653061
0.03508327 0.01369651 0.00653061
0.03289019 0.01349496 0.00653061
0.03075337 0.01326970 0.00653061
0.02867494 0.01302081 0.00653061
0.02665694 0.01274863 0.00653061
0.02470136 0.01245340 0.00653061
0.02281013 0.01213563 0.00653061
0.02098512 0.01179567 0.00653061
0.01922814 0.01143400 0.00653061
0.01754090 0.01105125 0.00653061
0.01592508 0.01064796 0.00653061
0.01438228 0.01022481 0.00653061
0.01291401 0.00978254 0.00653061
0.01152172 0.00932158 0.00653061
0.01020680 0.00884292 0.00653061
0.00897053 0.00834722 0.00653061
0.00781413 0.00783524 0.00653061
0.00673876 0.00730778 0.00653061
0.00574546 0.00676528 0.00653061
0.00483522 0.00620838 0.00653061
0.00400894 0.00563866 0.00653061
0.00326743 0.00505592 0.00653061
0.00261143 0.00446072 0.00653061
0.00204158 0.00385347 0.00653061
0.00155844 0.00323659 0.00653061
0.00116250 0.00260814 0.00653061
0.00085413 0.00196895 0.00653061
0.00063366 0.00132019 0.00653061
0.00050128 0.00066202 0.00653061
0.00045714 0.00000000 0.00653061
#6
0.00057143 0.00000000 0.00816327
0.00061638 -0.00066862 0.00816327
0.00075118 -0.00133167 0.00816327
0.00097569 -0.00198540 0.00816327
0.00128969 -0.00262963 0.00816327
0.00169287 -0.00326115 0.00816327
0.00218481 -0.00388331 0.00816327
0.00276502 -0.00449411 0.00816327
0.00343293 -0.00509325 0.00816327
0.00418784 -0.00567974 0.00816327
0.00502901 -0.00625347 0.00816327
0.00595559 -0.00681295 0.00816327
0.00696665 -0.00735818 0.00816327
0.00806115 -0.00788831 0.00816327
0.00923802 -0.00840220 0.00816327
0.01049605 -0.00889951 0.00816327
0.01183399 -0.00937931 0.00816327
0.01325048 -0.00984099 0.00816327
0.01474410 -0.01028354 0.00816327
0.01631335 -0.01070647 0.00816327
0.01795664 -0.01110897 0.00816327
0.01967233 -0.01149053 0.00816327
0.02145867 -0.01185041 0.00816327
0.02331388 -0.01218815 0.00816327
0.02523609 -0.01250313 0.00816327
0.02722336 -0.01279505 0.00816327
0.02927368 -0.01306345 0.00816327
0.03138501 -0.01330802 0.00816327
0.03355520 -0.01352856 0.00816327
0.03578208 -0.01372481 0.00816327
0.03806339 -0.01389674 0.00816327
0.04039686 -0.01404433 0.00816327
0.04278012 -0.01416758 0.00816327
0.04521077 -0.01426666 0.00816327
0.04768637 -0.01434174 0.00816327
0.05020443 -0.01439310 0.00816327
0.05276241 -0.01442109 0.00816327
0.05535773 -0.01442611 0.00816327
0.05798778 -0.01440858 0.00816327
0.06064991 -0.01436910 0.00816327
0.06334145 -0.01430818 0.00816327
0.06605968 -0.01422649 0.00816327
0.06880186 -0.01412470 0.00816327
0.07156524 -0.01400353 0.00816327
0.07434703 -0.01386372 0.00816327
0.07714443 -0.01370607 0.00816327
0.07995462 -0.01353137 0.00816327
0.08277478 -0.01334046 0.00816327
0.08560206 -0.01313421 0.00816327
0.08843362 -0.01291346 0.00816327
0.09126660 -0.01267909 0.00816327
0.09409816 -0.01243198 0.00816327
0.09692544 -0.01217299 0.00816327
0.09974560 -0.01190301 0.00816327
0.10255579 -0.01162292 0.00816327
0.10535319 -0.01133357 0.00816327
0.10813498 -0.01103581 0.00816327
0.11089836 -0.01073050 0.00816327
0.11364054 -0.01041847 0.00816327
0.11635877 -0.01010054 0.00816327
0.11905031 -0.00977751 0.00816327
0.12171244 -0.00945018 0.00816327
0.12434249 -0.00911933 0.00816327
0.12693781 -0.00878572 0.00816327
0.12949579 -0.00845012 0.00816327
0.13201385 -0.00811325 0.00816327
0.13448945 -0.00777586 0.00816327
0.13692010 -0.00743866 0.00816327
0.13930336 -0.00710237 0.00816327
0.14163683 -0.00676768 0.00816327
0.14391814 -0.00643531 0.00816327
0.14614502 -0.00610593 0.00816327
0.14831521 -0.00578023 0.00816327
0.15042654 -0.00545888 0.00816327
0.15247686 -0.00514256 0.00816327
0.15446413 -0.00483193 0.00816327
0.15638634 -0.00452766 0.00816327
0.15824155 -0.00423040 0.00816327
0.16002789 -0.00394081 0.00816327
0.16174358 -0.00365952 0.00816327
0.16338687 -0.00338716 0.00816327
0.16495612 -0.00312436 0.00816327
0.16644974 -0.00287173 0.00816327
0.16786623 -0.00262987 0.00816327
0.16920417 -0.00239936 0.00816327
0.17046220 -0.00218077 0.00816327
0.17163906 -0.00197464 0.00816327
0.17273357 -0.00178149 0.00816327
0.17374463 -0.00160183 0.00816327
0.17467121 -0.00143611 0.00816327
0.17551238 -0.00128477 0.00816327
0.17626729 -0.00114822 0.00816327
0.17693519 -0.00102684 0.00816327
0.17751541 -0.00092093 0.00816327
0.17800735 -0.00083083 0.00816327
0.17841053 -0.00075675 0.00816327
0.17872453 -0.00066556 0.00816327
0.17894904 -0.00048715 0.00816327
0.17908384 -0.00025574 0.00816327
0.17912879 0.00000000 0.00816327
0.17908474 0.00025326 0.00816327
0.17895262 0.00048293 0.00816327
0.17873257 0.00066132 0.00816327
0.17842480 0.00075412 0.00816327
0.17802962 0.00082674 0.00816327
0.17754742 0.00091508 0.00816327
0.17697867 0.00101891 0.00816327
0.17632394 0.00113794 0.00816327
0.17558386 0.00127187 0.00816327
0.17475918 0.00142031 0.00816327
0.17385070 0.00158290 0.00816327
0.17285933 0.00175922 0.00816327
0.17178603 0.00194879 0.00816327
0.17063188 0.00215115 0.00816327
0.16939800 0.00236580 0.00816327
0.16808561 0.00259221 0.00816327
0.16669602 0.00282984 0.00816327
0.16523059 0.00307812 0.00816327
0.16369077 0.00333647 0.00816327
0.16207808 0.00360431 0.00816327
0.16039411 0.00388103 0.00816327
0.15864052 0.00416601 0.00816327
0.15681904 0.00445865 0.00816327
0.15493147 0.00475831 0.00816327
0.15297967 0.00506434 0.00816327
0.15096557 0.00537612 0.00816327
0.14889116 0.00569300 0.00816327
0.14675848 0.00601433 0.00816327
0.14456964 0.00633945 0.00816327
0.14232680 0.00666770 0.00816327
0.14003217 0.00699841 0.00816327
0.13768802 0.00733092 0.00816327
0.13529666 0.00766452 0.00816327
0.13286044 0.00799856 0.00816327
0.13038178 0.00833232 0.00816327
0.12786312 0.00866509 0.00816327
0.12530695 0.00899617 0.00816327
0.12271578 0.00932483 0.00816327
0.12009218 0.00965032 0.00816327
0.11743874 0.00997190 0.00816327
0.11475807 0.01028879 0.00816327
0.11205281 0.01060022 0.00816327
0.10932565 0.01090540 0.00816327
0.10657927 0.01120354 0.00816327
0.10381637 0.01149380 0.00816327
0.10103970 0.01177537 0.00816327
0.09825198 0.01204742 0.00816327
0.09545596 0.01230909 0.00816327
0.09265442 0.01255954 0.00816327
0.08985011 0.01279792 0.00816327
0.08704580 0.01302339 0.00816327
0.08424425 0.01323508 0.00816327
0.08144824 0.01343215 0.00816327
0.07866052 0.01361379 0.00816327
0.07588385 0.01377916 0.00816327
0.07312095 0.01392748 0.00816327
0.07037457 0.01405796 0.00816327
0.06764740 0.01416986 0.00816327
0.06494215 0.01426246 0.00816327
0.06226148 0.01433508 0.00816327
0.05960803 0.01438707 0.00816327
0.05698444 0.01441787 0.00816327
0.05439327 0.01442690 0.00816327
0.05183710 0.01441368 0.00816327
0.04931844 0.01437781 0.00816327
0.04683978 0.01431890 0.00816327
0.04440356 0.01423662 0.00816327
0.04201220 0.01413079 0.00816327
0.03966805 0.01400117 0.00816327
0.03737342 0.01384772 0.00816327
0.03513058 0.01367041 0.00816327
0.03294174 0.01346923 0.00816327
0.03080906 0.01324439 0.00816327
0.02873465 0.01299597 0.00816327
0.02672055 0.01272430 0.00816327
0.02476875 0.01242962 0.00816327
0.02288118 0.01211245 0.00816327
0.02105970 0.01177314 0.00816327
0.01930611 0.01141215 0.00816327
0.01762214 0.01103013 0.00816327
0.01600945 0.01062760 0.00816327
0.01446963 0.01020526 0.00816327
0.01300420 0.00976383 0.00816327
0.01161461 0.00930375 0.00816327
0.01030222 0.00882600 0.00816327
0.00906834 0.00833125 0.00816327
0.00791419 0.00782025 0.00816327
0.00684089 0.00729379 0.00816327
0.00584952 0.00675233 0.00816327
0.00494104 0.00619649 0.00816327
0.00411636 0.00562786 0.00816327
0.00337628 0.00504624 0.00816327
0.00272155 0.00445217 0.00816327
0.00215280 0.00384609 0.00816327
0.00167060 0.00323039 0.00816327
0.00127542 0.00260315 0.00816327
0.00096765 0.00196518 0.00816327
0.00074760 0.00131766 0.00816327
0.00061548 0.00066075 0.00816327
0.00057143 0.00000000 0.00816327
#7
0.00068571 0.00000000 0.00979592
0.00073058 -0.00066734 0.00979592
0.00086511 -0.00132912 0.00979592
0.00108919 -0.00198159 0.00979592
0.00140259 -0.00262459 0.00979592
0.00180498 -0.00325489 0.00979592
0.00229597 -0.00387586 0.00979592
0.00287506 -0.00448548 0.00979592
0.00354167 -0.00508347 0.00979592
0.00429512 -0.00566884 0.00979592
0.00513466 -0.00624147 0.00979592
0.00605944 -0.00679989 0.00979592
0.00706854 -0.00734406 0.00979592
0.00816093 -0.00787318 0.00979592
0.00933551 -0.00838609 0.00979592
0.01059110 -0.00888245 0.00979592
0.01192645 -0.00936134 0.00979592
0.01334020 -0.00982213 0.00979592
0.01483092 -0.01026383 0.00979592
0.01639713 -0.01068596 0.00979592
0.01803724 -0.01108770 0.00979592
0.01974959 -0.01146853 0.00979592
0.02153248 -0.01182773 0.00979592
0.02338409 -0.01216482 0.00979592
0.02530257 -0.01247922 0.00979592
0.02728599 -0.01277058 0.00979592
0.02933234 -0.01303848 0.00979592
0.03143958 -0.01328259 0.00979592
0.03360556 -0.01350272 0.00979592
0.03582812 -0.01369860 0.00979592
0.03810502 -0.01387022 0.00979592
0.04043396 -0.01401753 0.00979592
0.04281260 -0.01414056 0.00979592
0.04523854 -0.01423947 0.00979592
0.04770935 -0.01431442 0.00979592
0.05022252 -0.01436570 0.00979592
0.05277554 -0.01439365 0.00979592
0.05536583 -0.01439868 0.00979592
0.05799079 -0.01438120 0.00979592
0.06064776 -0.01434181 0.00979592
0.06333409 -0.01428103 0.00979592
0.06604705 -0.01419952 0.00979592
0.06878392 -0.01409794 0.00979592
0.07154194 -0.01397702 0.00979592
0.07431834 -0.01383750 0.00979592
0.07711031 -0.01368017 0.00979592
0.07991506 -0.01350582 0.00979592
0.08272975 -0.01331530 0.00979592
0.08555155 -0.01310946 0.00979592
0.08837762 -0.01288916 0.00979592
0.09120512 -0.01265525 0.00979592
0.09403119 -0.01240864 0.00979592
0.09685299 -0.01215016 0.00979592
0.09966768 -0.01188072 0.00979592
0.10247243 -0.01160119 0.00979592
0.10526441 -0.01131241 0.00979592
0.10804080 -0.01101525 0.00979592
0.11079883 -0.01071054 0.00979592
0.11353569 -0.01039913 0.00979592
0.11624866 -0.01008182 0.00979592
0.11893498 -0.00975944 0.00979592
0.12159195 -0.00943275 0.00979592
0.12421691 -0.00910255 0.00979592
0.12680720 -0.00876961 0.00979592
0.12936022 -0.00843466 0.00979592
0.13187339 -0.00809846 0.00979592
0.13434420 -0.00776174 0.00979592
0.13677014 -0.00742520 0.00979592
0.13914878 -0.00708958 0.00979592
0.14147772 -0.00675555 0.00979592
0.14375462 -0.00642383 0.00979592
0.14597718 -0.00609510 0.00979592
0.14814317 -0.00577004 0.00979592
0.15025040 -0.00544933 0.00979592
0.15229675 -0.00513364 0.00979592
0.15428017 -0.00482362 0.00979592
0.15619865 -0.00451995 0.00979592
0.15805026 -0.00422328 0.00979592
0.15983315 -0.00393425 0.00979592
0.16154551 -0.00365352 0.00979592
0.16318561 -0.00338170 0.00979592
0.16475182 -0.00311942 0.00979592
0.16624255 -0.00286729 0.00979592
0.16765629 -0.00262591 0.00979592
0.16899164 -0.00239586 0.00979592
0.17024723 -0.00217770 0.00979592
0.17142182 -0.00197197 0.00979592
0.17251420 -0.00177921 0.00979592
0.17352330 -0.00159990 0.00979592
0.17444808 -0.00143451 0.00979592
0.17528762 -0.00128346 0.00979592
0.17604107 -0.00114719 0.00979592
0.17670768 -0.00102604 0.00979592
0.17728677 -0.00092035 0.00979592
0.17777776 -0.00083042 0.00979592
0.17818015 -0.00075649 0.00979592
0.17849355 -0.00066515 0.00979592
0.17871763 -0.00048674 0.00979592
0.17885217 -0.00025550 0.00979592
0.17889703 0.00000000 0.00979592
0.17885306 0.00025302 0.00979592
0.17872120 0.00048252 0.00979592
0.17850157 0.00066091 0.00979592
0.17819440 0.00075387 0.00979592
0.17779999 0.00082635 0.00979592
0.17731872 0.00091451 0.00979592
0.17675107 0.00101813 0.00979592
0.17609761 0.00113693 0.00979592
0.17535897 0.00127059 0.00979592
0.17453589 0.00141874 0.00979592
0.17362917 0.00158101 0.00979592
0.17263971 0.00175698 0.00979592
0.17156850 0.00194617 0.00979592
0.17041658 0.00214814 0.00979592
0.16918509 0.00236236 0.00979592
0.16787525 0.00258832 0.00979592
0.16648835 0.00282548 0.00979592
0.16502576 0.00307326 0.00979592
0.16348893 0.00333111 0.00979592
0.16187936 0.00359842 0.00979592
0.16019865 0.00387459 0.00979592
0.15844846 0.00415902 0.00979592
0.15663051 0.00445107 0.00979592
0.15474660 0.00475014 0.00979592
0.15279858 0.00505557 0.00979592
0.15078839 0.00536674 0.00979592
0.14871800 0.00568299 0.00979592
0.14658945 0.00600369 0.00979592
0.14440486 0.00632816 0.00979592
0.14216636 0.00665576 0.00979592
0.13987618 0.00698582 0.00979592
0.13753657 0.00731767 0.00979592
0.13514984 0.00765062 0.00979592
0.13271835 0.00798400 0.00979592
0.13024449 0.00831710 0.00979592
0.12773071 0.00864922 0.00979592
0.12517949 0.00897964 0.00979592
0.12259335 0.00930765 0.00979592
0.11997484 0.00963250 0.00979592
0.11732653 0.00995344 0.00979592
0.11465106 0.01026970 0.00979592
0.11195105 0.01058052 0.00979592
0.10922917 0.01088510 0.00979592
0.10648811 0.01118264 0.00979592
0.10373057 0.01147233 0.00979592
0.10095927 0.01175334 0.00979592
0.09817695 0.01202484 0.00979592
0.09538636 0.01228599 0.00979592
0.09259025 0.01253594 0.00979592
0.08979137 0.01277385 0.00979592
0.08699249 0.01299886 0.00979592
0.08419638 0.01321013 0.00979592
0.08140579 0.01340681 0.00979592
0.07862347 0.01358807 0.00979592
0.07585217 0.01375311 0.00979592
0.07309464 0.01390113 0.00979592
0.07035357 0.01403134 0.00979592
0.06763169 0.01414300 0.00979592
0.06493168 0.01423541 0.00979592
0.06225621 0.01430787 0.00979592
0.05960791 0.01435974 0.00979592
0.05698939 0.01439046 0.00979592
0.05440325 0.01439946 0.00979592
0.05185203 0.01438625 0.00979592
0.04933825 0.01435043 0.00979592
0.04686439 0.01429162 0.00979592
0.04443290 0.01420948 0.00979592
0.04204617 0.01410384 0.00979592
0.03970656 0.01397445 0.00979592
0.03741638 0.01382128 0.00979592
0.03517789 0.01364430 0.00979592
0.03299329 0.01344349 0.00979592
0.03086474 0.01321908 0.00979592
0.02879435 0.01297112 0.00979592
0.02678416 0.01269996 0.00979592
0.02483614 0.01240584 0.00979592
0.02295223 0.01208927 0.00979592
0.02113428 0.01175060 0.00979592
0.01938409 0.01139030 0.00979592
0.01770338 0.01100900 0.00979592
0.01609381 0.01060724 0.00979592
0.01455698 0.01018570 0.00979592
0.01309439 0.00974511 0.00979592
0.01170749 0.00928592 0.00979592
0.01039765 0.00880908 0.00979592
0.00916616 0.00831527 0.00979592
0.00801424 0.00780525 0.00979592
0.00694303 0.00727980 0.00979592
0.00595357 0.00673937 0.00979592
0.00504686 0.00618461 0.00979592
0.00422377 0.00561706 0.00979592
0.00348513 0.00503656 0.00979592
0.00283167 0.00444363 0.00979592
0.00226402 0.00383870 0.00979592
0.00178275 0.00322419 0.00979592
0.00138834 0.00259815 0.00979592
0.00108117 0.00196141 0.00979592
0.00086154 0.00131513 0.00979592
0.00072968 0.00065949 0.00979592
0.00068571 0.00000000 0.00979592
#8
0.00080000 0.00000000 0.01142857
0.00084477 -0.00066606 0.01142857
0.00097905 -0.00132656 0.01142857
0.00120269 -0.00197778 0.01142857
0.00151548 -0.00261954 0.01142857
0.00191709 -0.00324863 0.01142857
0.00240713 -0.00386840 0.01142857
0.00298509 -0.00447686 0.01142857
0.00365041 -0.00507370 0.01142857
0.00440240 -0.00565794 0.01142857
0.00524031 -0.00622948 0.01142857
0.00616329 -0.00678682 0.01142857
0.00717043 -0.00732995 0.01142857
0.00826070 -0.00785805 0.01142857
0.00943300 -0.00836998 0.01142857
0.01068616 -0.00886539 0.01142857
0.01201891 -0.00934336 0.01142857
0.01342991 -0.00980327 0.01142857
0.01491774 -0.01024413 0.01142857
0.01648091 -0.01066545 0.01142857
0.01811783 -0.01106642 0.01142857
0.01982686 -0.01144653 0.01142857
0.02160628 -0.01180505 0.01142857
0.02345430 -0.01214150 0.01142857
0.02536906 -0.01245530 0.01142857
0.02734862 -0.01274612 0.01142857
0.02939100 -0.01301350 0.01142857
0.03149414 -0.01325716 0.01142857
0.03365592 -0.01347688 0.01142857
0.03587417 -0.01367240 0.01142857
0.03814664 -0.01384369 0.01142857
0.04047106 -0.01399074 0.01142857
0.04284508 -0.01411355 0.01142857
0.04526632 -0.01421228 0.01142857
0.04773232 -0.01428710 0.01142857
0.05024062 -0.01433830 0.01142857
0.05278868 -0.01436621 0.01142857
0.05537394 -0.01437125 0.01142857
0.05799380 -0.01435382 0.01142857
0.06064562 -0.01431452 0.01142857
0.06332672 -0.01425388 0.01142857
0.06603441 -0.01417254 0.01142857
0.06876597 -0.01407118 0.01142857
0.07151864 -0.01395050 0.01142857
0.07428964 -0.01381127 0.01142857
0.07707620 -0.01365427 0.01142857
0.07987550 -0.01348027 0.01142857
0.08268472 -0.01329014 0.01142857
0.08550105 -0.01308472 0.01142857
0.08832163 -0.01286485 0.01142857
0.09114363 -0.01263142 0.01142857
0.09396422 -0.01238530 0.01142857
0.09678054 -0.01212734 0.01142857
0.09958976 -0.01185844 0.01142857
0.10238906 -0.01157946 0.01142857
0.10517562 -0.01129126 0.01142857
0.10794663 -0.01099468 0.01142857
0.11069929 -0.01069058 0.01142857
0.11343085 -0.01037979 0.01142857
0.11613854 -0.01006311 0.01142857
0.11881965 -0.00974136 0.01142857
0.12147146 -0.00941533 0.01142857
0.12409132 -0.00908578 0.01142857
0.12667658 -0.00875349 0.01142857
0.12922464 -0.00841921 0.01142857
0.13173294 -0.00808368 0.01142857
0.13419895 -0.00774761 0.01142857
0.13662018 -0.00741174 0.01142857
0.13899420 -0.00707678 0.01142857
0.14131862 -0.00674342 0.01142857
0.14359109 -0.00641235 0.01142857
0.14580934 -0.00608427 0.01142857
0.14797112 -0.00575986 0.01142857
0.15007426 -0.00543978 0.01142857
0.15211664 -0.00512471 0.01142857
0.15409620 -0.00481531 0.01142857
0.15601096 -0.00451224 0.01142857
0.15785898 -0.00421615 0.01142857
0.15963840 -0.00392770 0.01142857
0.16134743 -0.00364752 0.01142857
0.16298436 -0.00337624 0.01142857
0.16454752 -0.00311448 0.01142857
0.16603535 -0.00286284 0.01142857
0.16744636 -0.00262195 0.01142857
0.16877911 -0.00239235 0.01142857
0.17003226 -0.00217462 0.01142857
0.17120457 -0.00196930 0.01142857
0.17229483 -0.00177692 0.01142857
0.17330197 -0.00159797 0.01142857
0.17422496 -0.00143290 0.01142857
0.17506287 -0.00128216 0.01142857
0.17581486 -0.00114616 0.01142857
0.17648017 -0.00102525 0.01142857
0.17705813 -0.00091977 0.01142857
0.17754817 -0.00083002 0.01142857
0.17794978 -0.00075623 0.01142857
0.17826257 -0.00066474 0.01142857
0.17848621 -0.00048633 0.01142857
0.17862049 -0.00025526 0.01142857
0.17866526 0.00000000 0.01142857
0.17862138 0.00025278 0.01142857
0.17848977 0.00048212 0.01142857
0.17827058 0.00066049 0.01142857
0.17796400 0.00075362 0.01142857
0.17757035 0.00082595 0.01142857
0.17709002 0.00091394 0.01142857
0.17652348 0.00101736 0.01142857
0.17587128 0.00113592 0.01142857
0.17513408 0.00126931 0.01142857
0.17431259 0.00141717 0.01142857
0.17340763 0.00157912 0.01142857
0.17242010 0.00175473 0.01142857
0.17135096 0.00194355 0.01142857
0.17020128 0.00214512 0.01142857
0.16897219 0.00235892 0.01142857
0.16766489 0.00258444 0.01142857
0.16628068 0.00282112 0.01142857
0.16482093 0.00306841 0.01142857
0.16328708 0.00332575 0.01142857
0.16168064 0.00359253 0.01142857
0.16000320 0.00386816 0.01142857
0.15825640 0.00415202 0.01142857
0.15644198 0.00444350 0.01142857
0.15456173 0.00474197 0.01142857
0.15261750 0.00504680 0.01142857
0.15061121 0.00535735 0.01142857
0.14854484 0.00567298 0.01142857
0.14642042 0.00599304 0.01142857
0.14424007 0.00631687 0.01142857
0.14200592 0.00664383 0.01142857
0.13972018 0.00697323 0.01142857
0.13738512 0.00730443 0.01142857
0.13500302 0.00763672 0.01142857
0.13257625 0.00796943 0.01142857
0.13010720 0.00830188 0.01142857
0.12759830 0.00863334 0.01142857
0.12505204 0.00896311 0.01142857
0.12247092 0.00929047 0.01142857
0.11985749 0.00961467 0.01142857
0.11721433 0.00993498 0.01142857
0.11454404 0.01025062 0.01142857
0.11184928 0.01056082 0.01142857
0.10913268 0.01086479 0.01142857
0.10639694 0.01116174 0.01142857
0.10364476 0.01145085 0.01142857
0.10087885 0.01173131 0.01142857
0.09810193 0.01200227 0.01142857
0.09531676 0.01226290 0.01142857
0.09252607 0.01251235 0.01142857
0.08973263 0.01274978 0.01142857
0.08693919 0.01297434 0.01142857
0.08414850 0.01318518 0.01142857
0.08136333 0.01338146 0.01142857
0.07858642 0.01356236 0.01142857
0.07582050 0.01372706 0.01142857
0.07306832 0.01387477 0.01142857
0.07033258 0.01400471 0.01142857
0.06761599 0.01411614 0.01142857
0.06492122 0.01420835 0.01142857
0.06225094 0.01428066 0.01142857
0.05960778 0.01433241 0.01142857
0.05699435 0.01436306 0.01142857
0.05441322 0.01437202 0.01142857
0.05186696 0.01435882 0.01142857
0.04935806 0.01432305 0.01142857
0.04688901 0.01426434 0.01142857
0.04446224 0.01418234 0.01142857
0.04208014 0.01407689 0.01142857
0.03974508 0.01394774 0.01142857
0.03745934 0.01379485 0.01142857
0.03522519 0.01361820 0.01142857
0.03304484 0.01341776 0.01142857
0.03092043 0.01319376 0.01142857
0.02885406 0.01294628 0.01142857
0.02684776 0.01267562 0.01142857
0.02490353 0.01238206 0.01142857
0.02302328 0.01206609 0.01142857
0.02120886 0.01172806 0.01142857
0.01946207 0.01136844 0.01142857
0.01778462 0.01098788 0.01142857
0.01617818 0.01058688 0.01142857
0.01464433 0.01016615 0.01142857
0.01318458 0.00972640 0.01142857
0.01180037 0.00926808 0.01142857
0.01049308 0.00879216 0.01142857
0.00926398 0.00829930 0.01142857
0.00811430 0.00779025 0.01142857
0.00704516 0.00726581 0.01142857
0.00605763 0.00672642 0.01142857
0.00515267 0.00617272 0.01142857
0.00433119 0.00560626 0.01142857
0.00359398 0.00502688 0.01142857
0.00294179 0.00443508 0.01142857
0.00237524 0.00383132 0.01142857
0.00189491 0.00321799 0.01142857
0.00150126 0.00259316 0.01142857
0.00119469 0.00195764 0.01142857
0.00097549 0.00131261 0.01142857
0.00084388 0.00065822 0.01142857
0.00080000 0.00000000 0.01142857
#9
0.00091429 0.00000000 0.01306122
0.00095897 -0.00066478 0.01306122
0.00109299 -0.00132401 0.01306122
0.00131620 -0.00197397 0.01306122
0.00162837 -0.00261450 0.01306122
0.00202921 -0.00324237 0.01306122
0.00251829 -0.00386095 0.01306122
0.00309513 -0.00446823 0.01306122
0.00375915 -0.00506393 0.01306122
0.00450967 -0.00564704 0.01306122
0.00534595 -0.00621748 0.01306122
0.00626714 -0.00677375 0.01306122
0.00727232 -0.00731584 0.01306122
0.00836047 -0.00784293 0.01306122
0.00953049 -0.00835387 0.01306122
0.01078121 -0.00884833 0.01306122
0.01211137 -0.00932538 0.01306122
0.01351962 -0.00978441 0.01306122
0.01500456 -0.01022443 0.01306122
0.01656468 -0.01064494 0.01306122
0.01819842 -0.01104515 0.01306122
0.01990413 -0.01142453 0.01306122
0.02168009 -0.01178236 0.01306122
0.02352451 -0.01211818 0.01306122
0.02543554 -0.01243138 0.01306122
0.02741126 -0.01272165 0.01306122
0.02944966 -0.01298853 0.01306122
0.03154871 -0.01323172 0.01306122
0.03370629 -0.01345104 0.01306122
0.03592021 -0.01364619 0.01306122
0.03818827 -0.01381717 0.01306122
0.04050817 -0.01396395 0.01306122
0.04287757 -0.01408653 0.01306122
0.04529409 -0.01418509 0.01306122
0.04775530 -0.01425978 0.01306122
0.05025871 -0.01431090 0.01306122
0.05280182 -0.01433877 0.01306122
0.05538205 -0.01434381 0.01306122
0.05799681 -0.01432644 0.01306122
0.06064347 -0.01428724 0.01306122
0.06331936 -0.01422673 0.01306122
0.06602178 -0.01414556 0.01306122
0.06874802 -0.01404441 0.01306122
0.07149533 -0.01392399 0.01306122
0.07426095 -0.01378505 0.01306122
0.07704208 -0.01362836 0.01306122
0.07983594 -0.01345473 0.01306122
0.08263970 -0.01326498 0.01306122
0.08545054 -0.01305997 0.01306122
0.08826563 -0.01284055 0.01306122
0.09108215 -0.01260758 0.01306122
0.09389724 -0.01236196 0.01306122
0.09670809 -0.01210451 0.01306122
0.09951185 -0.01183615 0.01306122
0.10230570 -0.01155773 0.01306122
0.10508684 -0.01127010 0.01306122
0.10785245 -0.01097412 0.01306122
0.11059976 -0.01067062 0.01306122
0.11332600 -0.01036044 0.01306122
0.11602843 -0.01004440 0.01306122
0.11870432 -0.00972329 0.01306122
0.12135097 -0.00939790 0.01306122
0.12396573 -0.00906900 0.01306122
0.12654596 -0.00873738 0.01306122
0.12908907 -0.00840376 0.01306122
0.13159249 -0.00806889 0.01306122
0.13405369 -0.00773349 0.01306122
0.13647022 -0.00739829 0.01306122
0.13883962 -0.00706399 0.01306122
0.14115951 -0.00673129 0.01306122
0.14342757 -0.00640088 0.01306122
0.14564150 -0.00607345 0.01306122
0.14779907 -0.00574967 0.01306122
0.14989812 -0.00543023 0.01306122
0.15193653 -0.00511578 0.01306122
0.15391224 -0.00480699 0.01306122
0.15582327 -0.00450452 0.01306122
0.15766769 -0.00420902 0.01306122
0.15944365 -0.00392114 0.01306122
0.16114936 -0.00364152 0.01306122
0.16278310 -0.00337077 0.01306122
0.16434322 -0.00310953 0.01306122
0.16582816 -0.00285840 0.01306122
0.16723642 -0.00261798 0.01306122
0.16856658 -0.00238884 0.01306122
0.16981730 -0.00217154 0.01306122
0.17098732 -0.00196664 0.01306122
0.17207546 -0.00177463 0.01306122
0.17308064 -0.00159604 0.01306122
0.17400183 -0.00143130 0.01306122
0.17483811 -0.00128086 0.01306122
0.17558864 -0.00114512 0.01306122
0.17625266 -0.00102446 0.01306122
0.17682950 -0.00091919 0.01306122
0.17731858 -0.00082961 0.01306122
0.17771941 -0.00075598 0.01306122
0.17803159 -0.00066433 0.01306122
0.17825480 -0.00048592 0.01306122
0.17838881 -0.00025502 0.01306122
0.17843350 0.00000000 0.01306122
0.17838970 0.00025254 0.01306122
0.17825835 0.00048171 0.01306122
0.17803958 0.00066008 0.01306122
0.17773360 0.00075337 0.01306122
0.17734072 0.00082555 0.01306122
0.17686132 0.00091337 0.01306122
0.17629588 0.00101658 0.01306122
0.17564495 0.00113491 0.01306122
0.17490918 0.00126804 0.01306122
0.17408929 0.00141560 0.01306122
0.17318610 0.00157722 0.01306122
0.17220049 0.00175249 0.01306122
0.17113343 0.00194094 0.01306122
0.16998598 0.00214210 0.01306122
0.16875928 0.00235548 0.01306122
0.16745453 0.00258055 0.01306122
0.16607301 0.00281676 0.01306122
0.16461611 0.00306356 0.01306122
0.16308524 0.00332039 0.01306122
0.16148192 0.00358664 0.01306122
0.15980774 0.00386172 0.01306122
0.15806434 0.00414502 0.01306122
0.15625345 0.00443592 0.01306122
0.15437686 0.00473380 0.01306122
0.15243641 0.00503802 0.01306122
0.15043402 0.00534796 0.01306122
0.14837167 0.00566297 0.01306122
0.14625139 0.00598239 0.01306122
0.14407528 0.00630559 0.01306122
0.14184548 0.00663189 0.01306122
0.13956419 0.00696065 0.01306122
0.13723367 0.00729118 0.01306122
0.13485621 0.00762282 0.01306122
0.13243416 0.00795487 0.01306122
0.12996991 0.00828666 0.01306122
0.12746589 0.00861746 0.01306122
0.12492458 0.00894658 0.01306122
0.12234848 0.00927329 0.01306122
0.11974014 0.00959685 0.01306122
0.11710212 0.00991652 0.01306122
0.11443703 0.01023153 0.01306122
0.11174751 0.01054111 0.01306122
0.10903620 0.01084449 0.01306122
0.10630578 0.01114084 0.01306122
0.10355895 0.01142938 0.01306122
0.10079842 0.01170927 0.01306122
0.09802691 0.01197970 0.01306122
0.09524715 0.01223980 0.01306122
0.09246190 0.01248875 0.01306122
0.08967389 0.01272570 0.01306122
0.08688589 0.01294981 0.01306122
0.08410063 0.01316023 0.01306122
0.08132087 0.01335611 0.01306122
0.07854936 0.01353664 0.01306122
0.07578883 0.01370101 0.01306122
0.07304200 0.01384842 0.01306122
0.07031158 0.01397809 0.01306122
0.06760028 0.01408929 0.01306122
0.06491075 0.01418130 0.01306122
0.06224567 0.01425345 0.01306122
0.05960765 0.01430508 0.01306122
0.05699930 0.01433565 0.01306122
0.05442320 0.01434458 0.01306122
0.05188189 0.01433139 0.01306122
0.04937787 0.01429567 0.01306122
0.04691363 0.01423706 0.01306122
0.04449158 0.01415520 0.01306122
0.04211412 0.01404994 0.01306122
0.03978359 0.01392103 0.01306122
0.03750230 0.01376842 0.01306122
0.03527250 0.01359209 0.01306122
0.03309639 0.01339203 0.01306122
0.03097611 0.01316845 0.01306122
0.02891376 0.01292143 0.01306122
0.02691137 0.01265129 0.01306122
0.02497092 0.01235828 0.01306122
0.02309433 0.01204291 0.01306122
0.02128344 0.01170553 0.01306122
0.01954004 0.01134659 0.01306122
0.01786586 0.01096676 0.01306122
0.01626255 0.01056653 0.01306122
0.01473168 0.01014660 0.01306122
0.01327477 0.00970769 0.01306122
0.01189326 0.00925025 0.01306122
0.01058850 0.00877524 0.01306122
0.00936180 0.00828332 0.01306122
0.00821435 0.00777525 0.01306122
0.00714730 0.00725182 0.01306122
0.00616169 0.00671347 0.01306122
0.00525849 0.00616083 0.01306122
0.00443860 0.00559546 0.01306122
0.00370283 0.00501720 0.01306122
0.00305190 0.00442654 0.01306122
0.00248646 0.00382394 0.01306122
0.00200706 0.00321179 0.01306122
0.00161418 0.00258816 0.01306122
0.00130820 0.00195386 0.01306122
0.00108943 0.00131008 0.01306122
0.00095808 0.00065696 0.01306122
0.00091429 0.00000000 0.01306122
#10
0.00102857 0.00000000 0.01469388
0.00107317 -0.00066350 0.01469388
0.00120692 -0.00132145 0.01469388
0.00142970 -0.00197016 0.01469388
0.00174127 -0.00260945 0.01469388
0.00214132 -0.00323611 0.01469388
0.00262945 -0.00385350 0.01469388
0.00320516 -0.00445961 0.01469388
0.00386789 -0.00505415 0.01469388
0.00461695 -0.00563615 0.01469388
0.00545160 -0.00620549 0.01469388
0.00637100 -0.00676068 0.01469388
0.00737421 -0.00730173 0.01469388
0.00846024 -0.00782780 0.01469388
0.00962798 -0.00833776 0.01469388
0.01087626 -0.00883127 0.01469388
0.01220382 -0.00930741 0.01469388
0.01360934 -0.00976556 0.01469388
0.01509138 -0.01020473 0.01469388
0.01664846 -0.01062443 0.01469388
0.01827901 -0.01102387 0.01469388
0.01998140 -0.01140253 0.01469388
0.02175389 -0.01175968 0.01469388
0.02359472 -0.01209486 0.01469388
0.02550203 -0.01240746 0.01469388
0.02747389 -0.01269718 0.01469388
0.02950832 -0.01296356 0.01469388
0.03160328 -0.01320629 0.01469388
0.03375665 -0.01342519 0.01469388
0.03596626 -0.01361998 0.01469388
0.03822989 -0.01379065 0.01469388
0.04054527 -0.01393716 0.01469388
0.04291005 -0.01405952 0.01469388
0.04532186 -0.01415790 0.01469388
0.04777827 -0.01423246 0.01469388
0.05027681 -0.01428350 0.01469388
0.05281496 -0.01431134 0.01469388
0.05539016 -0.01431638 0.01469388
0.05799982 -0.01429906 0.01469388
0.06064132 -0.01425995 0.01469388
0.06331199 -0.01419958 0.01469388
0.06600915 -0.01411859 0.01469388
0.06873007 -0.01401765 0.01469388
0.07147203 -0.01389748 0.01469388
0.07423225 -0.01375882 0.01469388
0.07700797 -0.01360246 0.01469388
0.07979638 -0.01342918 0.01469388
0.08259467 -0.01323981 0.01469388
0.08540003 -0.01303522 0.01469388
0.08820964 -0.01281625 0.01469388
0.09102066 -0.01258375 0.01469388
0.09383027 -0.01233861 0.01469388
0.09663564 -0.01208169 0.01469388
0.09943393 -0.01181386 0.01469388
0.10222234 -0.01153600 0.01469388
0.10499805 -0.01124894 0.01469388
0.10775827 -0.01095355 0.01469388
0.11050023 -0.01065066 0.01469388
0.11322116 -0.01034110 0.01469388
0.11591831 -0.01002569 0.01469388
0.11858898 -0.00970522 0.01469388
0.12123048 -0.00938047 0.01469388
0.12384015 -0.00905223 0.01469388
0.12641535 -0.00872126 0.01469388
0.12895350 -0.00838831 0.01469388
0.13145203 -0.00805410 0.01469388
0.13390844 -0.00771937 0.01469388
0.13632025 -0.00738483 0.01469388
0.13868504 -0.00705120 0.01469388
0.14100041 -0.00671915 0.01469388
0.14326404 -0.00638940 0.01469388
0.14547366 -0.00606262 0.01469388
0.14762703 -0.00573949 0.01469388
0.14972198 -0.00542068 0.01469388
0.15175641 -0.00510685 0.01469388
0.15372828 -0.00479868 0.01469388
0.15563558 -0.00449681 0.01469388
0.15747641 -0.00420190 0.01469388
0.15924891 -0.00391459 0.01469388
0.16095129 -0.00363552 0.01469388
0.16258184 -0.00336531 0.01469388
0.16413893 -0.00310459 0.01469388
0.16562097 -0.00285396 0.01469388
0.16702648 -0.00261402 0.01469388
0.16835405 -0.00238533 0.01469388
0.16960233 -0.00216847 0.01469388
0.17077007 -0.00196397 0.01469388
0.17185609 -0.00177235 0.01469388
0.17285931 -0.00159411 0.01469388
0.17377870 -0.00142970 0.01469388
0.17461335 -0.00127955 0.01469388
0.17536242 -0.00114409 0.01469388
0.17602514 -0.00102367 0.01469388
0.17660086 -0.00091860 0.01469388
0.17708899 -0.00082921 0.01469388
0.17748904 -0.00075572 0.01469388
0.17780061 -0.00066392 0.01469388
0.17802338 -0.00048551 0.01469388
0.17815713 -0.00025477 0.01469388
0.17820173 0.00000000 0.01469388
0.17815802 0.00025230 0.01469388
0.17802693 0.00048130 0.01469388
0.17780858 0.00065967 0.01469388
0.17750320 0.00075311 0.01469388
0.17711109 0.00082516 0.01469388
0.17663262 0.00091280 0.01469388
0.17606828 0.00101581 0.01469388
0.17541862 0.00113390 0.01469388
0.17468429 0.00126676 0.01469388
0.17386600 0.00141403 0.01469388
0.17296456 0.00157533 0.01469388
0.17198087 0.00175025 0.01469388
0.17091590 0.00193832 0.01469388
0.16977069 0.00213908 0.01469388
0.16854637 0.00235203 0.01469388
0.16724416 0.00257666 0.01469388
0.16586535 0.00281240 0.01469388
0.16441128 0.00305871 0.01469388
0.16288339 0.00331502 0.01469388
0.16128320 0.00358075 0.01469388
0.15961228 0.00385529 0.01469388
0.15787229 0.00413802 0.01469388
0.15606493 0.00442834 0.01469388
0.15419199 0.00472563 0.01469388
0.15225532 0.00502925 0.01469388
0.15025684 0.00533857 0.01469388
0.14819851 0.00565295 0.01469388
0.14608236 0.00597175 0.01469388
0.14391049 0.00629430 0.01469388
0.14168504 0.00661995 0.01469388
0.13940820 0.00694806 0.01469388
0.13708222 0.00727794 0.01469388
0.13470939 0.00760891 0.01469388
0.13229206 0.00794031 0.01469388
0.12983262 0.00827144 0.01469388
0.12733348 0.00860159 0.01469388
0.12479713 0.00893005 0.01469388
0.12222605 0.00925611 0.01469388
0.11962279 0.00957903 0.01469388
0.11698991 0.00989806 0.01469388
0.11433002 0.01021245 0.01469388
0.11164574 0.01052141 0.01469388
0.10893972 0.01082418 0.01469388
0.10621462 0.01111995 0.01469388
0.10347315 0.01140791 0.01469388
0.10071799 0.01168724 0.01469388
0.09795189 0.01195712 0.01469388
0.09517755 0.01221671 0.01469388
0.09239772 0.01246516 0.01469388
0.08961515 0.01270163 0.01469388
0.08683258 0.01292529 0.01469388
0.08405275 0.01313528 0.01469388
0.08127842 0.01333077 0.01469388
0.07851231 0.01351093 0.01469388
0.07575716 0.01367496 0.01469388
0.07301568 0.01382206 0.01469388
0.07029059 0.01395146 0.01469388
0.06758457 0.01406243 0.01469388
0.06490028 0.01415424 0.01469388
0.06224039 0.01422624 0.01469388
0.05960752 0.01427775 0.01469388
0.05700426 0.01430825 0.01469388
0.05443318 0.01431714 0.01469388
0.05189682 0.01430396 0.01469388
0.04939769 0.01426830 0.01469388
0.04693824 0.01420978 0.01469388
0.04452091 0.01412807 0.01469388
0.04214809 0.01402299 0.01469388
0.03982211 0.01389431 0.01469388
0.03754527 0.01374198 0.01469388
0.03531981 0.01356599 0.01469388
0.03314794 0.01336630 0.01469388
0.03103180 0.01314314 0.01469388
0.02897346 0.01289659 0.01469388
0.02697498 0.01262695 0.01469388
0.02503831 0.01233450 0.01469388
0.02316538 0.01201973 0.01469388
0.02135802 0.01168299 0.01469388
0.01961802 0.01132474 0.01469388
0.01794710 0.01094563 0.01469388
0.01634691 0.01054617 0.01469388
0.01481903 0.01012704 0.01469388
0.01336496 0.00968898 0.01469388
0.01198614 0.00923242 0.01469388
0.01068393 0.00875832 0.01469388
0.00945962 0.00826735 0.01469388
0.00831441 0.00776026 0.01469388
0.00724943 0.00723783 0.01469388
0.00626574 0.00670051 0.01469388
0.00536431 0.00614894 0.01469388
0.00454602 0.00558466 0.01469388
0.00381168 0.00500752 0.01469388
0.00316202 0.00441799 0.01469388
0.00259768 0.00381656 0.01469388
0.00211922 0.00320558 0.01469388
0.00172710 0.00258317 0.01469388
0.00142172 0.00195009 0.01469388
0.00120338 0.00130755 0.01469388
0.00107228 0.00065569 0.01469388
0.00102857 0.00000000 0.01469388
#11
0.00114286 0.00000000 0.01632653
0.00118737 -0.00066221 0.01632653
0.00132086 -0.00131890 0.01632653
0.00154320 -0.00196635 0.01632653
0.00185416 -0.00260440 0.01632653
0.00225343 -0.00322985 0.01632653
0.00274061 -0.00384605 0.01632653
0.00331520 -0.00445099 0.01632653
0.00397663 -0.00504438 0.01632653
0.00472423 -0.00562525 0.01632653
0.00555725 -0.00619349 0.01632653
0.00647485 -0.00674761 0.01632653
0.00747610 -0.00728761 0.01632653
0.00856001 -0.00781267 0.01632653
0.00972547 -0.00832165 0.01632653
0.01097131 -0.00881421 0.01632653
0.01229628 -0.00928943 0.01632653
0.01369905 -0.00974670 0.01632653
0.01517820 -0.01018502 0.01632653
0.01673224 -0.01060393 0.01632653
0.01835961 -0.01100260 0.01632653
0.02005866 -0.01138053 0.01632653
0.02182770 -0.01173700 0.01632653
0.02366493 -0.01207153 0.01632653
0.02556851 -0.01238355 0.01632653
0.02753652 -0.01267271 0.01632653
0.02956698 -0.01293859 0.01632653
0.03165785 -0.01318086 0.01632653
0.03380701 -0.01339935 0.01632653
0.03601231 -0.01359378 0.01632653
0.03827152 -0.01376412 0.01632653
0.04058237 -0.01391036 0.01632653
0.04294253 -0.01403250 0.01632653
0.04534964 -0.01413071 0.01632653
0.04780125 -0.01420514 0.01632653
0.05029490 -0.01425610 0.01632653
0.05282809 -0.01428390 0.01632653
0.05539827 -0.01428895 0.01632653
0.05800283 -0.01427168 0.01632653
0.06063917 -0.01423266 0.01632653
0.06330463 -0.01417242 0.01632653
0.06599652 -0.01409161 0.01632653
0.06871213 -0.01399089 0.01632653
0.07144873 -0.01387097 0.01632653
0.07420356 -0.01373260 0.01632653
0.07697385 -0.01357656 0.01632653
0.07975681 -0.01340363 0.01632653
0.08254964 -0.01321465 0.01632653
0.08534953 -0.01301048 0.01632653
0.08815365 -0.01279194 0.01632653
0.09095918 -0.01255991 0.01632653
0.09376330 -0.01231527 0.01632653
0.09656318 -0.01205887 0.01632653
0.09935601 -0.01179158 0.01632653
0.10213897 -0.01151427 0.01632653
0.10490927 -0.01122779 0.01632653
0.10766410 -0.01093299 0.01632653
0.11040070 -0.01063070 0.01632653
0.11311631 -0.01032176 0.01632653
0.11580820 -0.01000697 0.01632653
0.11847365 -0.00968714 0.01632653
0.12110999 -0.00936305 0.01632653
0.12371456 -0.00903546 0.01632653
0.12628473 -0.00870515 0.01632653
0.12881792 -0.00837286 0.01632653
0.13131158 -0.00803931 0.01632653
0.13376319 -0.00770525 0.01632653
0.13617029 -0.00737137 0.01632653
0.13853046 -0.00703840 0.01632653
0.14084131 -0.00670702 0.01632653
0.14310052 -0.00637792 0.01632653
0.14530582 -0.00605179 0.01632653
0.14745498 -0.00572930 0.01632653
0.14954584 -0.00541113 0.01632653
0.15157630 -0.00509793 0.01632653
0.15354431 -0.00479037 0.01632653
0.15544789 -0.00448910 0.01632653
0.15728513 -0.00419477 0.01632653
0.15905416 -0.00390803 0.01632653
0.16075322 -0.00362952 0.01632653
0.16238059 -0.00335985 0.01632653
0.16393463 -0.00309965 0.01632653
0.16541378 -0.00284952 0.01632653
0.16681654 -0.00261005 0.01632653
0.16814152 -0.00238182 0.01632653
0.16938736 -0.00216539 0.01632653
0.17055282 -0.00196130 0.01632653
0.17163672 -0.00177006 0.01632653
0.17263798 -0.00159218 0.01632653
0.17355558 -0.00142810 0.01632653
0.17438860 -0.00127825 0.01632653
0.17513620 -0.00114306 0.01632653
0.17579763 -0.00102288 0.01632653
0.17637222 -0.00091802 0.01632653
0.17685940 -0.00082881 0.01632653
0.17725867 -0.00075546 0.01632653
0.17756963 -0.00066351 0.01632653
0.17779196 -0.00048510 0.01632653
0.17792546 -0.00025453 0.01632653
0.17796997 0.00000000 0.01632653
0.17792634 0.00025206 0.01632653
0.17779550 0.00048089 0.01632653
0.17757759 0.00065925 0.01632653
0.17727280 0.00075286 0.01632653
0.17688145 0.00082476 0.01632653
0.17640392 0.00091223 0.01632653
0.17584068 0.00101503 0.01632653
0.17519229 0.00113288 0.01632653
0.17445939 0.00126548 0.01632653
0.17364270 0.00141246 0.01632653
0.17274303 0.00157344 0.01632653
0.17176126 0.00174801 0.01632653
0.17069836 0.00193570 0.01632653
0.16955539 0.00213607 0.01632653
0.16833347 0.00234859 0.01632653
0.16703380 0.00257277 0.01632653
0.16565768 0.00280804 0.01632653
0.16420645 0.00305386 0.01632653
0.16268155 0.00330966 0.01632653
0.16108448 0.00357486 0.01632653
0.15941683 0.00384885 0.01632653
0.15768023 0.00413102 0.01632653
0.15587640 0.00442077 0.01632653
0.15400712 0.00471746 0.01632653
0.15207424 0.00502048 0.01632653
0.15007966 0.00532918 0.01632653
0.14802535 0.00564294 0.01632653
0.14591333 0.00596110 0.01632653
0.14374570 0.00628301 0.01632653
0.14152460 0.00660802 0.01632653
0.13925220 0.00693547 0.01632653
0.13693077 0.00726470 0.01632653
0.13456257 0.00759501 0.01632653
0.13214997 0.00792575 0.01632653
0.12969533 0.00825622 0.01632653
0.12720107 0.00858571 0.01632653
0.12466967 0.00891352 0.01632653
0.12210361 0.00923893 0.01632653
0.11950544 0.00956121 0.01632653
0.11687770 0.00987960 0.01632653
0.11422301 0.01019336 0.01632653
0.11154397 0.01050171 0.01632653
0.10884323 0.01080387 0.01632653
0.10612346 0.01109905 0.01632653
0.10338734 0.01138643 0.01632653
0.10063757 0.01166521 0.01632653
0.09787686 0.01193455 0.01632653
0.09510795 0.01219361 0.01632653
0.09233355 0.01244156 0.01632653
0.08955641 0.01267756 0.01632653
0.08677928 0.01290077 0.01632653
0.08400488 0.01311033 0.01632653
0.08123596 0.01330542 0.01632653
0.07847526 0.01348521 0.01632653
0.07572549 0.01364891 0.01632653
0.07298936 0.01379571 0.01632653
0.07026959 0.01392484 0.01632653
0.06756886 0.01403557 0.01632653
0.06488982 0.01412719 0.01632653
0.06223512 0.01419903 0.01632653
0.05960739 0.01425043 0.01632653
0.05700921 0.01428084 0.01632653
0.05444316 0.01428970 0.01632653
0.05191175 0.01427653 0.01632653
0.04941750 0.01424092 0.01632653
0.04696286 0.01418250 0.01632653
0.04455025 0.01410093 0.01632653
0.04218206 0.01399604 0.01632653
0.03986062 0.01386760 0.01632653
0.03758823 0.01371555 0.01632653
0.03536712 0.01353988 0.01632653
0.03319949 0.01334057 0.01632653
0.03108748 0.01311783 0.01632653
0.02903317 0.01287174 0.01632653
0.02703859 0.01260262 0.01632653
0.02510570 0.01231073 0.01632653
0.02323643 0.01199655 0.01632653
0.02143260 0.01166045 0.01632653
0.01969600 0.01130289 0.01632653
0.01802834 0.01092451 0.01632653
0.01643128 0.01052581 0.01632653
0.01490638 0.01010749 0.01632653
0.01345515 0.00967027 0.01632653
0.01207902 0.00921458 0.01632653
0.01077936 0.00874140 0.01632653
0.00955744 0.00825138 0.01632653
0.00841446 0.00774526 0.01632653
0.00735157 0.00722385 0.01632653
0.00636980 0.00668756 0.01632653
0.00547012 0.00613706 0.01632653
0.00465343 0.00557386 0.01632653
0.00392053 0.00499784 0.01632653
0.00327214 0.00440945 0.01632653
0.00270890 0.00380918 0.01632653
0.00223137 0.00319938 0.01632653
0.00184002 0.00257817 0.01632653
0.00153524 0.00194632 0.01632653
0.00131732 0.00130502 0.01632653
0.00118648 0.00065442 0.01632653
0.00114286 0.00000000 0.01632653
#12
0.00125714 0.00000000 0.01795918
0.00130157 -0.00066093 0.01795918
0.00143480 -0.00131635 0.01795918
0.00165670 -0.00196254 0.01795918
0.00196705 -0.00259935 0.01795918
0.00236554 -0.00322359 0.01795918
0.00285176 -0.00383860 0.01795918
0.00342523 -0.00444236 0.01795918
0.00408537 -0.00503461 0.01795918
0.00483150 -0.00561435 0.01795918
0.00566289 -0.00618149 0.01795918
0.00657870 -0.00673454 0.01795918
0.00757799 -0.00727350 0.01795918
0.00865978 -0.00779755 0.01795918
0.00982296 -0.00830554 0.01795918
0.01106636 -0.00879714 0.01795918
0.01238874 -0.00927145 0.01795918
0.01378876 -0.00972784 0.01795918
0.01526502 -0.01016532 0.01795918
0.01681601 -0.01058342 0.01795918
0.01844020 -0.01098132 0.01795918
0.02013593 -0.01135853 0.01795918
0.02190151 -0.01171432 0.01795918
0.02373514 -0.01204821 0.01795918
0.02563500 -0.01235963 0.01795918
0.02759916 -0.01264824 0.01795918
0.02962564 -0.01291361 0.01795918
0.03171241 -0.01315543 0.01795918
0.03385737 -0.01337351 0.01795918
0.03605835 -0.01356757 0.01795918
0.03831314 -0.01373760 0.01795918
0.04061947 -0.01388357 0.01795918
0.04297502 -0.01400549 0.01795918
0.04537741 -0.01410352 0.01795918
0.04782422 -0.01417782 0.01795918
0.05031300 -0.01422869 0.01795918
0.05284123 -0.01425646 0.01795918
0.05540637 -0.01426152 0.01795918
0.05800584 -0.01424430 0.01795918
0.06063702 -0.01420538 0.01795918
0.06329726 -0.01414527 0.01795918
0.06598388 -0.01406463 0.01795918
0.06869418 -0.01396413 0.01795918
0.07142542 -0.01384446 0.01795918
0.07417487 -0.01370638 0.01795918
0.07693974 -0.01355066 0.01795918
0.07971725 -0.01337808 0.01795918
0.08250462 -0.01318949 0.01795918
0.08529902 -0.01298573 0.01795918
0.08809765 -0.01276764 0.01795918
0.09089769 -0.01253608 0.01795918
0.09369633 -0.01229193 0.01795918
0.09649073 -0.01203604 0.01795918
0.09927810 -0.01176929 0.01795918
0.10205561 -0.01149254 0.01795918
0.10482048 -0.01120663 0.01795918
0.10756992 -0.01091242 0.01795918
0.11030117 -0.01061074 0.01795918
0.11301146 -0.01030242 0.01795918
0.11569809 -0.00998826 0.01795918
0.11835832 -0.00966907 0.01795918
0.12098950 -0.00934562 0.01795918
0.12358897 -0.00901868 0.01795918
0.12615411 -0.00868903 0.01795918
0.12868235 -0.00835740 0.01795918
0.13117112 -0.00802452 0.01795918
0.13361794 -0.00769113 0.01795918
0.13602033 -0.00735792 0.01795918
0.13837587 -0.00702561 0.01795918
0.14068220 -0.00669489 0.01795918
0.14293699 -0.00636644 0.01795918
0.14513798 -0.00604096 0.01795918
0.14728293 -0.00571912 0.01795918
0.14936970 -0.00540158 0.01795918
0.15139619 -0.00508900 0.01795918
0.15336035 -0.00478205 0.01795918
0.15526020 -0.00448138 0.01795918
0.15709384 -0.00418765 0.01795918
0.15885942 -0.00390148 0.01795918
0.16055515 -0.00362352 0.01795918
0.16217933 -0.00335439 0.01795918
0.16373033 -0.00309471 0.01795918
0.16520659 -0.00284507 0.01795918
0.16660661 -0.00260609 0.01795918
0.16792899 -0.00237832 0.01795918
0.16917239 -0.00216232 0.01795918
0.17033557 -0.00195863 0.01795918
0.17141735 -0.00176778 0.01795918
0.17241665 -0.00159025 0.01795918
0.17333245 -0.00142649 0.01795918
0.17416384 -0.00127695 0.01795918
0.17490998 -0.00114203 0.01795918
0.17557012 -0.00102208 0.01795918
0.17614358 -0.00091744 0.01795918
0.17662981 -0.00082840 0.01795918
0.17702829 -0.00075521 0.01795918
0.17733864 -0.00066309 0.01795918
0.17756055 -0.00048469 0.01795918
0.17769378 -0.00025429 0.01795918
0.17773820 0.00000000 0.01795918
0.17769466 0.00025183 0.01795918
0.17756408 0.00048048 0.01795918
0.17734659 0.00065883 0.01795918
0.17704240 0.00075261 0.01795918
0.17665182 0.00082437 0.01795918
0.17617522 0.00091166 0.01795918
0.17561309 0.00101425 0.01795918
0.17496597 0.00113187 0.01795918
0.17423450 0.00126421 0.01795918
0.17341941 0.00141089 0.01795918
0.17252149 0.00157155 0.01795918
0.17154164 0.00174577 0.01795918
0.17048083 0.00193309 0.01795918
0.16934009 0.00213305 0.01795918
0.16812056 0.00234515 0.01795918
0.16682344 0.00256888 0.01795918
0.16545001 0.00280368 0.01795918
0.16400162 0.00304901 0.01795918
0.16247970 0.00330430 0.01795918
0.16088576 0.00356897 0.01795918
0.15922137 0.00384241 0.01795918
0.15748817 0.00412402 0.01795918
0.15568787 0.00441319 0.01795918
0.15382225 0.00470930 0.01795918
0.15189315 0.00501171 0.01795918
0.14990247 0.00531980 0.01795918
0.14785218 0.00563293 0.01795918
0.14574430 0.00595045 0.01795918
0.14358092 0.00627172 0.01795918
0.14136416 0.00659608 0.01795918
0.13909621 0.00692288 0.01795918
0.13677931 0.00725145 0.01795918
0.13441576 0.00758111 0.01795918
0.13200787 0.00791119 0.01795918
0.12955804 0.00824100 0.01795918
0.12706866 0.00856983 0.01795918
0.12454221 0.00889699 0.01795918
0.12198118 0.00922175 0.01795918
0.11938809 0.00954338 0.01795918
0.11676550 0.00986115 0.01795918
0.11411600 0.01017427 0.01795918
0.11144220 0.01048201 0.01795918
0.10874675 0.01078357 0.01795918
0.10603230 0.01107815 0.01795918
0.10330153 0.01136496 0.01795918
0.10055714 0.01164317 0.01795918
0.09780184 0.01191197 0.01795918
0.09503834 0.01217052 0.01795918
0.09226938 0.01241797 0.01795918
0.08949767 0.01265349 0.01795918
0.08672597 0.01287624 0.01795918
0.08395700 0.01308538 0.01795918
0.08119351 0.01328007 0.01795918
0.07843820 0.01345950 0.01795918
0.07569381 0.01362286 0.01795918
0.07296305 0.01376935 0.01795918
0.07024860 0.01389822 0.01795918
0.06755315 0.01400871 0.01795918
0.06487935 0.01410014 0.01795918
0.06222985 0.01417182 0.01795918
0.05960726 0.01422310 0.01795918
0.05701417 0.01425344 0.01795918
0.05445313 0.01426226 0.01795918
0.05192668 0.01424910 0.01795918
0.04943731 0.01421354 0.01795918
0.04698747 0.01415522 0.01795918
0.04457959 0.01407379 0.01795918
0.04221603 0.01396909 0.01795918
0.03989914 0.01384088 0.01795918
0.03763119 0.01368912 0.01795918
0.03541443 0.01351377 0.01795918
0.03325104 0.01331483 0.01795918
0.03114316 0.01309252 0.01795918
0.02909287 0.01284689 0.01795918
0.02710220 0.01257828 0.01795918
0.02517310 0.01228695 0.01795918
0.02330747 0.01197337 0.01795918
0.02150718 0.01163792 0.01795918
0.01977398 0.01128104 0.01795918
0.01810958 0.01090338 0.01795918
0.01651564 0.01050545 0.01795918
0.01499373 0.01008794 0.01795918
0.01354534 0.00965156 0.01795918
0.01217191 0.00919675 0.01795918
0.01087479 0.00872448 0.01795918
0.00965525 0.00823540 0.01795918
0.00851452 0.00773026 0.01795918
0.00745370 0.00720986 0.01795918
0.00647386 0.00667461 0.01795918
0.00557594 0.00612517 0.01795918
0.00476085 0.00556307 0.01795918
0.00402938 0.00498815 0.01795918
0.00338226 0.00440090 0.01795918
0.00282013 0.00380180 0.01795918
0.00234353 0.00319318 0.01795918
0.00195295 0.00257318 0.01795918
0.00164876 0.00194255 0.01795918
0.00143127 0.00130249 0.01795918
0.00130068 0.00065316 0.01795918
0.00125714 0.00000000 0.01795918
#13
0.00137143 0.00000000 0.01959184
0.00141577 -0.00065965 0.01959184
0.00154874 -0.00131379 0.01959184
0.00177021 -0.00195873 0.01959184
0.00207995 -0.00259430 0.01959184
0.00247765 -0.00321733 0.01959184
0.00296292 -0.00383114 0.01959184
0.00353527 -0.00443374 0.01959184
0.00419411 -0.00502483 0.01959184
0.00493878 -0.00560345 0.01959184
0.00576854 -0.00616950 0.01959184
0.00668255 -0.00672148 0.01959184
0.00767989 -0.00725939 0.01959184
0.00875955 -0.00778242 0.01959184
0.00992045 -0.00828943 0.01959184
0.01116141 -0.00878008 0.01959184
0.01248120 -0.00925347 0.01959184
0.01387848 -0.00970898 0.01959184
0.01535183 -0.01014562 0.01959184
0.01689979 -0.01056291 0.01959184
0.01852079 -0.01096005 0.01959184
0.02021320 -0.01133653 0.01959184
0.02197531 -0.01169163 0.01959184
0.02380535 -0.01202489 0.01959184
0.02570148 -0.01233571 0.01959184
0.02766179 -0.01262377 0.01959184
0.02968430 -0.01288864 0.01959184
0.03176698 -0.01313000 0.01959184
0.03390773 -0.01334767 0.01959184
0.03610440 -0.01354136 0.01959184
0.03835477 -0.01371108 0.01959184
0.04065658 -0.01385678 0.01959184
0.04300750 -0.01397847 0.01959184
0.04540518 -0.01407633 0.01959184
0.04784720 -0.01415050 0.01959184
0.05033110 -0.01420129 0.01959184
0.05285437 -0.01422902 0.01959184
0.05541448 -0.01423409 0.01959184
0.05800885 -0.01421692 0.01959184
0.06063487 -0.01417809 0.01959184
0.06328990 -0.01411812 0.01959184
0.06597125 -0.01403765 0.01959184
0.06867623 -0.01393736 0.01959184
0.07140212 -0.01381795 0.01959184
0.07414617 -0.01368015 0.01959184
0.07690562 -0.01352475 0.01959184
0.07967769 -0.01335253 0.01959184
0.08245959 -0.01316433 0.01959184
0.08524851 -0.01296098 0.01959184
0.08804166 -0.01274333 0.01959184
0.09083621 -0.01251225 0.01959184
0.09362935 -0.01226859 0.01959184
0.09641828 -0.01201322 0.01959184
0.09920018 -0.01174700 0.01959184
0.10197225 -0.01147081 0.01959184
0.10473170 -0.01118548 0.01959184
0.10747575 -0.01089186 0.01959184
0.11020164 -0.01059078 0.01959184
0.11290662 -0.01028308 0.01959184
0.11558797 -0.00996955 0.01959184
0.11824299 -0.00965099 0.01959184
0.12086901 -0.00932819 0.01959184
0.12346339 -0.00900191 0.01959184
0.12602350 -0.00867292 0.01959184
0.12854677 -0.00834195 0.01959184
0.13103067 -0.00800974 0.01959184
0.13347269 -0.00767701 0.01959184
0.13587037 -0.00734446 0.01959184
0.13822129 -0.00701282 0.01959184
0.14052310 -0.00668275 0.01959184
0.14277347 -0.00635497 0.01959184
0.14497013 -0.00603014 0.01959184
0.14711089 -0.00570893 0.01959184
0.14919357 -0.00539203 0.01959184
0.15121608 -0.00508007 0.01959184
0.15317639 -0.00477374 0.01959184
0.15507252 -0.00447367 0.01959184
0.15690256 -0.00418052 0.01959184
0.15866467 -0.00389493 0.01959184
0.16035708 -0.00361753 0.01959184
0.16197808 -0.00334893 0.01959184
0.16352603 -0.00308977 0.01959184
0.16499939 -0.00284063 0.01959184
0.16639667 -0.00260213 0.01959184
0.16771646 -0.00237481 0.01959184
0.16895742 -0.00215924 0.01959184
0.17011832 -0.00195596 0.01959184
0.17119798 -0.00176549 0.01959184
0.17219532 -0.00158832 0.01959184
0.17310933 -0.00142489 0.01959184
0.17393909 -0.00127565 0.01959184
0.17468376 -0.00114099 0.01959184
0.17534260 -0.00102129 0.01959184
0.17591495 -0.00091686 0.01959184
0.17640021 -0.00082800 0.01959184
0.17679792 -0.00075495 0.01959184
0.17710766 -0.00066268 0.01959184
0.17732913 -0.00048428 0.01959184
0.17746210 -0.00025405 0.01959184
0.17750644 0.00000000 0.01959184
0.17746298 0.00025159 0.01959184
0.17733266 0.00048007 0.01959184
0.17711559 0.00065841 0.01959184
0.17681200 0.00075236 0.01959184
0.17642218 0.00082397 0.01959184
0.17594652 0.00091109 0.01959184
0.17538549 0.00101348 0.01959184
0.17473964 0.00113086 0.01959184
0.17400960 0.00126293 0.01959184
0.17319611 0.00140932 0.01959184
0.17229996 0.00156965 0.01959184
0.17132203 0.00174352 0.01959184
0.17026329 0.00193047 0.01959184
0.16912480 0.00213003 0.01959184
0.16790766 0.00234171 0.01959184
0.16661308 0.00256499 0.01959184
0.16524234 0.00279932 0.01959184
0.16379679 0.00304416 0.01959184
0.16227786 0.00329894 0.01959184
0.16068704 0.00356308 0.01959184
0.15902592 0.00383598 0.01959184
0.15729611 0.00411702 0.01959184
0.15549935 0.00440561 0.01959184
0.15363738 0.00470113 0.01959184
0.15171206 0.00500293 0.01959184
0.14972529 0.00531041 0.01959184
0.14767902 0.00562291 0.01959184
0.14557528 0.00593981 0.01959184
0.14341613 0.00626043 0.01959184
0.14120372 0.00658415 0.01959184
0.13894022 0.00691029 0.01959184
0.13662786 0.00723821 0.01959184
0.13426894 0.00756721 0.01959184
0.13186578 0.00789663 0.01959184
0.12942075 0.00822578 0.01959184
0.12693625 0.00855396 0.01959184
0.12441476 0.00888046 0.01959184
0.12185875 0.00920457 0.01959184
0.11927074 0.00952556 0.01959184
0.11665329 0.00984269 0.01959184
0.11400899 0.01015519 0.01959184
0.11134043 0.01046231 0.01959184
0.10865027 0.01076326 0.01959184
0.10594114 0.01105725 0.01959184
0.10321573 0.01134349 0.01959184
0.10047672 0.01162114 0.01959184
0.09772682 0.01188940 0.01959184
0.09496874 0.01214742 0.01959184
0.09220520 0.01239437 0.01959184
0.08943893 0.01262941 0.01959184
0.08667267 0.01285172 0.01959184
0.08390913 0.01306043 0.01959184
0.08115105 0.01325472 0.01959184
0.07840115 0.01343378 0.01959184
0.07566214 0.01359680 0.01959184
0.07293673 0.01374300 0.01959184
0.07022760 0.01387159 0.01959184
0.06753744 0.01398186 0.01959184
0.06486888 0.01407309 0.01959184
0.06222458 0.01414461 0.01959184
0.05960713 0.01419577 0.01959184
0.05701912 0.01422603 0.01959184
0.05446311 0.01423482 0.01959184
0.05194161 0.01422167 0.01959184
0.04945712 0.01418616 0.01959184
0.04701209 0.01412794 0.01959184
0.04460893 0.01404665 0.01959184
0.04225000 0.01394214 0.01959184
0.03993765 0.01381417 0.01959184
0.03767415 0.01366268 0.01959184
0.03546174 0.01348767 0.01959184
0.03330259 0.01328910 0.01959184
0.03119885 0.01306720 0.01959184
0.02915258 0.01282205 0.01959184
0.02716580 0.01255395 0.01959184
0.02524049 0.01226317 0.01959184
0.02337852 0.01195019 0.01959184
0.02158175 0.01161538 0.01959184
0.01985195 0.01125919 0.01959184
0.01819083 0.01088226 0.01959184
0.01660001 0.01048509 0.01959184
0.01508108 0.01006838 0.01959184
0.01363553 0.00963285 0.01959184
0.01226479 0.00917892 0.01959184
0.01097021 0.00870756 0.01959184
0.00975307 0.00821943 0.01959184
0.00861457 0.00771527 0.01959184
0.00755584 0.00719587 0.01959184
0.00657791 0.00666165 0.01959184
0.00568176 0.00611328 0.01959184
0.00486826 0.00555227 0.01959184
0.00413823 0.00497847 0.01959184
0.00349238 0.00439236 0.01959184
0.00293135 0.00379442 0.01959184
0.00245569 0.00318698 0.01959184
0.00206587 0.00256818 0.01959184
0.00176228 0.00193878 0.01959184
0.00154521 0.00129997 0.01959184
0.00141488 0.00065189 0.01959184
0.00137143 0.00000000 0.01959184
#14
0.00148571 0.00000000 0.02122449
0.00152997 -0.00065837 0.02122449
0.00166267 -0.00131124 0.02122449
0.00188371 -0.00195493 0.02122449
0.00219284 -0.00258925 0.02122449
0.00258977 -0.00321107 0.02122449
0.00307408 -0.00382369 0.02122449
0.00364530 -0.00442511 0.02122449
0.00430285 -0.00501506 0.02122449
0.00504606 -0.00559256 0.02122449
0.00587419 -0.00615750 0.02122449
0.00678640 -0.00670841 0.02122449
0.00778178 -0.00724528 0.02122449
0.00885932 -0.00776730 0.02122449
0.01001794 -0.00827332 0.02122449
0.01125646 -0.00876302 0.02122449
0.01257366 -0.00923550 0.02122449
0.01396819 -0.00969012 0.02122449
0.01543865 -0.01012592 0.02122449
0.01698357 -0.01054240 0.02122449
0.01860138 -0.01093877 0.02122449
0.02029047 -0.01131453 0.02122449
0.02204912 -0.01166895 0.02122449
0.02387556 -0.01200157 0.02122449
0.02576797 -0.01231179 0.02122449
0.02772442 -0.01259931 0.02122449
0.02974296 -0.01286367 0.02122449
0.03182155 -0.01310457 0.02122449
0.03395810 -0.01332182 0.02122449
0.03615045 -0.01351516 0.02122449
0.03839639 -0.01368455 0.02122449
0.04069368 -0.01382998 0.02122449
0.04303999 -0.01395145 0.02122449
0.04543295 -0.01404914 0.02122449
0.04787017 -0.01412319 0.02122449
0.05034919 -0.01417389 0.02122449
0.05286751 -0.01420158 0.02122449
0.05542259 -0.01420666 0.02122449
0.05801187 -0.01418954 0.02122449
0.06063273 -0.01415080 0.02122449
0.06328253 -0.01409097 0.02122449
0.06595862 -0.01401068 0.02122449
0.06865829 -0.01391060 0.02122449
0.07137882 -0.01379144 0.02122449
0.07411748 -0.01365393 0.02122449
0.07687151 -0.01349885 0.02122449
0.07963813 -0.01332699 0.02122449
0.08241456 -0.01313917 0.02122449
0.08519801 -0.01293624 0.02122449
0.08798566 -0.01271903 0.02122449
0.09077473 -0.01248841 0.02122449
0.09356238 -0.01224525 0.02122449
0.09634583 -0.01199039 0.02122449
0.09912226 -0.01172472 0.02122449
0.10188888 -0.01144908 0.02122449
0.10464291 -0.01116432 0.02122449
0.10738157 -0.01087129 0.02122449
0.11010210 -0.01057082 0.02122449
0.11280177 -0.01026374 0.02122449
0.11547786 -0.00995084 0.02122449
0.11812766 -0.00963292 0.02122449
0.12074852 -0.00931076 0.02122449
0.12333780 -0.00898514 0.02122449
0.12589288 -0.00865680 0.02122449
0.12841120 -0.00832650 0.02122449
0.13089022 -0.00799495 0.02122449
0.13332744 -0.00766288 0.02122449
0.13572040 -0.00733100 0.02122449
0.13806671 -0.00700002 0.02122449
0.14036400 -0.00667062 0.02122449
0.14260994 -0.00634349 0.02122449
0.14480229 -0.00601931 0.02122449
0.14693884 -0.00569875 0.02122449
0.14901743 -0.00538247 0.02122449
0.15103597 -0.00507115 0.02122449
0.15299242 -0.00476542 0.02122449
0.15488483 -0.00446596 0.02122449
0.15671127 -0.00417339 0.02122449
0.15846992 -0.00388837 0.02122449
0.16015901 -0.00361153 0.02122449
0.16177682 -0.00334347 0.02122449
0.16332174 -0.00308483 0.02122449
0.16479220 -0.00283619 0.02122449
0.16618673 -0.00259816 0.02122449
0.16750392 -0.00237130 0.02122449
0.16874245 -0.00215616 0.02122449
0.16990107 -0.00195330 0.02122449
0.17097861 -0.00176320 0.02122449
0.17197399 -0.00158639 0.02122449
0.17288620 -0.00142329 0.02122449
0.17371433 -0.00127434 0.02122449
0.17445754 -0.00113996 0.02122449
0.17511509 -0.00102050 0.02122449
0.17568631 -0.00091628 0.02122449
0.17617062 -0.00082760 0.02122449
0.17656755 -0.00075469 0.02122449
0.17687668 -0.00066226 0.02122449
0.17709772 -0.00048386 0.02122449
0.17723042 -0.00025381 0.02122449
0.17727468 0.00000000 0.02122449
0.17723130 0.00025135 0.02122449
0.17710124 0.00047966 0.02122449
0.17688460 0.00065799 0.02122449
0.17658160 0.00075211 0.02122449
0.17619255 0.00082358 0.02122449
0.17571782 0.00091052 0.02122449
0.17515789 0.00101270 0.02122449
0.17451331 0.00112985 0.02122449
0.17378471 0.00126165 0.02122449
0.17297281 0.00140774 0.02122449
0.17207842 0.00156776 0.02122449
0.17110242 0.00174128 0.02122449
0.17004576 0.00192785 0.02122449
0.16890950 0.00212701 0.02122449
0.16769475 0.00233827 0.02122449
0.16640272 0.00256110 0.02122449
0.16503467 0.00279496 0.02122449
0.16359196 0.00303931 0.02122449
0.16207601 0.00329358 0.02122449
0.16048832 0.00355719 0.02122449
0.15883046 0.00382954 0.02122449
0.15710406 0.00411002 0.02122449
0.15531082 0.00439803 0.02122449
0.15345251 0.00469296 0.02122449
0.15153098 0.00499416 0.02122449
0.14954811 0.00530102 0.02122449
0.14750586 0.00561290 0.02122449
0.14540625 0.00592916 0.02122449
0.14325134 0.00624914 0.02122449
0.14104327 0.00657221 0.02122449
0.13878422 0.00689771 0.02122449
0.13647641 0.00722496 0.02122449
0.13412213 0.00755330 0.02122449
0.13172368 0.00788207 0.02122449
0.12928345 0.00821056 0.02122449
0.12680384 0.00853808 0.02122449
0.12428730 0.00886393 0.02122449
0.12173631 0.00918739 0.02122449
0.11915339 0.00950774 0.02122449
0.11654108 0.00982423 0.02122449
0.11390197 0.01013610 0.02122449
0.11123866 0.01044261 0.02122449
0.10855378 0.01074295 0.02122449
0.10584998 0.01103636 0.02122449
0.10312992 0.01132201 0.02122449
0.10039629 0.01159911 0.02122449
0.09765180 0.01186683 0.02122449
0.09489913 0.01212433 0.02122449
0.09214103 0.01237077 0.02122449
0.08938019 0.01260534 0.02122449
0.08661936 0.01282719 0.02122449
0.08386125 0.01303548 0.02122449
0.08110859 0.01322938 0.02122449
0.07836410 0.01340807 0.02122449
0.07563047 0.01357075 0.02122449
0.07291041 0.01371664 0.02122449
0.07020661 0.01384497 0.02122449
0.06752173 0.01395500 0.02122449
0.06485842 0.01404603 0.02122449
0.06221931 0.01411739 0.02122449
0.05960700 0.01416844 0.02122449
0.05702408 0.01419863 0.02122449
0.05447309 0.01420739 0.02122449
0.05195655 0.01419424 0.02122449
0.04947694 0.01415879 0.02122449
0.04703671 0.01410066 0.02122449
0.04463826 0.01401952 0.02122449
0.04228398 0.01391520 0.02122449
0.03997617 0.01378745 0.02122449
0.03771712 0.01363625 0.02122449
0.03550905 0.01346156 0.02122449
0.03335414 0.01326337 0.02122449
0.03125453 0.01304189 0.02122449
0.02921228 0.01279720 0.02122449
0.02722941 0.01252961 0.02122449
0.02530788 0.01223939 0.02122449
0.02344957 0.01192701 0.02122449
0.02165633 0.01159285 0.02122449
0.01992993 0.01123734 0.02122449
0.01827207 0.01086113 0.02122449
0.01668438 0.01046473 0.02122449
0.01516843 0.01004883 0.02122449
0.01372572 0.00961414 0.02122449
0.01235767 0.00916108 0.02122449
0.01106564 0.00869064 0.02122449
0.00985089 0.00820345 0.02122449
0.00871463 0.00770027 0.02122449
0.00765797 0.00718188 0.02122449
0.00668197 0.00664870 0.02122449
0.00578758 0.00610139 0.02122449
0.00497568 0.00554147 0.02122449
0.00424708 0.00496879 0.02122449
0.00360250 0.00438381 0.02122449
0.00304257 0.00378703 0.02122449
0.00256784 0.00318078 0.02122449
0.00217879 0.00256319 0.02122449
0.00187579 0.00193501 0.02122449
0.00165915 0.00129744 0.02122449
0.00152908 0.00065063 0.02122449
0.00148571 0.00000000 0.02122449
#15
0.00160000 0.00000000 0.02285714
0.00164416 -0.00065709 0.02285714
0.00177661 -0.00130868 0.02285714
0.00199721 -0.00195112 0.02285714
0.00230574 -0.00258420 0.02285714
0.00270188 -0.00320481 0.02285714
0.00318524 -0.00381624 0.02285714
0.00375533 -0.00441649 0.02285714
0.00441159 -0.00500529 0.02285714
0.00515334 -0.00558166 0.02285714
0.00597983 -0.00614551 0.02285714
0.00689025 -0.00669534 0.02285714
0.00788367 -0.00723117 0.02285714
0.00895909 -0.00775217 0.02285714
0.01011543 -0.00825721 0.02285714
0.01135152 -0.00874596 0.02285714
0.01266612 -0.00921752 0.02285714
0.01405790 -0.00967126 0.02285714
0.01552547 -0.01010621 0.02285714
0.01706735 -0.01052189 0.02285714
0.01868198 -0.01091750 0.02285714
0.02036773 -0.01129253 0.02285714
0.02212292 -0.01164627 0.02285714
0.02394577 -0.01197824 0.02285714
0.02583445 -0.01228787 0.02285714
0.02778706 -0.01257484 0.02285714
0.02980162 -0.01283869 0.02285714
0.03187612 -0.01307914 0.02285714
0.03400846 -0.01329598 0.02285714
0.03619649 -0.01348895 0.02285714
0.03843802 -0.01365803 0.02285714
0.04073078 -0.01380319 0.02285714
0.04307247 -0.01392444 0.02285714
0.04546073 -0.01402195 0.02285714
0.04789315 -0.01409587 0.02285714
0.05036729 -0.01414649 0.02285714
0.05288065 -0.01417414 0.02285714
0.05543070 -0.01417922 0.02285714
0.05801488 -0.01416216 0.02285714
0.06063058 -0.01412351 0.02285714
0.06327517 -0.01406382 0.02285714
0.06594598 -0.01398370 0.02285714
0.06864034 -0.01388384 0.02285714
0.07135552 -0.01376492 0.02285714
0.07408878 -0.01362770 0.02285714
0.07683739 -0.01347295 0.02285714
0.07959857 -0.01330144 0.02285714
0.08236953 -0.01311400 0.02285714
0.08514750 -0.01291149 0.02285714
0.08792967 -0.01269473 0.02285714
0.09071324 -0.01246458 0.02285714
0.09349541 -0.01222191 0.02285714
0.09627338 -0.01196757 0.02285714
0.09904434 -0.01170243 0.02285714
0.10180552 -0.01142735 0.02285714
0.10455413 -0.01114317 0.02285714
0.10728739 -0.01085073 0.02285714
0.11000257 -0.01055086 0.02285714
0.11269693 -0.01024439 0.02285714
0.11536774 -0.00993212 0.02285714
0.11801233 -0.00961484 0.02285714
0.12062803 -0.00929334 0.02285714
0.12321221 -0.00896836 0.02285714
0.12576227 -0.00864069 0.02285714
0.12827563 -0.00831105 0.02285714
0.13074976 -0.00798016 0.02285714
0.13318218 -0.00764876 0.02285714
0.13557044 -0.00731755 0.02285714
0.13791213 -0.00698723 0.02285714
0.14020489 -0.00665849 0.02285714
0.14244642 -0.00633201 0.02285714
0.14463445 -0.00600848 0.02285714
0.14676679 -0.00568856 0.02285714
0.14884129 -0.00537292 0.02285714
0.15085585 -0.00506222 0.02285714
0.15280846 -0.00475711 0.02285714
0.15469714 -0.00445824 0.02285714
0.15651999 -0.00416627 0.02285714
0.15827518 -0.00388182 0.02285714
0.15996093 -0.00360553 0.02285714
0.16157556 -0.00333801 0.02285714
0.16311744 -0.00307989 0.02285714
0.16458501 -0.00283175 0.02285714
0.16597679 -0.00259420 0.02285714
0.16729139 -0.00236779 0.02285714
0.16852749 -0.00215309 0.02285714
0.16968382 -0.00195063 0.02285714
0.17075924 -0.00176092 0.02285714
0.17175266 -0.00158446 0.02285714
0.17266308 -0.00142169 0.02285714
0.17348958 -0.00127304 0.02285714
0.17423132 -0.00113893 0.02285714
0.17488758 -0.00101971 0.02285714
0.17545767 -0.00091569 0.02285714
0.17594103 -0.00082719 0.02285714
0.17633718 -0.00075444 0.02285714
0.17664570 -0.00066184 0.02285714
0.17686630 -0.00048345 0.02285714
0.17699875 -0.00025356 0.02285714
0.17704291 0.00000000 0.02285714
0.17699963 0.00025111 0.02285714
0.17686981 0.00047925 0.02285714
0.17665360 0.00065757 0.02285714
0.17635120 0.00075186 0.02285714
0.17596291 0.00082318 0.02285714
0.17548912 0.00090995 0.02285714
0.17493029 0.00101192 0.02285714
0.17428698 0.00112884 0.02285714
0.17355982 0.00126037 0.02285714
0.17274952 0.00140617 0.02285714
0.17185689 0.00156587 0.02285714
0.17088280 0.00173904 0.02285714
0.16982823 0.00192523 0.02285714
0.16869420 0.00212400 0.02285714
0.16748184 0.00233482 0.02285714
0.16619235 0.00255721 0.02285714
0.16482700 0.00279060 0.02285714
0.16338713 0.00303446 0.02285714
0.16187417 0.00328822 0.02285714
0.16028960 0.00355130 0.02285714
0.15863500 0.00382310 0.02285714
0.15691200 0.00410302 0.02285714
0.15512229 0.00439046 0.02285714
0.15326764 0.00468479 0.02285714
0.15134989 0.00498539 0.02285714
0.14937092 0.00529163 0.02285714
0.14733269 0.00560289 0.02285714
0.14523722 0.00591851 0.02285714
0.14308655 0.00623786 0.02285714
0.14088283 0.00656028 0.02285714
0.13862823 0.00688512 0.02285714
0.13632496 0.00721172 0.02285714
0.13397531 0.00753940 0.02285714
0.13158159 0.00786751 0.02285714
0.12914616 0.00819534 0.02285714
0.12667143 0.00852220 0.02285714
0.12415985 0.00884740 0.02285714
0.12161388 0.00917021 0.02285714
0.11903604 0.00948992 0.02285714
0.11642888 0.00980577 0.02285714
0.11379496 0.01011702 0.02285714
0.11113689 0.01042291 0.02285714
0.10845730 0.01072265 0.02285714
0.10575882 0.01101546 0.02285714
0.10304411 0.01130054 0.02285714
0.10031587 0.01157708 0.02285714
0.09757677 0.01184425 0.02285714
0.09482953 0.01210123 0.02285714
0.09207685 0.01234718 0.02285714
0.08932146 0.01258127 0.02285714
0.08656606 0.01280267 0.02285714
0.08381338 0.01301053 0.02285714
0.08106614 0.01320403 0.02285714
0.07832704 0.01338235 0.02285714
0.07559880 0.01354470 0.02285714
0.07288409 0.01369029 0.02285714
0.07018561 0.01381834 0.02285714
0.06750602 0.01392814 0.02285714
0.06484795 0.01401898 0.02285714
0.06221403 0.01409018 0.02285714
0.05960687 0.01414111 0.02285714
0.05702903 0.01417122 0.02285714
0.05448306 0.01417995 0.02285714
0.05197148 0.01416681 0.02285714
0.04949675 0.01413141 0.02285714
0.04706132 0.01407338 0.02285714
0.04466760 0.01399238 0.02285714
0.04231795 0.01388825 0.02285714
0.04001468 0.01376074 0.02285714
0.03776008 0.01360982 0.02285714
0.03555636 0.01343546 0.02285714
0.03340570 0.01323764 0.02285714
0.03131022 0.01301658 0.02285714
0.02927199 0.01277236 0.02285714
0.02729302 0.01250528 0.02285714
0.02537527 0.01221561 0.02285714
0.02352062 0.01190383 0.02285714
0.02173091 0.01157031 0.02285714
0.02000791 0.01121549 0.02285714
0.01835331 0.01084001 0.02285714
0.01676874 0.01044438 0.02285714
0.01525578 0.01002928 0.02285714
0.01381591 0.00959543 0.02285714
0.01245056 0.00914325 0.02285714
0.01116107 0.00867372 0.02285714
0.00994871 0.00818748 0.02285714
0.00881468 0.00768527 0.02285714
0.00776011 0.00716789 0.02285714
0.00678602 0.00663575 0.02285714
0.00589339 0.00608951 0.02285714
0.00508310 0.00553067 0.02285714
0.00435593 0.00495911 0.02285714
0.00371262 0.00437527 0.02285714
0.00315379 0.00377965 0.02285714
0.00268000 0.00317458 0.02285714
0.00229171 0.00255819 0.02285714
0.00198931 0.00193124 0.02285714
0.00177310 0.00129491 0.02285714
0.00164329 0.00064936 0.02285714
0.00160000 0.00000000 0.02285714
#16
0.00171429 0.00000000 0.02448980
0.00175836 -0.00065581 0.02448980
0.00189055 -0.00130613 0.02448980
0.00211071 -0.00194731 0.02448980
0.00241863 -0.00257916 0.02448980
0.00281399 -0.00319855 0.02448980
0.00329640 -0.00380879 0.02448980
0.00386537 -0.00440786 0.02448980
0.00452033 -0.00499551 0.02448980
0.00526061 -0.00557076 0.02448980
0.00608548 -0.00613351 0.02448980
0.00699410 -0.00668227 0.02448980
0.00798556 -0.00721705 0.02448980
0.00905886 -0.00773704 0.02448980
0.01021291 -0.00824110 0.02448980
0.01144657 -0.00872890 0.02448980
0.01275857 -0.00919954 0.02448980
0.01414761 -0.00965240 0.02448980
0.01561229 -0.01008651 0.02448980
0.01715112 -0.01050138 0.02448980
0.01876257 -0.01089622 0.02448980
0.02044500 -0.01127053 0.02448980
0.02219673 -0.01162359 0.02448980
0.02401598 -0.01195492 0.02448980
0.02590094 -0.01226396 0.02448980
0.02784969 -0.01255037 0.02448980
0.02986028 -0.01281372 0.02448980
0.03193069 -0.01305371 0.02448980
0.03405882 -0.01327014 0.02448980
0.03624254 -0.01346274 0.02448980
0.03847964 -0.01363151 0.02448980
0.04076788 -0.01377640 0.02448980
0.04310495 -0.01389742 0.02448980
0.04548850 -0.01399476 0.02448980
0.04791612 -0.01406855 0.02448980
0.05038538 -0.01411909 0.02448980
0.05289378 -0.01414670 0.02448980
0.05543881 -0.01415179 0.02448980
0.05801789 -0.01413478 0.02448980
0.06062843 -0.01409623 0.02448980
0.06326780 -0.01403666 0.02448980
0.06593335 -0.01395672 0.02448980
0.06862239 -0.01385707 0.02448980
0.07133221 -0.01373841 0.02448980
0.07406009 -0.01360148 0.02448980
0.07680328 -0.01344705 0.02448980
0.07955901 -0.01327589 0.02448980
0.08232451 -0.01308884 0.02448980
0.08509699 -0.01288674 0.02448980
0.08787368 -0.01267042 0.02448980
0.09065176 -0.01244074 0.02448980
0.09342844 -0.01219857 0.02448980
0.09620093 -0.01194474 0.02448980
0.09896643 -0.01168014 0.02448980
0.10172216 -0.01140562 0.02448980
0.10446534 -0.01112201 0.02448980
0.10719322 -0.01083016 0.02448980
0.10990304 -0.01053091 0.02448980
0.11259208 -0.01022505 0.02448980
0.11525763 -0.00991341 0.02448980
0.11789700 -0.00959677 0.02448980
0.12050754 -0.00927591 0.02448980
0.12308663 -0.00895159 0.02448980
0.12563165 -0.00862457 0.02448980
0.12814005 -0.00829559 0.02448980
0.13060931 -0.00796537 0.02448980
0.13303693 -0.00763464 0.02448980
0.13542048 -0.00730409 0.02448980
0.13775755 -0.00697444 0.02448980
0.14004579 -0.00664635 0.02448980
0.14228289 -0.00632054 0.02448980
0.14446661 -0.00599765 0.02448980
0.14659475 -0.00567838 0.02448980
0.14866515 -0.00536337 0.02448980
0.15067574 -0.00505329 0.02448980
0.15262450 -0.00474880 0.02448980
0.15450945 -0.00445053 0.02448980
0.15632870 -0.00415914 0.02448980
0.15808043 -0.00387526 0.02448980
0.15976286 -0.00359953 0.02448980
0.16137431 -0.00333255 0.02448980
0.16291314 -0.00307494 0.02448980
0.16437782 -0.00282731 0.02448980
0.16576686 -0.00259023 0.02448980
0.16707886 -0.00236428 0.02448980
0.16831252 -0.00215001 0.02448980
0.16946657 -0.00194796 0.02448980
0.17053987 -0.00175863 0.02448980
0.17153133 -0.00158253 0.02448980
0.17243995 -0.00142008 0.02448980
0.17326482 -0.00127174 0.02448980
0.17400511 -0.00113790 0.02448980
0.17466006 -0.00101892 0.02448980
0.17522903 -0.00091511 0.02448980
0.17571144 -0.00082679 0.02448980
0.17610680 -0.00075418 0.02448980
0.17641472 -0.00066143 0.02448980
0.17663488 -0.00048304 0.02448980
0.17676707 -0.00025332 0.02448980
0.17681115 0.00000000 0.02448980
0.17676795 0.00025087 0.02448980
0.17663839 0.00047884 0.02448980
0.17642260 0.00065715 0.02448980
0.17612080 0.00075160 0.02448980
0.17573328 0.00082279 0.02448980
0.17526042 0.00090938 0.02448980
0.17470270 0.00101115 0.02448980
0.17406065 0.00112782 0.02448980
0.17333492 0.00125910 0.02448980
0.17252622 0.00140460 0.02448980
0.17163535 0.00156397 0.02448980
0.17066319 0.00173680 0.02448980
0.16961069 0.00192262 0.02448980
0.16847890 0.00212098 0.02448980
0.16726894 0.00233138 0.02448980
0.16598199 0.00255332 0.02448980
0.16461933 0.00278624 0.02448980
0.16318230 0.00302961 0.02448980
0.16167232 0.00328286 0.02448980
0.16009088 0.00354541 0.02448980
0.15843955 0.00381667 0.02448980
0.15671994 0.00409602 0.02448980
0.15493376 0.00438288 0.02448980
0.15308278 0.00467662 0.02448980
0.15116880 0.00497662 0.02448980
0.14919374 0.00528225 0.02448980
0.14715953 0.00559288 0.02448980
0.14506819 0.00590787 0.02448980
0.14292177 0.00622657 0.02448980
0.14072239 0.00654834 0.02448980
0.13847223 0.00687253 0.02448980
0.13617351 0.00719848 0.02448980
0.13382849 0.00752550 0.02448980
0.13143949 0.00785295 0.02448980
0.12900887 0.00818012 0.02448980
0.12653902 0.00850633 0.02448980
0.12403239 0.00883087 0.02448980
0.12149144 0.00915303 0.02448980
0.11891869 0.00947209 0.02448980
0.11631667 0.00978731 0.02448980
0.11368795 0.01009793 0.02448980
0.11103513 0.01040320 0.02448980
0.10836081 0.01070234 0.02448980
0.10566766 0.01099456 0.02448980
0.10295831 0.01127907 0.02448980
0.10023544 0.01155504 0.02448980
0.09750175 0.01182168 0.02448980
0.09475993 0.01207814 0.02448980
0.09201268 0.01232358 0.02448980
0.08926272 0.01255720 0.02448980
0.08651275 0.01277814 0.02448980
0.08376550 0.01298558 0.02448980
0.08102368 0.01317868 0.02448980
0.07828999 0.01335664 0.02448980
0.07556712 0.01351865 0.02448980
0.07285778 0.01366393 0.02448980
0.07016462 0.01379172 0.02448980
0.06749031 0.01390128 0.02448980
0.06483748 0.01399193 0.02448980
0.06220876 0.01406297 0.02448980
0.05960674 0.01411378 0.02448980
0.05703399 0.01414382 0.02448980
0.05449304 0.01415251 0.02448980
0.05198641 0.01413938 0.02448980
0.04951656 0.01410403 0.02448980
0.04708594 0.01404610 0.02448980
0.04469694 0.01396524 0.02448980
0.04235192 0.01386130 0.02448980
0.04005320 0.01373403 0.02448980
0.03780304 0.01358338 0.02448980
0.03560367 0.01340935 0.02448980
0.03345725 0.01321191 0.02448980
0.03136590 0.01299127 0.02448980
0.02933169 0.01274751 0.02448980
0.02735663 0.01248094 0.02448980
0.02544266 0.01219183 0.02448980
0.02359167 0.01188066 0.02448980
0.02180549 0.01154777 0.02448980
0.02008589 0.01119364 0.02448980
0.01843455 0.01081889 0.02448980
0.01685311 0.01042402 0.02448980
0.01534313 0.01000972 0.02448980
0.01390610 0.00957672 0.02448980
0.01254344 0.00912542 0.02448980
0.01125649 0.00865680 0.02448980
0.01004653 0.00817151 0.02448980
0.00891474 0.00767027 0.02448980
0.00786224 0.00715390 0.02448980
0.00689008 0.00662279 0.02448980
0.00599921 0.00607762 0.02448980
0.00519051 0.00551987 0.02448980
0.00446478 0.00494943 0.02448980
0.00382274 0.00436672 0.02448980
0.00326501 0.00377227 0.02448980
0.00279215 0.00316837 0.02448980
0.00240463 0.00255320 0.02448980
0.00210283 0.00192747 0.02448980
0.00188704 0.00129238 0.02448980
0.00175749 0.00064809 0.02448980
0.00171429 0.00000000 0.02448980
#17
0.00182857 0.00000000 0.02612245
0.00187256 -0.00065453 0.02612245
0.00200449 -0.00130358 0.02612245
0.00222421 -0.00194350 0.02612245
0.00253152 -0.00257411 0.02612245
0.00292610 -0.00319229 0.02612245
0.00340756 -0.00380134 0.02612245
0.00397540 -0.00439924 0.02612245
0.00462907 -0.00498574 0.02612245
0.00536789 -0.00555987 0.02612245
0.00619113 -0.00612151 0.02612245
0.00709795 -0.00666920 0.02612245
0.00808745 -0.00720294 0.02612245
0.00915863 -0.00772192 0.02612245
0.01031040 -0.00822499 0.02612245
0.01154162 -0.00871184 0.02612245
0.01285103 -0.00918156 0.02612245
0.01423733 -0.00963354 0.02612245
0.01569911 -0.01006681 0.02612245
0.01723490 -0.01048088 0.02612245
0.01884316 -0.01087495 0.02612245
0.02052227 -0.01124854 0.02612245
0.02227053 -0.01160090 0.02612245
0.02408619 -0.01193160 0.02612245
0.02596742 -0.01224004 0.02612245
0.02791232 -0.01252590 0.02612245
0.02991894 -0.01278875 0.02612245
0.03198525 -0.01302828 0.02612245
0.03410918 -0.01324430 0.02612245
0.03628858 -0.01343654 0.02612245
0.03852127 -0.01360498 0.02612245
0.04080499 -0.01374961 0.02612245
0.04313744 -0.01387041 0.02612245
0.04551627 -0.01396757 0.02612245
0.04793910 -0.01404123 0.02612245
0.05040348 -0.01409169 0.02612245
0.05290692 -0.01411927 0.02612245
0.05544691 -0.01412436 0.02612245
0.05802090 -0.01410740 0.02612245
0.06062628 -0.01406894 0.02612245
0.06326044 -0.01400951 0.02612245
0.06592072 -0.01392975 0.02612245
0.06860444 -0.01383031 0.02612245
0.07130891 -0.01371190 0.02612245
0.07403140 -0.01357526 0.02612245
0.07676916 -0.01342115 0.02612245
0.07951944 -0.01325034 0.02612245
0.08227948 -0.01306368 0.02612245
0.08504649 -0.01286200 0.02612245
0.08781768 -0.01264612 0.02612245
0.09059027 -0.01241691 0.02612245
0.09336147 -0.01217523 0.02612245
0.09612847 -0.01192192 0.02612245
0.09888851 -0.01165786 0.02612245
0.10163879 -0.01138389 0.02612245
0.10437656 -0.01110086 0.02612245
0.10709904 -0.01080960 0.02612245
0.10980351 -0.01051095 0.02612245
0.11248723 -0.01020571 0.02612245
0.11514751 -0.00989470 0.02612245
0.11778167 -0.00957870 0.02612245
0.12038706 -0.00925848 0.02612245
0.12296104 -0.00893482 0.02612245
0.12550103 -0.00860846 0.02612245
0.12800448 -0.00828014 0.02612245
0.13046885 -0.00795059 0.02612245
0.13289168 -0.00762052 0.02612245
0.13527052 -0.00729063 0.02612245
0.13760297 -0.00696164 0.02612245
0.13988668 -0.00663422 0.02612245
0.14211937 -0.00630906 0.02612245
0.14429877 -0.00598683 0.02612245
0.14642270 -0.00566819 0.02612245
0.14848901 -0.00535382 0.02612245
0.15049563 -0.00504437 0.02612245
0.15244053 -0.00474048 0.02612245
0.15432176 -0.00444282 0.02612245
0.15613742 -0.00415201 0.02612245
0.15788568 -0.00386871 0.02612245
0.15956479 -0.00359353 0.02612245
0.16117305 -0.00332709 0.02612245
0.16270885 -0.00307000 0.02612245
0.16417063 -0.00282286 0.02612245
0.16555692 -0.00258627 0.02612245
0.16686633 -0.00236077 0.02612245
0.16809755 -0.00214694 0.02612245
0.16924932 -0.00194529 0.02612245
0.17032050 -0.00175635 0.02612245
0.17131000 -0.00158060 0.02612245
0.17221683 -0.00141848 0.02612245
0.17304006 -0.00127044 0.02612245
0.17377889 -0.00113686 0.02612245
0.17443255 -0.00101812 0.02612245
0.17500039 -0.00091453 0.02612245
0.17548185 -0.00082639 0.02612245
0.17587643 -0.00075392 0.02612245
0.17618374 -0.00066101 0.02612245
0.17640347 -0.00048262 0.02612245
0.17653539 -0.00025308 0.02612245
0.17657938 0.00000000 0.02612245
0.17653627 0.00025062 0.02612245
0.17640697 0.00047843 0.02612245
0.17619161 0.00065673 0.02612245
0.17589040 0.00075135 0.02612245
0.17550365 0.00082239 0.02612245
0.17503172 0.00090880 0.02612245
0.17447510 0.00101037 0.02612245
0.17383432 0.00112681 0.02612245
0.17311003 0.00125782 0.02612245
0.17230293 0.00140303 0.02612245
0.17141382 0.00156208 0.02612245
0.17044357 0.00173456 0.02612245
0.16939316 0.00192000 0.02612245
0.16826361 0.00211796 0.02612245
0.16705603 0.00232794 0.02612245
0.16577163 0.00254943 0.02612245
0.16441166 0.00278188 0.02612245
0.16297747 0.00302476 0.02612245
0.16147048 0.00327750 0.02612245
0.15989216 0.00353952 0.02612245
0.15824409 0.00381023 0.02612245
0.15652788 0.00408902 0.02612245
0.15474524 0.00437530 0.02612245
0.15289791 0.00466845 0.02612245
0.15098772 0.00496785 0.02612245
0.14901656 0.00527286 0.02612245
0.14698637 0.00558286 0.02612245
0.14489916 0.00589722 0.02612245
0.14275698 0.00621528 0.02612245
0.14056195 0.00653640 0.02612245
0.13831624 0.00685994 0.02612245
0.13602206 0.00718523 0.02612245
0.13368168 0.00751160 0.02612245
0.13129740 0.00783838 0.02612245
0.12887158 0.00816490 0.02612245
0.12640661 0.00849045 0.02612245
0.12390493 0.00881434 0.02612245
0.12136901 0.00913585 0.02612245
0.11880134 0.00945427 0.02612245
0.11620446 0.00976885 0.02612245
0.11358094 0.01007885 0.02612245
0.11093336 0.01038350 0.02612245
0.10826433 0.01068204 0.02612245
0.10557650 0.01097367 0.02612245
0.10287250 0.01125759 0.02612245
0.10015502 0.01153301 0.02612245
0.09742673 0.01179910 0.02612245
0.09469032 0.01205504 0.02612245
0.09194850 0.01229999 0.02612245
0.08920398 0.01253313 0.02612245
0.08645945 0.01275362 0.02612245
0.08371763 0.01296063 0.02612245
0.08098122 0.01315334 0.02612245
0.07825293 0.01333092 0.02612245
0.07553545 0.01349260 0.02612245
0.07283146 0.01363758 0.02612245
0.07014362 0.01376510 0.02612245
0.06747460 0.01387443 0.02612245
0.06482702 0.01396487 0.02612245
0.06220349 0.01403576 0.02612245
0.05960661 0.01408646 0.02612245
0.05703894 0.01411641 0.02612245
0.05450302 0.01412507 0.02612245
0.05200134 0.01411195 0.02612245
0.04953637 0.01407665 0.02612245
0.04711055 0.01401882 0.02612245
0.04472628 0.01393810 0.02612245
0.04238589 0.01383435 0.02612245
0.04009171 0.01370731 0.02612245
0.03784600 0.01355695 0.02612245
0.03565097 0.01338325 0.02612245
0.03350880 0.01318617 0.02612245
0.03142158 0.01296595 0.02612245
0.02939140 0.01272267 0.02612245
0.02742024 0.01245661 0.02612245
0.02551005 0.01216805 0.02612245
0.02366272 0.01185748 0.02612245
0.02188007 0.01152524 0.02612245
0.02016386 0.01117179 0.02612245
0.01851579 0.01079776 0.02612245
0.01693748 0.01040366 0.02612245
0.01543048 0.00999017 0.02612245
0.01399629 0.00955800 0.02612245
0.01263633 0.00910759 0.02612245
0.01135192 0.00863988 0.02612245
0.01014435 0.00815553 0.02612245
0.00901479 0.00765528 0.02612245
0.00796438 0.00713992 0.02612245
0.00699414 0.00660984 0.02612245
0.00610503 0.00606573 0.02612245
0.00529793 0.00550907 0.02612245
0.00457363 0.00493975 0.02612245
0.00393285 0.00435818 0.02612245
0.00337623 0.00376489 0.02612245
0.00290431 0.00316217 0.02612245
0.00251755 0.00254820 0.02612245
0.00221635 0.00192370 0.02612245
0.00200099 0.00128986 0.02612245
0.00187169 0.00064683 0.02612245
0.00182857 0.00000000 0.02612245
#18
0.00194286 0.00000000 0.02775510
0.00198676 -0.00065325 0.02775510
0.00211842 -0.00130102 0.02775510
0.00233772 -0.00193969 0.02775510
0.00264442 -0.00256906 0.02775510
0.00303822 -0.00318602 0.02775510
0.00351872 -0.00379389 0.02775510
0.00408544 -0.00439061 0.02775510
0.00473781 -0.00497597 0.02775510
0.00547517 -0.00554897 0.02775510
0.00629677 -0.00610952 0.02775510
0.00720180 -0.00665613 0.02775510
0.00818934 -0.00718883 0.02775510
0.00925840 -0.00770679 0.02775510
0.01040789 -0.00820888 0.02775510
0.01163667 -0.00869478 0.02775510
0.01294349 -0.00916359 0.02775510
0.01432704 -0.00961468 0.02775510
0.01578593 -0.01004711 0.02775510
0.01731868 -0.01046037 0.02775510
0.01892375 -0.01085368 0.02775510
0.02059954 -0.01122654 0.02775510
0.02234434 -0.01157822 0.02775510
0.02415640 -0.01190828 0.02775510
0.02603391 -0.01221612 0.02775510
0.02797496 -0.01250143 0.02775510
0.02997760 -0.01276378 0.02775510
0.03203982 -0.01300285 0.02775510
0.03415954 -0.01321845 0.02775510
0.03633463 -0.01341033 0.02775510
0.03856289 -0.01357846 0.02775510
0.04084209 -0.01372281 0.02775510
0.04316992 -0.01384339 0.02775510
0.04554405 -0.01394038 0.02775510
0.04796208 -0.01401391 0.02775510
0.05042157 -0.01406429 0.02775510
0.05292006 -0.01409183 0.02775510
0.05545502 -0.01409693 0.02775510
0.05802391 -0.01408002 0.02775510
0.06062413 -0.01404165 0.02775510
0.06325307 -0.01398236 0.02775510
0.06590809 -0.01390277 0.02775510
0.06858650 -0.01380355 0.02775510
0.07128561 -0.01368539 0.02775510
0.07400270 -0.01354903 0.02775510
0.07673504 -0.01339524 0.02775510
0.07947988 -0.01322480 0.02775510
0.08223445 -0.01303852 0.02775510
0.08499598 -0.01283725 0.02775510
0.08776169 -0.01262182 0.02775510
0.09052879 -0.01239307 0.02775510
0.09329449 -0.01215189 0.02775510
0.09605602 -0.01189910 0.02775510
0.09881059 -0.01163557 0.02775510
0.10155543 -0.01136216 0.02775510
0.10428777 -0.01107970 0.02775510
0.10700487 -0.01078903 0.02775510
0.10970398 -0.01049099 0.02775510
0.11238239 -0.01018637 0.02775510
0.11503740 -0.00987598 0.02775510
0.11766634 -0.00956062 0.02775510
0.12026657 -0.00924106 0.02775510
0.12283545 -0.00891804 0.02775510
0.12537042 -0.00859234 0.02775510
0.12786890 -0.00826469 0.02775510
0.13032840 -0.00793580 0.02775510
0.13274643 -0.00760640 0.02775510
0.13512055 -0.00727718 0.02775510
0.13744839 -0.00694885 0.02775510
0.13972758 -0.00662209 0.02775510
0.14195584 -0.00629758 0.02775510
0.14413093 -0.00597600 0.02775510
0.14625065 -0.00565801 0.02775510
0.14831287 -0.00534427 0.02775510
0.15031552 -0.00503544 0.02775510
0.15225657 -0.00473217 0.02775510
0.15413407 -0.00443510 0.02775510
0.15594614 -0.00414489 0.02775510
0.15769094 -0.00386215 0.02775510
0.15936672 -0.00358753 0.02775510
0.16097180 -0.00332163 0.02775510
0.16250455 -0.00306506 0.02775510
0.16396343 -0.00281842 0.02775510
0.16534698 -0.00258231 0.02775510
0.16665380 -0.00235727 0.02775510
0.16788258 -0.00214386 0.02775510
0.16903208 -0.00194262 0.02775510
0.17010113 -0.00175406 0.02775510
0.17108867 -0.00157867 0.02775510
0.17199370 -0.00141688 0.02775510
0.17281531 -0.00126913 0.02775510
0.17355267 -0.00113583 0.02775510
0.17420504 -0.00101733 0.02775510
0.17477176 -0.00091395 0.02775510
0.17525226 -0.00082598 0.02775510
0.17564606 -0.00075366 0.02775510
0.17595276 -0.00066059 0.02775510
0.17617205 -0.00048221 0.02775510
0.17630371 -0.00025284 0.02775510
0.17634762 0.00000000 0.02775510
0.17630459 0.00025038 0.02775510
0.17617554 0.00047802 0.02775510
0.17596061 0.00065630 0.02775510
0.17566000 0.00075110 0.02775510
0.17527401 0.00082199 0.02775510
0.17480302 0.00090823 0.02775510
0.17424750 0.00100959 0.02775510
0.17360799 0.00112580 0.02775510
0.17288513 0.00125654 0.02775510
0.17207963 0.00140146 0.02775510
0.17119228 0.00156019 0.02775510
0.17022396 0.00173231 0.02775510
0.16917563 0.00191738 0.02775510
0.16804831 0.00211494 0.02775510
0.16684313 0.00232450 0.02775510
0.16556127 0.00254554 0.02775510
0.16420399 0.00277753 0.02775510
0.16277264 0.00301991 0.02775510
0.16126863 0.00327214 0.02775510
0.15969344 0.00353363 0.02775510
0.15804864 0.00380379 0.02775510
0.15633583 0.00408202 0.02775510
0.15455671 0.00436773 0.02775510
0.15271304 0.00466029 0.02775510
0.15080663 0.00495907 0.02775510
0.14883937 0.00526347 0.02775510
0.14681321 0.00557285 0.02775510
0.14473013 0.00588657 0.02775510
0.14259219 0.00620399 0.02775510
0.14040151 0.00652447 0.02775510
0.13816025 0.00684735 0.02775510
0.13587061 0.00717199 0.02775510
0.13353486 0.00749770 0.02775510
0.13115530 0.00782382 0.02775510
0.12873429 0.00814968 0.02775510
0.12627421 0.00847457 0.02775510
0.12377748 0.00879781 0.02775510
0.12124657 0.00911867 0.02775510
0.11868399 0.00943645 0.02775510
0.11609225 0.00975040 0.02775510
0.11347393 0.01005976 0.02775510
0.11083159 0.01036380 0.02775510
0.10816785 0.01066173 0.02775510
0.10548533 0.01095277 0.02775510
0.10278670 0.01123612 0.02775510
0.10007459 0.01151098 0.02775510
0.09735171 0.01177653 0.02775510
0.09462072 0.01203194 0.02775510
0.09188433 0.01227639 0.02775510
0.08914524 0.01250905 0.02775510
0.08640614 0.01272910 0.02775510
0.08366975 0.01293568 0.02775510
0.08093877 0.01312799 0.02775510
0.07821588 0.01330521 0.02775510
0.07550378 0.01346655 0.02775510
0.07280514 0.01361122 0.02775510
0.07012263 0.01373847 0.02775510
0.06745889 0.01384757 0.02775510
0.06481655 0.01393782 0.02775510
0.06219822 0.01400855 0.02775510
0.05960648 0.01405913 0.02775510
0.05704390 0.01408901 0.02775510
0.05451300 0.01409763 0.02775510
0.05201627 0.01408452 0.02775510
0.04955619 0.01404927 0.02775510
0.04713517 0.01399154 0.02775510
0.04475561 0.01391096 0.02775510
0.04241987 0.01380740 0.02775510
0.04013023 0.01368060 0.02775510
0.03788896 0.01353052 0.02775510
0.03569828 0.01335714 0.02775510
0.03356035 0.01316044 0.02775510
0.03147727 0.01294064 0.02775510
0.02945110 0.01269782 0.02775510
0.02748384 0.01243227 0.02775510
0.02557744 0.01214427 0.02775510
0.02373377 0.01183430 0.02775510
0.02195465 0.01150270 0.02775510
0.02024184 0.01114994 0.02775510
0.01859703 0.01077664 0.02775510
0.01702184 0.01038330 0.02775510
0.01551783 0.00997062 0.02775510
0.01408648 0.00953929 0.02775510
0.01272921 0.00908975 0.02775510
0.01144735 0.00862296 0.02775510
0.01024216 0.00813956 0.02775510
0.00911485 0.00764028 0.02775510
0.00806651 0.00712593 0.02775510
0.00709819 0.00659689 0.02775510
0.00621085 0.00605384 0.02775510
0.00540534 0.00549827 0.02775510
0.00468248 0.00493006 0.02775510
0.00404297 0.00434963 0.02775510
0.00348745 0.00375751 0.02775510
0.00301646 0.00315597 0.02775510
0.00263047 0.00254321 0.02775510
0.00232986 0.00191993 0.02775510
0.00211493 0.00128733 0.02775510
0.00198589 0.00064556 0.02775510
0.00194286 0.00000000 0.02775510
#19
0.00205714 0.00000000 0.02938776
0.00210096 -0.00065197 0.02938776
0.00223236 -0.00129847 0.02938776
0.00245122 -0.00193588 0.02938776
0.00275731 -0.00256401 0.02938776
0.00315033 -0.00317976 0.02938776
0.00362988 -0.00378643 0.02938776
0.00419547 -0.00438199 0.02938776
0.00484655 -0.00496619 0.02938776
0.00558244 -0.00553807 0.02938776
0.00640242 -0.00609752 0.02938776
0.00730566 -0.00664307 0.02938776
0.00829124 -0.00717472 0.02938776
0.00935817 -0.00769166 0.02938776
0.01050538 -0.00819277 0.02938776
0.01173172 -0.00867772 0.02938776
0.01303595 -0.00914561 0.02938776
0.01441675 -0.00959582 0.02938776
0.01587275 -0.01002740 0.02938776
0.01740246 -0.01043986 0.02938776
0.01900435 -0.01083240 0.02938776
0.02067680 -0.01120454 0.02938776
0.02241814 -0.01155554 0.02938776
0.02422661 -0.01188495 0.02938776
0.02610039 -0.01219220 0.02938776
0.02803759 -0.01247696 0.02938776
0.03003626 -0.01273880 0.02938776
0.03209439 -0.01297742 0.02938776
0.03420991 -0.01319261 0.02938776
0.03638068 -0.01338413 0.02938776
0.03860452 -0.01355194 0.02938776
0.04087919 -0.01369602 0.02938776
0.04320241 -0.01381638 0.02938776
0.04557182 -0.01391319 0.02938776
0.04798505 -0.01398659 0.02938776
0.05043967 -0.01403688 0.02938776
0.05293320 -0.01406439 0.02938776
0.05546313 -0.01406950 0.02938776
0.05802692 -0.01405264 0.02938776
0.06062198 -0.01401437 0.02938776
0.06324571 -0.01395521 0.02938776
0.06589545 -0.01387579 0.02938776
0.06856855 -0.01377679 0.02938776
0.07126231 -0.01365888 0.02938776
0.07397401 -0.01352281 0.02938776
0.07670093 -0.01336934 0.02938776
0.07944032 -0.01319925 0.02938776
0.08218943 -0.01301336 0.02938776
0.08494547 -0.01281250 0.02938776
0.08770569 -0.01259751 0.02938776
0.09046730 -0.01236924 0.02938776
0.09322752 -0.01212855 0.02938776
0.09598357 -0.01187627 0.02938776
0.09873268 -0.01161328 0.02938776
0.10147207 -0.01134043 0.02938776
0.10419899 -0.01105855 0.02938776
0.10691069 -0.01076847 0.02938776
0.10960445 -0.01047103 0.02938776
0.11227754 -0.01016703 0.02938776
0.11492729 -0.00985727 0.02938776
0.11755101 -0.00954255 0.02938776
0.12014608 -0.00922363 0.02938776
0.12270987 -0.00890127 0.02938776
0.12523980 -0.00857623 0.02938776
0.12773333 -0.00824924 0.02938776
0.13018795 -0.00792101 0.02938776
0.13260118 -0.00759228 0.02938776
0.13497059 -0.00726372 0.02938776
0.13729380 -0.00693606 0.02938776
0.13956848 -0.00660996 0.02938776
0.14179232 -0.00628610 0.02938776
0.14396309 -0.00596517 0.02938776
0.14607861 -0.00564782 0.02938776
0.14813673 -0.00533472 0.02938776
0.15013541 -0.00502651 0.02938776
0.15207260 -0.00472386 0.02938776
0.15394638 -0.00442739 0.02938776
0.15575485 -0.00413776 0.02938776
0.15749619 -0.00385560 0.02938776
0.15916865 -0.00358153 0.02938776
0.16077054 -0.00331617 0.02938776
0.16230025 -0.00306012 0.02938776
0.16375624 -0.00281398 0.02938776
0.16513705 -0.00257834 0.02938776
0.16644127 -0.00235376 0.02938776
0.16766761 -0.00214078 0.02938776
0.16881483 -0.00193996 0.02938776
0.16988176 -0.00175178 0.02938776
0.17086734 -0.00157673 0.02938776
0.17177057 -0.00141528 0.02938776
0.17259055 -0.00126783 0.02938776
0.17332645 -0.00113480 0.02938776
0.17397752 -0.00101654 0.02938776
0.17454312 -0.00091337 0.02938776
0.17502267 -0.00082558 0.02938776
0.17541569 -0.00075341 0.02938776
0.17572178 -0.00066016 0.02938776
0.17594063 -0.00048179 0.02938776
0.17607204 -0.00025259 0.02938776
0.17611585 0.00000000 0.02938776
0.17607291 0.00025014 0.02938776
0.17594412 0.00047761 0.02938776
0.17572961 0.00065588 0.02938776
0.17542960 0.00075085 0.02938776
0.17504438 0.00082160 0.02938776
0.17457432 0.00090766 0.02938776
0.17401990 0.00100882 0.02938776
0.17338167 0.00112479 0.02938776
0.17266024 0.00125526 0.02938776
0.17185633 0.00139989 0.02938776
0.17097074 0.00155829 0.02938776
0.17000435 0.00173007 0.02938776
0.16895809 0.00191477 0.02938776
0.16783301 0.00211193 0.02938776
0.16663022 0.00232106 0.02938776
0.16535090 0.00254165 0.02938776
0.16399632 0.00277317 0.02938776
0.16256781 0.00301506 0.02938776
0.16106679 0.00326678 0.02938776
0.15949473 0.00352774 0.02938776
0.15785318 0.00379736 0.02938776
0.15614377 0.00407503 0.02938776
0.15436818 0.00436015 0.02938776
0.15252817 0.00465212 0.02938776
0.15062555 0.00495030 0.02938776
0.14866219 0.00525408 0.02938776
0.14664004 0.00556284 0.02938776
0.14456110 0.00587593 0.02938776
0.14242740 0.00619270 0.02938776
0.14024107 0.00651253 0.02938776
0.13800425 0.00683476 0.02938776
0.13571916 0.00715874 0.02938776
0.13338804 0.00748379 0.02938776
0.13101321 0.00780926 0.02938776
0.12859700 0.00813446 0.02938776
0.12614180 0.00845870 0.02938776
0.12365002 0.00878128 0.02938776
0.12112414 0.00910150 0.02938776
0.11856664 0.00941863 0.02938776
0.11598005 0.00973194 0.02938776
0.11336691 0.01004068 0.02938776
0.11072982 0.01034410 0.02938776
0.10807136 0.01064142 0.02938776
0.10539417 0.01093187 0.02938776
0.10270089 0.01121465 0.02938776
0.09999417 0.01148894 0.02938776
0.09727668 0.01175395 0.02938776
0.09455112 0.01200885 0.02938776
0.09182016 0.01225280 0.02938776
0.08908650 0.01248498 0.02938776
0.08635284 0.01270457 0.02938776
0.08362188 0.01291074 0.02938776
0.08089631 0.01310264 0.02938776
0.07817883 0.01327950 0.02938776
0.07547211 0.01344050 0.02938776
0.07277882 0.01358487 0.02938776
0.07010163 0.01371185 0.02938776
0.06744318 0.01382071 0.02938776
0.06480608 0.01391077 0.02938776
0.06219295 0.01398134 0.02938776
0.05960636 0.01403180 0.02938776
0.05704886 0.01406160 0.02938776
0.05452297 0.01407019 0.02938776
0.05203120 0.01405709 0.02938776
0.04957600 0.01402190 0.02938776
0.04715979 0.01396426 0.02938776
0.04478495 0.01388383 0.02938776
0.04245384 0.01378045 0.02938776
0.04016874 0.01365388 0.02938776
0.03793193 0.01350409 0.02938776
0.03574559 0.01333103 0.02938776
0.03361190 0.01313471 0.02938776
0.03153295 0.01291533 0.02938776
0.02951080 0.01267297 0.02938776
0.02754745 0.01240794 0.02938776
0.02564483 0.01212049 0.02938776
0.02380482 0.01181112 0.02938776
0.02202923 0.01148016 0.02938776
0.02031982 0.01112808 0.02938776
0.01867827 0.01075551 0.02938776
0.01710621 0.01036294 0.02938776
0.01560518 0.00995106 0.02938776
0.01417667 0.00952058 0.02938776
0.01282209 0.00907192 0.02938776
0.01154277 0.00860604 0.02938776
0.01033998 0.00812358 0.02938776
0.00921490 0.00762528 0.02938776
0.00816865 0.00711194 0.02938776
0.00720225 0.00658394 0.02938776
0.00631666 0.00604196 0.02938776
0.00551276 0.00548747 0.02938776
0.00479133 0.00492038 0.02938776
0.00415309 0.00434109 0.02938776
0.00359867 0.00375013 0.02938776
0.00312862 0.00314977 0.02938776
0.00274340 0.00253821 0.02938776
0.00244338 0.00191616 0.02938776
0.00222888 0.00128480 0.02938776
0.00210009 0.00064430 0.02938776
0.00205714 0.00000000 0.02938776
#20
0.00217143 0.00000000 0.03102041
0.00221516 -0.00065069 0.03102041
0.00234630 -0.00129591 0.03102041
0.00256472 -0.00193207 0.03102041
0.00287020 -0.00255896 0.03102041
0.00326244 -0.00317350 0.03102041
0.00374104 -0.00377898 0.03102041
0.00430551 -0.00437336 0.03102041
0.00495529 -0.00495642 0.03102041
0.00568972 -0.00552717 0.03102041
0.00650807 -0.00608553 0.03102041
0.00740951 -0.00663000 0.03102041
0.00839313 -0.00716060 0.03102041
0.00945794 -0.00767654 0.03102041
0.01060287 -0.00817666 0.03102041
0.01182677 -0.00866066 0.03102041
0.01312841 -0.00912763 0.03102041
0.01450647 -0.00957696 0.03102041
0.01595956 -0.01000770 0.03102041
0.01748623 -0.01041935 0.03102041
0.01908494 -0.01081113 0.03102041
0.02075407 -0.01118254 0.03102041
0.02249195 -0.01153286 0.03102041
0.02429682 -0.01186163 0.03102041
0.02616688 -0.01216829 0.03102041
0.02810022 -0.01245250 0.03102041
0.03009492 -0.01271383 0.03102041
0.03214896 -0.01295198 0.03102041
0.03426027 -0.01316677 0.03102041
0.03642672 -0.01335792 0.03102041
0.03864614 -0.01352541 0.03102041
0.04091629 -0.01366923 0.03102041
0.04323489 -0.01378936 0.03102041
0.04559959 -0.01388600 0.03102041
0.04800803 -0.01395927 0.03102041
0.05045776 -0.01400948 0.03102041
0.05294634 -0.01403695 0.03102041
0.05547124 -0.01404207 0.03102041
0.05802993 -0.01402526 0.03102041
0.06061984 -0.01398708 0.03102041
0.06323834 -0.01392806 0.03102041
0.06588282 -0.01384882 0.03102041
0.06855060 -0.01375002 0.03102041
0.07123900 -0.01363237 0.03102041
0.07394532 -0.01349658 0.03102041
0.07666681 -0.01334344 0.03102041
0.07940076 -0.01317370 0.03102041
0.08214440 -0.01298819 0.03102041
0.08489497 -0.01278776 0.03102041
0.08764970 -0.01257321 0.03102041
0.09040582 -0.01234541 0.03102041
0.09316055 -0.01210521 0.03102041
0.09591112 -0.01185345 0.03102041
0.09865476 -0.01159100 0.03102041
0.10138870 -0.01131870 0.03102041
0.10411020 -0.01103739 0.03102041
0.10681651 -0.01074791 0.03102041
0.10950491 -0.01045107 0.03102041
0.11217270 -0.01014769 0.03102041
0.11481717 -0.00983856 0.03102041
0.11743568 -0.00952447 0.03102041
0.12002559 -0.00920620 0.03102041
0.12258428 -0.00888450 0.03102041
0.12510918 -0.00856011 0.03102041
0.12759775 -0.00823378 0.03102041
0.13004749 -0.00790622 0.03102041
0.13245592 -0.00757815 0.03102041
0.13482063 -0.00725027 0.03102041
0.13713922 -0.00692326 0.03102041
0.13940937 -0.00659782 0.03102041
0.14162879 -0.00627463 0.03102041
0.14379525 -0.00595434 0.03102041
0.14590656 -0.00563764 0.03102041
0.14796060 -0.00532517 0.03102041
0.14995529 -0.00501759 0.03102041
0.15188864 -0.00471554 0.03102041
0.15375869 -0.00441968 0.03102041
0.15556357 -0.00413064 0.03102041
0.15730145 -0.00384905 0.03102041
0.15897058 -0.00357553 0.03102041
0.16056928 -0.00331071 0.03102041
0.16209595 -0.00305518 0.03102041
0.16354905 -0.00280954 0.03102041
0.16492711 -0.00257438 0.03102041
0.16622874 -0.00235025 0.03102041
0.16745264 -0.00213771 0.03102041
0.16859758 -0.00193729 0.03102041
0.16966239 -0.00174949 0.03102041
0.17064601 -0.00157480 0.03102041
0.17154745 -0.00141367 0.03102041
0.17236580 -0.00126653 0.03102041
0.17310023 -0.00113377 0.03102041
0.17375001 -0.00101575 0.03102041
0.17431448 -0.00091278 0.03102041
0.17479308 -0.00082517 0.03102041
0.17518531 -0.00075315 0.03102041
0.17549080 -0.00065974 0.03102041
0.17570922 -0.00048138 0.03102041
0.17584036 -0.00025235 0.03102041
0.17588409 0.00000000 0.03102041
0.17584123 0.00024990 0.03102041
0.17571270 0.00047719 0.03102041
0.17549862 0.00065545 0.03102041
0.17519920 0.00075060 0.03102041
0.17481474 0.00082120 0.03102041
0.17434562 0.00090709 0.03102041
0.17379231 0.00100804 0.03102041
0.17315534 0.00112378 0.03102041
0.17243534 0.00125399 0.03102041
0.17163304 0.00139832 0.03102041
0.17074921 0.00155640 0.03102041
0.16978473 0.00172783 0.03102041
0.16874056 0.00191215 0.03102041
0.16761772 0.00210891 0.03102041
0.16641732 0.00231762 0.03102041
0.16514054 0.00253776 0.03102041
0.16378865 0.00276881 0.03102041
0.16236298 0.00301021 0.03102041
0.16086494 0.00326142 0.03102041
0.15929601 0.00352185 0.03102041
0.15765772 0.00379092 0.03102041
0.15595171 0.00406803 0.03102041
0.15417965 0.00435257 0.03102041
0.15234330 0.00464395 0.03102041
0.15044446 0.00494153 0.03102041
0.14848501 0.00524470 0.03102041
0.14646688 0.00555282 0.03102041
0.14439207 0.00586528 0.03102041
0.14226262 0.00618142 0.03102041
0.14008063 0.00650060 0.03102041
0.13784826 0.00682218 0.03102041
0.13556771 0.00714550 0.03102041
0.13324123 0.00746989 0.03102041
0.13087111 0.00779470 0.03102041
0.12845971 0.00811924 0.03102041
0.12600939 0.00844282 0.03102041
0.12352257 0.00876475 0.03102041
0.12100171 0.00908432 0.03102041
0.11844929 0.00940080 0.03102041
0.11586784 0.00971348 0.03102041
0.11325990 0.01002159 0.03102041
0.11062805 0.01032440 0.03102041
0.10797488 0.01062112 0.03102041
0.10530301 0.01091097 0.03102041
0.10261508 0.01119317 0.03102041
0.09991374 0.01146691 0.03102041
0.09720166 0.01173138 0.03102041
0.09448151 0.01198575 0.03102041
0.09175598 0.01222920 0.03102041
0.08902776 0.01246091 0.03102041
0.08629954 0.01268005 0.03102041
0.08357400 0.01288579 0.03102041
0.08085386 0.01307730 0.03102041
0.07814177 0.01325378 0.03102041
0.07544044 0.01341445 0.03102041
0.07275251 0.01355851 0.03102041
0.07008064 0.01368522 0.03102041
0.06742747 0.01379385 0.03102041
0.06479562 0.01388371 0.03102041
0.06218768 0.01395413 0.03102041
0.05960623 0.01400447 0.03102041
0.05705381 0.01403420 0.03102041
0.05453295 0.01404275 0.03102041
0.05204613 0.01402966 0.03102041
0.04959581 0.01399452 0.03102041
0.04718440 0.01393698 0.03102041
0.04481429 0.01385669 0.03102041
0.04248781 0.01375350 0.03102041
0.04020726 0.01362717 0.03102041
0.03797489 0.01347765 0.03102041
0.03579290 0.01330493 0.03102041
0.03366345 0.01310898 0.03102041
0.03158864 0.01289002 0.03102041
0.02957051 0.01264813 0.03102041
0.02761106 0.01238360 0.03102041
0.02571222 0.01209672 0.03102041
0.02387586 0.01178794 0.03102041
0.02210381 0.01145763 0.03102041
0.02039779 0.01110623 0.03102041
0.01875951 0.01073439 0.03102041
0.01719058 0.01034258 0.03102041
0.01569253 0.00993151 0.03102041
0.01426687 0.00950187 0.03102041
0.01291498 0.00905409 0.03102041
0.01163820 0.00858912 0.03102041
0.01043780 0.00810761 0.03102041
0.00931496 0.00761028 0.03102041
0.00827079 0.00709795 0.03102041
0.00730631 0.00657098 0.03102041
0.00642248 0.00603007 0.03102041
0.00562017 0.00547668 0.03102041
0.00490018 0.00491070 0.03102041
0.00426321 0.00433254 0.03102041
0.00370989 0.00374275 0.03102041
0.00324077 0.00314357 0.03102041
0.00285632 0.00253322 0.03102041
0.00255690 0.00191239 0.03102041
0.00234282 0.00128227 0.03102041
0.00221429 0.00064303 0.03102041
0.00217143 0.00000000 0.03102041
#21
0.00228571 0.00000000 0.03265306
0.00232936 -0.00064941 0.03265306
0.00246024 -0.00129336 0.03265306
0.00267822 -0.00192826 0.03265306
0.00298310 -0.00255391 0.03265306
0.00337455 -0.00316724 0.03265306
0.00385219 -0.00377153 0.03265306
0.00441554 -0.00436474 0.03265306
0.00506403 -0.00494665 0.03265306
0.00579700 -0.00551628 0.03265306
0.00661371 -0.00607353 0.03265306
0.00751336 -0.00661693 0.03265306
0.00849502 -0.00714649 0.03265306
0.00955771 -0.00766141 0.03265306
0.01070036 -0.00816055 0.03265306
0.01192182 -0.00864360 0.03265306
0.01322087 -0.00910966 0.03265306
0.01459618 -0.00955810 0.03265306
0.01604638 -0.00998800 0.03265306
0.01757001 -0.01039884 0.03265306
0.01916553 -0.01078985 0.03265306
0.02083134 -0.01116054 0.03265306
0.02256576 -0.01151018 0.03265306
0.02436703 -0.01183831 0.03265306
0.02623336 -0.01214437 0.03265306
0.02816286 -0.01242803 0.03265306
0.03015358 -0.01268886 0.03265306
0.03220353 -0.01292655 0.03265306
0.03431063 -0.01314092 0.03265306
0.03647277 -0.01333171 0.03265306
0.03868777 -0.01349889 0.03265306
0.04095340 -0.01364244 0.03265306
0.04326737 -0.01376235 0.03265306
0.04562737 -0.01385881 0.03265306
0.04803100 -0.01393195 0.03265306
0.05047586 -0.01398208 0.03265306
0.05295947 -0.01400951 0.03265306
0.05547935 -0.01401464 0.03265306
0.05803294 -0.01399788 0.03265306
0.06061769 -0.01395979 0.03265306
0.06323098 -0.01390091 0.03265306
0.06587019 -0.01382184 0.03265306
0.06853266 -0.01372326 0.03265306
0.07121570 -0.01360586 0.03265306
0.07391662 -0.01347036 0.03265306
0.07663270 -0.01331754 0.03265306
0.07936120 -0.01314815 0.03265306
0.08209937 -0.01296303 0.03265306
0.08484446 -0.01276301 0.03265306
0.08759371 -0.01254891 0.03265306
0.09034433 -0.01232157 0.03265306
0.09309358 -0.01208187 0.03265306
0.09583867 -0.01183062 0.03265306
0.09857684 -0.01156871 0.03265306
0.10130534 -0.01129697 0.03265306
0.10402142 -0.01101624 0.03265306
0.10672234 -0.01072734 0.03265306
0.10940538 -0.01043111 0.03265306
0.11206785 -0.01012834 0.03265306
0.11470706 -0.00981985 0.03265306
0.11732035 -0.00950640 0.03265306
0.11990510 -0.00918878 0.03265306
0.12245869 -0.00886772 0.03265306
0.12497857 -0.00854400 0.03265306
0.12746218 -0.00821833 0.03265306
0.12990704 -0.00789144 0.03265306
0.13231067 -0.00756403 0.03265306
0.13467067 -0.00723681 0.03265306
0.13698464 -0.00691047 0.03265306
0.13925027 -0.00658569 0.03265306
0.14146527 -0.00626315 0.03265306
0.14362741 -0.00594352 0.03265306
0.14573451 -0.00562745 0.03265306
0.14778446 -0.00531562 0.03265306
0.14977518 -0.00500866 0.03265306
0.15170468 -0.00470723 0.03265306
0.15357100 -0.00441197 0.03265306
0.15537228 -0.00412351 0.03265306
0.15710670 -0.00384249 0.03265306
0.15877251 -0.00356954 0.03265306
0.16036803 -0.00330524 0.03265306
0.16189166 -0.00305024 0.03265306
0.16334186 -0.00280510 0.03265306
0.16471717 -0.00257041 0.03265306
0.16601621 -0.00234674 0.03265306
0.16723768 -0.00213463 0.03265306
0.16838033 -0.00193462 0.03265306
0.16944302 -0.00174720 0.03265306
0.17042468 -0.00157287 0.03265306
0.17132432 -0.00141207 0.03265306
0.17214104 -0.00126523 0.03265306
0.17287401 -0.00113274 0.03265306
0.17352250 -0.00101496 0.03265306
0.17408584 -0.00091220 0.03265306
0.17456349 -0.00082477 0.03265306
0.17495494 -0.00075289 0.03265306
0.17525982 -0.00065932 0.03265306
0.17547780 -0.00048096 0.03265306
0.17560868 -0.00025211 0.03265306
0.17565232 0.00000000 0.03265306
0.17560955 0.00024966 0.03265306
0.17548127 0.00047678 0.03265306
0.17526762 0.00065503 0.03265306
0.17496880 0.00075035 0.03265306
0.17458511 0.00082081 0.03265306
0.17411692 0.00090652 0.03265306
0.17356471 0.00100727 0.03265306
0.17292901 0.00112276 0.03265306
0.17221045 0.00125271 0.03265306
0.17140974 0.00139675 0.03265306
0.17052767 0.00155451 0.03265306
0.16956512 0.00172559 0.03265306
0.16852302 0.00190953 0.03265306
0.16740242 0.00210589 0.03265306
0.16620441 0.00231417 0.03265306
0.16493018 0.00253387 0.03265306
0.16358098 0.00276445 0.03265306
0.16215815 0.00300536 0.03265306
0.16066310 0.00325606 0.03265306
0.15909729 0.00351596 0.03265306
0.15746227 0.00378449 0.03265306
0.15575965 0.00406103 0.03265306
0.15399113 0.00434500 0.03265306
0.15215843 0.00463578 0.03265306
0.15026337 0.00493276 0.03265306
0.14830782 0.00523531 0.03265306
0.14629372 0.00554281 0.03265306
0.14422304 0.00585463 0.03265306
0.14209783 0.00617013 0.03265306
0.13992019 0.00648866 0.03265306
0.13769226 0.00680959 0.03265306
0.13541626 0.00713226 0.03265306
0.13309441 0.00745599 0.03265306
0.13072902 0.00778014 0.03265306
0.12832242 0.00810402 0.03265306
0.12587698 0.00842695 0.03265306
0.12339511 0.00874822 0.03265306
0.12087927 0.00906714 0.03265306
0.11833194 0.00938298 0.03265306
0.11575563 0.00969502 0.03265306
0.11315289 0.01000251 0.03265306
0.11052628 0.01030470 0.03265306
0.10787840 0.01060081 0.03265306
0.10521185 0.01089008 0.03265306
0.10252928 0.01117170 0.03265306
0.09983332 0.01144488 0.03265306
0.09712664 0.01170881 0.03265306
0.09441191 0.01196266 0.03265306
0.09169181 0.01220561 0.03265306
0.08896902 0.01243684 0.03265306
0.08624623 0.01265552 0.03265306
0.08352613 0.01286084 0.03265306
0.08081140 0.01305195 0.03265306
0.07810472 0.01322807 0.03265306
0.07540876 0.01338839 0.03265306
0.07272619 0.01353216 0.03265306
0.07005964 0.01365860 0.03265306
0.06741176 0.01376700 0.03265306
0.06478515 0.01385666 0.03265306
0.06218240 0.01392692 0.03265306
0.05960610 0.01397714 0.03265306
0.05705877 0.01400679 0.03265306
0.05454293 0.01401531 0.03265306
0.05206106 0.01400223 0.03265306
0.04961562 0.01396714 0.03265306
0.04720902 0.01390970 0.03265306
0.04484363 0.01382955 0.03265306
0.04252178 0.01372655 0.03265306
0.04024577 0.01360045 0.03265306
0.03801785 0.01345122 0.03265306
0.03584021 0.01327882 0.03265306
0.03371500 0.01308325 0.03265306
0.03164432 0.01286471 0.03265306
0.02963021 0.01262328 0.03265306
0.02767467 0.01235927 0.03265306
0.02577961 0.01207294 0.03265306
0.02394691 0.01176476 0.03265306
0.02217838 0.01143509 0.03265306
0.02047577 0.01108438 0.03265306
0.01884075 0.01071326 0.03265306
0.01727494 0.01032223 0.03265306
0.01577988 0.00991196 0.03265306
0.01435706 0.00948316 0.03265306
0.01300786 0.00903625 0.03265306
0.01173363 0.00857219 0.03265306
0.01053562 0.00809164 0.03265306
0.00941502 0.00759529 0.03265306
0.00837292 0.00708396 0.03265306
0.00741036 0.00655803 0.03265306
0.00652830 0.00601818 0.03265306
0.00572759 0.00546588 0.03265306
0.00500903 0.00490102 0.03265306
0.00437333 0.00432400 0.03265306
0.00382111 0.00373537 0.03265306
0.00335293 0.00313736 0.03265306
0.00296924 0.00252822 0.03265306
0.00267042 0.00190862 0.03265306
0.00245676 0.00127975 0.03265306
0.00232849 0.00064177 0.03265306
0.00228571 0.00000000 0.03265306
#22
0.00240000 0.00000000 0.03428571
0.00244355 -0.00064813 0.03428571
0.00257417 -0.00129080 0.03428571
0.00279173 -0.00192445 0.03428571
0.00309599 -0.00254886 0.03428571
0.00348667 -0.00316098 0.03428571
0.00396335 -0.00376408 0.03428571
0.00452558 -0.00435612 0.03428571
0.00517277 -0.00493687 0.03428571
0.00590427 -0.00550538 0.03428571
0.00671936 -0.00606154 0.03428571
0.00761721 -0.00660386 0.03428571
0.00859691 -0.00713238 0.03428571
0.00965748 -0.00764628 0.03428571
0.01079785 -0.00814444 0.03428571
0.01201688 -0.00862654 0.03428571
0.01331333 -0.00909168 0.03428571
0.01468589 -0.00953925 0.03428571
0.01613320 -0.00996830 0.03428571
0.01765379 -0.01037834 0.03428571
0.01924612 -0.01076858 0.03428571
0.02090861 -0.01113854 0.03428571
0.02263956 -0.01148749 0.03428571
0.02443724 -0.01181499 0.03428571
0.02629985 -0.01212045 0.03428571
0.02822549 -0.01240356 0.03428571
0.03021224 -0.01266388 0.03428571
0.03225809 -0.01290112 0.03428571
0.03436099 -0.01311508 0.03428571
0.03651882 -0.01330551 0.03428571
0.03872939 -0.01347237 0.03428571
0.04099050 -0.01361564 0.03428571
0.04329986 -0.01373533 0.03428571
0.04565514 -0.01383162 0.03428571
0.04805398 -0.01390463 0.03428571
0.05049395 -0.01395468 0.03428571
0.05297261 -0.01398207 0.03428571
0.05548745 -0.01398720 0.03428571
0.05803595 -0.01397050 0.03428571
0.06061554 -0.01393250 0.03428571
0.06322362 -0.01387375 0.03428571
0.06585756 -0.01379486 0.03428571
0.06851471 -0.01369650 0.03428571
0.07119240 -0.01357935 0.03428571
0.07388793 -0.01344414 0.03428571
0.07659858 -0.01329163 0.03428571
0.07932164 -0.01312260 0.03428571
0.08205434 -0.01293787 0.03428571
0.08479396 -0.01273827 0.03428571
0.08753771 -0.01252460 0.03428571
0.09028285 -0.01229774 0.03428571
0.09302660 -0.01205853 0.03428571
0.09576622 -0.01180780 0.03428571
0.09849892 -0.01154642 0.03428571
0.10122198 -0.01127525 0.03428571
0.10393263 -0.01099508 0.03428571
0.10662816 -0.01070678 0.03428571
0.10930585 -0.01041115 0.03428571
0.11196300 -0.01010900 0.03428571
0.11459694 -0.00980113 0.03428571
0.11720502 -0.00948833 0.03428571
0.11978461 -0.00917135 0.03428571
0.12233310 -0.00885095 0.03428571
0.12484795 -0.00852788 0.03428571
0.12732661 -0.00820288 0.03428571
0.12976658 -0.00787665 0.03428571
0.13216542 -0.00754991 0.03428571
0.13452070 -0.00722335 0.03428571
0.13683006 -0.00689768 0.03428571
0.13909117 -0.00657356 0.03428571
0.14130174 -0.00625167 0.03428571
0.14345957 -0.00593269 0.03428571
0.14556247 -0.00561727 0.03428571
0.14760832 -0.00530607 0.03428571
0.14959507 -0.00499973 0.03428571
0.15152071 -0.00469892 0.03428571
0.15338332 -0.00440425 0.03428571
0.15518100 -0.00411638 0.03428571
0.15691195 -0.00383594 0.03428571
0.15857444 -0.00356354 0.03428571
0.16016677 -0.00329978 0.03428571
0.16168736 -0.00304529 0.03428571
0.16313467 -0.00280065 0.03428571
0.16450723 -0.00256645 0.03428571
0.16580368 -0.00234323 0.03428571
0.16702271 -0.00213156 0.03428571
0.16816308 -0.00193195 0.03428571
0.16922365 -0.00174492 0.03428571
0.17020335 -0.00157094 0.03428571
0.17110120 -0.00141047 0.03428571
0.17191629 -0.00126392 0.03428571
0.17264779 -0.00113170 0.03428571
0.17329498 -0.00101416 0.03428571
0.17385721 -0.00091162 0.03428571
0.17433389 -0.00082437 0.03428571
0.17472457 -0.00075264 0.03428571
0.17502883 -0.00065889 0.03428571
0.17524639 -0.00048054 0.03428571
0.17537701 -0.00025186 0.03428571
0.17542056 0.00000000 0.03428571
0.17537787 0.00024942 0.03428571
0.17524985 0.00047636 0.03428571
0.17503662 0.00065460 0.03428571
0.17473840 0.00075010 0.03428571
0.17435547 0.00082041 0.03428571
0.17388822 0.00090595 0.03428571
0.17333711 0.00100649 0.03428571
0.17270268 0.00112175 0.03428571
0.17198556 0.00125143 0.03428571
0.17118645 0.00139518 0.03428571
0.17030614 0.00155262 0.03428571
0.16934550 0.00172335 0.03428571
0.16830549 0.00190692 0.03428571
0.16718712 0.00210288 0.03428571
0.16599150 0.00231073 0.03428571
0.16471982 0.00252998 0.03428571
0.16337331 0.00276009 0.03428571
0.16195333 0.00300051 0.03428571
0.16046125 0.00325070 0.03428571
0.15889857 0.00351007 0.03428571
0.15726681 0.00377805 0.03428571
0.15556760 0.00405403 0.03428571
0.15380260 0.00433742 0.03428571
0.15197356 0.00462761 0.03428571
0.15008229 0.00492398 0.03428571
0.14813064 0.00522592 0.03428571
0.14612055 0.00553280 0.03428571
0.14405401 0.00584399 0.03428571
0.14193304 0.00615884 0.03428571
0.13975975 0.00647673 0.03428571
0.13753627 0.00679700 0.03428571
0.13526481 0.00711901 0.03428571
0.13294760 0.00744209 0.03428571
0.13058693 0.00776558 0.03428571
0.12818513 0.00808880 0.03428571
0.12574457 0.00841107 0.03428571
0.12326766 0.00873169 0.03428571
0.12075684 0.00904996 0.03428571
0.11821459 0.00936516 0.03428571
0.11564343 0.00967656 0.03428571
0.11304588 0.00998342 0.03428571
0.11042451 0.01028499 0.03428571
0.10778191 0.01058051 0.03428571
0.10512069 0.01086918 0.03428571
0.10244347 0.01115023 0.03428571
0.09975289 0.01142285 0.03428571
0.09705162 0.01168623 0.03428571
0.09434231 0.01193956 0.03428571
0.09162763 0.01218201 0.03428571
0.08891028 0.01241277 0.03428571
0.08619293 0.01263100 0.03428571
0.08347825 0.01283589 0.03428571
0.08076894 0.01302660 0.03428571
0.07806767 0.01320235 0.03428571
0.07537709 0.01336234 0.03428571
0.07269987 0.01350580 0.03428571
0.07003865 0.01363198 0.03428571
0.06739605 0.01374014 0.03428571
0.06477468 0.01382961 0.03428571
0.06217713 0.01389971 0.03428571
0.05960597 0.01394981 0.03428571
0.05706372 0.01397939 0.03428571
0.05455290 0.01398787 0.03428571
0.05207599 0.01397480 0.03428571
0.04963543 0.01393976 0.03428571
0.04723363 0.01388242 0.03428571
0.04487296 0.01380241 0.03428571
0.04255575 0.01369960 0.03428571
0.04028429 0.01357374 0.03428571
0.03806081 0.01342479 0.03428571
0.03588752 0.01325272 0.03428571
0.03376655 0.01305751 0.03428571
0.03170001 0.01283939 0.03428571
0.02968992 0.01259844 0.03428571
0.02773827 0.01233493 0.03428571
0.02584700 0.01204916 0.03428571
0.02401796 0.01174158 0.03428571
0.02225296 0.01141256 0.03428571
0.02055375 0.01106253 0.03428571
0.01892199 0.01069214 0.03428571
0.01735931 0.01030187 0.03428571
0.01586723 0.00989240 0.03428571
0.01444725 0.00946445 0.03428571
0.01310074 0.00901842 0.03428571
0.01182906 0.00855527 0.03428571
0.01063344 0.00807566 0.03428571
0.00951507 0.00758029 0.03428571
0.00847506 0.00706997 0.03428571
0.00751442 0.00654508 0.03428571
0.00663411 0.00600629 0.03428571
0.00583500 0.00545508 0.03428571
0.00511788 0.00489134 0.03428571
0.00448345 0.00431545 0.03428571
0.00393233 0.00372798 0.03428571
0.00346509 0.00313116 0.03428571
0.00308216 0.00252323 0.03428571
0.00278394 0.00190484 0.03428571
0.00257071 0.00127722 0.03428571
0.00244269 0.00064050 0.03428571
0.00240000 0.00000000 0.03428571
#23
0.00251429 0.00000000 0.03591837
0.00255775 -0.00064685 0.03591837
0.00268811 -0.00128825 0.03591837
0.00290523 -0.00192064 0.03591837
0.00320889 -0.00254381 0.03591837
0.00359878 -0.00315472 0.03591837
0.00407451 -0.00375663 0.03591837
0.00463561 -0.00434749 0.03591837
0.00528151 -0.00492710 0.03591837
0.00601155 -0.00549448 0.03591837
0.00682501 -0.00604954 0.03591837
0.00772106 -0.00659079 0.03591837
0.00869880 -0.00711827 0.03591837
0.00975725 -0.00763116 0.03591837
0.01089534 -0.00812833 0.03591837
0.01211193 -0.00860948 0.03591837
0.01340578 -0.00907370 0.03591837
0.01477561 -0.00952039 0.03591837
0.01622002 -0.00994860 0.03591837
0.01773757 -0.01035783 0.03591837
0.01932672 -0.01074730 0.03591837
0.02098587 -0.01111654 0.03591837
0.02271337 -0.01146481 0.03591837
0.02450745 -0.01179166 0.03591837
0.02636633 -0.01209653 0.03591837
0.02828812 -0.01237909 0.03591837
0.03027090 -0.01263891 0.03591837
0.03231266 -0.01287569 0.03591837
0.03441135 -0.01308924 0.03591837
0.03656486 -0.01327930 0.03591837
0.03877102 -0.01344584 0.03591837
0.04102760 -0.01358885 0.03591837
0.04333234 -0.01370832 0.03591837
0.04568291 -0.01380443 0.03591837
0.04807695 -0.01387732 0.03591837
0.05051205 -0.01392728 0.03591837
0.05298575 -0.01395463 0.03591837
0.05549556 -0.01395977 0.03591837
0.05803896 -0.01394311 0.03591837
0.06061339 -0.01390522 0.03591837
0.06321625 -0.01384660 0.03591837
0.06584492 -0.01376789 0.03591837
0.06849676 -0.01366974 0.03591837
0.07116910 -0.01355283 0.03591837
0.07385923 -0.01341791 0.03591837
0.07656447 -0.01326573 0.03591837
0.07928207 -0.01309706 0.03591837
0.08200932 -0.01291271 0.03591837
0.08474345 -0.01271352 0.03591837
0.08748172 -0.01250030 0.03591837
0.09022136 -0.01227390 0.03591837
0.09295963 -0.01203519 0.03591837
0.09569376 -0.01178498 0.03591837
0.09842101 -0.01152414 0.03591837
0.10113861 -0.01125352 0.03591837
0.10384385 -0.01097393 0.03591837
0.10653399 -0.01068621 0.03591837
0.10920632 -0.01039119 0.03591837
0.11185816 -0.01008966 0.03591837
0.11448683 -0.00978242 0.03591837
0.11708969 -0.00947025 0.03591837
0.11966412 -0.00915392 0.03591837
0.12220752 -0.00883418 0.03591837
0.12471733 -0.00851177 0.03591837
0.12719103 -0.00818743 0.03591837
0.12962613 -0.00786186 0.03591837
0.13202017 -0.00753579 0.03591837
0.13437074 -0.00720990 0.03591837
0.13667548 -0.00688489 0.03591837
0.13893206 -0.00656142 0.03591837
0.14113822 -0.00624019 0.03591837
0.14329173 -0.00592186 0.03591837
0.14539042 -0.00560708 0.03591837
0.14743218 -0.00529652 0.03591837
0.14941496 -0.00499081 0.03591837
0.15133675 -0.00469060 0.03591837
0.15319563 -0.00439654 0.03591837
0.15498971 -0.00410926 0.03591837
0.15671721 -0.00382938 0.03591837
0.15837636 -0.00355754 0.03591837
0.15996552 -0.00329432 0.03591837
0.16148306 -0.00304035 0.03591837
0.16292747 -0.00279621 0.03591837
0.16429730 -0.00256249 0.03591837
0.16559115 -0.00233973 0.03591837
0.16680774 -0.00212848 0.03591837
0.16794583 -0.00192928 0.03591837
0.16900428 -0.00174263 0.03591837
0.16998202 -0.00156901 0.03591837
0.17087807 -0.00140887 0.03591837
0.17169153 -0.00126262 0.03591837
0.17242157 -0.00113067 0.03591837
0.17306747 -0.00101337 0.03591837
0.17362857 -0.00091104 0.03591837
0.17410430 -0.00082396 0.03591837
0.17449420 -0.00075238 0.03591837
0.17479785 -0.00065847 0.03591837
0.17501497 -0.00048013 0.03591837
0.17514533 -0.00025162 0.03591837
0.17518880 0.00000000 0.03591837
0.17514619 0.00024917 0.03591837
0.17501843 0.00047595 0.03591837
0.17480563 0.00065417 0.03591837
0.17450800 0.00074984 0.03591837
0.17412584 0.00082002 0.03591837
0.17365953 0.00090538 0.03591837
0.17310951 0.00100571 0.03591837
0.17247635 0.00112074 0.03591837
0.17176066 0.00125016 0.03591837
0.17096315 0.00139361 0.03591837
0.17008460 0.00155072 0.03591837
0.16912589 0.00172111 0.03591837
0.16808796 0.00190430 0.03591837
0.16697182 0.00209986 0.03591837
0.16577860 0.00230729 0.03591837
0.16450945 0.00252609 0.03591837
0.16316564 0.00275573 0.03591837
0.16174850 0.00299566 0.03591837
0.16025941 0.00324534 0.03591837
0.15869985 0.00350418 0.03591837
0.15707136 0.00377161 0.03591837
0.15537554 0.00404703 0.03591837
0.15361407 0.00432984 0.03591837
0.15178869 0.00461944 0.03591837
0.14990120 0.00491521 0.03591837
0.14795346 0.00521653 0.03591837
0.14594739 0.00552279 0.03591837
0.14388498 0.00583334 0.03591837
0.14176825 0.00614755 0.03591837
0.13959931 0.00646479 0.03591837
0.13738028 0.00678441 0.03591837
0.13511336 0.00710577 0.03591837
0.13280078 0.00742819 0.03591837
0.13044483 0.00775102 0.03591837
0.12804783 0.00807358 0.03591837
0.12561216 0.00839519 0.03591837
0.12314020 0.00871516 0.03591837
0.12063440 0.00903278 0.03591837
0.11809724 0.00934734 0.03591837
0.11553122 0.00965810 0.03591837
0.11293887 0.00996434 0.03591837
0.11032274 0.01026529 0.03591837
0.10768543 0.01056020 0.03591837
0.10502953 0.01084828 0.03591837
0.10235766 0.01112875 0.03591837
0.09967247 0.01140081 0.03591837
0.09697659 0.01166366 0.03591837
0.09427270 0.01191647 0.03591837
0.09156346 0.01215842 0.03591837
0.08885154 0.01238869 0.03591837
0.08613962 0.01260648 0.03591837
0.08343038 0.01281094 0.03591837
0.08072649 0.01300125 0.03591837
0.07803061 0.01317664 0.03591837
0.07534542 0.01333629 0.03591837
0.07267355 0.01347945 0.03591837
0.07001765 0.01360535 0.03591837
0.06738034 0.01371328 0.03591837
0.06476421 0.01380255 0.03591837
0.06217186 0.01387250 0.03591837
0.05960584 0.01392249 0.03591837
0.05706868 0.01395198 0.03591837
0.05456288 0.01396043 0.03591837
0.05209093 0.01394737 0.03591837
0.04965525 0.01391239 0.03591837
0.04725825 0.01385514 0.03591837
0.04490230 0.01377528 0.03591837
0.04258973 0.01367266 0.03591837
0.04032280 0.01354703 0.03591837
0.03810378 0.01339835 0.03591837
0.03593483 0.01322661 0.03591837
0.03381810 0.01303178 0.03591837
0.03175569 0.01281408 0.03591837
0.02974962 0.01257359 0.03591837
0.02780188 0.01231060 0.03591837
0.02591439 0.01202538 0.03591837
0.02408901 0.01171840 0.03591837
0.02232754 0.01139002 0.03591837
0.02063173 0.01104068 0.03591837
0.01900323 0.01067102 0.03591837
0.01744367 0.01028151 0.03591837
0.01595459 0.00987285 0.03591837
0.01453744 0.00944574 0.03591837
0.01319363 0.00900059 0.03591837
0.01192448 0.00853835 0.03591837
0.01073126 0.00805969 0.03591837
0.00961513 0.00756529 0.03591837
0.00857719 0.00705599 0.03591837
0.00761848 0.00653212 0.03591837
0.00673993 0.00599441 0.03591837
0.00594242 0.00544428 0.03591837
0.00522673 0.00488166 0.03591837
0.00459357 0.00430691 0.03591837
0.00404356 0.00372060 0.03591837
0.00357724 0.00312496 0.03591837
0.00319508 0.00251824 0.03591837
0.00289745 0.00190107 0.03591837
0.00268465 0.00127469 0.03591837
0.00255689 0.00063923 0.03591837
0.00251429 0.00000000 0.03591837
#24
0.00262857 0.00000000 0.03755102
0.00267195 -0.00064556 0.03755102
0.00280205 -0.00128570 0.03755102
0.00301873 -0.00191683 0.03755102
0.00332178 -0.00253876 0.03755102
0.00371089 -0.00314846 0.03755102
0.00418567 -0.00374917 0.03755102
0.00474564 -0.00433887 0.03755102
0.00539025 -0.00491732 0.03755102
0.00611883 -0.00548358 0.03755102
0.00693066 -0.00603754 0.03755102
0.00782491 -0.00657773 0.03755102
0.00880069 -0.00710416 0.03755102
0.00985702 -0.00761603 0.03755102
0.01099283 -0.00811222 0.03755102
0.01220698 -0.00859241 0.03755102
0.01349824 -0.00905572 0.03755102
0.01486532 -0.00950153 0.03755102
0.01630684 -0.00992889 0.03755102
0.01782134 -0.01033732 0.03755102
0.01940731 -0.01072603 0.03755102
0.02106314 -0.01109454 0.03755102
0.02278717 -0.01144213 0.03755102
0.02457766 -0.01176834 0.03755102
0.02643282 -0.01207262 0.03755102
0.02835076 -0.01235462 0.03755102
0.03032956 -0.01261394 0.03755102
0.03236723 -0.01285026 0.03755102
0.03446172 -0.01306340 0.03755102
0.03661091 -0.01325309 0.03755102
0.03881264 -0.01341932 0.03755102
0.04106471 -0.01356206 0.03755102
0.04336482 -0.01368130 0.03755102
0.04571069 -0.01377724 0.03755102
0.04809993 -0.01385000 0.03755102
0.05053014 -0.01389988 0.03755102
0.05299889 -0.01392720 0.03755102
0.05550367 -0.01393234 0.03755102
0.05804197 -0.01391573 0.03755102
0.06061124 -0.01387793 0.03755102
0.06320889 -0.01381945 0.03755102
0.06583229 -0.01374091 0.03755102
0.06847881 -0.01364297 0.03755102
0.07114579 -0.01352632 0.03755102
0.07383054 -0.01339169 0.03755102
0.07653035 -0.01323983 0.03755102
0.07924251 -0.01307151 0.03755102
0.08196429 -0.01288755 0.03755102
0.08469294 -0.01268877 0.03755102
0.08742572 -0.01247599 0.03755102
0.09015988 -0.01225007 0.03755102
0.09289266 -0.01201185 0.03755102
0.09562131 -0.01176215 0.03755102
0.09834309 -0.01150185 0.03755102
0.10105525 -0.01123179 0.03755102
0.10375506 -0.01095277 0.03755102
0.10643981 -0.01066565 0.03755102
0.10910679 -0.01037123 0.03755102
0.11175331 -0.01007032 0.03755102
0.11437672 -0.00976371 0.03755102
0.11697436 -0.00945218 0.03755102
0.11954363 -0.00913650 0.03755102
0.12208193 -0.00881740 0.03755102
0.12458672 -0.00849566 0.03755102
0.12705546 -0.00817197 0.03755102
0.12948567 -0.00784707 0.03755102
0.13187492 -0.00752167 0.03755102
0.13422078 -0.00719644 0.03755102
0.13652090 -0.00687209 0.03755102
0.13877296 -0.00654929 0.03755102
0.14097469 -0.00622872 0.03755102
0.14312389 -0.00591103 0.03755102
0.14521837 -0.00559690 0.03755102
0.14725604 -0.00528696 0.03755102
0.14923484 -0.00498188 0.03755102
0.15115279 -0.00468229 0.03755102
0.15300794 -0.00438883 0.03755102
0.15479843 -0.00410213 0.03755102
0.15652246 -0.00382283 0.03755102
0.15817829 -0.00355154 0.03755102
0.15976426 -0.00328886 0.03755102
0.16127876 -0.00303541 0.03755102
0.16272028 -0.00279177 0.03755102
0.16408736 -0.00255852 0.03755102
0.16537862 -0.00233622 0.03755102
0.16659277 -0.00212540 0.03755102
0.16772858 -0.00192662 0.03755102
0.16878491 -0.00174035 0.03755102
0.16976069 -0.00156708 0.03755102
0.17065495 -0.00140726 0.03755102
0.17146677 -0.00126132 0.03755102
0.17219536 -0.00112964 0.03755102
0.17283996 -0.00101258 0.03755102
0.17339993 -0.00091046 0.03755102
0.17387471 -0.00082356 0.03755102
0.17426382 -0.00075212 0.03755102
0.17456687 -0.00065804 0.03755102
0.17478355 -0.00047971 0.03755102
0.17491365 -0.00025137 0.03755102
0.17495703 0.00000000 0.03755102
0.17491451 0.00024893 0.03755102
0.17478701 0.00047553 0.03755102
0.17457463 0.00065374 0.03755102
0.17427760 0.00074959 0.03755102
0.17389621 0.00081962 0.03755102
0.17343083 0.00090481 0.03755102
0.17288192 0.00100494 0.03755102
0.17225002 0.00111973 0.03755102
0.17153577 0.00124888 0.03755102
0.17073985 0.00139203 0.03755102
0.16986307 0.00154883 0.03755102
0.16890628 0.00171886 0.03755102
0.16787042 0.00190168 0.03755102
0.16675653 0.00209684 0.03755102
0.16556569 0.00230385 0.03755102
0.16429909 0.00252220 0.03755102
0.16295797 0.00275137 0.03755102
0.16154367 0.00299081 0.03755102
0.16005756 0.00323998 0.03755102
0.15850113 0.00349829 0.03755102
0.15687590 0.00376518 0.03755102
0.15518348 0.00404003 0.03755102
0.15342554 0.00432227 0.03755102
0.15160382 0.00461128 0.03755102
0.14972011 0.00490644 0.03755102
0.14777628 0.00520715 0.03755102
0.14577423 0.00551277 0.03755102
0.14371595 0.00582269 0.03755102
0.14160347 0.00613626 0.03755102
0.13943886 0.00645286 0.03755102
0.13722428 0.00677183 0.03755102
0.13496190 0.00709252 0.03755102
0.13265396 0.00741428 0.03755102
0.13030274 0.00773646 0.03755102
0.12791054 0.00805836 0.03755102
0.12547975 0.00837932 0.03755102
0.12301274 0.00869863 0.03755102
0.12051197 0.00901560 0.03755102
0.11797989 0.00932951 0.03755102
0.11541901 0.00963965 0.03755102
0.11283185 0.00994525 0.03755102
0.11022097 0.01024559 0.03755102
0.10758895 0.01053989 0.03755102
0.10493837 0.01082739 0.03755102
0.10227186 0.01110728 0.03755102
0.09959204 0.01137878 0.03755102
0.09690157 0.01164108 0.03755102
0.09420310 0.01189337 0.03755102
0.09149929 0.01213482 0.03755102
0.08879280 0.01236462 0.03755102
0.08608632 0.01258195 0.03755102
0.08338250 0.01278599 0.03755102
0.08068403 0.01297591 0.03755102
0.07799356 0.01315092 0.03755102
0.07531375 0.01331024 0.03755102
0.07264723 0.01345309 0.03755102
0.06999666 0.01357873 0.03755102
0.06736463 0.01368643 0.03755102
0.06475375 0.01377550 0.03755102
0.06216659 0.01384529 0.03755102
0.05960571 0.01389516 0.03755102
0.05707363 0.01392458 0.03755102
0.05457286 0.01393300 0.03755102
0.05210586 0.01391994 0.03755102
0.04967506 0.01388501 0.03755102
0.04728287 0.01382786 0.03755102
0.04493164 0.01374814 0.03755102
0.04262370 0.01364571 0.03755102
0.04036132 0.01352031 0.03755102
0.03814674 0.01337192 0.03755102
0.03598214 0.01320051 0.03755102
0.03386965 0.01300605 0.03755102
0.03181137 0.01278877 0.03755102
0.02980933 0.01254875 0.03755102
0.02786549 0.01228626 0.03755102
0.02598178 0.01200160 0.03755102
0.02416006 0.01169522 0.03755102
0.02240212 0.01136748 0.03755102
0.02070970 0.01101883 0.03755102
0.01908448 0.01064989 0.03755102
0.01752804 0.01026115 0.03755102
0.01604194 0.00985330 0.03755102
0.01462763 0.00942703 0.03755102
0.01328651 0.00898275 0.03755102
0.01201991 0.00852143 0.03755102
0.01082908 0.00804371 0.03755102
0.00971518 0.00755030 0.03755102
0.00867933 0.00704200 0.03755102
0.00772253 0.00651917 0.03755102
0.00684575 0.00598252 0.03755102
0.00604984 0.00543348 0.03755102
0.00533558 0.00487198 0.03755102
0.00470369 0.00429836 0.03755102
0.00415478 0.00371322 0.03755102
0.00368940 0.00311876 0.03755102
0.00330800 0.00251324 0.03755102
0.00301097 0.00189730 0.03755102
0.00279860 0.00127216 0.03755102
0.00267109 0.00063797 0.03755102
0.00262857 0.00000000 0.03755102
#25
0.00274286 0.00000000 0.03918367
0.00278615 -0.00064428 0.03918367
0.00291599 -0.00128314 0.03918367
0.00313223 -0.00191302 0.03918367
0.00343467 -0.00253371 0.03918367
0.00382300 -0.00314220 0.03918367
0.00429683 -0.00374172 0.03918367
0.00485568 -0.00433024 0.03918367
0.00549899 -0.00490755 0.03918367
0.00622611 -0.00547269 0.03918367
0.00703630 -0.00602555 0.03918367
0.00792876 -0.00656466 0.03918367
0.00890258 -0.00709004 0.03918367
0.00995679 -0.00760090 0.03918367
0.01109032 -0.00809611 0.03918367
0.01230203 -0.00857535 0.03918367
0.01359070 -0.00903775 0.03918367
0.01495503 -0.00948267 0.03918367
0.01639366 -0.00990919 0.03918367
0.01790512 -0.01031681 0.03918367
0.01948790 -0.01070475 0.03918367
0.02114041 -0.01107254 0.03918367
0.02286098 -0.01141945 0.03918367
0.02464787 -0.01174502 0.03918367
0.02649930 -0.01204870 0.03918367
0.02841339 -0.01233016 0.03918367
0.03038822 -0.01258897 0.03918367
0.03242180 -0.01282483 0.03918367
0.03451208 -0.01303755 0.03918367
0.03665696 -0.01322689 0.03918367
0.03885427 -0.01339280 0.03918367
0.04110181 -0.01353527 0.03918367
0.04339731 -0.01365429 0.03918367
0.04573846 -0.01375005 0.03918367
0.04812290 -0.01382268 0.03918367
0.05054824 -0.01387248 0.03918367
0.05301202 -0.01389976 0.03918367
0.05551178 -0.01390491 0.03918367
0.05804499 -0.01388835 0.03918367
0.06060909 -0.01385064 0.03918367
0.06320152 -0.01379230 0.03918367
0.06581966 -0.01371393 0.03918367
0.06846087 -0.01361621 0.03918367
0.07112249 -0.01349981 0.03918367
0.07380185 -0.01336547 0.03918367
0.07649624 -0.01321393 0.03918367
0.07920295 -0.01304596 0.03918367
0.08191926 -0.01286239 0.03918367
0.08464244 -0.01266403 0.03918367
0.08736973 -0.01245169 0.03918367
0.09009840 -0.01222623 0.03918367
0.09282569 -0.01198851 0.03918367
0.09554886 -0.01173933 0.03918367
0.09826517 -0.01147957 0.03918367
0.10097189 -0.01121006 0.03918367
0.10366628 -0.01093162 0.03918367
0.10634563 -0.01064508 0.03918367
0.10900726 -0.01035127 0.03918367
0.11164847 -0.01005098 0.03918367
0.11426660 -0.00974500 0.03918367
0.11685903 -0.00943411 0.03918367
0.11942314 -0.00911907 0.03918367
0.12195634 -0.00880063 0.03918367
0.12445610 -0.00847954 0.03918367
0.12691988 -0.00815652 0.03918367
0.12934522 -0.00783229 0.03918367
0.13172966 -0.00750755 0.03918367
0.13407081 -0.00718298 0.03918367
0.13636632 -0.00685930 0.03918367
0.13861385 -0.00653716 0.03918367
0.14081117 -0.00621724 0.03918367
0.14295605 -0.00590021 0.03918367
0.14504633 -0.00558671 0.03918367
0.14707990 -0.00527741 0.03918367
0.14905473 -0.00497295 0.03918367
0.15096882 -0.00467398 0.03918367
0.15282025 -0.00438111 0.03918367
0.15460715 -0.00409501 0.03918367
0.15632771 -0.00381627 0.03918367
0.15798022 -0.00354554 0.03918367
0.15956300 -0.00328340 0.03918367
0.16107447 -0.00303047 0.03918367
0.16251309 -0.00278733 0.03918367
0.16387742 -0.00255456 0.03918367
0.16516609 -0.00233271 0.03918367
0.16637780 -0.00212233 0.03918367
0.16751133 -0.00192395 0.03918367
0.16856554 -0.00173806 0.03918367
0.16953936 -0.00156515 0.03918367
0.17043182 -0.00140566 0.03918367
0.17124202 -0.00126002 0.03918367
0.17196914 -0.00112861 0.03918367
0.17261244 -0.00101179 0.03918367
0.17317129 -0.00090987 0.03918367
0.17364512 -0.00082316 0.03918367
0.17403345 -0.00075187 0.03918367
0.17433589 -0.00065761 0.03918367
0.17455214 -0.00047929 0.03918367
0.17468197 -0.00025113 0.03918367
0.17472527 0.00000000 0.03918367
0.17468284 0.00024869 0.03918367
0.17455558 0.00047511 0.03918367
0.17434363 0.00065330 0.03918367
0.17404720 0.00074934 0.03918367
0.17366657 0.00081923 0.03918367
0.17320213 0.00090424 0.03918367
0.17265432 0.00100416 0.03918367
0.17202369 0.00111872 0.03918367
0.17131087 0.00124760 0.03918367
0.17051656 0.00139046 0.03918367
0.16964153 0.00154694 0.03918367
0.16868666 0.00171662 0.03918367
0.16765289 0.00189907 0.03918367
0.16654123 0.00209382 0.03918367
0.16535279 0.00230041 0.03918367
0.16408873 0.00251831 0.03918367
0.16275031 0.00274701 0.03918367
0.16133884 0.00298596 0.03918367
0.15985572 0.00323462 0.03918367
0.15830241 0.00349240 0.03918367
0.15668044 0.00375874 0.03918367
0.15499142 0.00403303 0.03918367
0.15323702 0.00431469 0.03918367
0.15141895 0.00460311 0.03918367
0.14953903 0.00489767 0.03918367
0.14759909 0.00519776 0.03918367
0.14560107 0.00550276 0.03918367
0.14354692 0.00581205 0.03918367
0.14143868 0.00612497 0.03918367
0.13927842 0.00644092 0.03918367
0.13706829 0.00675924 0.03918367
0.13481045 0.00707928 0.03918367
0.13250715 0.00740038 0.03918367
0.13016064 0.00772190 0.03918367
0.12777325 0.00804314 0.03918367
0.12534734 0.00836344 0.03918367
0.12288529 0.00868210 0.03918367
0.12038954 0.00899842 0.03918367
0.11786254 0.00931169 0.03918367
0.11530681 0.00962119 0.03918367
0.11272484 0.00992617 0.03918367
0.11011920 0.01022589 0.03918367
0.10749246 0.01051959 0.03918367
0.10484721 0.01080649 0.03918367
0.10218605 0.01108581 0.03918367
0.09951162 0.01135675 0.03918367
0.09682655 0.01161851 0.03918367
0.09413349 0.01187028 0.03918367
0.09143511 0.01211123 0.03918367
0.08873406 0.01234055 0.03918367
0.08603301 0.01255743 0.03918367
0.08333463 0.01276104 0.03918367
0.08064157 0.01295056 0.03918367
0.07795651 0.01312521 0.03918367
0.07528207 0.01328419 0.03918367
0.07262092 0.01342674 0.03918367
0.06997566 0.01355210 0.03918367
0.06734892 0.01365957 0.03918367
0.06474328 0.01374845 0.03918367
0.06216132 0.01381807 0.03918367
0.05960558 0.01386783 0.03918367
0.05707859 0.01389717 0.03918367
0.05458284 0.01390556 0.03918367
0.05212079 0.01389251 0.03918367
0.04969487 0.01385763 0.03918367
0.04730748 0.01380058 0.03918367
0.04496098 0.01372100 0.03918367
0.04265767 0.01361876 0.03918367
0.04039984 0.01349360 0.03918367
0.03818970 0.01334549 0.03918367
0.03602945 0.01317440 0.03918367
0.03392121 0.01298032 0.03918367
0.03186706 0.01276346 0.03918367
0.02986903 0.01252390 0.03918367
0.02792910 0.01226193 0.03918367
0.02604917 0.01197782 0.03918367
0.02423111 0.01167204 0.03918367
0.02247670 0.01134495 0.03918367
0.02078768 0.01099698 0.03918367
0.01916572 0.01062877 0.03918367
0.01761241 0.01024079 0.03918367
0.01612929 0.00983374 0.03918367
0.01471782 0.00940832 0.03918367
0.01337939 0.00896492 0.03918367
0.01211534 0.00850451 0.03918367
0.01092689 0.00802774 0.03918367
0.00981524 0.00753530 0.03918367
0.00878146 0.00702801 0.03918367
0.00782659 0.00650622 0.03918367
0.00695157 0.00597063 0.03918367
0.00615725 0.00542268 0.03918367
0.00544443 0.00486229 0.03918367
0.00481380 0.00428982 0.03918367
0.00426600 0.00370584 0.03918367
0.00380155 0.00311256 0.03918367
0.00342092 0.00250825 0.03918367
0.00312449 0.00189353 0.03918367
0.00291254 0.00126963 0.03918367
0.00278529 0.00063670 0.03918367
0.00274286 0.00000000 0.03918367
#26
0.00285714 0.00000000 0.04081633
0.00290035 -0.00064300 0.04081633
0.00302992 -0.00128059 0.04081633
0.00324573 -0.00190922 0.04081633
0.00354757 -0.00252866 0.04081633
0.00393511 -0.00313594 0.04081633
0.00440799 -0.00373427 0.04081633
0.00496571 -0.00432162 0.04081633
0.00560773 -0.00489778 0.04081633
0.00633338 -0.00546179 0.04081633
0.00714195 -0.00601355 0.04081633
0.00803261 -0.00655159 0.04081633
0.00900448 -0.00707593 0.04081633
0.01005656 -0.00758578 0.04081633
0.01118781 -0.00808000 0.04081633
0.01239708 -0.00855829 0.04081633
0.01368316 -0.00901977 0.04081633
0.01504475 -0.00946381 0.04081633
0.01648048 -0.00988949 0.04081633
0.01798890 -0.01029630 0.04081633
0.01956849 -0.01068348 0.04081633
0.02121768 -0.01105054 0.04081633
0.02293478 -0.01139677 0.04081633
0.02471808 -0.01172170 0.04081633
0.02656578 -0.01202478 0.04081633
0.02847602 -0.01230569 0.04081633
0.03044688 -0.01256399 0.04081633
0.03247637 -0.01279940 0.04081633
0.03456244 -0.01301171 0.04081633
0.03670300 -0.01320068 0.04081633
0.03889589 -0.01336627 0.04081633
0.04113891 -0.01350847 0.04081633
0.04342979 -0.01362727 0.04081633
0.04576623 -0.01372286 0.04081633
0.04814588 -0.01379536 0.04081633
0.05056633 -0.01384507 0.04081633
0.05302516 -0.01387232 0.04081633
0.05551989 -0.01387748 0.04081633
0.05804800 -0.01386097 0.04081633
0.06060695 -0.01382336 0.04081633
0.06319416 -0.01376515 0.04081633
0.06580702 -0.01368696 0.04081633
0.06844292 -0.01358945 0.04081633
0.07109919 -0.01347330 0.04081633
0.07377315 -0.01333924 0.04081633
0.07646212 -0.01318803 0.04081633
0.07916339 -0.01302041 0.04081633
0.08187424 -0.01283722 0.04081633
0.08459193 -0.01263928 0.04081633
0.08731373 -0.01242739 0.04081633
0.09003691 -0.01220240 0.04081633
0.09275872 -0.01196517 0.04081633
0.09547641 -0.01171650 0.04081633
0.09818726 -0.01145728 0.04081633
0.10088852 -0.01118833 0.04081633
0.10357749 -0.01091046 0.04081633
0.10625146 -0.01062452 0.04081633
0.10890773 -0.01033131 0.04081633
0.11154362 -0.01003164 0.04081633
0.11415649 -0.00972628 0.04081633
0.11674370 -0.00941603 0.04081633
0.11930265 -0.00910164 0.04081633
0.12183076 -0.00878386 0.04081633
0.12432548 -0.00846343 0.04081633
0.12678431 -0.00814107 0.04081633
0.12920477 -0.00781750 0.04081633
0.13158441 -0.00749342 0.04081633
0.13392085 -0.00716953 0.04081633
0.13621173 -0.00684651 0.04081633
0.13845475 -0.00652503 0.04081633
0.14064764 -0.00620576 0.04081633
0.14278820 -0.00588938 0.04081633
0.14487428 -0.00557653 0.04081633
0.14690377 -0.00526786 0.04081633
0.14887462 -0.00496403 0.04081633
0.15078486 -0.00466566 0.04081633
0.15263256 -0.00437340 0.04081633
0.15441586 -0.00408788 0.04081633
0.15613297 -0.00380972 0.04081633
0.15778215 -0.00353954 0.04081633
0.15936175 -0.00327794 0.04081633
0.16087017 -0.00302553 0.04081633
0.16230590 -0.00278289 0.04081633
0.16366749 -0.00255059 0.04081633
0.16495356 -0.00232920 0.04081633
0.16616283 -0.00211925 0.04081633
0.16729408 -0.00192128 0.04081633
0.16834617 -0.00173577 0.04081633
0.16931803 -0.00156322 0.04081633
0.17020870 -0.00140406 0.04081633
0.17101726 -0.00125871 0.04081633
0.17174292 -0.00112757 0.04081633
0.17238493 -0.00101100 0.04081633
0.17294266 -0.00090929 0.04081633
0.17341553 -0.00082275 0.04081633
0.17380308 -0.00075161 0.04081633
0.17410491 -0.00065718 0.04081633
0.17432072 -0.00047887 0.04081633
0.17445030 -0.00025088 0.04081633
0.17449350 0.00000000 0.04081633
0.17445116 0.00024845 0.04081633
0.17432416 0.00047470 0.04081633
0.17411264 0.00065287 0.04081633
0.17381680 0.00074909 0.04081633
0.17343694 0.00081883 0.04081633
0.17297343 0.00090367 0.04081633
0.17242672 0.00100339 0.04081633
0.17179737 0.00111770 0.04081633
0.17108598 0.00124632 0.04081633
0.17029326 0.00138889 0.04081633
0.16942000 0.00154505 0.04081633
0.16846705 0.00171438 0.04081633
0.16743535 0.00189645 0.04081633
0.16632593 0.00209081 0.04081633
0.16513988 0.00229697 0.04081633
0.16387837 0.00251443 0.04081633
0.16254264 0.00274265 0.04081633
0.16113401 0.00298111 0.04081633
0.15965387 0.00322926 0.04081633
0.15810369 0.00348651 0.04081633
0.15648499 0.00375230 0.04081633
0.15479937 0.00402603 0.04081633
0.15304849 0.00430711 0.04081633
0.15123408 0.00459494 0.04081633
0.14935794 0.00488889 0.04081633
0.14742191 0.00518837 0.04081633
0.14542790 0.00549275 0.04081633
0.14337789 0.00580140 0.04081633
0.14127389 0.00611369 0.04081633
0.13911798 0.00642898 0.04081633
0.13691229 0.00674665 0.04081633
0.13465900 0.00706604 0.04081633
0.13236033 0.00738648 0.04081633
0.13001855 0.00770734 0.04081633
0.12763596 0.00802792 0.04081633
0.12521493 0.00834756 0.04081633
0.12275783 0.00866557 0.04081633
0.12026710 0.00898124 0.04081633
0.11774519 0.00929387 0.04081633
0.11519460 0.00960273 0.04081633
0.11261783 0.00990708 0.04081633
0.11001744 0.01020619 0.04081633
0.10739598 0.01049928 0.04081633
0.10475605 0.01078559 0.04081633
0.10210024 0.01106433 0.04081633
0.09943119 0.01133472 0.04081633
0.09675153 0.01159594 0.04081633
0.09406389 0.01184718 0.04081633
0.09137094 0.01208763 0.04081633
0.08867532 0.01231648 0.04081633
0.08597971 0.01253290 0.04081633
0.08328675 0.01273609 0.04081633
0.08059912 0.01292521 0.04081633
0.07791945 0.01309949 0.04081633
0.07525040 0.01325814 0.04081633
0.07259460 0.01340038 0.04081633
0.06995467 0.01352548 0.04081633
0.06733321 0.01363271 0.04081633
0.06473281 0.01372139 0.04081633
0.06215605 0.01379086 0.04081633
0.05960545 0.01384050 0.04081633
0.05708354 0.01386977 0.04081633
0.05459281 0.01387812 0.04081633
0.05213572 0.01386508 0.04081633
0.04971468 0.01383025 0.04081633
0.04733210 0.01377330 0.04081633
0.04499031 0.01369386 0.04081633
0.04269164 0.01359181 0.04081633
0.04043835 0.01346688 0.04081633
0.03823266 0.01331905 0.04081633
0.03607675 0.01314830 0.04081633
0.03397276 0.01295459 0.04081633
0.03192274 0.01273815 0.04081633
0.02992874 0.01249905 0.04081633
0.02799271 0.01223759 0.04081633
0.02611656 0.01195404 0.04081633
0.02430216 0.01164886 0.04081633
0.02255128 0.01132241 0.04081633
0.02086566 0.01097513 0.04081633
0.01924696 0.01060764 0.04081633
0.01769677 0.01022044 0.04081633
0.01621664 0.00981419 0.04081633
0.01480801 0.00938961 0.04081633
0.01347228 0.00894709 0.04081633
0.01221076 0.00848759 0.04081633
0.01102471 0.00801177 0.04081633
0.00991529 0.00752030 0.04081633
0.00888360 0.00701402 0.04081633
0.00793065 0.00649326 0.04081633
0.00705738 0.00595874 0.04081633
0.00626467 0.00541188 0.04081633
0.00555328 0.00485261 0.04081633
0.00492392 0.00428127 0.04081633
0.00437722 0.00369846 0.04081633
0.00391371 0.00310636 0.04081633
0.00353384 0.00250325 0.04081633
0.00323801 0.00188976 0.04081633
0.00302649 0.00126711 0.04081633
0.00289949 0.00063544 0.04081633
0.00285714 0.00000000 0.04081633
#27
0.00297143 0.00000000 0.04244898
0.00301455 -0.00064172 0.04244898
0.00314386 -0.00127803 0.04244898
0.00335924 -0.00190541 0.04244898
0.00366046 -0.00252361 0.04244898
0.00404723 -0.00312968 0.04244898
0.00451915 -0.00372682 0.04244898
0.00507575 -0.00431299 0.04244898
0.00571647 -0.00488800 0.04244898
0.00644066 -0.00545089 0.04244898
0.00724760 -0.00600156 0.04244898
0.00813646 -0.00653852 0.04244898
0.00910637 -0.00706182 0.04244898
0.01015633 -0.00757065 0.04244898
0.01128530 -0.00806389 0.04244898
0.01249213 -0.00854123 0.04244898
0.01377562 -0.00900179 0.04244898
0.01513446 -0.00944495 0.04244898
0.01656729 -0.00986979 0.04244898
0.01807268 -0.01027580 0.04244898
0.01964909 -0.01066220 0.04244898
0.02129494 -0.01102854 0.04244898
0.02300859 -0.01137408 0.04244898
0.02478829 -0.01169837 0.04244898
0.02663227 -0.01200086 0.04244898
0.02853866 -0.01228122 0.04244898
0.03050554 -0.01253902 0.04244898
0.03253093 -0.01277397 0.04244898
0.03461280 -0.01298587 0.04244898
0.03674905 -0.01317447 0.04244898
0.03893752 -0.01333975 0.04244898
0.04117601 -0.01348168 0.04244898
0.04346228 -0.01360026 0.04244898
0.04579401 -0.01369567 0.04244898
0.04816885 -0.01376804 0.04244898
0.05058443 -0.01381767 0.04244898
0.05303830 -0.01384488 0.04244898
0.05552800 -0.01385005 0.04244898
0.05805101 -0.01383359 0.04244898
0.06060480 -0.01379607 0.04244898
0.06318679 -0.01373800 0.04244898
0.06579439 -0.01365998 0.04244898
0.06842497 -0.01356268 0.04244898
0.07107588 -0.01344679 0.04244898
0.07374446 -0.01331302 0.04244898
0.07642801 -0.01316212 0.04244898
0.07912383 -0.01299487 0.04244898
0.08182921 -0.01281206 0.04244898
0.08454142 -0.01261453 0.04244898
0.08725774 -0.01240308 0.04244898
0.08997543 -0.01217857 0.04244898
0.09269174 -0.01194183 0.04244898
0.09540396 -0.01169368 0.04244898
0.09810934 -0.01143499 0.04244898
0.10080516 -0.01116660 0.04244898
0.10348871 -0.01088931 0.04244898
0.10615728 -0.01060395 0.04244898
0.10880819 -0.01031135 0.04244898
0.11143877 -0.01001229 0.04244898
0.11404637 -0.00970757 0.04244898
0.11662837 -0.00939796 0.04244898
0.11918216 -0.00908421 0.04244898
0.12170517 -0.00876708 0.04244898
0.12419487 -0.00844731 0.04244898
0.12664874 -0.00812562 0.04244898
0.12906431 -0.00780271 0.04244898
0.13143916 -0.00747930 0.04244898
0.13377089 -0.00715607 0.04244898
0.13605715 -0.00683371 0.04244898
0.13829565 -0.00651289 0.04244898
0.14048412 -0.00619429 0.04244898
0.14262036 -0.00587855 0.04244898
0.14470223 -0.00556634 0.04244898
0.14672763 -0.00525831 0.04244898
0.14869451 -0.00495510 0.04244898
0.15060090 -0.00465735 0.04244898
0.15244487 -0.00436569 0.04244898
0.15422458 -0.00408075 0.04244898
0.15593822 -0.00380317 0.04244898
0.15758408 -0.00353354 0.04244898
0.15916049 -0.00327248 0.04244898
0.16066587 -0.00302059 0.04244898
0.16209871 -0.00277844 0.04244898
0.16345755 -0.00254663 0.04244898
0.16474103 -0.00232570 0.04244898
0.16594787 -0.00211618 0.04244898
0.16707683 -0.00191861 0.04244898
0.16812680 -0.00173349 0.04244898
0.16909670 -0.00156129 0.04244898
0.16998557 -0.00140246 0.04244898
0.17079251 -0.00125741 0.04244898
0.17151670 -0.00112654 0.04244898
0.17215742 -0.00101020 0.04244898
0.17271402 -0.00090871 0.04244898
0.17318594 -0.00082235 0.04244898
0.17357271 -0.00075135 0.04244898
0.17387393 -0.00065675 0.04244898
0.17408931 -0.00047845 0.04244898
0.17421862 -0.00025064 0.04244898
0.17426174 0.00000000 0.04244898
0.17421948 0.00024820 0.04244898
0.17409274 0.00047428 0.04244898
0.17388164 0.00065243 0.04244898
0.17358640 0.00074884 0.04244898
0.17320730 0.00081844 0.04244898
0.17274473 0.00090310 0.04244898
0.17219913 0.00100261 0.04244898
0.17157104 0.00111669 0.04244898
0.17086108 0.00124505 0.04244898
0.17006997 0.00138732 0.04244898
0.16919846 0.00154315 0.04244898
0.16824743 0.00171214 0.04244898
0.16721782 0.00189383 0.04244898
0.16611064 0.00208779 0.04244898
0.16492697 0.00229352 0.04244898
0.16366800 0.00251054 0.04244898
0.16233497 0.00273829 0.04244898
0.16092918 0.00297626 0.04244898
0.15945203 0.00322390 0.04244898
0.15790497 0.00348062 0.04244898
0.15628953 0.00374587 0.04244898
0.15460731 0.00401903 0.04244898
0.15285996 0.00429954 0.04244898
0.15104921 0.00458677 0.04244898
0.14917685 0.00488012 0.04244898
0.14724473 0.00517898 0.04244898
0.14525474 0.00548273 0.04244898
0.14320886 0.00579075 0.04244898
0.14110910 0.00610240 0.04244898
0.13895754 0.00641705 0.04244898
0.13675630 0.00673406 0.04244898
0.13450755 0.00705279 0.04244898
0.13221351 0.00737258 0.04244898
0.12987645 0.00769277 0.04244898
0.12749867 0.00801270 0.04244898
0.12508252 0.00833169 0.04244898
0.12263038 0.00864904 0.04244898
0.12014467 0.00896406 0.04244898
0.11762784 0.00927605 0.04244898
0.11508239 0.00958427 0.04244898
0.11251082 0.00988800 0.04244898
0.10991567 0.01018649 0.04244898
0.10729949 0.01047898 0.04244898
0.10466488 0.01076469 0.04244898
0.10201444 0.01104286 0.04244898
0.09935077 0.01131268 0.04244898
0.09667650 0.01157336 0.04244898
0.09399429 0.01182409 0.04244898
0.09130676 0.01206404 0.04244898
0.08861658 0.01229241 0.04244898
0.08592640 0.01250838 0.04244898
0.08323888 0.01271114 0.04244898
0.08055666 0.01289987 0.04244898
0.07788240 0.01307378 0.04244898
0.07521873 0.01323209 0.04244898
0.07256828 0.01337403 0.04244898
0.06993367 0.01349886 0.04244898
0.06731750 0.01360585 0.04244898
0.06472235 0.01369434 0.04244898
0.06215077 0.01376365 0.04244898
0.05960532 0.01381317 0.04244898
0.05708850 0.01384236 0.04244898
0.05460279 0.01385068 0.04244898
0.05215065 0.01383765 0.04244898
0.04973450 0.01380288 0.04244898
0.04735672 0.01374602 0.04244898
0.04501965 0.01366673 0.04244898
0.04272561 0.01356486 0.04244898
0.04047687 0.01344017 0.04244898
0.03827562 0.01329262 0.04244898
0.03612406 0.01312219 0.04244898
0.03402431 0.01292886 0.04244898
0.03197843 0.01271283 0.04244898
0.02998844 0.01247421 0.04244898
0.02805631 0.01221326 0.04244898
0.02618395 0.01193026 0.04244898
0.02437320 0.01162568 0.04244898
0.02262586 0.01129987 0.04244898
0.02094363 0.01095328 0.04244898
0.01932820 0.01058652 0.04244898
0.01778114 0.01020008 0.04244898
0.01630399 0.00979464 0.04244898
0.01489820 0.00937089 0.04244898
0.01356516 0.00892926 0.04244898
0.01230619 0.00847067 0.04244898
0.01112253 0.00799579 0.04244898
0.01001535 0.00750530 0.04244898
0.00898573 0.00700003 0.04244898
0.00803470 0.00648031 0.04244898
0.00716320 0.00594685 0.04244898
0.00637208 0.00540108 0.04244898
0.00566213 0.00484293 0.04244898
0.00503404 0.00427273 0.04244898
0.00448844 0.00369108 0.04244898
0.00402586 0.00310015 0.04244898
0.00364677 0.00249826 0.04244898
0.00335152 0.00188599 0.04244898
0.00314043 0.00126458 0.04244898
0.00301369 0.00063417 0.04244898
0.00297143 0.00000000 0.04244898
#28
0.00308571 0.00000000 0.04408163
0.00312875 -0.00064038 0.04408163
0.00325780 -0.00127548 0.04408163
0.00347274 -0.00190160 0.04408163
0.00377335 -0.00251856 0.04408163
0.00415934 -0.00312343 0.04408163
0.00463031 -0.00371937 0.04408163
0.00518578 -0.00430437 0.04408163
0.00582521 -0.00487823 0.04408163
0.00654794 -0.00543999 0.04408163
0.00735324 -0.00598956 0.04408163
0.00824031 -0.00652545 0.04408163
0.00920826 -0.00704771 0.04408163
0.01025610 -0.00755553 0.04408163
0.01138279 -0.00804778 0.04408163
0.01258719 -0.00852417 0.04408163
0.01386808 -0.00898381 0.04408163
0.01522417 -0.00942609 0.04408163
0.01665411 -0.00985008 0.04408163
0.01815645 -0.01025529 0.04408163
0.01972968 -0.01064093 0.04408163
0.02137221 -0.01100654 0.04408163
0.02308239 -0.01135140 0.04408163
0.02485850 -0.01167505 0.04408163
0.02669875 -0.01197695 0.04408163
0.02860129 -0.01225675 0.04408163
0.03056420 -0.01251405 0.04408163
0.03258550 -0.01274854 0.04408163
0.03466316 -0.01296003 0.04408163
0.03679509 -0.01314827 0.04408163
0.03897914 -0.01331323 0.04408163
0.04121312 -0.01345489 0.04408163
0.04349476 -0.01357324 0.04408163
0.04582178 -0.01366848 0.04408163
0.04819183 -0.01374072 0.04408163
0.05060252 -0.01379027 0.04408163
0.05305144 -0.01381744 0.04408163
0.05553610 -0.01382262 0.04408163
0.05805402 -0.01380621 0.04408163
0.06060265 -0.01376878 0.04408163
0.06317943 -0.01371084 0.04408163
0.06578176 -0.01363300 0.04408163
0.06840703 -0.01353592 0.04408163
0.07105258 -0.01342028 0.04408163
0.07371576 -0.01328679 0.04408163
0.07639389 -0.01313622 0.04408163
0.07908427 -0.01296932 0.04408163
0.08178418 -0.01278690 0.04408163
0.08449092 -0.01258979 0.04408163
0.08720175 -0.01237878 0.04408163
0.08991394 -0.01215473 0.04408163
0.09262477 -0.01191849 0.04408163
0.09533151 -0.01167086 0.04408163
0.09803142 -0.01141271 0.04408163
0.10072180 -0.01114487 0.04408163
0.10339992 -0.01086815 0.04408163
0.10606311 -0.01058339 0.04408163
0.10870866 -0.01029139 0.04408163
0.11133393 -0.00999295 0.04408163
0.11393626 -0.00968886 0.04408163
0.11651304 -0.00937988 0.04408163
0.11906167 -0.00906679 0.04408163
0.12157958 -0.00875031 0.04408163
0.12406425 -0.00843120 0.04408163
0.12651316 -0.00811017 0.04408163
0.12892386 -0.00778793 0.04408163
0.13129391 -0.00746518 0.04408163
0.13362093 -0.00714261 0.04408163
0.13590257 -0.00682092 0.04408163
0.13813654 -0.00650076 0.04408163
0.14032059 -0.00618281 0.04408163
0.14245252 -0.00586772 0.04408163
0.14453019 -0.00555616 0.04408163
0.14655149 -0.00524876 0.04408163
0.14851440 -0.00494617 0.04408163
0.15041693 -0.00464904 0.04408163
0.15225718 -0.00435797 0.04408163
0.15403329 -0.00407363 0.04408163
0.15574348 -0.00379661 0.04408163
0.15738601 -0.00352755 0.04408163
0.15895924 -0.00326702 0.04408163
0.16046157 -0.00301565 0.04408163
0.16189151 -0.00277400 0.04408163
0.16324761 -0.00254267 0.04408163
0.16452850 -0.00232219 0.04408163
0.16573290 -0.00211310 0.04408163
0.16685958 -0.00191594 0.04408163
0.16790743 -0.00173120 0.04408163
0.16887537 -0.00155936 0.04408163
0.16976245 -0.00140086 0.04408163
0.17056775 -0.00125611 0.04408163
0.17129048 -0.00112551 0.04408163
0.17192990 -0.00100941 0.04408163
0.17248538 -0.00090813 0.04408163
0.17295635 -0.00082195 0.04408163
0.17334233 -0.00075110 0.04408163
0.17364295 -0.00065631 0.04408163
0.17385789 -0.00047803 0.04408163
0.17398694 -0.00025039 0.04408163
0.17402997 0.00000000 0.04408163
0.17398780 0.00024796 0.04408163
0.17386131 0.00047386 0.04408163
0.17365064 0.00065200 0.04408163
0.17335600 0.00074859 0.04408163
0.17297767 0.00081804 0.04408163
0.17251603 0.00090253 0.04408163
0.17197153 0.00100183 0.04408163
0.17134471 0.00111568 0.04408163
0.17063619 0.00124377 0.04408163
0.16984667 0.00138575 0.04408163
0.16897693 0.00154126 0.04408163
0.16802782 0.00170990 0.04408163
0.16700029 0.00189121 0.04408163
0.16589534 0.00208477 0.04408163
0.16471407 0.00229008 0.04408163
0.16345764 0.00250665 0.04408163
0.16212730 0.00273393 0.04408163
0.16072435 0.00297141 0.04408163
0.15925018 0.00321854 0.04408163
0.15770625 0.00347473 0.04408163
0.15609408 0.00373943 0.04408163
0.15441525 0.00401203 0.04408163
0.15267143 0.00429196 0.04408163
0.15086434 0.00457860 0.04408163
0.14899577 0.00487135 0.04408163
0.14706754 0.00516960 0.04408163
0.14508158 0.00547272 0.04408163
0.14303983 0.00578011 0.04408163
0.14094431 0.00609111 0.04408163
0.13879710 0.00640511 0.04408163
0.13660031 0.00672147 0.04408163
0.13435610 0.00703955 0.04408163
0.13206670 0.00735868 0.04408163
0.12973436 0.00767821 0.04408163
0.12736138 0.00799748 0.04408163
0.12495011 0.00831581 0.04408163
0.12250292 0.00863251 0.04408163
0.12002223 0.00894688 0.04408163
0.11751050 0.00925822 0.04408163
0.11497018 0.00956581 0.04408163
0.11240381 0.00986891 0.04408163
0.10981390 0.01016679 0.04408163
0.10720301 0.01045867 0.04408163
0.10457372 0.01074380 0.04408163
0.10192863 0.01102139 0.04408163
0.09927034 0.01129065 0.04408163
0.09660148 0.01155079 0.04408163
0.09392468 0.01180099 0.04408163
0.09124259 0.01204044 0.04408163
0.08855784 0.01226833 0.04408163
0.08587310 0.01248385 0.04408163
0.08319100 0.01268619 0.04408163
0.08051421 0.01287452 0.04408163
0.07784535 0.01304806 0.04408163
0.07518706 0.01320604 0.04408163
0.07254196 0.01334767 0.04408163
0.06991268 0.01347223 0.04408163
0.06730179 0.01357900 0.04408163
0.06471188 0.01366729 0.04408163
0.06214550 0.01373644 0.04408163
0.05960519 0.01378585 0.04408163
0.05709345 0.01381496 0.04408163
0.05461277 0.01382324 0.04408163
0.05216558 0.01381022 0.04408163
0.04975431 0.01377550 0.04408163
0.04738133 0.01371874 0.04408163
0.04504899 0.01363959 0.04408163
0.04275959 0.01353791 0.04408163
0.04051538 0.01341346 0.04408163
0.03831859 0.01326619 0.04408163
0.03617137 0.01309609 0.04408163
0.03407586 0.01290312 0.04408163
0.03203411 0.01268752 0.04408163
0.03004814 0.01244936 0.04408163
0.02811992 0.01218892 0.04408163
0.02625134 0.01190649 0.04408163
0.02444425 0.01160251 0.04408163
0.02270044 0.01127734 0.04408163
0.02102161 0.01093143 0.04408163
0.01940944 0.01056540 0.04408163
0.01786551 0.01017972 0.04408163
0.01639134 0.00977508 0.04408163
0.01498839 0.00935218 0.04408163
0.01365805 0.00891142 0.04408163
0.01240162 0.00845375 0.04408163
0.01122035 0.00797982 0.04408163
0.01011540 0.00749031 0.04408163
0.00908787 0.00698604 0.04408163
0.00813876 0.00646736 0.04408163
0.00726902 0.00593497 0.04408163
0.00647950 0.00539029 0.04408163
0.00577098 0.00483325 0.04408163
0.00514416 0.00426418 0.04408163
0.00459966 0.00368370 0.04408163
0.00413802 0.00309395 0.04408163
0.00375969 0.00249326 0.04408163
0.00346504 0.00188222 0.04408163
0.00325437 0.00126205 0.04408163
0.00312789 0.00063290 0.04408163
0.00308571 0.00000000 0.04408163
#29
0.00320000 0.00000000 0.04571429
0.00324294 -0.00063910 0.04571429
0.00337173 -0.00127293 0.04571429
0.00358624 -0.00189779 0.04571429
0.00388625 -0.00251351 0.04571429
0.00427145 -0.00311717 0.04571429
0.00474147 -0.00371192 0.04571429
0.00529582 -0.00429575 0.04571429
0.00593395 -0.00486846 0.04571429
0.00665521 -0.00542910 0.04571429
0.00745889 -0.00597756 0.04571429
0.00834417 -0.00651239 0.04571429
0.00931015 -0.00703359 0.04571429
0.01035587 -0.00754040 0.04571429
0.01148028 -0.00803167 0.04571429
0.01268224 -0.00850711 0.04571429
0.01396054 -0.00896584 0.04571429
0.01531389 -0.00940723 0.04571429
0.01674093 -0.00983038 0.04571429
0.01824023 -0.01023478 0.04571429
0.01981027 -0.01061966 0.04571429
0.02144948 -0.01098455 0.04571429
0.02315620 -0.01132872 0.04571429
0.02492871 -0.01165173 0.04571429
0.02676524 -0.01195303 0.04571429
0.02866392 -0.01223228 0.04571429
0.03062286 -0.01248908 0.04571429
0.03264007 -0.01272311 0.04571429
0.03471353 -0.01293418 0.04571429
0.03684114 -0.01312206 0.04571429
0.03902077 -0.01328671 0.04571429
0.04125022 -0.01342810 0.04571429
0.04352724 -0.01354623 0.04571429
0.04584955 -0.01364129 0.04571429
0.04821480 -0.01371340 0.04571429
0.05062062 -0.01376287 0.04571429
0.05306458 -0.01379000 0.04571429
0.05554421 -0.01379518 0.04571429
0.05805703 -0.01377883 0.04571429
0.06060050 -0.01374150 0.04571429
0.06317206 -0.01368369 0.04571429
0.06576913 -0.01360603 0.04571429
0.06838908 -0.01350916 0.04571429
0.07102928 -0.01339377 0.04571429
0.07368707 -0.01326057 0.04571429
0.07635978 -0.01311032 0.04571429
0.07904471 -0.01294377 0.04571429
0.08173915 -0.01276174 0.04571429
0.08444041 -0.01256504 0.04571429
0.08714575 -0.01235448 0.04571429
0.08985246 -0.01213090 0.04571429
0.09255780 -0.01189515 0.04571429
0.09525905 -0.01164803 0.04571429
0.09795350 -0.01139042 0.04571429
0.10063843 -0.01112314 0.04571429
0.10331114 -0.01084700 0.04571429
0.10596893 -0.01056282 0.04571429
0.10860913 -0.01027143 0.04571429
0.11122908 -0.00997361 0.04571429
0.11382615 -0.00967015 0.04571429
0.11639771 -0.00936181 0.04571429
0.11894118 -0.00904936 0.04571429
0.12145400 -0.00873354 0.04571429
0.12393363 -0.00841508 0.04571429
0.12637759 -0.00809471 0.04571429
0.12878340 -0.00777314 0.04571429
0.13114866 -0.00745106 0.04571429
0.13347096 -0.00712916 0.04571429
0.13574799 -0.00680813 0.04571429
0.13797744 -0.00648863 0.04571429
0.14015707 -0.00617133 0.04571429
0.14228468 -0.00585690 0.04571429
0.14435814 -0.00554597 0.04571429
0.14637535 -0.00523921 0.04571429
0.14833428 -0.00493725 0.04571429
0.15023297 -0.00464072 0.04571429
0.15206949 -0.00435026 0.04571429
0.15384201 -0.00406650 0.04571429
0.15554873 -0.00379006 0.04571429
0.15718794 -0.00352155 0.04571429
0.15875798 -0.00326156 0.04571429
0.16025728 -0.00301070 0.04571429
0.16168432 -0.00276956 0.04571429
0.16303767 -0.00253870 0.04571429
0.16431597 -0.00231868 0.04571429
0.16551793 -0.00211003 0.04571429
0.16664234 -0.00191328 0.04571429
0.16768806 -0.00172892 0.04571429
0.16865404 -0.00155743 0.04571429
0.16953932 -0.00139925 0.04571429
0.17034300 -0.00125481 0.04571429
0.17106426 -0.00112448 0.04571429
0.17170239 -0.00100862 0.04571429
0.17225674 -0.00090755 0.04571429
0.17272676 -0.00082154 0.04571429
0.17311196 -0.00075084 0.04571429
0.17341197 -0.00065588 0.04571429
0.17362647 -0.00047761 0.04571429
0.17375526 -0.00025014 0.04571429
0.17379821 0.00000000 0.04571429
0.17375612 0.00024772 0.04571429
0.17362989 0.00047344 0.04571429
0.17341965 0.00065156 0.04571429
0.17312560 0.00074834 0.04571429
0.17274804 0.00081765 0.04571429
0.17228733 0.00090196 0.04571429
0.17174393 0.00100106 0.04571429
0.17111838 0.00111467 0.04571429
0.17041130 0.00124249 0.04571429
0.16962337 0.00138418 0.04571429
0.16875539 0.00153937 0.04571429
0.16780821 0.00170765 0.04571429
0.16678275 0.00188860 0.04571429
0.16568004 0.00208176 0.04571429
0.16450116 0.00228664 0.04571429
0.16324728 0.00250276 0.04571429
0.16191963 0.00272958 0.04571429
0.16051952 0.00296656 0.04571429
0.15904834 0.00321318 0.04571429
0.15750753 0.00346884 0.04571429
0.15589862 0.00373300 0.04571429
0.15422319 0.00400503 0.04571429
0.15248291 0.00428438 0.04571429
0.15067948 0.00457044 0.04571429
0.14881468 0.00486258 0.04571429
0.14689036 0.00516021 0.04571429
0.14490841 0.00546271 0.04571429
0.14287080 0.00576946 0.04571429
0.14077953 0.00607982 0.04571429
0.13863666 0.00639318 0.04571429
0.13644431 0.00670889 0.04571429
0.13420465 0.00702630 0.04571429
0.13191988 0.00734477 0.04571429
0.12959226 0.00766365 0.04571429
0.12722409 0.00798227 0.04571429
0.12481770 0.00829993 0.04571429
0.12237546 0.00861598 0.04571429
0.11989980 0.00892970 0.04571429
0.11739315 0.00924040 0.04571429
0.11485798 0.00954736 0.04571429
0.11229680 0.00984983 0.04571429
0.10971213 0.01014708 0.04571429
0.10710653 0.01043836 0.04571429
0.10448256 0.01072290 0.04571429
0.10184282 0.01099991 0.04571429
0.09918992 0.01126862 0.04571429
0.09652646 0.01152821 0.04571429
0.09385508 0.01177790 0.04571429
0.09117841 0.01201685 0.04571429
0.08849910 0.01224426 0.04571429
0.08581979 0.01245933 0.04571429
0.08314313 0.01266124 0.04571429
0.08047175 0.01284917 0.04571429
0.07780829 0.01302235 0.04571429
0.07515538 0.01317999 0.04571429
0.07251565 0.01332132 0.04571429
0.06989168 0.01344561 0.04571429
0.06728608 0.01355214 0.04571429
0.06470141 0.01364023 0.04571429
0.06214023 0.01370923 0.04571429
0.05960506 0.01375852 0.04571429
0.05709841 0.01378755 0.04571429
0.05462275 0.01379580 0.04571429
0.05218051 0.01378279 0.04571429
0.04977412 0.01374812 0.04571429
0.04740595 0.01369146 0.04571429
0.04507833 0.01361245 0.04571429
0.04279356 0.01351096 0.04571429
0.04055390 0.01338674 0.04571429
0.03836155 0.01323975 0.04571429
0.03621868 0.01306998 0.04571429
0.03412741 0.01287739 0.04571429
0.03208979 0.01266221 0.04571429
0.03010785 0.01242452 0.04571429
0.02818353 0.01216459 0.04571429
0.02631873 0.01188271 0.04571429
0.02451530 0.01157933 0.04571429
0.02277501 0.01125480 0.04571429
0.02109959 0.01090958 0.04571429
0.01949068 0.01054427 0.04571429
0.01794987 0.01015936 0.04571429
0.01647869 0.00975553 0.04571429
0.01507858 0.00933347 0.04571429
0.01375093 0.00889359 0.04571429
0.01249705 0.00843683 0.04571429
0.01131817 0.00796384 0.04571429
0.01021546 0.00747531 0.04571429
0.00919000 0.00697206 0.04571429
0.00824282 0.00645441 0.04571429
0.00737484 0.00592308 0.04571429
0.00658691 0.00537949 0.04571429
0.00587983 0.00482357 0.04571429
0.00525428 0.00425564 0.04571429
0.00471088 0.00367632 0.04571429
0.00425017 0.00308775 0.04571429
0.00387261 0.00248827 0.04571429
0.00357856 0.00187845 0.04571429
0.00336832 0.00125952 0.04571429
0.00324209 0.00063164 0.04571429
0.00320000 0.00000000 0.04571429
#30
0.00331429 0.00000000 0.04734694
0.00335714 -0.00063788 0.04734694
0.00348567 -0.00127037 0.04734694
0.00369974 -0.00189398 0.04734694
0.00399914 -0.00250846 0.04734694
0.00438356 -0.00311090 0.04734694
0.00485262 -0.00370446 0.04734694
0.00540585 -0.00428712 0.04734694
0.00604269 -0.00485868 0.04734694
0.00676249 -0.00541820 0.04734694
0.00756454 -0.00596557 0.04734694
0.00844802 -0.00649932 0.04734694
0.00941204 -0.00701948 0.04734694
0.01045564 -0.00752527 0.04734694
0.01157777 -0.00801556 0.04734694
0.01277729 -0.00849005 0.04734694
0.01405299 -0.00894786 0.04734694
0.01540360 -0.00938837 0.04734694
0.01682775 -0.00981068 0.04734694
0.01832401 -0.01021427 0.04734694
0.01989087 -0.01059838 0.04734694
0.02152675 -0.01096255 0.04734694
0.02323001 -0.01130604 0.04734694
0.02499892 -0.01162841 0.04734694
0.02683172 -0.01192911 0.04734694
0.02872656 -0.01220782 0.04734694
0.03068152 -0.01246410 0.04734694
0.03269464 -0.01269768 0.04734694
0.03476389 -0.01290834 0.04734694
0.03688719 -0.01309586 0.04734694
0.03906239 -0.01326018 0.04734694
0.04128732 -0.01340130 0.04734694
0.04355973 -0.01351921 0.04734694
0.04587733 -0.01361410 0.04734694
0.04823778 -0.01368609 0.04734694
0.05063872 -0.01373547 0.04734694
0.05307771 -0.01376257 0.04734694
0.05555232 -0.01376775 0.04734694
0.05806004 -0.01375145 0.04734694
0.06059835 -0.01371421 0.04734694
0.06316470 -0.01365654 0.04734694
0.06575649 -0.01357905 0.04734694
0.06837113 -0.01348240 0.04734694
0.07100598 -0.01336726 0.04734694
0.07365838 -0.01323435 0.04734694
0.07632566 -0.01308442 0.04734694
0.07900514 -0.01291822 0.04734694
0.08169413 -0.01273658 0.04734694
0.08438990 -0.01254029 0.04734694
0.08708976 -0.01233017 0.04734694
0.08979097 -0.01210706 0.04734694
0.09249083 -0.01187180 0.04734694
0.09518660 -0.01162521 0.04734694
0.09787559 -0.01136813 0.04734694
0.10055507 -0.01110141 0.04734694
0.10322235 -0.01082584 0.04734694
0.10587475 -0.01054226 0.04734694
0.10850960 -0.01025147 0.04734694
0.11112424 -0.00995427 0.04734694
0.11371603 -0.00965143 0.04734694
0.11628238 -0.00934374 0.04734694
0.11882069 -0.00903193 0.04734694
0.12132841 -0.00871676 0.04734694
0.12380302 -0.00839897 0.04734694
0.12624201 -0.00807926 0.04734694
0.12864295 -0.00775835 0.04734694
0.13100340 -0.00743694 0.04734694
0.13332100 -0.00711570 0.04734694
0.13559341 -0.00679533 0.04734694
0.13781834 -0.00647650 0.04734694
0.13999354 -0.00615986 0.04734694
0.14211684 -0.00584607 0.04734694
0.14418609 -0.00553579 0.04734694
0.14619921 -0.00522966 0.04734694
0.14815417 -0.00492832 0.04734694
0.15004901 -0.00463241 0.04734694
0.15188181 -0.00434255 0.04734694
0.15365073 -0.00405938 0.04734694
0.15535398 -0.00378350 0.04734694
0.15698986 -0.00351555 0.04734694
0.15855672 -0.00325610 0.04734694
0.16005298 -0.00300576 0.04734694
0.16147713 -0.00276512 0.04734694
0.16282774 -0.00253474 0.04734694
0.16410344 -0.00231517 0.04734694
0.16530296 -0.00210695 0.04734694
0.16642509 -0.00191061 0.04734694
0.16746869 -0.00172663 0.04734694
0.16843271 -0.00155550 0.04734694
0.16931619 -0.00139765 0.04734694
0.17011824 -0.00125350 0.04734694
0.17083804 -0.00112345 0.04734694
0.17147488 -0.00100783 0.04734694
0.17202811 -0.00090697 0.04734694
0.17249717 -0.00082114 0.04734694
0.17288159 -0.00075058 0.04734694
0.17318099 -0.00065545 0.04734694
0.17339506 -0.00047719 0.04734694
0.17352359 -0.00024990 0.04734694
0.17356644 0.00000000 0.04734694
0.17352444 0.00024747 0.04734694
0.17339847 0.00047302 0.04734694
0.17318865 0.00065112 0.04734694
0.17289520 0.00074808 0.04734694
0.17251840 0.00081725 0.04734694
0.17205863 0.00090139 0.04734694
0.17151633 0.00100028 0.04734694
0.17089205 0.00111366 0.04734694
0.17018640 0.00124122 0.04734694
0.16940008 0.00138261 0.04734694
0.16853386 0.00153748 0.04734694
0.16758859 0.00170541 0.04734694
0.16656522 0.00188598 0.04734694
0.16546474 0.00207874 0.04734694
0.16428826 0.00228320 0.04734694
0.16303692 0.00249887 0.04734694
0.16171196 0.00272522 0.04734694
0.16031469 0.00296171 0.04734694
0.15884649 0.00320781 0.04734694
0.15730881 0.00346295 0.04734694
0.15570316 0.00372656 0.04734694
0.15403114 0.00399804 0.04734694
0.15229438 0.00427681 0.04734694
0.15049461 0.00456227 0.04734694
0.14863359 0.00485381 0.04734694
0.14671318 0.00515082 0.04734694
0.14473525 0.00545270 0.04734694
0.14270177 0.00575881 0.04734694
0.14061474 0.00606853 0.04734694
0.13847622 0.00638124 0.04734694
0.13628832 0.00669630 0.04734694
0.13405320 0.00701306 0.04734694
0.13177306 0.00733087 0.04734694
0.12945017 0.00764909 0.04734694
0.12708680 0.00796705 0.04734694
0.12468529 0.00828406 0.04734694
0.12224801 0.00859945 0.04734694
0.11977736 0.00891252 0.04734694
0.11727580 0.00922258 0.04734694
0.11474577 0.00952890 0.04734694
0.11218978 0.00983074 0.04734694
0.10961036 0.01012738 0.04734694
0.10701004 0.01041806 0.04734694
0.10439140 0.01070200 0.04734694
0.10175702 0.01097844 0.04734694
0.09910949 0.01124659 0.04734694
0.09645144 0.01150564 0.04734694
0.09378548 0.01175480 0.04734694
0.09111424 0.01199325 0.04734694
0.08844037 0.01222019 0.04734694
0.08576649 0.01243481 0.04734694
0.08309525 0.01263629 0.04734694
0.08042929 0.01282383 0.04734694
0.07777124 0.01299663 0.04734694
0.07512371 0.01315393 0.04734694
0.07248933 0.01329496 0.04734694
0.06987069 0.01341899 0.04734694
0.06727037 0.01352528 0.04734694
0.06469095 0.01361318 0.04734694
0.06213496 0.01368202 0.04734694
0.05960493 0.01373119 0.04734694
0.05710337 0.01376015 0.04734694
0.05463272 0.01376836 0.04734694
0.05219544 0.01375536 0.04734694
0.04979393 0.01372074 0.04734694
0.04743056 0.01366418 0.04734694
0.04510767 0.01358531 0.04734694
0.04282753 0.01348401 0.04734694
0.04059241 0.01336003 0.04734694
0.03840451 0.01321332 0.04734694
0.03626599 0.01304387 0.04734694
0.03417896 0.01285166 0.04734694
0.03214548 0.01263690 0.04734694
0.03016755 0.01239967 0.04734694
0.02824714 0.01214025 0.04734694
0.02638612 0.01185893 0.04734694
0.02458635 0.01155615 0.04734694
0.02284959 0.01123227 0.04734694
0.02117757 0.01088773 0.04734694
0.01957192 0.01052315 0.04734694
0.01803424 0.01013900 0.04734694
0.01656604 0.00973598 0.04734694
0.01516877 0.00931476 0.04734694
0.01384381 0.00887576 0.04734694
0.01259247 0.00841991 0.04734694
0.01141599 0.00794787 0.04734694
0.01031551 0.00746031 0.04734694
0.00929214 0.00695807 0.04734694
0.00834687 0.00644145 0.04734694
0.00748065 0.00591119 0.04734694
0.00669433 0.00536869 0.04734694
0.00598868 0.00481389 0.04734694
0.00536440 0.00424709 0.04734694
0.00482210 0.00366894 0.04734694
0.00436233 0.00308155 0.04734694
0.00398553 0.00248327 0.04734694
0.00369208 0.00187468 0.04734694
0.00348226 0.00125700 0.04734694
0.00335629 0.00063037 0.04734694
0.00331429 0.00000000 0.04734694
#31
0.00342857 0.00000000 0.04897959
0.00347134 -0.00063660 0.04897959
0.00359961 -0.00126782 0.04897959
0.00381325 -0.00189017 0.04897959
0.00411203 -0.00250341 0.04897959
0.00449568 -0.00310464 0.04897959
0.00496378 -0.00369701 0.04897959
0.00551589 -0.00427850 0.04897959
0.00615143 -0.00484891 0.04897959
0.00686977 -0.00540730 0.04897959
0.00767018 -0.00595357 0.04897959
0.00855187 -0.00648625 0.04897959
0.00951393 -0.00700537 0.04897959
0.01055541 -0.00751015 0.04897959
0.01167526 -0.00799945 0.04897959
0.01287234 -0.00847299 0.04897959
0.01414545 -0.00892988 0.04897959
0.01549331 -0.00936951 0.04897959
0.01691457 -0.00979098 0.04897959
0.01840778 -0.01019376 0.04897959
0.01997146 -0.01057711 0.04897959
0.02160401 -0.01094055 0.04897959
0.02330381 -0.01128335 0.04897959
0.02506913 -0.01160508 0.04897959
0.02689821 -0.01190519 0.04897959
0.02878919 -0.01218335 0.04897959
0.03074018 -0.01243913 0.04897959
0.03274921 -0.01267225 0.04897959
0.03481425 -0.01288250 0.04897959
0.03693323 -0.01306965 0.04897959
0.03910402 -0.01323366 0.04897959
0.04132442 -0.01337451 0.04897959
0.04359221 -0.01349220 0.04897959
0.04590510 -0.01358691 0.04897959
0.04826076 -0.01365877 0.04897959
0.05065681 -0.01370807 0.04897959
0.05309085 -0.01373513 0.04897959
0.05556043 -0.01374032 0.04897959
0.05806305 -0.01372407 0.04897959
0.06059620 -0.01368692 0.04897959
0.06315733 -0.01362939 0.04897959
0.06574386 -0.01355207 0.04897959
0.06835318 -0.01345563 0.04897959
0.07098267 -0.01334074 0.04897959
0.07362968 -0.01320812 0.04897959
0.07629155 -0.01305852 0.04897959
0.07896558 -0.01289267 0.04897959
0.08164910 -0.01271141 0.04897959
0.08433940 -0.01251555 0.04897959
0.08703376 -0.01230587 0.04897959
0.08972949 -0.01208323 0.04897959
0.09242385 -0.01184846 0.04897959
0.09511415 -0.01160238 0.04897959
0.09779767 -0.01134585 0.04897959
0.10047171 -0.01107968 0.04897959
0.10313357 -0.01080468 0.04897959
0.10578058 -0.01052170 0.04897959
0.10841007 -0.01023151 0.04897959
0.11101939 -0.00993493 0.04897959
0.11360592 -0.00963272 0.04897959
0.11616705 -0.00932566 0.04897959
0.11870020 -0.00901451 0.04897959
0.12120282 -0.00869999 0.04897959
0.12367240 -0.00838285 0.04897959
0.12610644 -0.00806381 0.04897959
0.12850250 -0.00774356 0.04897959
0.13085815 -0.00742282 0.04897959
0.13317104 -0.00710225 0.04897959
0.13543883 -0.00678254 0.04897959
0.13765923 -0.00646436 0.04897959
0.13983002 -0.00614838 0.04897959
0.14194900 -0.00583524 0.04897959
0.14401405 -0.00552561 0.04897959
0.14602307 -0.00522011 0.04897959
0.14797406 -0.00491939 0.04897959
0.14986504 -0.00462409 0.04897959
0.15169412 -0.00433484 0.04897959
0.15345944 -0.00405225 0.04897959
0.15515924 -0.00377695 0.04897959
0.15679179 -0.00350955 0.04897959
0.15835547 -0.00325064 0.04897959
0.15984868 -0.00300082 0.04897959
0.16126994 -0.00276068 0.04897959
0.16261780 -0.00253077 0.04897959
0.16389091 -0.00231166 0.04897959
0.16508799 -0.00210388 0.04897959
0.16620784 -0.00190794 0.04897959
0.16724932 -0.00172435 0.04897959
0.16821138 -0.00155357 0.04897959
0.16909307 -0.00139605 0.04897959
0.16989348 -0.00125220 0.04897959
0.17061182 -0.00112241 0.04897959
0.17124737 -0.00100704 0.04897959
0.17179947 -0.00090638 0.04897959
0.17226758 -0.00082074 0.04897959
0.17265122 -0.00075033 0.04897959
0.17295001 -0.00065501 0.04897959
0.17316364 -0.00047676 0.04897959
0.17329191 -0.00024965 0.04897959
0.17333468 0.00000000 0.04897959
0.17329276 0.00024723 0.04897959
0.17316704 0.00047260 0.04897959
0.17295766 0.00065068 0.04897959
0.17266480 0.00074783 0.04897959
0.17228877 0.00081686 0.04897959
0.17182993 0.00090082 0.04897959
0.17128874 0.00099951 0.04897959
0.17066572 0.00111265 0.04897959
0.16996151 0.00123994 0.04897959
0.16917678 0.00138104 0.04897959
0.16831232 0.00153558 0.04897959
0.16736898 0.00170317 0.04897959
0.16634768 0.00188336 0.04897959
0.16524945 0.00207572 0.04897959
0.16407535 0.00227976 0.04897959
0.16282655 0.00249498 0.04897959
0.16150429 0.00272086 0.04897959
0.16010986 0.00295686 0.04897959
0.15864465 0.00320245 0.04897959
0.15711009 0.00345706 0.04897959
0.15550771 0.00372012 0.04897959
0.15383908 0.00399104 0.04897959
0.15210585 0.00426923 0.04897959
0.15030974 0.00455410 0.04897959
0.14845251 0.00484503 0.04897959
0.14653599 0.00514143 0.04897959
0.14456209 0.00544268 0.04897959
0.14253274 0.00574817 0.04897959
0.14044995 0.00605725 0.04897959
0.13831578 0.00636931 0.04897959
0.13613233 0.00668371 0.04897959
0.13390175 0.00699982 0.04897959
0.13162625 0.00731697 0.04897959
0.12930807 0.00763453 0.04897959
0.12694951 0.00795183 0.04897959
0.12455288 0.00826818 0.04897959
0.12212055 0.00858292 0.04897959
0.11965493 0.00889534 0.04897959
0.11715845 0.00920476 0.04897959
0.11463356 0.00951044 0.04897959
0.11208277 0.00981166 0.04897959
0.10950859 0.01010768 0.04897959
0.10691356 0.01039775 0.04897959
0.10430024 0.01068111 0.04897959
0.10167121 0.01095697 0.04897959
0.09902907 0.01122455 0.04897959
0.09637641 0.01148307 0.04897959
0.09371587 0.01173171 0.04897959
0.09105007 0.01196966 0.04897959
0.08838163 0.01219612 0.04897959
0.08571319 0.01241028 0.04897959
0.08304738 0.01261134 0.04897959
0.08038684 0.01279848 0.04897959
0.07773418 0.01297092 0.04897959
0.07509204 0.01312788 0.04897959
0.07246301 0.01326861 0.04897959
0.06984969 0.01339236 0.04897959
0.06725466 0.01349843 0.04897959
0.06468048 0.01358613 0.04897959
0.06212969 0.01365481 0.04897959
0.05960480 0.01370386 0.04897959
0.05710832 0.01373274 0.04897959
0.05464270 0.01374092 0.04897959
0.05221037 0.01372793 0.04897959
0.04981375 0.01369337 0.04897959
0.04745518 0.01363690 0.04897959
0.04513700 0.01355818 0.04897959
0.04286150 0.01345707 0.04897959
0.04063093 0.01333331 0.04897959
0.03844747 0.01318689 0.04897959
0.03631330 0.01301777 0.04897959
0.03423051 0.01282593 0.04897959
0.03220116 0.01261159 0.04897959
0.03022726 0.01237483 0.04897959
0.02831074 0.01211592 0.04897959
0.02645351 0.01183515 0.04897959
0.02465740 0.01153297 0.04897959
0.02292417 0.01120973 0.04897959
0.02125554 0.01086588 0.04897959
0.01965316 0.01050202 0.04897959
0.01811860 0.01011865 0.04897959
0.01665339 0.00971642 0.04897959
0.01525896 0.00929605 0.04897959
0.01393670 0.00885792 0.04897959
0.01268790 0.00840299 0.04897959
0.01151380 0.00793190 0.04897959
0.01041557 0.00744532 0.04897959
0.00939427 0.00694408 0.04897959
0.00845093 0.00642850 0.04897959
0.00758647 0.00589930 0.04897959
0.00680174 0.00535789 0.04897959
0.00609753 0.00480421 0.04897959
0.00547452 0.00423855 0.04897959
0.00493332 0.00366155 0.04897959
0.00447448 0.00307535 0.04897959
0.00409845 0.00247828 0.04897959
0.00380560 0.00187091 0.04897959
0.00359621 0.00125447 0.04897959
0.00347049 0.00062911 0.04897959
0.00342857 0.00000000 0.04897959
#32
0.00354286 0.00000000 0.05061224
0.00358554 -0.00063532 0.05061224
0.00371355 -0.00126526 0.05061224
0.00392675 -0.00188636 0.05061224
0.00422493 -0.00249836 0.05061224
0.00460779 -0.00309838 0.05061224
0.00507494 -0.00368956 0.05061224
0.00562592 -0.00426987 0.05061224
0.00626017 -0.00483914 0.05061224
0.00697704 -0.00539641 0.05061224
0.00777583 -0.00594158 0.05061224
0.00865572 -0.00647318 0.05061224
0.00961583 -0.00699126 0.05061224
0.01065518 -0.00749502 0.05061224
0.01177275 -0.00798334 0.05061224
0.01296739 -0.00845593 0.05061224
0.01423791 -0.00891191 0.05061224
0.01558303 -0.00935066 0.05061224
0.01700139 -0.00977127 0.05061224
0.01849156 -0.01017326 0.05061224
0.02005205 -0.01055583 0.05061224
0.02168128 -0.01091855 0.05061224
0.02337762 -0.01126067 0.05061224
0.02513934 -0.01158176 0.05061224
0.02696469 -0.01188128 0.05061224
0.02885182 -0.01215888 0.05061224
0.03079884 -0.01241416 0.05061224
0.03280377 -0.01264681 0.05061224
0.03486461 -0.01285666 0.05061224
0.03697928 -0.01304344 0.05061224
0.03914564 -0.01320714 0.05061224
0.04136153 -0.01334772 0.05061224
0.04362470 -0.01346518 0.05061224
0.04593287 -0.01355972 0.05061224
0.04828373 -0.01363145 0.05061224
0.05067491 -0.01368067 0.05061224
0.05310399 -0.01370769 0.05061224
0.05556854 -0.01371289 0.05061224
0.05806606 -0.01369669 0.05061224
0.06059405 -0.01365964 0.05061224
0.06314997 -0.01360224 0.05061224
0.06573123 -0.01352510 0.05061224
0.06833524 -0.01342887 0.05061224
0.07095937 -0.01331423 0.05061224
0.07360099 -0.01318190 0.05061224
0.07625743 -0.01303261 0.05061224
0.07892602 -0.01286713 0.05061224
0.08160407 -0.01268625 0.05061224
0.08428889 -0.01249080 0.05061224
0.08697777 -0.01228157 0.05061224
0.08966800 -0.01205940 0.05061224
0.09235688 -0.01182512 0.05061224
0.09504170 -0.01157956 0.05061224
0.09771975 -0.01132356 0.05061224
0.10038834 -0.01105795 0.05061224
0.10304478 -0.01078353 0.05061224
0.10568640 -0.01050113 0.05061224
0.10831054 -0.01021155 0.05061224
0.11091454 -0.00991559 0.05061224
0.11349580 -0.00961401 0.05061224
0.11605172 -0.00930759 0.05061224
0.11857971 -0.00899708 0.05061224
0.12107724 -0.00868322 0.05061224
0.12354178 -0.00836674 0.05061224
0.12597087 -0.00804836 0.05061224
0.12836204 -0.00772878 0.05061224
0.13071290 -0.00740869 0.05061224
0.13302108 -0.00708879 0.05061224
0.13528425 -0.00676975 0.05061224
0.13750013 -0.00645223 0.05061224
0.13966649 -0.00613690 0.05061224
0.14178116 -0.00582442 0.05061224
0.14384200 -0.00551542 0.05061224
0.14584693 -0.00521056 0.05061224
0.14779395 -0.00491047 0.05061224
0.14968108 -0.00461578 0.05061224
0.15150643 -0.00432712 0.05061224
0.15326816 -0.00404512 0.05061224
0.15496449 -0.00377039 0.05061224
0.15659372 -0.00350355 0.05061224
0.15815421 -0.00324518 0.05061224
0.15964439 -0.00299588 0.05061224
0.16106275 -0.00275624 0.05061224
0.16240786 -0.00252681 0.05061224
0.16367838 -0.00230816 0.05061224
0.16487302 -0.00210080 0.05061224
0.16599059 -0.00190527 0.05061224
0.16702995 -0.00172206 0.05061224
0.16799005 -0.00155164 0.05061224
0.16886994 -0.00139445 0.05061224
0.16966873 -0.00125090 0.05061224
0.17038561 -0.00112138 0.05061224
0.17101985 -0.00100625 0.05061224
0.17157083 -0.00090580 0.05061224
0.17203798 -0.00082034 0.05061224
0.17242084 -0.00075007 0.05061224
0.17271902 -0.00065457 0.05061224
0.17293223 -0.00047634 0.05061224
0.17306023 -0.00024940 0.05061224
0.17310292 0.00000000 0.05061224
0.17306108 0.00024698 0.05061224
0.17293562 0.00047218 0.05061224
0.17272666 0.00065024 0.05061224
0.17243440 0.00074758 0.05061224
0.17205913 0.00081646 0.05061224
0.17160123 0.00090025 0.05061224
0.17106114 0.00099873 0.05061224
0.17043939 0.00111163 0.05061224
0.16973661 0.00123866 0.05061224
0.16895349 0.00137947 0.05061224
0.16809079 0.00153369 0.05061224
0.16714936 0.00170093 0.05061224
0.16613015 0.00188075 0.05061224
0.16503415 0.00207270 0.05061224
0.16386245 0.00227632 0.05061224
0.16261619 0.00249109 0.05061224
0.16129662 0.00271650 0.05061224
0.15990503 0.00295201 0.05061224
0.15844280 0.00319709 0.05061224
0.15691137 0.00345117 0.05061224
0.15531225 0.00371369 0.05061224
0.15364702 0.00398404 0.05061224
0.15191732 0.00426165 0.05061224
0.15012487 0.00454593 0.05061224
0.14827142 0.00483626 0.05061224
0.14635881 0.00513205 0.05061224
0.14438893 0.00543267 0.05061224
0.14236371 0.00573752 0.05061224
0.14028516 0.00604596 0.05061224
0.13815534 0.00635737 0.05061224
0.13597633 0.00667112 0.05061224
0.13375030 0.00698657 0.05061224
0.13147943 0.00730307 0.05061224
0.12916598 0.00761997 0.05061224
0.12681221 0.00793661 0.05061224
0.12442047 0.00825231 0.05061224
0.12199310 0.00856639 0.05061224
0.11953250 0.00887816 0.05061224
0.11704110 0.00918694 0.05061224
0.11452136 0.00949198 0.05061224
0.11197576 0.00979257 0.05061224
0.10940682 0.01008798 0.05061224
0.10681708 0.01037745 0.05061224
0.10420908 0.01066021 0.05061224
0.10158540 0.01093550 0.05061224
0.09894864 0.01120252 0.05061224
0.09630139 0.01146049 0.05061224
0.09364627 0.01170861 0.05061224
0.09098589 0.01194606 0.05061224
0.08832289 0.01217205 0.05061224
0.08565988 0.01238576 0.05061224
0.08299950 0.01258639 0.05061224
0.08034438 0.01277313 0.05061224
0.07769713 0.01294520 0.05061224
0.07506037 0.01310183 0.05061224
0.07243669 0.01324226 0.05061224
0.06982870 0.01336574 0.05061224
0.06723895 0.01347157 0.05061224
0.06467001 0.01355907 0.05061224
0.06212442 0.01362760 0.05061224
0.05960468 0.01367653 0.05061224
0.05711328 0.01370534 0.05061224
0.05465268 0.01371348 0.05061224
0.05222531 0.01370050 0.05061224
0.04983356 0.01366599 0.05061224
0.04747980 0.01360962 0.05061224
0.04516634 0.01353104 0.05061224
0.04289547 0.01343012 0.05061224
0.04066944 0.01330660 0.05061224
0.03849044 0.01316046 0.05061224
0.03636061 0.01299166 0.05061224
0.03428206 0.01280020 0.05061224
0.03225685 0.01258627 0.05061224
0.03028696 0.01234998 0.05061224
0.02837435 0.01209158 0.05061224
0.02652090 0.01181137 0.05061224
0.02472845 0.01150979 0.05061224
0.02299875 0.01118719 0.05061224
0.02133352 0.01084402 0.05061224
0.01973440 0.01048090 0.05061224
0.01820297 0.01009829 0.05061224
0.01674074 0.00969687 0.05061224
0.01534915 0.00927734 0.05061224
0.01402958 0.00884009 0.05061224
0.01278333 0.00838607 0.05061224
0.01161162 0.00791592 0.05061224
0.01051562 0.00743032 0.05061224
0.00949641 0.00693009 0.05061224
0.00855499 0.00641555 0.05061224
0.00769229 0.00588742 0.05061224
0.00690916 0.00534709 0.05061224
0.00620638 0.00479452 0.05061224
0.00558463 0.00423000 0.05061224
0.00504454 0.00365417 0.05061224
0.00458664 0.00306915 0.05061224
0.00421137 0.00247328 0.05061224
0.00391911 0.00186714 0.05061224
0.00371015 0.00125194 0.05061224
0.00358469 0.00062784 0.05061224
0.00354286 0.00000000 0.05061224
#33
0.00365714 0.00000000 0.05224490
0.00369974 -0.00063404 0.05224490
0.00382748 -0.00126271 0.05224490
0.00404025 -0.00188255 0.05224490
0.00433782 -0.00249331 0.05224490
0.00471990 -0.00309212 0.05224490
0.00518610 -0.00368211 0.05224490
0.00573595 -0.00426125 0.05224490
0.00636891 -0.00482936 0.05224490
0.00708432 -0.00538551 0.05224490
0.00788148 -0.00592958 0.05224490
0.00875957 -0.00646011 0.05224490
0.00971772 -0.00697715 0.05224490
0.01075495 -0.00747989 0.05224490
0.01187024 -0.00796723 0.05224490
0.01306244 -0.00843887 0.05224490
0.01433037 -0.00889393 0.05224490
0.01567274 -0.00933180 0.05224490
0.01708821 -0.00975157 0.05224490
0.01857534 -0.01015275 0.05224490
0.02013264 -0.01053456 0.05224490
0.02175855 -0.01089655 0.05224490
0.02345142 -0.01123799 0.05224490
0.02520955 -0.01155844 0.05224490
0.02703118 -0.01185736 0.05224490
0.02891446 -0.01213441 0.05224490
0.03085750 -0.01238918 0.05224490
0.03285834 -0.01262138 0.05224490
0.03491497 -0.01283081 0.05224490
0.03702533 -0.01301724 0.05224490
0.03918727 -0.01318061 0.05224490
0.04139863 -0.01332093 0.05224490
0.04365718 -0.01343817 0.05224490
0.04596064 -0.01353253 0.05224490
0.04830671 -0.01360413 0.05224490
0.05069300 -0.01365327 0.05224490
0.05311713 -0.01368025 0.05224490
0.05557664 -0.01368546 0.05224490
0.05806907 -0.01366931 0.05224490
0.06059191 -0.01363235 0.05224490
0.06314260 -0.01357509 0.05224490
0.06571860 -0.01349812 0.05224490
0.06831729 -0.01340211 0.05224490
0.07093607 -0.01328772 0.05224490
0.07357229 -0.01315567 0.05224490
0.07622331 -0.01300671 0.05224490
0.07888646 -0.01284158 0.05224490
0.08155905 -0.01266109 0.05224490
0.08423838 -0.01246605 0.05224490
0.08692178 -0.01225726 0.05224490
0.08960652 -0.01203556 0.05224490
0.09228991 -0.01180178 0.05224490
0.09496925 -0.01155674 0.05224490
0.09764183 -0.01130127 0.05224490
0.10030498 -0.01103622 0.05224490
0.10295600 -0.01076237 0.05224490
0.10559223 -0.01048057 0.05224490
0.10821100 -0.01019159 0.05224490
0.11080970 -0.00989624 0.05224490
0.11338569 -0.00959530 0.05224490
0.11593639 -0.00928951 0.05224490
0.11845922 -0.00897965 0.05224490
0.12095165 -0.00866644 0.05224490
0.12341117 -0.00835062 0.05224490
0.12583529 -0.00803290 0.05224490
0.12822159 -0.00771399 0.05224490
0.13056765 -0.00739457 0.05224490
0.13287111 -0.00707533 0.05224490
0.13512966 -0.00675696 0.05224490
0.13734102 -0.00644010 0.05224490
0.13950297 -0.00612542 0.05224490
0.14161332 -0.00581359 0.05224490
0.14366995 -0.00550524 0.05224490
0.14567080 -0.00520101 0.05224490
0.14761384 -0.00490154 0.05224490
0.14949712 -0.00460747 0.05224490
0.15131874 -0.00431941 0.05224490
0.15307687 -0.00403800 0.05224490
0.15476974 -0.00376384 0.05224490
0.15639565 -0.00349755 0.05224490
0.15795295 -0.00323972 0.05224490
0.15944009 -0.00299094 0.05224490
0.16085555 -0.00275179 0.05224490
0.16219792 -0.00252285 0.05224490
0.16346585 -0.00230465 0.05224490
0.16465806 -0.00209772 0.05224490
0.16577334 -0.00190261 0.05224490
0.16681058 -0.00171978 0.05224490
0.16776872 -0.00154971 0.05224490
0.16864682 -0.00139285 0.05224490
0.16944397 -0.00124960 0.05224490
0.17015939 -0.00112035 0.05224490
0.17079234 -0.00100545 0.05224490
0.17134219 -0.00090522 0.05224490
0.17180839 -0.00081993 0.05224490
0.17219047 -0.00074982 0.05224490
0.17248804 -0.00065413 0.05224490
0.17270081 -0.00047592 0.05224490
0.17282855 -0.00024916 0.05224490
0.17287115 0.00000000 0.05224490
0.17282940 0.00024674 0.05224490
0.17270420 0.00047176 0.05224490
0.17249566 0.00064980 0.05224490
0.17220400 0.00074733 0.05224490
0.17182950 0.00081607 0.05224490
0.17137253 0.00089968 0.05224490
0.17083354 0.00099795 0.05224490
0.17021307 0.00111062 0.05224490
0.16951172 0.00123739 0.05224490
0.16873019 0.00137790 0.05224490
0.16786925 0.00153180 0.05224490
0.16692975 0.00169869 0.05224490
0.16591262 0.00187813 0.05224490
0.16481885 0.00206969 0.05224490
0.16364954 0.00227288 0.05224490
0.16240583 0.00248720 0.05224490
0.16108895 0.00271214 0.05224490
0.15970020 0.00294716 0.05224490
0.15824096 0.00319173 0.05224490
0.15671265 0.00344528 0.05224490
0.15511680 0.00370725 0.05224490
0.15345496 0.00397704 0.05224490
0.15172880 0.00425408 0.05224490
0.14994000 0.00453776 0.05224490
0.14809033 0.00482749 0.05224490
0.14618163 0.00512266 0.05224490
0.14421576 0.00542266 0.05224490
0.14219468 0.00572687 0.05224490
0.14012038 0.00603467 0.05224490
0.13799490 0.00634544 0.05224490
0.13582034 0.00665853 0.05224490
0.13359885 0.00697333 0.05224490
0.13133262 0.00728917 0.05224490
0.12902388 0.00760541 0.05224490
0.12667492 0.00792139 0.05224490
0.12428806 0.00823643 0.05224490
0.12186564 0.00854986 0.05224490
0.11941006 0.00886098 0.05224490
0.11692375 0.00916911 0.05224490
0.11440915 0.00947352 0.05224490
0.11186875 0.00977349 0.05224490
0.10930505 0.01006828 0.05224490
0.10672059 0.01035714 0.05224490
0.10411792 0.01063931 0.05224490
0.10149960 0.01091402 0.05224490
0.09886822 0.01118049 0.05224490
0.09622637 0.01143792 0.05224490
0.09357666 0.01168552 0.05224490
0.09092172 0.01192247 0.05224490
0.08826415 0.01214797 0.05224490
0.08560658 0.01236123 0.05224490
0.08295163 0.01256144 0.05224490
0.08030192 0.01274779 0.05224490
0.07766008 0.01291949 0.05224490
0.07502870 0.01307578 0.05224490
0.07241038 0.01321590 0.05224490
0.06980770 0.01333911 0.05224490
0.06722324 0.01344471 0.05224490
0.06465955 0.01353202 0.05224490
0.06211914 0.01360039 0.05224490
0.05960455 0.01364920 0.05224490
0.05711823 0.01367793 0.05224490
0.05466265 0.01368604 0.05224490
0.05224024 0.01367307 0.05224490
0.04985337 0.01363861 0.05224490
0.04750441 0.01358234 0.05224490
0.04519568 0.01350390 0.05224490
0.04292945 0.01340317 0.05224490
0.04070796 0.01327988 0.05224490
0.03853340 0.01313402 0.05224490
0.03640792 0.01296556 0.05224490
0.03433361 0.01277446 0.05224490
0.03231253 0.01256096 0.05224490
0.03034667 0.01232514 0.05224490
0.02843796 0.01206725 0.05224490
0.02658830 0.01178759 0.05224490
0.02479950 0.01148661 0.05224490
0.02307333 0.01116466 0.05224490
0.02141150 0.01082217 0.05224490
0.01981564 0.01045977 0.05224490
0.01828734 0.01007793 0.05224490
0.01682809 0.00967732 0.05224490
0.01543934 0.00925863 0.05224490
0.01412246 0.00882226 0.05224490
0.01287875 0.00836915 0.05224490
0.01170944 0.00789995 0.05224490
0.01061568 0.00741532 0.05224490
0.00959854 0.00691610 0.05224490
0.00865904 0.00640259 0.05224490
0.00779810 0.00587553 0.05224490
0.00701658 0.00533629 0.05224490
0.00631523 0.00478484 0.05224490
0.00569475 0.00422146 0.05224490
0.00515577 0.00364679 0.05224490
0.00469880 0.00306294 0.05224490
0.00432429 0.00246829 0.05224490
0.00403263 0.00186337 0.05224490
0.00382410 0.00124941 0.05224490
0.00369889 0.00062658 0.05224490
0.00365714 0.00000000 0.05224490
#34
0.00377143 0.00000000 0.05387755
0.00381394 -0.00063276 0.05387755
0.00394142 -0.00126015 0.05387755
0.00415375 -0.00187874 0.05387755
0.00445072 -0.00248826 0.05387755
0.00483201 -0.00308586 0.05387755
0.00529726 -0.00367466 0.05387755
0.00584599 -0.00425262 0.05387755
0.00647765 -0.00481959 0.05387755
0.00719160 -0.00537461 0.05387755
0.00798712 -0.00591759 0.05387755
0.00886342 -0.00644704 0.05387755
0.00981961 -0.00696303 0.05387755
0.01085473 -0.00746477 0.05387755
0.01196773 -0.00795112 0.05387755
0.01315749 -0.00842181 0.05387755
0.01442283 -0.00887595 0.05387755
0.01576245 -0.00931294 0.05387755
0.01717502 -0.00973187 0.05387755
0.01865912 -0.01013224 0.05387755
0.02021324 -0.01051328 0.05387755
0.02183582 -0.01087455 0.05387755
0.02352523 -0.01121531 0.05387755
0.02527976 -0.01153512 0.05387755
0.02709766 -0.01183344 0.05387755
0.02897709 -0.01210994 0.05387755
0.03091616 -0.01236421 0.05387755
0.03291291 -0.01259595 0.05387755
0.03496534 -0.01280497 0.05387755
0.03707137 -0.01299103 0.05387755
0.03922889 -0.01315409 0.05387755
0.04143573 -0.01329413 0.05387755
0.04368966 -0.01341115 0.05387755
0.04598842 -0.01350534 0.05387755
0.04832968 -0.01357681 0.05387755
0.05071110 -0.01362586 0.05387755
0.05313027 -0.01365281 0.05387755
0.05558475 -0.01365803 0.05387755
0.05807208 -0.01364193 0.05387755
0.06058976 -0.01360506 0.05387755
0.06313524 -0.01354793 0.05387755
0.06570596 -0.01347115 0.05387755
0.06829934 -0.01337535 0.05387755
0.07091277 -0.01326121 0.05387755
0.07354360 -0.01312945 0.05387755
0.07618920 -0.01298081 0.05387755
0.07884690 -0.01281603 0.05387755
0.08151402 -0.01263593 0.05387755
0.08418788 -0.01244131 0.05387755
0.08686578 -0.01223296 0.05387755
0.08954503 -0.01201173 0.05387755
0.09222294 -0.01177844 0.05387755
0.09489680 -0.01153391 0.05387755
0.09756392 -0.01127899 0.05387755
0.10022162 -0.01101449 0.05387755
0.10286721 -0.01074122 0.05387755
0.10549805 -0.01046000 0.05387755
0.10811147 -0.01017163 0.05387755
0.11070485 -0.00987690 0.05387755
0.11327558 -0.00957658 0.05387755
0.11582106 -0.00927144 0.05387755
0.11833873 -0.00896223 0.05387755
0.12082606 -0.00864967 0.05387755
0.12328055 -0.00833451 0.05387755
0.12569972 -0.00801745 0.05387755
0.12808113 -0.00769920 0.05387755
0.13042240 -0.00738045 0.05387755
0.13272115 -0.00706188 0.05387755
0.13497508 -0.00674416 0.05387755
0.13718192 -0.00642796 0.05387755
0.13933944 -0.00611395 0.05387755
0.14144548 -0.00580276 0.05387755
0.14349791 -0.00549505 0.05387755
0.14549466 -0.00519146 0.05387755
0.14743372 -0.00489261 0.05387755
0.14931315 -0.00459915 0.05387755
0.15113105 -0.00431170 0.05387755
0.15288559 -0.00403087 0.05387755
0.15457500 -0.00375729 0.05387755
0.15619758 -0.00349155 0.05387755
0.15775170 -0.00323426 0.05387755
0.15923579 -0.00298600 0.05387755
0.16064836 -0.00274735 0.05387755
0.16198799 -0.00251888 0.05387755
0.16325332 -0.00230114 0.05387755
0.16444309 -0.00209465 0.05387755
0.16555609 -0.00189994 0.05387755
0.16659121 -0.00171749 0.05387755
0.16754739 -0.00154778 0.05387755
0.16842369 -0.00139124 0.05387755
0.16921922 -0.00124830 0.05387755
0.16993317 -0.00111932 0.05387755
0.17056483 -0.00100466 0.05387755
0.17111355 -0.00090464 0.05387755
0.17157880 -0.00081953 0.05387755
0.17196010 -0.00074956 0.05387755
0.17225706 -0.00065369 0.05387755
0.17246939 -0.00047549 0.05387755
0.17259688 -0.00024891 0.05387755
0.17263939 0.00000000 0.05387755
0.17259772 0.00024649 0.05387755
0.17247278 0.00047134 0.05387755
0.17226467 0.00064936 0.05387755
0.17197360 0.00074708 0.05387755
0.17159986 0.00081567 0.05387755
0.17114383 0.00089911 0.05387755
0.17060594 0.00099718 0.05387755
0.16998674 0.00110961 0.05387755
0.16928682 0.00123611 0.05387755
0.16850689 0.00137633 0.05387755
0.16764771 0.00152990 0.05387755
0.16671014 0.00169645 0.05387755
0.16569508 0.00187551 0.05387755
0.16460356 0.00206667 0.05387755
0.16343663 0.00226943 0.05387755
0.16219547 0.00248331 0.05387755
0.16088128 0.00270778 0.05387755
0.15949537 0.00294231 0.05387755
0.15803911 0.00318637 0.05387755
0.15651393 0.00343940 0.05387755
0.15492134 0.00370081 0.05387755
0.15326291 0.00397004 0.05387755
0.15154027 0.00424650 0.05387755
0.14975513 0.00452960 0.05387755
0.14790925 0.00481872 0.05387755
0.14600444 0.00511327 0.05387755
0.14404260 0.00541265 0.05387755
0.14202565 0.00571623 0.05387755
0.13995559 0.00602338 0.05387755
0.13783446 0.00633350 0.05387755
0.13566434 0.00664595 0.05387755
0.13344740 0.00696009 0.05387755
0.13118580 0.00727527 0.05387755
0.12888179 0.00759085 0.05387755
0.12653763 0.00790617 0.05387755
0.12415565 0.00822055 0.05387755
0.12173818 0.00853333 0.05387755
0.11928763 0.00884381 0.05387755
0.11680640 0.00915129 0.05387755
0.11429694 0.00945506 0.05387755
0.11176174 0.00975440 0.05387755
0.10920328 0.01004858 0.05387755
0.10662411 0.01033684 0.05387755
0.10402676 0.01061842 0.05387755
0.10141379 0.01089255 0.05387755
0.09878779 0.01115845 0.05387755
0.09615135 0.01141534 0.05387755
0.09350706 0.01166242 0.05387755
0.09085754 0.01189887 0.05387755
0.08820541 0.01212390 0.05387755
0.08555327 0.01233671 0.05387755
0.08290375 0.01253649 0.05387755
0.08025947 0.01272244 0.05387755
0.07762302 0.01289378 0.05387755
0.07499702 0.01304973 0.05387755
0.07238406 0.01318955 0.05387755
0.06978671 0.01331249 0.05387755
0.06720753 0.01341785 0.05387755
0.06464908 0.01350497 0.05387755
0.06211387 0.01357318 0.05387755
0.05960442 0.01362188 0.05387755
0.05712319 0.01365053 0.05387755
0.05467263 0.01365861 0.05387755
0.05225517 0.01364564 0.05387755
0.04987318 0.01361123 0.05387755
0.04752903 0.01355506 0.05387755
0.04522502 0.01347676 0.05387755
0.04296342 0.01337622 0.05387755
0.04074647 0.01325317 0.05387755
0.03857636 0.01310759 0.05387755
0.03645523 0.01293945 0.05387755
0.03438516 0.01274873 0.05387755
0.03236822 0.01253565 0.05387755
0.03040637 0.01230029 0.05387755
0.02850157 0.01204291 0.05387755
0.02665569 0.01176381 0.05387755
0.02487055 0.01146343 0.05387755
0.02314791 0.01114212 0.05387755
0.02148948 0.01080032 0.05387755
0.01989688 0.01043865 0.05387755
0.01837170 0.01005757 0.05387755
0.01691544 0.00965776 0.05387755
0.01552953 0.00923992 0.05387755
0.01421535 0.00880443 0.05387755
0.01297418 0.00835223 0.05387755
0.01180726 0.00788397 0.05387755
0.01071573 0.00740032 0.05387755
0.00970068 0.00690211 0.05387755
0.00876310 0.00638964 0.05387755
0.00790392 0.00586364 0.05387755
0.00712399 0.00532549 0.05387755
0.00642408 0.00477516 0.05387755
0.00580487 0.00421292 0.05387755
0.00526699 0.00363941 0.05387755
0.00481095 0.00305674 0.05387755
0.00443722 0.00246329 0.05387755
0.00414615 0.00185959 0.05387755
0.00393804 0.00124689 0.05387755
0.00381309 0.00062531 0.05387755
0.00377143 0.00000000 0.05387755
#35
0.00388571 0.00000000 0.05551020
0.00392814 -0.00063148 0.05551020
0.00405536 -0.00125760 0.05551020
0.00426725 -0.00187493 0.05551020
0.00456361 -0.00248321 0.05551020
0.00494413 -0.00307960 0.05551020
0.00540842 -0.00366720 0.05551020
0.00595602 -0.00424400 0.05551020
0.00658639 -0.00480982 0.05551020
0.00729887 -0.00536372 0.05551020
0.00809277 -0.00590559 0.05551020
0.00896727 -0.00643398 0.05551020
0.00992150 -0.00694892 0.05551020
0.01095450 -0.00744964 0.05551020
0.01206522 -0.00793501 0.05551020
0.01325255 -0.00840475 0.05551020
0.01451529 -0.00885797 0.05551020
0.01585217 -0.00929408 0.05551020
0.01726184 -0.00971217 0.05551020
0.01874289 -0.01011173 0.05551020
0.02029383 -0.01049201 0.05551020
0.02191308 -0.01085255 0.05551020
0.02359903 -0.01119263 0.05551020
0.02534997 -0.01151180 0.05551020
0.02716415 -0.01180952 0.05551020
0.02903973 -0.01208547 0.05551020
0.03097482 -0.01233924 0.05551020
0.03296748 -0.01257052 0.05551020
0.03501570 -0.01277913 0.05551020
0.03711742 -0.01296482 0.05551020
0.03927052 -0.01312757 0.05551020
0.04147284 -0.01326734 0.05551020
0.04372215 -0.01338414 0.05551020
0.04601619 -0.01347815 0.05551020
0.04835266 -0.01354949 0.05551020
0.05072919 -0.01359846 0.05551020
0.05314340 -0.01362537 0.05551020
0.05559286 -0.01363060 0.05551020
0.05807509 -0.01361455 0.05551020
0.06058761 -0.01357777 0.05551020
0.06312787 -0.01352078 0.05551020
0.06569333 -0.01344417 0.05551020
0.06828140 -0.01334858 0.05551020
0.07088946 -0.01323470 0.05551020
0.07351491 -0.01310323 0.05551020
0.07615508 -0.01295491 0.05551020
0.07880734 -0.01279048 0.05551020
0.08146899 -0.01261077 0.05551020
0.08413737 -0.01241656 0.05551020
0.08680979 -0.01220866 0.05551020
0.08948355 -0.01198789 0.05551020
0.09215597 -0.01175510 0.05551020
0.09482435 -0.01151109 0.05551020
0.09748600 -0.01125670 0.05551020
0.10013825 -0.01099276 0.05551020
0.10277843 -0.01072006 0.05551020
0.10540387 -0.01043944 0.05551020
0.10801194 -0.01015168 0.05551020
0.11060001 -0.00985756 0.05551020
0.11316546 -0.00955787 0.05551020
0.11570573 -0.00925337 0.05551020
0.11821824 -0.00894480 0.05551020
0.12070048 -0.00863290 0.05551020
0.12314993 -0.00831840 0.05551020
0.12556414 -0.00800200 0.05551020
0.12794068 -0.00768441 0.05551020
0.13027715 -0.00736633 0.05551020
0.13257119 -0.00704842 0.05551020
0.13482050 -0.00673137 0.05551020
0.13702282 -0.00641583 0.05551020
0.13917592 -0.00610247 0.05551020
0.14127764 -0.00579193 0.05551020
0.14332586 -0.00548487 0.05551020
0.14531852 -0.00518191 0.05551020
0.14725361 -0.00488369 0.05551020
0.14912919 -0.00459084 0.05551020
0.15094336 -0.00430398 0.05551020
0.15269430 -0.00402375 0.05551020
0.15438025 -0.00375073 0.05551020
0.15599951 -0.00348555 0.05551020
0.15755044 -0.00322880 0.05551020
0.15903149 -0.00298106 0.05551020
0.16044117 -0.00274291 0.05551020
0.16177805 -0.00251492 0.05551020
0.16304079 -0.00229763 0.05551020
0.16422812 -0.00209157 0.05551020
0.16533884 -0.00189727 0.05551020
0.16637184 -0.00171520 0.05551020
0.16732606 -0.00154585 0.05551020
0.16820057 -0.00138964 0.05551020
0.16899446 -0.00124699 0.05551020
0.16970695 -0.00111829 0.05551020
0.17033731 -0.00100387 0.05551020
0.17088492 -0.00090406 0.05551020
0.17134921 -0.00081913 0.05551020
0.17172973 -0.00074930 0.05551020
0.17202608 -0.00065325 0.05551020
0.17223798 -0.00047507 0.05551020
0.17236520 -0.00024866 0.05551020
0.17240762 0.00000000 0.05551020
0.17236604 0.00024625 0.05551020
0.17224135 0.00047091 0.05551020
0.17203367 0.00064891 0.05551020
0.17174320 0.00074683 0.05551020
0.17137023 0.00081528 0.05551020
0.17091513 0.00089854 0.05551020
0.17037835 0.00099640 0.05551020
0.16976041 0.00110860 0.05551020
0.16906193 0.00123483 0.05551020
0.16828360 0.00137476 0.05551020
0.16742618 0.00152801 0.05551020
0.16649052 0.00169420 0.05551020
0.16547755 0.00187290 0.05551020
0.16438826 0.00206365 0.05551020
0.16322373 0.00226599 0.05551020
0.16198510 0.00247942 0.05551020
0.16067361 0.00270342 0.05551020
0.15929054 0.00293746 0.05551020
0.15783727 0.00318101 0.05551020
0.15631521 0.00343351 0.05551020
0.15472588 0.00369438 0.05551020
0.15307085 0.00396304 0.05551020
0.15135174 0.00423892 0.05551020
0.14957026 0.00452143 0.05551020
0.14772816 0.00480994 0.05551020
0.14582726 0.00510388 0.05551020
0.14386944 0.00540263 0.05551020
0.14185662 0.00570558 0.05551020
0.13979080 0.00601210 0.05551020
0.13767401 0.00632157 0.05551020
0.13550835 0.00663336 0.05551020
0.13329595 0.00694684 0.05551020
0.13103898 0.00726136 0.05551020
0.12873969 0.00757629 0.05551020
0.12640034 0.00789095 0.05551020
0.12402324 0.00820468 0.05551020
0.12161073 0.00851680 0.05551020
0.11916519 0.00882663 0.05551020
0.11668905 0.00913347 0.05551020
0.11418473 0.00943661 0.05551020
0.11165472 0.00973532 0.05551020
0.10910152 0.01002888 0.05551020
0.10652763 0.01031653 0.05551020
0.10393560 0.01059752 0.05551020
0.10132799 0.01087108 0.05551020
0.09870737 0.01113642 0.05551020
0.09607632 0.01139277 0.05551020
0.09343746 0.01163933 0.05551020
0.09079337 0.01187528 0.05551020
0.08814667 0.01209983 0.05551020
0.08549997 0.01231219 0.05551020
0.08285588 0.01251155 0.05551020
0.08021701 0.01269709 0.05551020
0.07758597 0.01286806 0.05551020
0.07496535 0.01302368 0.05551020
0.07235774 0.01316319 0.05551020
0.06976571 0.01328587 0.05551020
0.06719182 0.01339100 0.05551020
0.06463861 0.01347791 0.05551020
0.06210860 0.01354597 0.05551020
0.05960429 0.01359455 0.05551020
0.05712814 0.01362312 0.05551020
0.05468261 0.01363117 0.05551020
0.05227010 0.01361821 0.05551020
0.04989300 0.01358386 0.05551020
0.04755364 0.01352777 0.05551020
0.04525435 0.01344963 0.05551020
0.04299739 0.01334927 0.05551020
0.04078499 0.01322646 0.05551020
0.03861932 0.01308116 0.05551020
0.03650254 0.01291335 0.05551020
0.03443671 0.01272300 0.05551020
0.03242390 0.01251034 0.05551020
0.03046608 0.01227544 0.05551020
0.02856518 0.01201858 0.05551020
0.02672308 0.01174004 0.05551020
0.02494159 0.01144025 0.05551020
0.02322249 0.01111959 0.05551020
0.02156745 0.01077847 0.05551020
0.01997812 0.01041753 0.05551020
0.01845607 0.01003721 0.05551020
0.01700279 0.00963821 0.05551020
0.01561972 0.00922121 0.05551020
0.01430823 0.00878659 0.05551020
0.01306961 0.00833531 0.05551020
0.01190508 0.00786800 0.05551020
0.01081579 0.00738533 0.05551020
0.00980281 0.00688812 0.05551020
0.00886716 0.00637669 0.05551020
0.00800974 0.00585175 0.05551020
0.00723141 0.00531469 0.05551020
0.00653293 0.00476548 0.05551020
0.00591499 0.00420437 0.05551020
0.00537821 0.00363203 0.05551020
0.00492311 0.00305054 0.05551020
0.00455014 0.00245830 0.05551020
0.00425967 0.00185582 0.05551020
0.00405198 0.00124436 0.05551020
0.00392729 0.00062404 0.05551020
0.00388571 0.00000000 0.05551020
#36
0.00400000 0.00000000 0.05714286
0.00404233 -0.00063020 0.05714286
0.00416930 -0.00125504 0.05714286
0.00438076 -0.00187112 0.05714286
0.00467650 -0.00247816 0.05714286
0.00505624 -0.00307334 0.05714286
0.00551958 -0.00365975 0.05714286
0.00606606 -0.00423537 0.05714286
0.00669513 -0.00480004 0.05714286
0.00740615 -0.00535282 0.05714286
0.00819842 -0.00589360 0.05714286
0.00907112 -0.00642091 0.05714286
0.01002339 -0.00693481 0.05714286
0.01105427 -0.00743452 0.05714286
0.01216271 -0.00791890 0.05714286
0.01334760 -0.00838768 0.05714286
0.01460774 -0.00884000 0.05714286
0.01594188 -0.00927522 0.05714286
0.01734866 -0.00969247 0.05714286
0.01882667 -0.01009122 0.05714286
0.02037442 -0.01047073 0.05714286
0.02199035 -0.01083055 0.05714286
0.02367284 -0.01116994 0.05714286
0.02542018 -0.01148847 0.05714286
0.02723063 -0.01178561 0.05714286
0.02910236 -0.01206101 0.05714286
0.03103348 -0.01231427 0.05714286
0.03302205 -0.01254509 0.05714286
0.03506606 -0.01275329 0.05714286
0.03716346 -0.01293862 0.05714286
0.03931214 -0.01310104 0.05714286
0.04150994 -0.01324055 0.05714286
0.04375463 -0.01335712 0.05714286
0.04604396 -0.01345096 0.05714286
0.04837563 -0.01352217 0.05714286
0.05074729 -0.01357106 0.05714286
0.05315654 -0.01359793 0.05714286
0.05560097 -0.01360316 0.05714286
0.05807811 -0.01358717 0.05714286
0.06058546 -0.01355049 0.05714286
0.06312051 -0.01349363 0.05714286
0.06568070 -0.01341719 0.05714286
0.06826345 -0.01332182 0.05714286
0.07086616 -0.01320819 0.05714286
0.07348621 -0.01307700 0.05714286
0.07612097 -0.01292900 0.05714286
0.07876777 -0.01276494 0.05714286
0.08142396 -0.01258561 0.05714286
0.08408686 -0.01239181 0.05714286
0.08675379 -0.01218435 0.05714286
0.08942206 -0.01196406 0.05714286
0.09208899 -0.01173176 0.05714286
0.09475189 -0.01148826 0.05714286
0.09740808 -0.01123441 0.05714286
0.10005489 -0.01097103 0.05714286
0.10268964 -0.01069891 0.05714286
0.10530970 -0.01041887 0.05714286
0.10791241 -0.01013172 0.05714286
0.11049516 -0.00983822 0.05714286
0.11305535 -0.00953916 0.05714286
0.11559040 -0.00923529 0.05714286
0.11809775 -0.00892737 0.05714286
0.12057489 -0.00861612 0.05714286
0.12301932 -0.00830228 0.05714286
0.12542857 -0.00798655 0.05714286
0.12780023 -0.00766963 0.05714286
0.13013189 -0.00735221 0.05714286
0.13242123 -0.00703497 0.05714286
0.13466592 -0.00671858 0.05714286
0.13686371 -0.00640370 0.05714286
0.13901239 -0.00609099 0.05714286
0.14110980 -0.00578111 0.05714286
0.14315381 -0.00547468 0.05714286
0.14514238 -0.00517235 0.05714286
0.14707350 -0.00487476 0.05714286
0.14894523 -0.00458253 0.05714286
0.15075567 -0.00429627 0.05714286
0.15250302 -0.00401662 0.05714286
0.15418551 -0.00374418 0.05714286
0.15580144 -0.00347956 0.05714286
0.15734919 -0.00322334 0.05714286
0.15882720 -0.00297612 0.05714286
0.16023398 -0.00273847 0.05714286
0.16156811 -0.00251096 0.05714286
0.16282826 -0.00229413 0.05714286
0.16401315 -0.00208850 0.05714286
0.16512159 -0.00189460 0.05714286
0.16615247 -0.00171292 0.05714286
0.16710474 -0.00154392 0.05714286
0.16797744 -0.00138804 0.05714286
0.16876971 -0.00124569 0.05714286
0.16948073 -0.00111725 0.05714286
0.17010980 -0.00100308 0.05714286
0.17065628 -0.00090348 0.05714286
0.17111962 -0.00081872 0.05714286
0.17149935 -0.00074905 0.05714286
0.17179510 -0.00065281 0.05714286
0.17200656 -0.00047464 0.05714286
0.17213352 -0.00024841 0.05714286
0.17217586 0.00000000 0.05714286
0.17213437 0.00024600 0.05714286
0.17200993 0.00047049 0.05714286
0.17180267 0.00064847 0.05714286
0.17151280 0.00074658 0.05714286
0.17114060 0.00081488 0.05714286
0.17068643 0.00089797 0.05714286
0.17015075 0.00099563 0.05714286
0.16953408 0.00110759 0.05714286
0.16883704 0.00123356 0.05714286
0.16806030 0.00137319 0.05714286
0.16720464 0.00152612 0.05714286
0.16627091 0.00169196 0.05714286
0.16526001 0.00187028 0.05714286
0.16417296 0.00206064 0.05714286
0.16301082 0.00226255 0.05714286
0.16177474 0.00247553 0.05714286
0.16046594 0.00269906 0.05714286
0.15908572 0.00293261 0.05714286
0.15763542 0.00317565 0.05714286
0.15611649 0.00342762 0.05714286
0.15453043 0.00368794 0.05714286
0.15287879 0.00395604 0.05714286
0.15116322 0.00423135 0.05714286
0.14938539 0.00451326 0.05714286
0.14754707 0.00480117 0.05714286
0.14565008 0.00509450 0.05714286
0.14369627 0.00539262 0.05714286
0.14168759 0.00569493 0.05714286
0.13962601 0.00600081 0.05714286
0.13751357 0.00630963 0.05714286
0.13535236 0.00662077 0.05714286
0.13314449 0.00693360 0.05714286
0.13089217 0.00724746 0.05714286
0.12859760 0.00756173 0.05714286
0.12626305 0.00787573 0.05714286
0.12389083 0.00818880 0.05714286
0.12148327 0.00850027 0.05714286
0.11904276 0.00880945 0.05714286
0.11657170 0.00911565 0.05714286
0.11407253 0.00941815 0.05714286
0.11154771 0.00971623 0.05714286
0.10899975 0.01000917 0.05714286
0.10643114 0.01029622 0.05714286
0.10384444 0.01057662 0.05714286
0.10124218 0.01084960 0.05714286
0.09862694 0.01111439 0.05714286
0.09600130 0.01137020 0.05714286
0.09336785 0.01161623 0.05714286
0.09072919 0.01185168 0.05714286
0.08808793 0.01207576 0.05714286
0.08544666 0.01228766 0.05714286
0.08280800 0.01248660 0.05714286
0.08017456 0.01267174 0.05714286
0.07754892 0.01284235 0.05714286
0.07493368 0.01299763 0.05714286
0.07233142 0.01313684 0.05714286
0.06974472 0.01325924 0.05714286
0.06717611 0.01336414 0.05714286
0.06462814 0.01345086 0.05714286
0.06210333 0.01351876 0.05714286
0.05960416 0.01356722 0.05714286
0.05713310 0.01359572 0.05714286
0.05469259 0.01360373 0.05714286
0.05228503 0.01359078 0.05714286
0.04991281 0.01355648 0.05714286
0.04757826 0.01350049 0.05714286
0.04528369 0.01342249 0.05714286
0.04303136 0.01332232 0.05714286
0.04082350 0.01319974 0.05714286
0.03866228 0.01305472 0.05714286
0.03654984 0.01288724 0.05714286
0.03448827 0.01269727 0.05714286
0.03247958 0.01248503 0.05714286
0.03052578 0.01225060 0.05714286
0.02862878 0.01199424 0.05714286
0.02679047 0.01171626 0.05714286
0.02501264 0.01141707 0.05714286
0.02329707 0.01109705 0.05714286
0.02164543 0.01075662 0.05714286
0.02005937 0.01039640 0.05714286
0.01854044 0.01001685 0.05714286
0.01709014 0.00961866 0.05714286
0.01570991 0.00920250 0.05714286
0.01440112 0.00876876 0.05714286
0.01316504 0.00831839 0.05714286
0.01200290 0.00785203 0.05714286
0.01091584 0.00737033 0.05714286
0.00990495 0.00687413 0.05714286
0.00897121 0.00636373 0.05714286
0.00811556 0.00583987 0.05714286
0.00733882 0.00530390 0.05714286
0.00664178 0.00475580 0.05714286
0.00602511 0.00419583 0.05714286
0.00548943 0.00362465 0.05714286
0.00503526 0.00304434 0.05714286
0.00466306 0.00245330 0.05714286
0.00437319 0.00185205 0.05714286
0.00416593 0.00124183 0.05714286
0.00404149 0.00062278 0.05714286
0.00400000 0.00000000 0.05714286
#37
0.00411429 0.00000000 0.05877551
0.00415653 -0.00062892 0.05877551
0.00428323 -0.00125249 0.05877551
0.00449426 -0.00186732 0.05877551
0.00478940 -0.00247311 0.05877551
0.00516835 -0.00306708 0.05877551
0.00563074 -0.00365230 0.05877551
0.00617609 -0.00422675 0.05877551
0.00680387 -0.00479027 0.05877551
0.00751343 -0.00534192 0.05877551
0.00830406 -0.00588160 0.05877551
0.00917497 -0.00640784 0.05877551
0.01012528 -0.00692070 0.05877551
0.01115404 -0.00741939 0.05877551
0.01226020 -0.00790279 0.05877551
0.01344265 -0.00837062 0.05877551
0.01470020 -0.00882202 0.05877551
0.01603159 -0.00925636 0.05877551
0.01743548 -0.00967276 0.05877551
0.01891045 -0.01007072 0.05877551
0.02045501 -0.01044946 0.05877551
0.02206762 -0.01080855 0.05877551
0.02374664 -0.01114726 0.05877551
0.02549039 -0.01146515 0.05877551
0.02729712 -0.01176169 0.05877551
0.02916499 -0.01203654 0.05877551
0.03109214 -0.01228929 0.05877551
0.03307661 -0.01251966 0.05877551
0.03511642 -0.01272744 0.05877551
0.03720951 -0.01291241 0.05877551
0.03935377 -0.01307452 0.05877551
0.04154704 -0.01321376 0.05877551
0.04378712 -0.01333011 0.05877551
0.04607174 -0.01342377 0.05877551
0.04839861 -0.01349485 0.05877551
0.05076538 -0.01354366 0.05877551
0.05316968 -0.01357050 0.05877551
0.05560908 -0.01357573 0.05877551
0.05808112 -0.01355979 0.05877551
0.06058331 -0.01352320 0.05877551
0.06311314 -0.01346648 0.05877551
0.06566807 -0.01339022 0.05877551
0.06824550 -0.01329506 0.05877551
0.07084286 -0.01318168 0.05877551
0.07345752 -0.01305078 0.05877551
0.07608685 -0.01290310 0.05877551
0.07872821 -0.01273939 0.05877551
0.08137894 -0.01256044 0.05877551
0.08403636 -0.01236707 0.05877551
0.08669780 -0.01216005 0.05877551
0.08936058 -0.01194023 0.05877551
0.09202202 -0.01170842 0.05877551
0.09467944 -0.01146544 0.05877551
0.09733017 -0.01121213 0.05877551
0.09997153 -0.01094930 0.05877551
0.10260086 -0.01067775 0.05877551
0.10521552 -0.01039831 0.05877551
0.10781288 -0.01011176 0.05877551
0.11039031 -0.00981888 0.05877551
0.11294523 -0.00952045 0.05877551
0.11547507 -0.00921722 0.05877551
0.11797726 -0.00890995 0.05877551
0.12044930 -0.00859935 0.05877551
0.12288870 -0.00828617 0.05877551
0.12529300 -0.00797110 0.05877551
0.12765977 -0.00765484 0.05877551
0.12998664 -0.00733809 0.05877551
0.13227126 -0.00702151 0.05877551
0.13451134 -0.00670578 0.05877551
0.13670461 -0.00639157 0.05877551
0.13884887 -0.00607952 0.05877551
0.14094196 -0.00577028 0.05877551
0.14298176 -0.00546450 0.05877551
0.14496624 -0.00516280 0.05877551
0.14689339 -0.00486583 0.05877551
0.14876126 -0.00457422 0.05877551
0.15056798 -0.00428856 0.05877551
0.15231174 -0.00400949 0.05877551
0.15399076 -0.00373762 0.05877551
0.15560337 -0.00347356 0.05877551
0.15714793 -0.00321788 0.05877551
0.15862290 -0.00297118 0.05877551
0.16002679 -0.00273403 0.05877551
0.16135818 -0.00250699 0.05877551
0.16261573 -0.00229062 0.05877551
0.16379818 -0.00208542 0.05877551
0.16490434 -0.00189194 0.05877551
0.16593310 -0.00171063 0.05877551
0.16688341 -0.00154199 0.05877551
0.16775432 -0.00138644 0.05877551
0.16854495 -0.00124439 0.05877551
0.16925451 -0.00111622 0.05877551
0.16988229 -0.00100229 0.05877551
0.17042764 -0.00090289 0.05877551
0.17089003 -0.00081832 0.05877551
0.17126898 -0.00074879 0.05877551
0.17156412 -0.00065236 0.05877551
0.17177515 -0.00047421 0.05877551
0.17190185 -0.00024817 0.05877551
0.17194409 0.00000000 0.05877551
0.17190269 0.00024576 0.05877551
0.17177851 0.00047006 0.05877551
0.17157168 0.00064802 0.05877551
0.17128240 0.00074633 0.05877551
0.17091096 0.00081449 0.05877551
0.17045773 0.00089740 0.05877551
0.16992315 0.00099485 0.05877551
0.16930775 0.00110658 0.05877551
0.16861214 0.00123228 0.05877551
0.16783701 0.00137161 0.05877551
0.16698311 0.00152423 0.05877551
0.16605129 0.00168972 0.05877551
0.16504248 0.00186767 0.05877551
0.16395766 0.00205762 0.05877551
0.16279792 0.00225911 0.05877551
0.16156438 0.00247164 0.05877551
0.16025827 0.00269470 0.05877551
0.15888089 0.00292777 0.05877551
0.15743358 0.00317029 0.05877551
0.15591777 0.00342173 0.05877551
0.15433497 0.00368151 0.05877551
0.15268673 0.00394904 0.05877551
0.15097469 0.00422377 0.05877551
0.14920052 0.00450509 0.05877551
0.14736599 0.00479240 0.05877551
0.14547289 0.00508511 0.05877551
0.14352311 0.00538261 0.05877551
0.14151856 0.00568429 0.05877551
0.13946123 0.00598952 0.05877551
0.13735313 0.00629769 0.05877551
0.13519636 0.00660818 0.05877551
0.13299304 0.00692035 0.05877551
0.13074535 0.00723356 0.05877551
0.12845550 0.00754717 0.05877551
0.12612576 0.00786051 0.05877551
0.12375842 0.00817292 0.05877551
0.12135582 0.00848374 0.05877551
0.11892033 0.00879227 0.05877551
0.11645435 0.00909782 0.05877551
0.11396032 0.00939969 0.05877551
0.11144070 0.00969715 0.05877551
0.10889798 0.00998947 0.05877551
0.10633466 0.01027592 0.05877551
0.10375327 0.01055572 0.05877551
0.10115637 0.01082813 0.05877551
0.09854652 0.01109236 0.05877551
0.09592628 0.01134762 0.05877551
0.09329825 0.01159314 0.05877551
0.09066502 0.01182809 0.05877551
0.08802919 0.01205169 0.05877551
0.08539336 0.01226314 0.05877551
0.08276013 0.01246165 0.05877551
0.08013210 0.01264640 0.05877551
0.07751186 0.01281663 0.05877551
0.07490201 0.01297158 0.05877551
0.07230510 0.01311048 0.05877551
0.06972372 0.01323262 0.05877551
0.06716040 0.01333728 0.05877551
0.06461768 0.01342381 0.05877551
0.06209806 0.01349154 0.05877551
0.05960403 0.01353989 0.05877551
0.05713805 0.01356831 0.05877551
0.05470256 0.01357629 0.05877551
0.05229996 0.01356335 0.05877551
0.04993262 0.01352910 0.05877551
0.04760288 0.01347321 0.05877551
0.04531303 0.01339535 0.05877551
0.04306534 0.01329537 0.05877551
0.04086202 0.01317303 0.05877551
0.03870525 0.01302829 0.05877551
0.03659715 0.01286114 0.05877551
0.03453982 0.01267154 0.05877551
0.03253527 0.01245971 0.05877551
0.03058548 0.01222575 0.05877551
0.02869239 0.01196991 0.05877551
0.02685786 0.01169248 0.05877551
0.02508369 0.01139389 0.05877551
0.02337164 0.01107451 0.05877551
0.02172341 0.01073477 0.05877551
0.02014061 0.01037528 0.05877551
0.01862480 0.00999650 0.05877551
0.01717749 0.00959910 0.05877551
0.01580011 0.00918379 0.05877551
0.01449400 0.00875093 0.05877551
0.01326046 0.00830147 0.05877551
0.01210071 0.00783605 0.05877551
0.01101590 0.00735533 0.05877551
0.01000709 0.00686014 0.05877551
0.00907527 0.00635078 0.05877551
0.00822137 0.00582798 0.05877551
0.00744624 0.00529310 0.05877551
0.00675063 0.00474612 0.05877551
0.00613523 0.00418728 0.05877551
0.00560065 0.00361727 0.05877551
0.00514742 0.00303814 0.05877551
0.00477598 0.00244831 0.05877551
0.00448670 0.00184828 0.05877551
0.00427987 0.00123930 0.05877551
0.00415569 0.00062151 0.05877551
0.00411429 0.00000000 0.05877551
#38
0.00422857 0.00000000 0.06040816
0.00427073 -0.00062763 0.06040816
0.00439717 -0.00124994 0.06040816
0.00460776 -0.00186351 0.06040816
0.00490229 -0.00246806 0.06040816
0.00528046 -0.00306082 0.06040816
0.00574190 -0.00364485 0.06040816
0.00628613 -0.00421813 0.06040816
0.00691261 -0.00478050 0.06040816
0.00762071 -0.00533102 0.06040816
0.00840971 -0.00586960 0.06040816
0.00927882 -0.00639477 0.06040816
0.01022718 -0.00690659 0.06040816
0.01125381 -0.00740426 0.06040816
0.01235769 -0.00788668 0.06040816
0.01353770 -0.00835356 0.06040816
0.01479266 -0.00880404 0.06040816
0.01612131 -0.00923750 0.06040816
0.01752230 -0.00965306 0.06040816
0.01899423 -0.01005021 0.06040816
0.02053561 -0.01042818 0.06040816
0.02214489 -0.01078655 0.06040816
0.02382045 -0.01112458 0.06040816
0.02556060 -0.01144183 0.06040816
0.02736360 -0.01173777 0.06040816
0.02922763 -0.01201207 0.06040816
0.03115080 -0.01226432 0.06040816
0.03313118 -0.01249423 0.06040816
0.03516679 -0.01270160 0.06040816
0.03725556 -0.01288621 0.06040816
0.03939539 -0.01304800 0.06040816
0.04158414 -0.01318696 0.06040816
0.04381960 -0.01330309 0.06040816
0.04609951 -0.01339658 0.06040816
0.04842158 -0.01346754 0.06040816
0.05078348 -0.01351626 0.06040816
0.05318282 -0.01354306 0.06040816
0.05561718 -0.01354830 0.06040816
0.05808413 -0.01353241 0.06040816
0.06058116 -0.01349591 0.06040816
0.06310578 -0.01343933 0.06040816
0.06565543 -0.01336324 0.06040816
0.06822755 -0.01326830 0.06040816
0.07081955 -0.01315517 0.06040816
0.07342883 -0.01302456 0.06040816
0.07605274 -0.01287720 0.06040816
0.07868865 -0.01271384 0.06040816
0.08133391 -0.01253528 0.06040816
0.08398585 -0.01234232 0.06040816
0.08664180 -0.01213575 0.06040816
0.08929910 -0.01191639 0.06040816
0.09195505 -0.01168508 0.06040816
0.09460699 -0.01144262 0.06040816
0.09725225 -0.01118984 0.06040816
0.09988816 -0.01092757 0.06040816
0.10251207 -0.01065660 0.06040816
0.10512135 -0.01037774 0.06040816
0.10771335 -0.01009180 0.06040816
0.11028547 -0.00979954 0.06040816
0.11283512 -0.00950173 0.06040816
0.11535974 -0.00919915 0.06040816
0.11785677 -0.00889252 0.06040816
0.12032372 -0.00858258 0.06040816
0.12275808 -0.00827005 0.06040816
0.12515742 -0.00795564 0.06040816
0.12751932 -0.00764005 0.06040816
0.12984139 -0.00732397 0.06040816
0.13212130 -0.00700805 0.06040816
0.13435676 -0.00669299 0.06040816
0.13654551 -0.00637943 0.06040816
0.13868534 -0.00606804 0.06040816
0.14077412 -0.00575945 0.06040816
0.14280972 -0.00545431 0.06040816
0.14479010 -0.00515325 0.06040816
0.14671328 -0.00485691 0.06040816
0.14857730 -0.00456590 0.06040816
0.15038030 -0.00428085 0.06040816
0.15212045 -0.00400237 0.06040816
0.15379601 -0.00373107 0.06040816
0.15540529 -0.00346756 0.06040816
0.15694667 -0.00321241 0.06040816
0.15841860 -0.00296623 0.06040816
0.15981959 -0.00272959 0.06040816
0.16114824 -0.00250303 0.06040816
0.16240320 -0.00228711 0.06040816
0.16358321 -0.00208235 0.06040816
0.16468709 -0.00188927 0.06040816
0.16571372 -0.00170835 0.06040816
0.16666208 -0.00154006 0.06040816
0.16753119 -0.00138484 0.06040816
0.16832019 -0.00124309 0.06040816
0.16902829 -0.00111519 0.06040816
0.16965477 -0.00100150 0.06040816
0.17019900 -0.00090231 0.06040816
0.17066044 -0.00081792 0.06040816
0.17103861 -0.00074853 0.06040816
0.17133314 -0.00065192 0.06040816
0.17154373 -0.00047379 0.06040816
0.17167017 -0.00024792 0.06040816
0.17171233 0.00000000 0.06040816
0.17167101 0.00024551 0.06040816
0.17154708 0.00046964 0.06040816
0.17134068 0.00064757 0.06040816
0.17105200 0.00074607 0.06040816
0.17068133 0.00081409 0.06040816
0.17022903 0.00089683 0.06040816
0.16969555 0.00099408 0.06040816
0.16908142 0.00110557 0.06040816
0.16838725 0.00123100 0.06040816
0.16761371 0.00137004 0.06040816
0.16676157 0.00152234 0.06040816
0.16583168 0.00168748 0.06040816
0.16482495 0.00186505 0.06040816
0.16374237 0.00205460 0.06040816
0.16258501 0.00225567 0.06040816
0.16135402 0.00246775 0.06040816
0.16005060 0.00269035 0.06040816
0.15867606 0.00292292 0.06040816
0.15723173 0.00316493 0.06040816
0.15571905 0.00341584 0.06040816
0.15413952 0.00367507 0.06040816
0.15249468 0.00394205 0.06040816
0.15078616 0.00421619 0.06040816
0.14901565 0.00449692 0.06040816
0.14718490 0.00478363 0.06040816
0.14529571 0.00507572 0.06040816
0.14334995 0.00537260 0.06040816
0.14134953 0.00567364 0.06040816
0.13929644 0.00597823 0.06040816
0.13719269 0.00628576 0.06040816
0.13504037 0.00659560 0.06040816
0.13284159 0.00690711 0.06040816
0.13059853 0.00721966 0.06040816
0.12831341 0.00753261 0.06040816
0.12598847 0.00784529 0.06040816
0.12362601 0.00815705 0.06040816
0.12122836 0.00846721 0.06040816
0.11879789 0.00877509 0.06040816
0.11633700 0.00908000 0.06040816
0.11384811 0.00938123 0.06040816
0.11133369 0.00967806 0.06040816
0.10879621 0.00996977 0.06040816
0.10623817 0.01025561 0.06040816
0.10366211 0.01053483 0.06040816
0.10107057 0.01080666 0.06040816
0.09846609 0.01107032 0.06040816
0.09585126 0.01132505 0.06040816
0.09322865 0.01157004 0.06040816
0.09060085 0.01180449 0.06040816
0.08797045 0.01202761 0.06040816
0.08534005 0.01223861 0.06040816
0.08271225 0.01243670 0.06040816
0.08008964 0.01262105 0.06040816
0.07747481 0.01279092 0.06040816
0.07487033 0.01294553 0.06040816
0.07227879 0.01308413 0.06040816
0.06970273 0.01320599 0.06040816
0.06714469 0.01331043 0.06040816
0.06460721 0.01339676 0.06040816
0.06209279 0.01346433 0.06040816
0.05960390 0.01351256 0.06040816
0.05714301 0.01354091 0.06040816
0.05471254 0.01354885 0.06040816
0.05231489 0.01353591 0.06040816
0.04995243 0.01350172 0.06040816
0.04762749 0.01344593 0.06040816
0.04534237 0.01336821 0.06040816
0.04309931 0.01326842 0.06040816
0.04090053 0.01314631 0.06040816
0.03874821 0.01300186 0.06040816
0.03664446 0.01283503 0.06040816
0.03459137 0.01264581 0.06040816
0.03259095 0.01243440 0.06040816
0.03064519 0.01220091 0.06040816
0.02875600 0.01194558 0.06040816
0.02692525 0.01166870 0.06040816
0.02515474 0.01137072 0.06040816
0.02344622 0.01105198 0.06040816
0.02180138 0.01071292 0.06040816
0.02022185 0.01035415 0.06040816
0.01870917 0.00997614 0.06040816
0.01726484 0.00957955 0.06040816
0.01589030 0.00916508 0.06040816
0.01458688 0.00873309 0.06040816
0.01335589 0.00828455 0.06040816
0.01219853 0.00782008 0.06040816
0.01111595 0.00734034 0.06040816
0.01010922 0.00684615 0.06040816
0.00917933 0.00633783 0.06040816
0.00832719 0.00581609 0.06040816
0.00755365 0.00528230 0.06040816
0.00685948 0.00473644 0.06040816
0.00624535 0.00417874 0.06040816
0.00571187 0.00360989 0.06040816
0.00525957 0.00303194 0.06040816
0.00488890 0.00244331 0.06040816
0.00460022 0.00184451 0.06040816
0.00439382 0.00123678 0.06040816
0.00426989 0.00062025 0.06040816
0.00422857 0.00000000 0.06040816
#39
0.00434286 0.00000000 0.06204082
0.00438493 -0.00062635 0.06204082
0.00451111 -0.00124738 0.06204082
0.00472126 -0.00185970 0.06204082
0.00501518 -0.00246301 0.06204082
0.00539257 -0.00305456 0.06204082
0.00585306 -0.00363740 0.06204082
0.00639616 -0.00420950 0.06204082
0.00702135 -0.00477072 0.06204082
0.00772798 -0.00532013 0.06204082
0.00851536 -0.00585761 0.06204082
0.00938268 -0.00638170 0.06204082
0.01032907 -0.00689247 0.06204082
0.01135358 -0.00738914 0.06204082
0.01245518 -0.00787057 0.06204082
0.01363275 -0.00833650 0.06204082
0.01488512 -0.00878607 0.06204082
0.01621102 -0.00921864 0.06204082
0.01760912 -0.00963336 0.06204082
0.01907800 -0.01002970 0.06204082
0.02061620 -0.01040691 0.06204082
0.02222215 -0.01076455 0.06204082
0.02389425 -0.01110190 0.06204082
0.02563082 -0.01141851 0.06204082
0.02743009 -0.01171385 0.06204082
0.02929026 -0.01198760 0.06204082
0.03120946 -0.01223935 0.06204082
0.03318575 -0.01246880 0.06204082
0.03521715 -0.01267576 0.06204082
0.03730160 -0.01286000 0.06204082
0.03943702 -0.01302147 0.06204082
0.04162125 -0.01316017 0.06204082
0.04385208 -0.01327608 0.06204082
0.04612728 -0.01336939 0.06204082
0.04844456 -0.01344022 0.06204082
0.05080157 -0.01348886 0.06204082
0.05319595 -0.01351562 0.06204082
0.05562529 -0.01352087 0.06204082
0.05808714 -0.01350503 0.06204082
0.06057902 -0.01346863 0.06204082
0.06309842 -0.01341218 0.06204082
0.06564280 -0.01333626 0.06204082
0.06820961 -0.01324153 0.06204082
0.07079625 -0.01312865 0.06204082
0.07340013 -0.01299833 0.06204082
0.07601862 -0.01285130 0.06204082
0.07864909 -0.01268829 0.06204082
0.08128888 -0.01251012 0.06204082
0.08393534 -0.01231758 0.06204082
0.08658581 -0.01211144 0.06204082
0.08923761 -0.01189256 0.06204082
0.09188808 -0.01166174 0.06204082
0.09453454 -0.01141979 0.06204082
0.09717433 -0.01116756 0.06204082
0.09980480 -0.01090584 0.06204082
0.10242329 -0.01063544 0.06204082
0.10502717 -0.01035718 0.06204082
0.10761381 -0.01007184 0.06204082
0.11018062 -0.00978020 0.06204082
0.11272501 -0.00948302 0.06204082
0.11524441 -0.00918107 0.06204082
0.11773628 -0.00887509 0.06204082
0.12019813 -0.00856580 0.06204082
0.12262747 -0.00825394 0.06204082
0.12502185 -0.00794019 0.06204082
0.12737886 -0.00762526 0.06204082
0.12969614 -0.00730984 0.06204082
0.13197134 -0.00699460 0.06204082
0.13420218 -0.00668020 0.06204082
0.13638640 -0.00636730 0.06204082
0.13852182 -0.00605656 0.06204082
0.14060627 -0.00574862 0.06204082
0.14263767 -0.00544413 0.06204082
0.14461396 -0.00514370 0.06204082
0.14653316 -0.00484798 0.06204082
0.14839333 -0.00455759 0.06204082
0.15019261 -0.00427313 0.06204082
0.15192917 -0.00399524 0.06204082
0.15360127 -0.00372452 0.06204082
0.15520722 -0.00346156 0.06204082
0.15674542 -0.00320695 0.06204082
0.15821430 -0.00296129 0.06204082
0.15961240 -0.00272514 0.06204082
0.16093830 -0.00249906 0.06204082
0.16219067 -0.00228360 0.06204082
0.16336825 -0.00207927 0.06204082
0.16446984 -0.00188660 0.06204082
0.16549435 -0.00170606 0.06204082
0.16644075 -0.00153813 0.06204082
0.16730806 -0.00138323 0.06204082
0.16809544 -0.00124179 0.06204082
0.16880207 -0.00111416 0.06204082
0.16942726 -0.00100070 0.06204082
0.16997037 -0.00090173 0.06204082
0.17043085 -0.00081751 0.06204082
0.17080824 -0.00074828 0.06204082
0.17110216 -0.00065147 0.06204082
0.17131231 -0.00047336 0.06204082
0.17143849 -0.00024767 0.06204082
0.17148056 0.00000000 0.06204082
0.17143933 0.00024526 0.06204082
0.17131566 0.00046921 0.06204082
0.17110968 0.00064712 0.06204082
0.17082160 0.00074582 0.06204082
0.17045169 0.00081370 0.06204082
0.17000033 0.00089626 0.06204082
0.16946796 0.00099330 0.06204082
0.16885510 0.00110455 0.06204082
0.16816235 0.00122973 0.06204082
0.16739041 0.00136847 0.06204082
0.16654004 0.00152044 0.06204082
0.16561207 0.00168524 0.06204082
0.16460741 0.00186243 0.06204082
0.16352707 0.00205159 0.06204082
0.16237210 0.00225223 0.06204082
0.16114366 0.00246386 0.06204082
0.15984294 0.00268599 0.06204082
0.15847123 0.00291807 0.06204082
0.15702989 0.00315957 0.06204082
0.15552033 0.00340995 0.06204082
0.15394406 0.00366863 0.06204082
0.15230262 0.00393505 0.06204082
0.15059763 0.00420862 0.06204082
0.14883078 0.00448875 0.06204082
0.14700381 0.00477486 0.06204082
0.14511853 0.00506633 0.06204082
0.14317679 0.00536258 0.06204082
0.14118050 0.00566299 0.06204082
0.13913165 0.00596694 0.06204082
0.13703225 0.00627382 0.06204082
0.13488437 0.00658301 0.06204082
0.13269014 0.00689387 0.06204082
0.13045172 0.00720576 0.06204082
0.12817131 0.00751804 0.06204082
0.12585118 0.00783007 0.06204082
0.12349360 0.00814117 0.06204082
0.12110090 0.00845068 0.06204082
0.11867546 0.00875791 0.06204082
0.11621965 0.00906218 0.06204082
0.11373591 0.00936277 0.06204082
0.11122668 0.00965898 0.06204082
0.10869444 0.00995007 0.06204082
0.10614169 0.01023531 0.06204082
0.10357095 0.01051393 0.06204082
0.10098476 0.01078518 0.06204082
0.09838567 0.01104829 0.06204082
0.09577623 0.01130248 0.06204082
0.09315904 0.01154695 0.06204082
0.09053667 0.01178090 0.06204082
0.08791171 0.01200354 0.06204082
0.08528675 0.01221409 0.06204082
0.08266438 0.01241175 0.06204082
0.08004719 0.01259570 0.06204082
0.07743776 0.01276520 0.06204082
0.07483866 0.01291947 0.06204082
0.07225247 0.01305777 0.06204082
0.06968173 0.01317937 0.06204082
0.06712898 0.01328357 0.06204082
0.06459674 0.01336970 0.06204082
0.06208751 0.01343712 0.06204082
0.05960377 0.01348524 0.06204082
0.05714796 0.01351350 0.06204082
0.05472252 0.01352141 0.06204082
0.05232982 0.01350848 0.06204082
0.04997225 0.01347435 0.06204082
0.04765211 0.01341865 0.06204082
0.04537170 0.01334108 0.06204082
0.04313328 0.01324148 0.06204082
0.04093905 0.01311960 0.06204082
0.03879117 0.01297542 0.06204082
0.03669177 0.01280893 0.06204082
0.03464292 0.01262007 0.06204082
0.03264664 0.01240909 0.06204082
0.03070489 0.01217606 0.06204082
0.02881961 0.01192124 0.06204082
0.02699264 0.01164492 0.06204082
0.02522579 0.01134754 0.06204082
0.02352080 0.01102944 0.06204082
0.02187936 0.01069107 0.06204082
0.02030309 0.01033303 0.06204082
0.01879354 0.00995578 0.06204082
0.01735219 0.00956000 0.06204082
0.01598049 0.00914636 0.06204082
0.01467977 0.00871526 0.06204082
0.01345132 0.00826763 0.06204082
0.01229635 0.00780410 0.06204082
0.01121601 0.00732534 0.06204082
0.01021136 0.00683216 0.06204082
0.00928338 0.00632488 0.06204082
0.00843301 0.00580420 0.06204082
0.00766107 0.00527150 0.06204082
0.00696833 0.00472675 0.06204082
0.00635547 0.00417019 0.06204082
0.00582309 0.00360250 0.06204082
0.00537173 0.00302573 0.06204082
0.00500182 0.00243832 0.06204082
0.00471374 0.00184074 0.06204082
0.00450776 0.00123425 0.06204082
0.00438409 0.00061898 0.06204082
0.00434286 0.00000000 0.06204082
#40
0.00445714 0.00000000 0.06367347
0.00449913 -0.00062507 0.06367347
0.00462505 -0.00124483 0.06367347
0.00483477 -0.00185589 0.06367347
0.00512808 -0.00245796 0.06367347
0.00550469 -0.00304830 0.06367347
0.00596421 -0.00362995 0.06367347
0.00650620 -0.00420088 0.06367347
0.00713009 -0.00476095 0.06367347
0.00783526 -0.00530923 0.06367347
0.00862100 -0.00584561 0.06367347
0.00948653 -0.00636864 0.06367347
0.01043096 -0.00687836 0.06367347
0.01145335 -0.00737401 0.06367347
0.01255266 -0.00785446 0.06367347
0.01372780 -0.00831944 0.06367347
0.01497758 -0.00876809 0.06367347
0.01630073 -0.00919978 0.06367347
0.01769594 -0.00961366 0.06367347
0.01916178 -0.01000919 0.06367347
0.02069679 -0.01038564 0.06367347
0.02229942 -0.01074255 0.06367347
0.02396806 -0.01107922 0.06367347
0.02570103 -0.01139518 0.06367347
0.02749657 -0.01168994 0.06367347
0.02935289 -0.01196313 0.06367347
0.03126812 -0.01221438 0.06367347
0.03324032 -0.01244337 0.06367347
0.03526751 -0.01264992 0.06367347
0.03734765 -0.01283379 0.06367347
0.03947864 -0.01299495 0.06367347
0.04165835 -0.01313338 0.06367347
0.04388457 -0.01324906 0.06367347
0.04615506 -0.01334220 0.06367347
0.04846753 -0.01341290 0.06367347
0.05081967 -0.01346146 0.06367347
0.05320909 -0.01348818 0.06367347
0.05563340 -0.01349344 0.06367347
0.05809015 -0.01347765 0.06367347
0.06057687 -0.01344134 0.06367347
0.06309105 -0.01338502 0.06367347
0.06563017 -0.01330929 0.06367347
0.06819166 -0.01321477 0.06367347
0.07077295 -0.01310214 0.06367347
0.07337144 -0.01297211 0.06367347
0.07598451 -0.01282539 0.06367347
0.07860953 -0.01266275 0.06367347
0.08124386 -0.01248496 0.06367347
0.08388484 -0.01229283 0.06367347
0.08652982 -0.01208714 0.06367347
0.08917613 -0.01186872 0.06367347
0.09182110 -0.01163840 0.06367347
0.09446209 -0.01139697 0.06367347
0.09709641 -0.01114527 0.06367347
0.09972144 -0.01088411 0.06367347
0.10233451 -0.01061429 0.06367347
0.10493299 -0.01033662 0.06367347
0.10751428 -0.01005188 0.06367347
0.11007578 -0.00976085 0.06367347
0.11261489 -0.00946431 0.06367347
0.11512908 -0.00916300 0.06367347
0.11761579 -0.00885767 0.06367347
0.12007254 -0.00854903 0.06367347
0.12249685 -0.00823782 0.06367347
0.12488627 -0.00792474 0.06367347
0.12723841 -0.00761048 0.06367347
0.12955089 -0.00729572 0.06367347
0.13182138 -0.00698114 0.06367347
0.13404759 -0.00666741 0.06367347
0.13622730 -0.00635517 0.06367347
0.13835829 -0.00604509 0.06367347
0.14043843 -0.00573780 0.06367347
0.14246562 -0.00543394 0.06367347
0.14443783 -0.00513415 0.06367347
0.14635305 -0.00483905 0.06367347
0.14820937 -0.00454928 0.06367347
0.15000492 -0.00426542 0.06367347
0.15173788 -0.00398812 0.06367347
0.15340652 -0.00371796 0.06367347
0.15500915 -0.00345556 0.06367347
0.15654416 -0.00320149 0.06367347
0.15801001 -0.00295635 0.06367347
0.15940521 -0.00272070 0.06367347
0.16072836 -0.00249510 0.06367347
0.16197814 -0.00228009 0.06367347
0.16315328 -0.00207620 0.06367347
0.16425260 -0.00188393 0.06367347
0.16527498 -0.00170378 0.06367347
0.16621942 -0.00153620 0.06367347
0.16708494 -0.00138163 0.06367347
0.16787068 -0.00124048 0.06367347
0.16857586 -0.00111313 0.06367347
0.16919975 -0.00099991 0.06367347
0.16974173 -0.00090115 0.06367347
0.17020126 -0.00081711 0.06367347
0.17057786 -0.00074802 0.06367347
0.17087118 -0.00065103 0.06367347
0.17108090 -0.00047293 0.06367347
0.17120681 -0.00024742 0.06367347
0.17124880 0.00000000 0.06367347
0.17120765 0.00024502 0.06367347
0.17108424 0.00046879 0.06367347
0.17087869 0.00064667 0.06367347
0.17059120 0.00074557 0.06367347
0.17022206 0.00081330 0.06367347
0.16977163 0.00089569 0.06367347
0.16924036 0.00099252 0.06367347
0.16862877 0.00110354 0.06367347
0.16793746 0.00122845 0.06367347
0.16716712 0.00136690 0.06367347
0.16631850 0.00151855 0.06367347
0.16539245 0.00168300 0.06367347
0.16438988 0.00185982 0.06367347
0.16331177 0.00204857 0.06367347
0.16215920 0.00224879 0.06367347
0.16093329 0.00245997 0.06367347
0.15963527 0.00268163 0.06367347
0.15826640 0.00291322 0.06367347
0.15682804 0.00315421 0.06367347
0.15532161 0.00340406 0.06367347
0.15374860 0.00366220 0.06367347
0.15211056 0.00392805 0.06367347
0.15040911 0.00420104 0.06367347
0.14864591 0.00448059 0.06367347
0.14682273 0.00476608 0.06367347
0.14494134 0.00505695 0.06367347
0.14300362 0.00535257 0.06367347
0.14101147 0.00565235 0.06367347
0.13896686 0.00595566 0.06367347
0.13687181 0.00626189 0.06367347
0.13472838 0.00657042 0.06367347
0.13253869 0.00688062 0.06367347
0.13030490 0.00719185 0.06367347
0.12802922 0.00750348 0.06367347
0.12571389 0.00781485 0.06367347
0.12336119 0.00812529 0.06367347
0.12097345 0.00843415 0.06367347
0.11855302 0.00874073 0.06367347
0.11610230 0.00904436 0.06367347
0.11362370 0.00934432 0.06367347
0.11111967 0.00963989 0.06367347
0.10859267 0.00993037 0.06367347
0.10604521 0.01021500 0.06367347
0.10347979 0.01049303 0.06367347
0.10089895 0.01076371 0.06367347
0.09830524 0.01102626 0.06367347
0.09570121 0.01127990 0.06367347
0.09308944 0.01152385 0.06367347
0.09047250 0.01175730 0.06367347
0.08785297 0.01197947 0.06367347
0.08523345 0.01218957 0.06367347
0.08261650 0.01238680 0.06367347
0.08000473 0.01257036 0.06367347
0.07740070 0.01273949 0.06367347
0.07480699 0.01289342 0.06367347
0.07222615 0.01303142 0.06367347
0.06966074 0.01315275 0.06367347
0.06711327 0.01325671 0.06367347
0.06458628 0.01334265 0.06367347
0.06208224 0.01340991 0.06367347
0.05960364 0.01345791 0.06367347
0.05715292 0.01348610 0.06367347
0.05473249 0.01349397 0.06367347
0.05234475 0.01348105 0.06367347
0.04999206 0.01344697 0.06367347
0.04767672 0.01339137 0.06367347
0.04540104 0.01331394 0.06367347
0.04316725 0.01321453 0.06367347
0.04097756 0.01309289 0.06367347
0.03883413 0.01294899 0.06367347
0.03673908 0.01278282 0.06367347
0.03469447 0.01259434 0.06367347
0.03270232 0.01238378 0.06367347
0.03076460 0.01215122 0.06367347
0.02888322 0.01189691 0.06367347
0.02706003 0.01162114 0.06367347
0.02529684 0.01132436 0.06367347
0.02359538 0.01100691 0.06367347
0.02195734 0.01066922 0.06367347
0.02038433 0.01031191 0.06367347
0.01887790 0.00993542 0.06367347
0.01743954 0.00954045 0.06367347
0.01607068 0.00912765 0.06367347
0.01477265 0.00869743 0.06367347
0.01354674 0.00825071 0.06367347
0.01239417 0.00778813 0.06367347
0.01131606 0.00731034 0.06367347
0.01031349 0.00681817 0.06367347
0.00938744 0.00631192 0.06367347
0.00853883 0.00579232 0.06367347
0.00776848 0.00526070 0.06367347
0.00707718 0.00471707 0.06367347
0.00646558 0.00416165 0.06367347
0.00593431 0.00359512 0.06367347
0.00548388 0.00301953 0.06367347
0.00511474 0.00243332 0.06367347
0.00482726 0.00183697 0.06367347
0.00462171 0.00123172 0.06367347
0.00449829 0.00061771 0.06367347
0.00445714 0.00000000 0.06367347
#41
0.00457143 0.00000000 0.06530612
0.00461333 -0.00062379 0.06530612
0.00473898 -0.00124227 0.06530612
0.00494827 -0.00185208 0.06530612
0.00524097 -0.00245291 0.06530612
0.00561680 -0.00304204 0.06530612
0.00607537 -0.00362249 0.06530612
0.00661623 -0.00419225 0.06530612
0.00723883 -0.00475118 0.06530612
0.00794254 -0.00529833 0.06530612
0.00872665 -0.00583362 0.06530612
0.00959038 -0.00635557 0.06530612
0.01053285 -0.00686425 0.06530612
0.01155312 -0.00735888 0.06530612
0.01265015 -0.00783835 0.06530612
0.01382285 -0.00830238 0.06530612
0.01507004 -0.00875011 0.06530612
0.01639045 -0.00918092 0.06530612
0.01778275 -0.00959395 0.06530612
0.01924556 -0.00998868 0.06530612
0.02077738 -0.01036436 0.06530612
0.02237669 -0.01072056 0.06530612
0.02404187 -0.01105653 0.06530612
0.02577124 -0.01137186 0.06530612
0.02756306 -0.01166602 0.06530612
0.02941553 -0.01193867 0.06530612
0.03132678 -0.01218940 0.06530612
0.03329489 -0.01241794 0.06530612
0.03531787 -0.01262407 0.06530612
0.03739370 -0.01280759 0.06530612
0.03952027 -0.01296843 0.06530612
0.04169545 -0.01310659 0.06530612
0.04391705 -0.01322205 0.06530612
0.04618283 -0.01331501 0.06530612
0.04849051 -0.01338558 0.06530612
0.05083776 -0.01343406 0.06530612
0.05322223 -0.01346074 0.06530612
0.05564151 -0.01346601 0.06530612
0.05809316 -0.01345027 0.06530612
0.06057472 -0.01341405 0.06530612
0.06308369 -0.01335787 0.06530612
0.06561753 -0.01328231 0.06530612
0.06817371 -0.01318801 0.06530612
0.07074965 -0.01307563 0.06530612
0.07334274 -0.01294588 0.06530612
0.07595039 -0.01279949 0.06530612
0.07856997 -0.01263720 0.06530612
0.08119883 -0.01245980 0.06530612
0.08383433 -0.01226808 0.06530612
0.08647382 -0.01206284 0.06530612
0.08911464 -0.01184489 0.06530612
0.09175413 -0.01161506 0.06530612
0.09438964 -0.01137414 0.06530612
0.09701850 -0.01112298 0.06530612
0.09963807 -0.01086238 0.06530612
0.10224572 -0.01059313 0.06530612
0.10483882 -0.01031605 0.06530612
0.10741475 -0.01003192 0.06530612
0.10997093 -0.00974151 0.06530612
0.11250478 -0.00944560 0.06530612
0.11501374 -0.00914492 0.06530612
0.11749530 -0.00884024 0.06530612
0.11994696 -0.00853226 0.06530612
0.12236623 -0.00822171 0.06530612
0.12475070 -0.00790929 0.06530612
0.12709795 -0.00759569 0.06530612
0.12940563 -0.00728160 0.06530612
0.13167141 -0.00696768 0.06530612
0.13389301 -0.00665461 0.06530612
0.13606819 -0.00634304 0.06530612
0.13819477 -0.00603361 0.06530612
0.14027059 -0.00572697 0.06530612
0.14229358 -0.00542376 0.06530612
0.14426169 -0.00512460 0.06530612
0.14617294 -0.00483013 0.06530612
0.14802541 -0.00454096 0.06530612
0.14981723 -0.00425771 0.06530612
0.15154660 -0.00398099 0.06530612
0.15321177 -0.00371141 0.06530612
0.15481108 -0.00344956 0.06530612
0.15634291 -0.00319603 0.06530612
0.15780571 -0.00295141 0.06530612
0.15919802 -0.00271626 0.06530612
0.16051843 -0.00249114 0.06530612
0.16176561 -0.00227659 0.06530612
0.16293831 -0.00207312 0.06530612
0.16403535 -0.00188127 0.06530612
0.16505561 -0.00170149 0.06530612
0.16599809 -0.00153427 0.06530612
0.16686181 -0.00138003 0.06530612
0.16764593 -0.00123918 0.06530612
0.16834964 -0.00111209 0.06530612
0.16897223 -0.00099912 0.06530612
0.16951309 -0.00090057 0.06530612
0.16997166 -0.00081671 0.06530612
0.17034749 -0.00074776 0.06530612
0.17064020 -0.00065058 0.06530612
0.17084948 -0.00047250 0.06530612
0.17097514 -0.00024717 0.06530612
0.17101704 0.00000000 0.06530612
0.17097597 0.00024477 0.06530612
0.17085281 0.00046836 0.06530612
0.17064769 0.00064622 0.06530612
0.17036080 0.00074532 0.06530612
0.16999242 0.00081291 0.06530612
0.16954293 0.00089512 0.06530612
0.16901276 0.00099175 0.06530612
0.16840244 0.00110253 0.06530612
0.16771256 0.00122717 0.06530612
0.16694382 0.00136533 0.06530612
0.16609697 0.00151666 0.06530612
0.16517284 0.00168076 0.06530612
0.16417234 0.00185720 0.06530612
0.16309648 0.00204555 0.06530612
0.16194629 0.00224534 0.06530612
0.16072293 0.00245609 0.06530612
0.15942760 0.00267727 0.06530612
0.15806157 0.00290837 0.06530612
0.15662620 0.00314885 0.06530612
0.15512289 0.00339817 0.06530612
0.15355315 0.00365576 0.06530612
0.15191850 0.00392105 0.06530612
0.15022058 0.00419346 0.06530612
0.14846104 0.00447242 0.06530612
0.14664164 0.00475731 0.06530612
0.14476416 0.00504756 0.06530612
0.14283046 0.00534256 0.06530612
0.14084244 0.00564170 0.06530612
0.13880208 0.00594437 0.06530612
0.13671137 0.00624995 0.06530612
0.13457239 0.00655783 0.06530612
0.13238724 0.00686738 0.06530612
0.13015809 0.00717795 0.06530612
0.12788712 0.00748892 0.06530612
0.12557659 0.00779963 0.06530612
0.12322878 0.00810942 0.06530612
0.12084599 0.00841762 0.06530612
0.11843059 0.00872355 0.06530612
0.11598495 0.00902654 0.06530612
0.11351149 0.00932586 0.06530612
0.11101265 0.00962081 0.06530612
0.10849090 0.00991067 0.06530612
0.10594872 0.01019469 0.06530612
0.10338863 0.01047214 0.06530612
0.10081315 0.01074224 0.06530612
0.09822482 0.01100423 0.06530612
0.09562619 0.01125733 0.06530612
0.09301984 0.01150076 0.06530612
0.09040832 0.01173371 0.06530612
0.08779423 0.01195540 0.06530612
0.08518014 0.01216504 0.06530612
0.08256863 0.01236185 0.06530612
0.07996227 0.01254501 0.06530612
0.07736365 0.01271377 0.06530612
0.07477532 0.01286737 0.06530612
0.07219983 0.01300506 0.06530612
0.06963974 0.01312612 0.06530612
0.06709756 0.01322985 0.06530612
0.06457581 0.01331560 0.06530612
0.06207697 0.01338270 0.06530612
0.05960351 0.01343058 0.06530612
0.05715787 0.01345869 0.06530612
0.05474247 0.01346653 0.06530612
0.05235969 0.01345362 0.06530612
0.05001187 0.01341959 0.06530612
0.04770134 0.01336409 0.06530612
0.04543038 0.01328680 0.06530612
0.04320122 0.01318758 0.06530612
0.04101608 0.01306617 0.06530612
0.03887710 0.01292256 0.06530612
0.03678639 0.01275671 0.06530612
0.03474602 0.01256861 0.06530612
0.03275800 0.01235847 0.06530612
0.03082430 0.01212637 0.06530612
0.02894682 0.01187257 0.06530612
0.02712742 0.01159736 0.06530612
0.02536789 0.01130118 0.06530612
0.02366996 0.01098437 0.06530612
0.02203532 0.01064737 0.06530612
0.02046557 0.01029078 0.06530612
0.01896227 0.00991506 0.06530612
0.01752690 0.00952089 0.06530612
0.01616087 0.00910894 0.06530612
0.01486553 0.00867960 0.06530612
0.01364217 0.00823379 0.06530612
0.01249199 0.00777216 0.06530612
0.01141612 0.00729534 0.06530612
0.01041563 0.00680418 0.06530612
0.00949150 0.00629897 0.06530612
0.00864464 0.00578043 0.06530612
0.00787590 0.00524990 0.06530612
0.00718603 0.00470739 0.06530612
0.00657570 0.00415310 0.06530612
0.00604553 0.00358774 0.06530612
0.00559604 0.00301333 0.06530612
0.00522767 0.00242833 0.06530612
0.00494077 0.00183320 0.06530612
0.00473565 0.00122919 0.06530612
0.00461249 0.00061645 0.06530612
0.00457143 0.00000000 0.06530612
#42
0.00468571 0.00000000 0.06693878
0.00472753 -0.00062251 0.06693878
0.00485292 -0.00123972 0.06693878
0.00506177 -0.00184827 0.06693878
0.00535387 -0.00244786 0.06693878
0.00572891 -0.00303578 0.06693878
0.00618653 -0.00361504 0.06693878
0.00672627 -0.00418363 0.06693878
0.00734757 -0.00474140 0.06693878
0.00804981 -0.00528744 0.06693878
0.00883230 -0.00582162 0.06693878
0.00969423 -0.00634250 0.06693878
0.01063474 -0.00685014 0.06693878
0.01165289 -0.00734376 0.06693878
0.01274764 -0.00782224 0.06693878
0.01391791 -0.00828532 0.06693878
0.01516250 -0.00873213 0.06693878
0.01648016 -0.00916207 0.06693878
0.01786957 -0.00957425 0.06693878
0.01932934 -0.00996818 0.06693878
0.02085798 -0.01034309 0.06693878
0.02245396 -0.01069856 0.06693878
0.02411567 -0.01103385 0.06693878
0.02584145 -0.01134854 0.06693878
0.02762954 -0.01164210 0.06693878
0.02947816 -0.01191420 0.06693878
0.03138544 -0.01216443 0.06693878
0.03334945 -0.01239251 0.06693878
0.03536823 -0.01259823 0.06693878
0.03743974 -0.01278138 0.06693878
0.03956189 -0.01294191 0.06693878
0.04173255 -0.01307979 0.06693878
0.04394953 -0.01319503 0.06693878
0.04621060 -0.01328782 0.06693878
0.04851348 -0.01335826 0.06693878
0.05085586 -0.01340665 0.06693878
0.05323537 -0.01343330 0.06693878
0.05564962 -0.01343858 0.06693878
0.05809617 -0.01342289 0.06693878
0.06057257 -0.01338677 0.06693878
0.06307632 -0.01333072 0.06693878
0.06560490 -0.01325533 0.06693878
0.06815577 -0.01316125 0.06693878
0.07072634 -0.01304912 0.06693878
0.07331405 -0.01291966 0.06693878
0.07591628 -0.01277359 0.06693878
0.07853040 -0.01261165 0.06693878
0.08115380 -0.01243463 0.06693878
0.08378383 -0.01224334 0.06693878
0.08641783 -0.01203853 0.06693878
0.08905316 -0.01182105 0.06693878
0.09168716 -0.01159172 0.06693878
0.09431718 -0.01135132 0.06693878
0.09694058 -0.01110070 0.06693878
0.09955471 -0.01084065 0.06693878
0.10215694 -0.01057198 0.06693878
0.10474464 -0.01029549 0.06693878
0.10731522 -0.01001196 0.06693878
0.10986608 -0.00972217 0.06693878
0.11239466 -0.00942688 0.06693878
0.11489841 -0.00912685 0.06693878
0.11737481 -0.00882281 0.06693878
0.11982137 -0.00851548 0.06693878
0.12223562 -0.00820560 0.06693878
0.12461513 -0.00789384 0.06693878
0.12695750 -0.00758090 0.06693878
0.12926038 -0.00726748 0.06693878
0.13152145 -0.00695423 0.06693878
0.13373843 -0.00664182 0.06693878
0.13590909 -0.00633090 0.06693878
0.13803124 -0.00602213 0.06693878
0.14010275 -0.00571614 0.06693878
0.14212153 -0.00541358 0.06693878
0.14408555 -0.00511505 0.06693878
0.14599283 -0.00482120 0.06693878
0.14784144 -0.00453265 0.06693878
0.14962954 -0.00425000 0.06693878
0.15135531 -0.00397386 0.06693878
0.15301703 -0.00370485 0.06693878
0.15461301 -0.00344357 0.06693878
0.15614165 -0.00319057 0.06693878
0.15760141 -0.00294647 0.06693878
0.15899082 -0.00271182 0.06693878
0.16030849 -0.00248717 0.06693878
0.16155308 -0.00227308 0.06693878
0.16272334 -0.00207005 0.06693878
0.16381810 -0.00187860 0.06693878
0.16483624 -0.00169921 0.06693878
0.16577676 -0.00153234 0.06693878
0.16663869 -0.00137843 0.06693878
0.16742117 -0.00123788 0.06693878
0.16812342 -0.00111106 0.06693878
0.16874472 -0.00099833 0.06693878
0.16928445 -0.00089999 0.06693878
0.16974207 -0.00081631 0.06693878
0.17011712 -0.00074751 0.06693878
0.17040922 -0.00065013 0.06693878
0.17061806 -0.00047207 0.06693878
0.17074346 -0.00024692 0.06693878
0.17078527 0.00000000 0.06693878
0.17074429 0.00024452 0.06693878
0.17062139 0.00046793 0.06693878
0.17041669 0.00064577 0.06693878
0.17013040 0.00074507 0.06693878
0.16976279 0.00081251 0.06693878
0.16931423 0.00089455 0.06693878
0.16878516 0.00099097 0.06693878
0.16817611 0.00110152 0.06693878
0.16748767 0.00122590 0.06693878
0.16672053 0.00136376 0.06693878
0.16587543 0.00151477 0.06693878
0.16495322 0.00167851 0.06693878
0.16395481 0.00185458 0.06693878
0.16288118 0.00204253 0.06693878
0.16173339 0.00224190 0.06693878
0.16051257 0.00245220 0.06693878
0.15921993 0.00267291 0.06693878
0.15785674 0.00290352 0.06693878
0.15642435 0.00314349 0.06693878
0.15492417 0.00339228 0.06693878
0.15335769 0.00364933 0.06693878
0.15172645 0.00391405 0.06693878
0.15003205 0.00418589 0.06693878
0.14827618 0.00446425 0.06693878
0.14646055 0.00474854 0.06693878
0.14458698 0.00503817 0.06693878
0.14265730 0.00533255 0.06693878
0.14067341 0.00563106 0.06693878
0.13863729 0.00593308 0.06693878
0.13655093 0.00623802 0.06693878
0.13441639 0.00654524 0.06693878
0.13223579 0.00685414 0.06693878
0.13001127 0.00716405 0.06693878
0.12774503 0.00747436 0.06693878
0.12543930 0.00778441 0.06693878
0.12309637 0.00809354 0.06693878
0.12071854 0.00840109 0.06693878
0.11830816 0.00870637 0.06693878
0.11586760 0.00900871 0.06693878
0.11339929 0.00930740 0.06693878
0.11090564 0.00960172 0.06693878
0.10838913 0.00989097 0.06693878
0.10585224 0.01017439 0.06693878
0.10329747 0.01045124 0.06693878
0.10072734 0.01072076 0.06693878
0.09814439 0.01098219 0.06693878
0.09555117 0.01123475 0.06693878
0.09295023 0.01147766 0.06693878
0.09034415 0.01171011 0.06693878
0.08773549 0.01193133 0.06693878
0.08512684 0.01214052 0.06693878
0.08252075 0.01233690 0.06693878
0.07991982 0.01251966 0.06693878
0.07732660 0.01268806 0.06693878
0.07474364 0.01284132 0.06693878
0.07217352 0.01297871 0.06693878
0.06961874 0.01309950 0.06693878
0.06708185 0.01320300 0.06693878
0.06456534 0.01328854 0.06693878
0.06207170 0.01335549 0.06693878
0.05960338 0.01340325 0.06693878
0.05716283 0.01343129 0.06693878
0.05475245 0.01343909 0.06693878
0.05237462 0.01342619 0.06693878
0.05003168 0.01339221 0.06693878
0.04772596 0.01333681 0.06693878
0.04545972 0.01325966 0.06693878
0.04323520 0.01316063 0.06693878
0.04105459 0.01303946 0.06693878
0.03892006 0.01289613 0.06693878
0.03683370 0.01273061 0.06693878
0.03479757 0.01254288 0.06693878
0.03281369 0.01233315 0.06693878
0.03088401 0.01210153 0.06693878
0.02901043 0.01184824 0.06693878
0.02719481 0.01157359 0.06693878
0.02543893 0.01127800 0.06693878
0.02374454 0.01096183 0.06693878
0.02211329 0.01062552 0.06693878
0.02054681 0.01026966 0.06693878
0.01904663 0.00989471 0.06693878
0.01761425 0.00950134 0.06693878
0.01625106 0.00909023 0.06693878
0.01495842 0.00866176 0.06693878
0.01373760 0.00821687 0.06693878
0.01258981 0.00775618 0.06693878
0.01151617 0.00728035 0.06693878
0.01051776 0.00679019 0.06693878
0.00959555 0.00628602 0.06693878
0.00875046 0.00576854 0.06693878
0.00798331 0.00523910 0.06693878
0.00729488 0.00469771 0.06693878
0.00668582 0.00414456 0.06693878
0.00615675 0.00358036 0.06693878
0.00570819 0.00300713 0.06693878
0.00534059 0.00242333 0.06693878
0.00505429 0.00182943 0.06693878
0.00484959 0.00122667 0.06693878
0.00472669 0.00061518 0.06693878
0.00468571 0.00000000 0.06693878
#43
0.00480000 0.00000000 0.06857143
0.00484172 -0.00062123 0.06857143
0.00496686 -0.00123717 0.06857143
0.00517527 -0.00184446 0.06857143
0.00546676 -0.00244281 0.06857143
0.00584102 -0.00302952 0.06857143
0.00629769 -0.00360759 0.06857143
0.00683630 -0.00417500 0.06857143
0.00745631 -0.00473163 0.06857143
0.00815709 -0.00527654 0.06857143
0.00893794 -0.00580963 0.06857143
0.00979808 -0.00632943 0.06857143
0.01073663 -0.00683603 0.06857143
0.01175266 -0.00732863 0.06857143
0.01284513 -0.00780613 0.06857143
0.01401296 -0.00826826 0.06857143
0.01525495 -0.00871416 0.06857143
0.01656987 -0.00914321 0.06857143
0.01795639 -0.00955455 0.06857143
0.01941311 -0.00994767 0.06857143
0.02093857 -0.01032181 0.06857143
0.02253122 -0.01067656 0.06857143
0.02418948 -0.01101117 0.06857143
0.02591166 -0.01132522 0.06857143
0.02769603 -0.01161819 0.06857143
0.02954079 -0.01188973 0.06857143
0.03144410 -0.01213946 0.06857143
0.03340402 -0.01236708 0.06857143
0.03541860 -0.01257239 0.06857143
0.03748579 -0.01275518 0.06857143
0.03960352 -0.01291538 0.06857143
0.04176966 -0.01305300 0.06857143
0.04398202 -0.01316802 0.06857143
0.04623838 -0.01326063 0.06857143
0.04853646 -0.01333094 0.06857143
0.05087395 -0.01337925 0.06857143
0.05324851 -0.01340587 0.06857143
0.05565772 -0.01341114 0.06857143
0.05809918 -0.01339551 0.06857143
0.06057042 -0.01335948 0.06857143
0.06306896 -0.01330357 0.06857143
0.06559227 -0.01322836 0.06857143
0.06813782 -0.01313448 0.06857143
0.07070304 -0.01302261 0.06857143
0.07328536 -0.01289344 0.06857143
0.07588216 -0.01274769 0.06857143
0.07849084 -0.01258610 0.06857143
0.08110877 -0.01240947 0.06857143
0.08373332 -0.01221859 0.06857143
0.08636183 -0.01201423 0.06857143
0.08899167 -0.01179722 0.06857143
0.09162019 -0.01156838 0.06857143
0.09424473 -0.01132850 0.06857143
0.09686266 -0.01107841 0.06857143
0.09947135 -0.01081892 0.06857143
0.10206815 -0.01055082 0.06857143
0.10465046 -0.01027492 0.06857143
0.10721569 -0.00999200 0.06857143
0.10976124 -0.00970283 0.06857143
0.11228455 -0.00940817 0.06857143
0.11478308 -0.00910878 0.06857143
0.11725432 -0.00880539 0.06857143
0.11969578 -0.00849871 0.06857143
0.12210500 -0.00818948 0.06857143
0.12447955 -0.00787838 0.06857143
0.12681705 -0.00756612 0.06857143
0.12911513 -0.00725336 0.06857143
0.13137149 -0.00694077 0.06857143
0.13358385 -0.00662903 0.06857143
0.13574999 -0.00631877 0.06857143
0.13786772 -0.00601065 0.06857143
0.13993491 -0.00570532 0.06857143
0.14194948 -0.00540339 0.06857143
0.14390941 -0.00510550 0.06857143
0.14581271 -0.00481227 0.06857143
0.14765748 -0.00452434 0.06857143
0.14944185 -0.00424228 0.06857143
0.15116403 -0.00396674 0.06857143
0.15282228 -0.00369830 0.06857143
0.15441494 -0.00343757 0.06857143
0.15594039 -0.00318511 0.06857143
0.15739711 -0.00294153 0.06857143
0.15878363 -0.00270738 0.06857143
0.16009855 -0.00248321 0.06857143
0.16134055 -0.00226957 0.06857143
0.16250837 -0.00206697 0.06857143
0.16360085 -0.00187593 0.06857143
0.16461687 -0.00169692 0.06857143
0.16555543 -0.00153041 0.06857143
0.16641556 -0.00137683 0.06857143
0.16719642 -0.00123658 0.06857143
0.16789720 -0.00111003 0.06857143
0.16851721 -0.00099754 0.06857143
0.16905582 -0.00089940 0.06857143
0.16951248 -0.00081590 0.06857143
0.16988675 -0.00074725 0.06857143
0.17017823 -0.00064968 0.06857143
0.17038665 -0.00047164 0.06857143
0.17051178 -0.00024667 0.06857143
0.17055351 0.00000000 0.06857143
0.17051261 0.00024427 0.06857143
0.17038997 0.00046751 0.06857143
0.17018570 0.00064531 0.06857143
0.16990000 0.00074482 0.06857143
0.16953316 0.00081211 0.06857143
0.16908553 0.00089398 0.06857143
0.16855757 0.00099020 0.06857143
0.16794978 0.00110051 0.06857143
0.16726278 0.00122462 0.06857143
0.16649723 0.00136219 0.06857143
0.16565390 0.00151287 0.06857143
0.16473361 0.00167627 0.06857143
0.16373728 0.00185197 0.06857143
0.16266588 0.00203952 0.06857143
0.16152048 0.00223846 0.06857143
0.16030221 0.00244831 0.06857143
0.15901226 0.00266855 0.06857143
0.15765191 0.00289867 0.06857143
0.15622251 0.00313813 0.06857143
0.15472546 0.00338639 0.06857143
0.15316224 0.00364289 0.06857143
0.15153439 0.00390705 0.06857143
0.14984352 0.00417831 0.06857143
0.14809131 0.00445608 0.06857143
0.14627947 0.00473977 0.06857143
0.14440979 0.00502879 0.06857143
0.14248413 0.00532253 0.06857143
0.14050438 0.00562041 0.06857143
0.13847250 0.00592179 0.06857143
0.13639049 0.00622608 0.06857143
0.13426040 0.00653266 0.06857143
0.13208434 0.00684089 0.06857143
0.12986445 0.00715015 0.06857143
0.12760293 0.00745980 0.06857143
0.12530201 0.00776919 0.06857143
0.12296396 0.00807767 0.06857143
0.12059108 0.00838456 0.06857143
0.11818572 0.00868919 0.06857143
0.11575025 0.00899089 0.06857143
0.11328708 0.00928894 0.06857143
0.11079863 0.00958264 0.06857143
0.10828736 0.00987127 0.06857143
0.10575576 0.01015408 0.06857143
0.10320631 0.01043034 0.06857143
0.10064153 0.01069929 0.06857143
0.09806396 0.01096016 0.06857143
0.09547614 0.01121218 0.06857143
0.09288063 0.01145457 0.06857143
0.09027998 0.01168652 0.06857143
0.08767675 0.01190725 0.06857143
0.08507353 0.01211599 0.06857143
0.08247288 0.01231195 0.06857143
0.07987736 0.01249432 0.06857143
0.07728954 0.01266234 0.06857143
0.07471197 0.01281527 0.06857143
0.07214720 0.01295235 0.06857143
0.06959775 0.01307288 0.06857143
0.06706614 0.01317614 0.06857143
0.06455488 0.01326149 0.06857143
0.06206643 0.01332828 0.06857143
0.05960325 0.01337592 0.06857143
0.05716779 0.01340389 0.06857143
0.05476243 0.01341166 0.06857143
0.05238955 0.01339876 0.06857143
0.05005149 0.01336484 0.06857143
0.04775057 0.01330953 0.06857143
0.04548905 0.01323253 0.06857143
0.04326917 0.01313368 0.06857143
0.04109311 0.01301274 0.06857143
0.03896302 0.01286969 0.06857143
0.03688101 0.01270450 0.06857143
0.03484912 0.01251715 0.06857143
0.03286937 0.01230784 0.06857143
0.03094371 0.01207668 0.06857143
0.02907404 0.01182390 0.06857143
0.02726220 0.01154981 0.06857143
0.02550998 0.01125482 0.06857143
0.02381912 0.01093930 0.06857143
0.02219127 0.01060367 0.06857143
0.02062805 0.01024853 0.06857143
0.01913100 0.00987435 0.06857143
0.01770160 0.00948179 0.06857143
0.01634125 0.00907152 0.06857143
0.01505130 0.00864393 0.06857143
0.01383303 0.00819995 0.06857143
0.01268762 0.00774021 0.06857143
0.01161623 0.00726535 0.06857143
0.01061990 0.00677620 0.06857143
0.00969961 0.00627306 0.06857143
0.00885628 0.00575665 0.06857143
0.00809073 0.00522830 0.06857143
0.00740373 0.00468803 0.06857143
0.00679594 0.00413601 0.06857143
0.00626798 0.00357298 0.06857143
0.00582035 0.00300093 0.06857143
0.00545351 0.00241834 0.06857143
0.00516781 0.00182566 0.06857143
0.00496354 0.00122414 0.06857143
0.00484089 0.00061392 0.06857143
0.00480000 0.00000000 0.06857143
#44
0.00491429 0.00000000 0.07020408
0.00495592 -0.00061995 0.07020408
0.00508080 -0.00123461 0.07020408
0.00528877 -0.00184065 0.07020408
0.00557965 -0.00243776 0.07020408
0.00595314 -0.00302326 0.07020408
0.00640885 -0.00360014 0.07020408
0.00694633 -0.00416638 0.07020408
0.00756505 -0.00472186 0.07020408
0.00826437 -0.00526564 0.07020408
0.00904359 -0.00579763 0.07020408
0.00990193 -0.00631636 0.07020408
0.01083852 -0.00682191 0.07020408
0.01185243 -0.00731351 0.07020408
0.01294262 -0.00779002 0.07020408
0.01410801 -0.00825120 0.07020408
0.01534741 -0.00869618 0.07020408
0.01665959 -0.00912435 0.07020408
0.01804321 -0.00953485 0.07020408
0.01949689 -0.00992716 0.07020408
0.02101916 -0.01030054 0.07020408
0.02260849 -0.01065456 0.07020408
0.02426328 -0.01098849 0.07020408
0.02598187 -0.01130189 0.07020408
0.02776251 -0.01159427 0.07020408
0.02960343 -0.01186526 0.07020408
0.03150276 -0.01211449 0.07020408
0.03345859 -0.01234165 0.07020408
0.03546896 -0.01254655 0.07020408
0.03753183 -0.01272897 0.07020408
0.03964514 -0.01288886 0.07020408
0.04180676 -0.01302621 0.07020408
0.04401450 -0.01314100 0.07020408
0.04626615 -0.01323344 0.07020408
0.04855944 -0.01330362 0.07020408
0.05089205 -0.01335185 0.07020408
0.05326164 -0.01337843 0.07020408
0.05566583 -0.01338371 0.07020408
0.05810219 -0.01336813 0.07020408
0.06056827 -0.01333219 0.07020408
0.06306159 -0.01327642 0.07020408
0.06557964 -0.01320138 0.07020408
0.06811987 -0.01310772 0.07020408
0.07067974 -0.01299610 0.07020408
0.07325666 -0.01286721 0.07020408
0.07584805 -0.01272179 0.07020408
0.07845128 -0.01256056 0.07020408
0.08106375 -0.01238431 0.07020408
0.08368281 -0.01219384 0.07020408
0.08630584 -0.01198993 0.07020408
0.08893019 -0.01177339 0.07020408
0.09155322 -0.01154504 0.07020408
0.09417228 -0.01130567 0.07020408
0.09678475 -0.01105612 0.07020408
0.09938798 -0.01079719 0.07020408
0.10197937 -0.01052967 0.07020408
0.10455629 -0.01025436 0.07020408
0.10711616 -0.00997204 0.07020408
0.10965639 -0.00968349 0.07020408
0.11217444 -0.00938946 0.07020408
0.11466775 -0.00909070 0.07020408
0.11713383 -0.00878796 0.07020408
0.11957020 -0.00848194 0.07020408
0.12197438 -0.00817337 0.07020408
0.12434398 -0.00786293 0.07020408
0.12667659 -0.00755133 0.07020408
0.12896988 -0.00723924 0.07020408
0.13122153 -0.00692732 0.07020408
0.13342927 -0.00661623 0.07020408
0.13559088 -0.00630664 0.07020408
0.13770419 -0.00599918 0.07020408
0.13976707 -0.00569449 0.07020408
0.14177744 -0.00539321 0.07020408
0.14373327 -0.00509595 0.07020408
0.14563260 -0.00480335 0.07020408
0.14747352 -0.00451602 0.07020408
0.14925416 -0.00423457 0.07020408
0.15097275 -0.00395961 0.07020408
0.15262754 -0.00369175 0.07020408
0.15421687 -0.00343157 0.07020408
0.15573914 -0.00317965 0.07020408
0.15719282 -0.00293659 0.07020408
0.15857644 -0.00270294 0.07020408
0.15988862 -0.00247925 0.07020408
0.16112802 -0.00226606 0.07020408
0.16229340 -0.00206389 0.07020408
0.16338360 -0.00187326 0.07020408
0.16439750 -0.00169464 0.07020408
0.16533410 -0.00152848 0.07020408
0.16619244 -0.00137522 0.07020408
0.16697166 -0.00123528 0.07020408
0.16767098 -0.00110900 0.07020408
0.16828969 -0.00099675 0.07020408
0.16882718 -0.00089882 0.07020408
0.16928289 -0.00081550 0.07020408
0.16965638 -0.00074700 0.07020408
0.16994725 -0.00064922 0.07020408
0.17015523 -0.00047121 0.07020408
0.17028010 -0.00024642 0.07020408
0.17032174 0.00000000 0.07020408
0.17028093 0.00024402 0.07020408
0.17015855 0.00046708 0.07020408
0.16995470 0.00064486 0.07020408
0.16966960 0.00074457 0.07020408
0.16930352 0.00081172 0.07020408
0.16885683 0.00089341 0.07020408
0.16832997 0.00098942 0.07020408
0.16772345 0.00109950 0.07020408
0.16703788 0.00122334 0.07020408
0.16627393 0.00136062 0.07020408
0.16543236 0.00151098 0.07020408
0.16451400 0.00167403 0.07020408
0.16351974 0.00184935 0.07020408
0.16245058 0.00203650 0.07020408
0.16130758 0.00223502 0.07020408
0.16009184 0.00244442 0.07020408
0.15880459 0.00266419 0.07020408
0.15744708 0.00289382 0.07020408
0.15602066 0.00313277 0.07020408
0.15452674 0.00338050 0.07020408
0.15296678 0.00363645 0.07020408
0.15134233 0.00390005 0.07020408
0.14965500 0.00417073 0.07020408
0.14790644 0.00444791 0.07020408
0.14609838 0.00473100 0.07020408
0.14423261 0.00501940 0.07020408
0.14231097 0.00531252 0.07020408
0.14033535 0.00560976 0.07020408
0.13830771 0.00591050 0.07020408
0.13623005 0.00621415 0.07020408
0.13410440 0.00652007 0.07020408
0.13193289 0.00682765 0.07020408
0.12971764 0.00713625 0.07020408
0.12746084 0.00744524 0.07020408
0.12516472 0.00775397 0.07020408
0.12283155 0.00806179 0.07020408
0.12046363 0.00836803 0.07020408
0.11806329 0.00867201 0.07020408
0.11563290 0.00897307 0.07020408
0.11317487 0.00927048 0.07020408
0.11069162 0.00956356 0.07020408
0.10818559 0.00985156 0.07020408
0.10565927 0.01013378 0.07020408
0.10311515 0.01040945 0.07020408
0.10055573 0.01067782 0.07020408
0.09798354 0.01093813 0.07020408
0.09540112 0.01118961 0.07020408
0.09281102 0.01143147 0.07020408
0.09021580 0.01166292 0.07020408
0.08761801 0.01188318 0.07020408
0.08502023 0.01209147 0.07020408
0.08242500 0.01228700 0.07020408
0.07983491 0.01246897 0.07020408
0.07725249 0.01263663 0.07020408
0.07468030 0.01278922 0.07020408
0.07212088 0.01292600 0.07020408
0.06957675 0.01304625 0.07020408
0.06705043 0.01314928 0.07020408
0.06454441 0.01323444 0.07020408
0.06206116 0.01330107 0.07020408
0.05960313 0.01334860 0.07020408
0.05717274 0.01337648 0.07020408
0.05477240 0.01338422 0.07020408
0.05240448 0.01337133 0.07020408
0.05007131 0.01333746 0.07020408
0.04777519 0.01328225 0.07020408
0.04551839 0.01320539 0.07020408
0.04330314 0.01310673 0.07020408
0.04113162 0.01298603 0.07020408
0.03900598 0.01284326 0.07020408
0.03692832 0.01267840 0.07020408
0.03490067 0.01249142 0.07020408
0.03292506 0.01228253 0.07020408
0.03100342 0.01205183 0.07020408
0.02913765 0.01179957 0.07020408
0.02732959 0.01152603 0.07020408
0.02558103 0.01123164 0.07020408
0.02389370 0.01091676 0.07020408
0.02226925 0.01058182 0.07020408
0.02070929 0.01022741 0.07020408
0.01921537 0.00985399 0.07020408
0.01778895 0.00946223 0.07020408
0.01643144 0.00905281 0.07020408
0.01514418 0.00862610 0.07020408
0.01392845 0.00818303 0.07020408
0.01278544 0.00772423 0.07020408
0.01171628 0.00725035 0.07020408
0.01072203 0.00676221 0.07020408
0.00980367 0.00626011 0.07020408
0.00896209 0.00574477 0.07020408
0.00819815 0.00521751 0.07020408
0.00751258 0.00467835 0.07020408
0.00690606 0.00412747 0.07020408
0.00637920 0.00356560 0.07020408
0.00593251 0.00299473 0.07020408
0.00556643 0.00241334 0.07020408
0.00528133 0.00182189 0.07020408
0.00507748 0.00122161 0.07020408
0.00495510 0.00061265 0.07020408
0.00491429 0.00000000 0.07020408
#45
0.00502857 0.00000000 0.07183673
0.00507012 -0.00061867 0.07183673
0.00519473 -0.00123206 0.07183673
0.00540228 -0.00183684 0.07183673
0.00569255 -0.00243271 0.07183673
0.00606525 -0.00301700 0.07183673
0.00652001 -0.00359269 0.07183673
0.00705637 -0.00415775 0.07183673
0.00767379 -0.00471208 0.07183673
0.00837164 -0.00525474 0.07183673
0.00914924 -0.00578563 0.07183673
0.01000578 -0.00630330 0.07183673
0.01094042 -0.00680780 0.07183673
0.01195220 -0.00729838 0.07183673
0.01304011 -0.00777391 0.07183673
0.01420306 -0.00823414 0.07183673
0.01543987 -0.00867820 0.07183673
0.01674930 -0.00910549 0.07183673
0.01813003 -0.00951515 0.07183673
0.01958067 -0.00990665 0.07183673
0.02109975 -0.01027926 0.07183673
0.02268576 -0.01063256 0.07183673
0.02433709 -0.01096581 0.07183673
0.02605208 -0.01127857 0.07183673
0.02782900 -0.01157035 0.07183673
0.02966606 -0.01184079 0.07183673
0.03156142 -0.01208951 0.07183673
0.03351316 -0.01231622 0.07183673
0.03551932 -0.01252071 0.07183673
0.03757788 -0.01270276 0.07183673
0.03968677 -0.01286234 0.07183673
0.04184386 -0.01299942 0.07183673
0.04404699 -0.01311399 0.07183673
0.04629392 -0.01320625 0.07183673
0.04858241 -0.01327631 0.07183673
0.05091014 -0.01332445 0.07183673
0.05327478 -0.01335099 0.07183673
0.05567394 -0.01335628 0.07183673
0.05810520 -0.01334075 0.07183673
0.06056613 -0.01330491 0.07183673
0.06305423 -0.01324927 0.07183673
0.06556700 -0.01317440 0.07183673
0.06810192 -0.01308096 0.07183673
0.07065644 -0.01296959 0.07183673
0.07322797 -0.01284099 0.07183673
0.07581393 -0.01269588 0.07183673
0.07841172 -0.01253501 0.07183673
0.08101872 -0.01235915 0.07183673
0.08363231 -0.01216910 0.07183673
0.08624985 -0.01196562 0.07183673
0.08886870 -0.01174955 0.07183673
0.09148624 -0.01152170 0.07183673
0.09409983 -0.01128285 0.07183673
0.09670683 -0.01103384 0.07183673
0.09930462 -0.01077546 0.07183673
0.10189058 -0.01050851 0.07183673
0.10446211 -0.01023379 0.07183673
0.10701663 -0.00995208 0.07183673
0.10955155 -0.00966415 0.07183673
0.11206432 -0.00937075 0.07183673
0.11455242 -0.00907263 0.07183673
0.11701335 -0.00877053 0.07183673
0.11944461 -0.00846516 0.07183673
0.12184377 -0.00815725 0.07183673
0.12420840 -0.00784748 0.07183673
0.12653614 -0.00753654 0.07183673
0.12882463 -0.00722511 0.07183673
0.13107156 -0.00691386 0.07183673
0.13327469 -0.00660344 0.07183673
0.13543178 -0.00629451 0.07183673
0.13754067 -0.00598770 0.07183673
0.13959923 -0.00568366 0.07183673
0.14160539 -0.00538302 0.07183673
0.14355713 -0.00508640 0.07183673
0.14545249 -0.00479442 0.07183673
0.14728955 -0.00450771 0.07183673
0.14906647 -0.00422686 0.07183673
0.15078146 -0.00395249 0.07183673
0.15243279 -0.00368519 0.07183673
0.15401880 -0.00342557 0.07183673
0.15553788 -0.00317419 0.07183673
0.15698852 -0.00293165 0.07183673
0.15836925 -0.00269849 0.07183673
0.15967868 -0.00247528 0.07183673
0.16091549 -0.00226255 0.07183673
0.16207844 -0.00206082 0.07183673
0.16316635 -0.00187060 0.07183673
0.16417813 -0.00169235 0.07183673
0.16511277 -0.00152655 0.07183673
0.16596931 -0.00137362 0.07183673
0.16674690 -0.00123397 0.07183673
0.16744476 -0.00110797 0.07183673
0.16806218 -0.00099596 0.07183673
0.16859854 -0.00089824 0.07183673
0.16905330 -0.00081510 0.07183673
0.16942600 -0.00074674 0.07183673
0.16971627 -0.00064877 0.07183673
0.16992382 -0.00047078 0.07183673
0.17004843 -0.00024617 0.07183673
0.17008998 0.00000000 0.07183673
0.17004925 0.00024378 0.07183673
0.16992712 0.00046665 0.07183673
0.16972370 0.00064440 0.07183673
0.16943920 0.00074432 0.07183673
0.16907389 0.00081132 0.07183673
0.16862813 0.00089284 0.07183673
0.16810237 0.00098865 0.07183673
0.16749712 0.00109849 0.07183673
0.16681299 0.00122207 0.07183673
0.16605064 0.00135905 0.07183673
0.16521083 0.00150909 0.07183673
0.16429438 0.00167179 0.07183673
0.16330221 0.00184673 0.07183673
0.16223529 0.00203348 0.07183673
0.16109467 0.00223158 0.07183673
0.15988148 0.00244053 0.07183673
0.15859692 0.00265983 0.07183673
0.15724225 0.00288897 0.07183673
0.15581882 0.00312741 0.07183673
0.15432802 0.00337461 0.07183673
0.15277132 0.00363002 0.07183673
0.15115027 0.00389305 0.07183673
0.14946647 0.00416316 0.07183673
0.14772157 0.00443975 0.07183673
0.14591729 0.00472222 0.07183673
0.14405543 0.00501001 0.07183673
0.14213781 0.00530251 0.07183673
0.14016632 0.00559912 0.07183673
0.13814292 0.00589922 0.07183673
0.13606960 0.00620221 0.07183673
0.13394841 0.00650748 0.07183673
0.13178144 0.00681440 0.07183673
0.12957082 0.00712235 0.07183673
0.12731874 0.00743068 0.07183673
0.12502743 0.00773875 0.07183673
0.12269914 0.00804591 0.07183673
0.12033617 0.00835150 0.07183673
0.11794085 0.00865483 0.07183673
0.11551555 0.00895525 0.07183673
0.11306266 0.00925203 0.07183673
0.11058461 0.00954447 0.07183673
0.10808383 0.00983186 0.07183673
0.10556279 0.01011347 0.07183673
0.10302399 0.01038855 0.07183673
0.10046992 0.01065635 0.07183673
0.09790311 0.01091610 0.07183673
0.09532610 0.01116703 0.07183673
0.09274142 0.01140838 0.07183673
0.09015163 0.01163933 0.07183673
0.08755927 0.01185911 0.07183673
0.08496692 0.01206695 0.07183673
0.08237713 0.01226205 0.07183673
0.07979245 0.01244362 0.07183673
0.07721543 0.01261092 0.07183673
0.07464863 0.01276317 0.07183673
0.07209456 0.01289965 0.07183673
0.06955576 0.01301963 0.07183673
0.06703472 0.01312243 0.07183673
0.06453394 0.01320738 0.07183673
0.06205588 0.01327386 0.07183673
0.05960300 0.01332127 0.07183673
0.05717770 0.01334908 0.07183673
0.05478238 0.01335678 0.07183673
0.05241941 0.01334390 0.07183673
0.05009112 0.01331008 0.07183673
0.04779981 0.01325497 0.07183673
0.04554773 0.01317825 0.07183673
0.04333711 0.01307978 0.07183673
0.04117014 0.01295932 0.07183673
0.03904894 0.01281683 0.07183673
0.03697562 0.01265229 0.07183673
0.03495222 0.01246568 0.07183673
0.03298074 0.01225722 0.07183673
0.03106312 0.01202699 0.07183673
0.02920125 0.01177523 0.07183673
0.02739698 0.01150225 0.07183673
0.02565208 0.01120846 0.07183673
0.02396827 0.01089422 0.07183673
0.02234723 0.01055997 0.07183673
0.02079053 0.01020629 0.07183673
0.01929973 0.00983363 0.07183673
0.01787630 0.00944268 0.07183673
0.01652163 0.00903410 0.07183673
0.01523707 0.00860826 0.07183673
0.01402388 0.00816611 0.07183673
0.01288326 0.00770826 0.07183673
0.01181634 0.00723536 0.07183673
0.01082417 0.00674822 0.07183673
0.00990772 0.00624716 0.07183673
0.00906791 0.00573288 0.07183673
0.00830556 0.00520671 0.07183673
0.00762143 0.00466867 0.07183673
0.00701618 0.00411892 0.07183673
0.00649042 0.00355822 0.07183673
0.00604466 0.00298852 0.07183673
0.00567935 0.00240835 0.07183673
0.00539485 0.00181812 0.07183673
0.00519143 0.00121908 0.07183673
0.00506930 0.00061139 0.07183673
0.00502857 0.00000000 0.07183673
#46
0.00514286 0.00000000 0.07346939
0.00518432 -0.00061739 0.07346939
0.00530867 -0.00122950 0.07346939
0.00551578 -0.00183303 0.07346939
0.00580544 -0.00242766 0.07346939
0.00617736 -0.00301074 0.07346939
0.00663117 -0.00358524 0.07346939
0.00716640 -0.00414913 0.07346939
0.00778253 -0.00470231 0.07346939
0.00847892 -0.00524385 0.07346939
0.00925488 -0.00577364 0.07346939
0.01010963 -0.00629023 0.07346939
0.01104231 -0.00679369 0.07346939
0.01205197 -0.00728325 0.07346939
0.01313760 -0.00775780 0.07346939
0.01429811 -0.00821708 0.07346939
0.01553233 -0.00866023 0.07346939
0.01683901 -0.00908663 0.07346939
0.01821685 -0.00949544 0.07346939
0.01966444 -0.00988615 0.07346939
0.02118035 -0.01025799 0.07346939
0.02276303 -0.01061056 0.07346939
0.02441089 -0.01094312 0.07346939
0.02612229 -0.01125525 0.07346939
0.02789548 -0.01154643 0.07346939
0.02972869 -0.01181633 0.07346939
0.03162008 -0.01206454 0.07346939
0.03356773 -0.01229078 0.07346939
0.03556968 -0.01249486 0.07346939
0.03762393 -0.01267656 0.07346939
0.03972839 -0.01283581 0.07346939
0.04188096 -0.01297262 0.07346939
0.04407947 -0.01308697 0.07346939
0.04632170 -0.01317906 0.07346939
0.04860539 -0.01324899 0.07346939
0.05092824 -0.01329705 0.07346939
0.05328792 -0.01332355 0.07346939
0.05568205 -0.01332885 0.07346939
0.05810821 -0.01331337 0.07346939
0.06056398 -0.01327762 0.07346939
0.06304686 -0.01322211 0.07346939
0.06555437 -0.01314743 0.07346939
0.06808398 -0.01305420 0.07346939
0.07063313 -0.01294308 0.07346939
0.07319927 -0.01281477 0.07346939
0.07577982 -0.01266998 0.07346939
0.07837216 -0.01250946 0.07346939
0.08097369 -0.01233399 0.07346939
0.08358180 -0.01214435 0.07346939
0.08619385 -0.01194132 0.07346939
0.08880722 -0.01172572 0.07346939
0.09141927 -0.01149836 0.07346939
0.09402738 -0.01126002 0.07346939
0.09662891 -0.01101155 0.07346939
0.09922125 -0.01075373 0.07346939
0.10180180 -0.01048736 0.07346939
0.10436794 -0.01021323 0.07346939
0.10691709 -0.00993212 0.07346939
0.10944670 -0.00964481 0.07346939
0.11195421 -0.00935203 0.07346939
0.11443709 -0.00905456 0.07346939
0.11689286 -0.00875311 0.07346939
0.11931902 -0.00844839 0.07346939
0.12171315 -0.00814114 0.07346939
0.12407283 -0.00783203 0.07346939
0.12639568 -0.00752175 0.07346939
0.12867937 -0.00721099 0.07346939
0.13092160 -0.00690040 0.07346939
0.13312011 -0.00659065 0.07346939
0.13527268 -0.00628237 0.07346939
0.13737714 -0.00597622 0.07346939
0.13943139 -0.00567283 0.07346939
0.14143334 -0.00537284 0.07346939
0.14338099 -0.00507685 0.07346939
0.14527238 -0.00478550 0.07346939
0.14710559 -0.00449940 0.07346939
0.14887878 -0.00421914 0.07346939
0.15059018 -0.00394536 0.07346939
0.15223804 -0.00367864 0.07346939
0.15382072 -0.00341957 0.07346939
0.15533663 -0.00316873 0.07346939
0.15678422 -0.00292671 0.07346939
0.15816206 -0.00269405 0.07346939
0.15946874 -0.00247132 0.07346939
0.16070296 -0.00225905 0.07346939
0.16186347 -0.00205774 0.07346939
0.16294910 -0.00186793 0.07346939
0.16395876 -0.00169007 0.07346939
0.16489144 -0.00152462 0.07346939
0.16574619 -0.00137202 0.07346939
0.16652215 -0.00123267 0.07346939
0.16721854 -0.00110694 0.07346939
0.16783467 -0.00099517 0.07346939
0.16836990 -0.00089766 0.07346939
0.16882371 -0.00081469 0.07346939
0.16919563 -0.00074648 0.07346939
0.16948529 -0.00064831 0.07346939
0.16969240 -0.00047035 0.07346939
0.16981675 -0.00024592 0.07346939
0.16985821 0.00000000 0.07346939
0.16981757 0.00024353 0.07346939
0.16969570 0.00046622 0.07346939
0.16949271 0.00064394 0.07346939
0.16920880 0.00074407 0.07346939
0.16884425 0.00081093 0.07346939
0.16839943 0.00089227 0.07346939
0.16787477 0.00098787 0.07346939
0.16727080 0.00109747 0.07346939
0.16658809 0.00122079 0.07346939
0.16582734 0.00135748 0.07346939
0.16498929 0.00150720 0.07346939
0.16407477 0.00166955 0.07346939
0.16308468 0.00184412 0.07346939
0.16201999 0.00203047 0.07346939
0.16088176 0.00222814 0.07346939
0.15967112 0.00243664 0.07346939
0.15838925 0.00265548 0.07346939
0.15703742 0.00288412 0.07346939
0.15561697 0.00312205 0.07346939
0.15412930 0.00336872 0.07346939
0.15257587 0.00362358 0.07346939
0.15095822 0.00388606 0.07346939
0.14927794 0.00415558 0.07346939
0.14753670 0.00443158 0.07346939
0.14573621 0.00471345 0.07346939
0.14387825 0.00500062 0.07346939
0.14196464 0.00529250 0.07346939
0.13999729 0.00558847 0.07346939
0.13797814 0.00588793 0.07346939
0.13590916 0.00619028 0.07346939
0.13379242 0.00649489 0.07346939
0.13162999 0.00680116 0.07346939
0.12942400 0.00710844 0.07346939
0.12717665 0.00741612 0.07346939
0.12489014 0.00772353 0.07346939
0.12256673 0.00803004 0.07346939
0.12020871 0.00833497 0.07346939
0.11781842 0.00863766 0.07346939
0.11539820 0.00893742 0.07346939
0.11295046 0.00923357 0.07346939
0.11047759 0.00952539 0.07346939
0.10798206 0.00981216 0.07346939
0.10546631 0.01009317 0.07346939
0.10293283 0.01036765 0.07346939
0.10038411 0.01063487 0.07346939
0.09782269 0.01089406 0.07346939
0.09525108 0.01114446 0.07346939
0.09267182 0.01138528 0.07346939
0.09008745 0.01161573 0.07346939
0.08750054 0.01183504 0.07346939
0.08491362 0.01204242 0.07346939
0.08232925 0.01223710 0.07346939
0.07974999 0.01241828 0.07346939
0.07717838 0.01258520 0.07346939
0.07461696 0.01273712 0.07346939
0.07206825 0.01287329 0.07346939
0.06953476 0.01299300 0.07346939
0.06701901 0.01309557 0.07346939
0.06452348 0.01318033 0.07346939
0.06205061 0.01324665 0.07346939
0.05960287 0.01329394 0.07346939
0.05718265 0.01332167 0.07346939
0.05479236 0.01332934 0.07346939
0.05243434 0.01331647 0.07346939
0.05011093 0.01328270 0.07346939
0.04782442 0.01322769 0.07346939
0.04557707 0.01315111 0.07346939
0.04337108 0.01305283 0.07346939
0.04120865 0.01293260 0.07346939
0.03909191 0.01279039 0.07346939
0.03702293 0.01262619 0.07346939
0.03500378 0.01243995 0.07346939
0.03303643 0.01223191 0.07346939
0.03112283 0.01200214 0.07346939
0.02926486 0.01175090 0.07346939
0.02746437 0.01147847 0.07346939
0.02572313 0.01118528 0.07346939
0.02404285 0.01087169 0.07346939
0.02242520 0.01053811 0.07346939
0.02087177 0.01018516 0.07346939
0.01938410 0.00981327 0.07346939
0.01796365 0.00942313 0.07346939
0.01661182 0.00901539 0.07346939
0.01532995 0.00859043 0.07346939
0.01411931 0.00814919 0.07346939
0.01298108 0.00769229 0.07346939
0.01191640 0.00722036 0.07346939
0.01092630 0.00673423 0.07346939
0.01001178 0.00623421 0.07346939
0.00917373 0.00572099 0.07346939
0.00841298 0.00519591 0.07346939
0.00773028 0.00465899 0.07346939
0.00712630 0.00411038 0.07346939
0.00660164 0.00355084 0.07346939
0.00615682 0.00298232 0.07346939
0.00579227 0.00240335 0.07346939
0.00550836 0.00181435 0.07346939
0.00530537 0.00121655 0.07346939
0.00518350 0.00061012 0.07346939
0.00514286 0.00000000 0.07346939
#47
0.00525714 0.00000000 0.07510204
0.00529852 -0.00061611 0.07510204
0.00542261 -0.00122695 0.07510204
0.00562928 -0.00182923 0.07510204
0.00591833 -0.00242262 0.07510204
0.00628947 -0.00300448 0.07510204
0.00674233 -0.00357778 0.07510204
0.00727644 -0.00414051 0.07510204
0.00789127 -0.00469254 0.07510204
0.00858620 -0.00523295 0.07510204
0.00936053 -0.00576164 0.07510204
0.01021348 -0.00627716 0.07510204
0.01114420 -0.00677958 0.07510204
0.01215174 -0.00726813 0.07510204
0.01323509 -0.00774169 0.07510204
0.01439316 -0.00820002 0.07510204
0.01562479 -0.00864225 0.07510204
0.01692873 -0.00906777 0.07510204
0.01830367 -0.00947574 0.07510204
0.01974822 -0.00986564 0.07510204
0.02126094 -0.01023671 0.07510204
0.02284030 -0.01058856 0.07510204
0.02448470 -0.01092044 0.07510204
0.02619250 -0.01123193 0.07510204
0.02796197 -0.01152252 0.07510204
0.02979133 -0.01179186 0.07510204
0.03167874 -0.01203957 0.07510204
0.03362229 -0.01226535 0.07510204
0.03562004 -0.01246902 0.07510204
0.03766997 -0.01265035 0.07510204
0.03977002 -0.01280929 0.07510204
0.04191807 -0.01294583 0.07510204
0.04411195 -0.01305996 0.07510204
0.04634947 -0.01315187 0.07510204
0.04862836 -0.01322167 0.07510204
0.05094634 -0.01326965 0.07510204
0.05330106 -0.01329611 0.07510204
0.05569016 -0.01330142 0.07510204
0.05811123 -0.01328599 0.07510204
0.06056183 -0.01325033 0.07510204
0.06303950 -0.01319496 0.07510204
0.06554174 -0.01312045 0.07510204
0.06806603 -0.01302743 0.07510204
0.07060983 -0.01291657 0.07510204
0.07317058 -0.01278854 0.07510204
0.07574570 -0.01264408 0.07510204
0.07833260 -0.01248391 0.07510204
0.08092867 -0.01230883 0.07510204
0.08353129 -0.01211960 0.07510204
0.08613786 -0.01191702 0.07510204
0.08874573 -0.01170189 0.07510204
0.09135230 -0.01147502 0.07510204
0.09395493 -0.01123720 0.07510204
0.09655099 -0.01098927 0.07510204
0.09913789 -0.01073200 0.07510204
0.10171301 -0.01046620 0.07510204
0.10427376 -0.01019267 0.07510204
0.10681756 -0.00991216 0.07510204
0.10934185 -0.00962546 0.07510204
0.11184409 -0.00933332 0.07510204
0.11432176 -0.00903648 0.07510204
0.11677237 -0.00873568 0.07510204
0.11919344 -0.00843162 0.07510204
0.12158253 -0.00812502 0.07510204
0.12393726 -0.00781658 0.07510204
0.12625523 -0.00750697 0.07510204
0.12853412 -0.00719687 0.07510204
0.13077164 -0.00688695 0.07510204
0.13296552 -0.00657786 0.07510204
0.13511357 -0.00627024 0.07510204
0.13721362 -0.00596475 0.07510204
0.13926355 -0.00566201 0.07510204
0.14126130 -0.00536265 0.07510204
0.14320486 -0.00506730 0.07510204
0.14509227 -0.00477657 0.07510204
0.14692163 -0.00449108 0.07510204
0.14869110 -0.00421143 0.07510204
0.15039889 -0.00393824 0.07510204
0.15204330 -0.00367208 0.07510204
0.15362265 -0.00341357 0.07510204
0.15513537 -0.00316327 0.07510204
0.15657993 -0.00292176 0.07510204
0.15795486 -0.00268961 0.07510204
0.15925880 -0.00246736 0.07510204
0.16049043 -0.00225554 0.07510204
0.16164850 -0.00205467 0.07510204
0.16273185 -0.00186526 0.07510204
0.16373939 -0.00168778 0.07510204
0.16467011 -0.00152269 0.07510204
0.16552306 -0.00137042 0.07510204
0.16629739 -0.00123137 0.07510204
0.16699232 -0.00110590 0.07510204
0.16760715 -0.00099437 0.07510204
0.16814127 -0.00089708 0.07510204
0.16859412 -0.00081429 0.07510204
0.16896526 -0.00074623 0.07510204
0.16925431 -0.00064786 0.07510204
0.16946098 -0.00046991 0.07510204
0.16958507 -0.00024567 0.07510204
0.16962645 0.00000000 0.07510204
0.16958590 0.00024328 0.07510204
0.16946428 0.00046579 0.07510204
0.16926171 0.00064349 0.07510204
0.16897840 0.00074382 0.07510204
0.16861462 0.00081053 0.07510204
0.16817073 0.00089170 0.07510204
0.16764718 0.00098709 0.07510204
0.16704447 0.00109646 0.07510204
0.16636320 0.00121951 0.07510204
0.16560405 0.00135591 0.07510204
0.16476776 0.00150530 0.07510204
0.16385515 0.00166731 0.07510204
0.16286714 0.00184150 0.07510204
0.16180469 0.00202745 0.07510204
0.16066886 0.00222470 0.07510204
0.15946076 0.00243275 0.07510204
0.15818158 0.00265112 0.07510204
0.15683259 0.00287927 0.07510204
0.15541513 0.00311669 0.07510204
0.15393058 0.00336283 0.07510204
0.15238041 0.00361715 0.07510204
0.15076616 0.00387906 0.07510204
0.14908941 0.00414800 0.07510204
0.14735183 0.00442341 0.07510204
0.14555512 0.00470468 0.07510204
0.14370106 0.00499124 0.07510204
0.14179148 0.00528248 0.07510204
0.13982827 0.00557782 0.07510204
0.13781335 0.00587664 0.07510204
0.13574872 0.00617834 0.07510204
0.13363642 0.00648231 0.07510204
0.13147854 0.00678792 0.07510204
0.12927719 0.00709454 0.07510204
0.12703455 0.00740156 0.07510204
0.12475285 0.00770831 0.07510204
0.12243432 0.00801416 0.07510204
0.12008126 0.00831844 0.07510204
0.11769598 0.00862048 0.07510204
0.11528085 0.00891960 0.07510204
0.11283825 0.00921511 0.07510204
0.11037058 0.00950630 0.07510204
0.10788029 0.00979246 0.07510204
0.10536982 0.01007286 0.07510204
0.10284166 0.01034676 0.07510204
0.10029831 0.01061340 0.07510204
0.09774226 0.01087203 0.07510204
0.09517605 0.01112188 0.07510204
0.09260221 0.01136218 0.07510204
0.09002328 0.01159214 0.07510204
0.08744180 0.01181097 0.07510204
0.08486031 0.01201790 0.07510204
0.08228138 0.01221215 0.07510204
0.07970754 0.01239293 0.07510204
0.07714133 0.01255949 0.07510204
0.07458528 0.01271107 0.07510204
0.07204193 0.01284694 0.07510204
0.06951377 0.01296638 0.07510204
0.06700330 0.01306871 0.07510204
0.06451301 0.01315328 0.07510204
0.06204534 0.01321944 0.07510204
0.05960274 0.01326661 0.07510204
0.05718761 0.01329427 0.07510204
0.05480233 0.01330190 0.07510204
0.05244927 0.01328904 0.07510204
0.05013074 0.01325533 0.07510204
0.04784904 0.01320041 0.07510204
0.04560640 0.01312398 0.07510204
0.04340506 0.01302588 0.07510204
0.04124717 0.01290589 0.07510204
0.03913487 0.01276396 0.07510204
0.03707024 0.01260008 0.07510204
0.03505533 0.01241422 0.07510204
0.03309211 0.01220659 0.07510204
0.03118253 0.01197730 0.07510204
0.02932847 0.01172656 0.07510204
0.02753176 0.01145469 0.07510204
0.02579418 0.01116210 0.07510204
0.02411743 0.01084915 0.07510204
0.02250318 0.01051626 0.07510204
0.02095301 0.01016404 0.07510204
0.01946847 0.00979292 0.07510204
0.01805100 0.00940357 0.07510204
0.01670201 0.00899668 0.07510204
0.01542284 0.00857260 0.07510204
0.01421473 0.00813227 0.07510204
0.01307890 0.00767631 0.07510204
0.01201645 0.00720536 0.07510204
0.01102844 0.00672024 0.07510204
0.01011584 0.00622125 0.07510204
0.00927955 0.00570911 0.07510204
0.00852039 0.00518511 0.07510204
0.00783912 0.00464930 0.07510204
0.00723642 0.00410183 0.07510204
0.00671286 0.00354346 0.07510204
0.00626897 0.00297612 0.07510204
0.00590519 0.00239836 0.07510204
0.00562188 0.00181058 0.07510204
0.00541932 0.00121403 0.07510204
0.00529770 0.00060885 0.07510204
0.00525714 0.00000000 0.07510204
#48
0.00537143 0.00000000 0.07673469
0.00541272 -0.00061477 0.07673469
0.00553654 -0.00122440 0.07673469
0.00574278 -0.00182542 0.07673469
0.00603123 -0.00241756 0.07673469
0.00640159 -0.00299823 0.07673469
0.00685349 -0.00357033 0.07673469
0.00738647 -0.00413188 0.07673469
0.00800001 -0.00468276 0.07673469
0.00869348 -0.00522205 0.07673469
0.00946618 -0.00574965 0.07673469
0.01031733 -0.00626409 0.07673469
0.01124609 -0.00676547 0.07673469
0.01225151 -0.00725300 0.07673469
0.01333258 -0.00772558 0.07673469
0.01448821 -0.00818296 0.07673469
0.01571725 -0.00862427 0.07673469
0.01701844 -0.00904891 0.07673469
0.01839048 -0.00945604 0.07673469
0.01983200 -0.00984513 0.07673469
0.02134153 -0.01021544 0.07673469
0.02291756 -0.01056656 0.07673469
0.02455850 -0.01089776 0.07673469
0.02626271 -0.01120861 0.07673469
0.02802845 -0.01149860 0.07673469
0.02985396 -0.01176739 0.07673469
0.03173740 -0.01201460 0.07673469
0.03367686 -0.01223992 0.07673469
0.03567041 -0.01244318 0.07673469
0.03771602 -0.01262414 0.07673469
0.03981165 -0.01278277 0.07673469
0.04195517 -0.01291904 0.07673469
0.04414444 -0.01303294 0.07673469
0.04637724 -0.01312468 0.07673469
0.04865134 -0.01319435 0.07673469
0.05096443 -0.01324225 0.07673469
0.05331419 -0.01326867 0.07673469
0.05569826 -0.01327399 0.07673469
0.05811424 -0.01325861 0.07673469
0.06055968 -0.01322305 0.07673469
0.06303213 -0.01316781 0.07673469
0.06552911 -0.01309347 0.07673469
0.06804808 -0.01300067 0.07673469
0.07058653 -0.01289006 0.07673469
0.07314189 -0.01276232 0.07673469
0.07571158 -0.01261818 0.07673469
0.07829304 -0.01245837 0.07673469
0.08088364 -0.01228366 0.07673469
0.08348079 -0.01209486 0.07673469
0.08608186 -0.01189271 0.07673469
0.08868425 -0.01167805 0.07673469
0.09128533 -0.01145168 0.07673469
0.09388247 -0.01121438 0.07673469
0.09647308 -0.01096698 0.07673469
0.09905453 -0.01071028 0.07673469
0.10162423 -0.01044505 0.07673469
0.10417958 -0.01017210 0.07673469
0.10671803 -0.00989220 0.07673469
0.10923701 -0.00960612 0.07673469
0.11173398 -0.00931461 0.07673469
0.11420643 -0.00901841 0.07673469
0.11665188 -0.00871825 0.07673469
0.11906785 -0.00841484 0.07673469
0.12145192 -0.00810891 0.07673469
0.12380168 -0.00780112 0.07673469
0.12611478 -0.00749218 0.07673469
0.12838887 -0.00718275 0.07673469
0.13062168 -0.00687349 0.07673469
0.13281094 -0.00656506 0.07673469
0.13495447 -0.00625811 0.07673469
0.13705009 -0.00595327 0.07673469
0.13909571 -0.00565118 0.07673469
0.14108925 -0.00535247 0.07673469
0.14302872 -0.00505775 0.07673469
0.14491215 -0.00476764 0.07673469
0.14673766 -0.00448277 0.07673469
0.14850341 -0.00420372 0.07673469
0.15020761 -0.00393111 0.07673469
0.15184855 -0.00366553 0.07673469
0.15342458 -0.00340757 0.07673469
0.15493411 -0.00315781 0.07673469
0.15637563 -0.00291682 0.07673469
0.15774767 -0.00268517 0.07673469
0.15904887 -0.00246339 0.07673469
0.16027790 -0.00225203 0.07673469
0.16143353 -0.00205159 0.07673469
0.16251460 -0.00186259 0.07673469
0.16352002 -0.00168550 0.07673469
0.16444878 -0.00152076 0.07673469
0.16529994 -0.00136882 0.07673469
0.16607264 -0.00123007 0.07673469
0.16676611 -0.00110487 0.07673469
0.16737964 -0.00099358 0.07673469
0.16791263 -0.00089650 0.07673469
0.16836453 -0.00081389 0.07673469
0.16873489 -0.00074597 0.07673469
0.16902333 -0.00064740 0.07673469
0.16922957 -0.00046948 0.07673469
0.16935339 -0.00024542 0.07673469
0.16939468 0.00000000 0.07673469
0.16935422 0.00024303 0.07673469
0.16923285 0.00046536 0.07673469
0.16903071 0.00064302 0.07673469
0.16874800 0.00074357 0.07673469
0.16838499 0.00081014 0.07673469
0.16794203 0.00089113 0.07673469
0.16741958 0.00098632 0.07673469
0.16681814 0.00109545 0.07673469
0.16613830 0.00121824 0.07673469
0.16538075 0.00135434 0.07673469
0.16454622 0.00150341 0.07673469
0.16363554 0.00166507 0.07673469
0.16264961 0.00183888 0.07673469
0.16158940 0.00202443 0.07673469
0.16045595 0.00222126 0.07673469
0.15925039 0.00242886 0.07673469
0.15797391 0.00264676 0.07673469
0.15662776 0.00287442 0.07673469
0.15521328 0.00311133 0.07673469
0.15373186 0.00335695 0.07673469
0.15218496 0.00361071 0.07673469
0.15057410 0.00387206 0.07673469
0.14890089 0.00414043 0.07673469
0.14716696 0.00441524 0.07673469
0.14537403 0.00469591 0.07673469
0.14352388 0.00498185 0.07673469
0.14161832 0.00527247 0.07673469
0.13965924 0.00556718 0.07673469
0.13764856 0.00586535 0.07673469
0.13558828 0.00616641 0.07673469
0.13348043 0.00646972 0.07673469
0.13132708 0.00677467 0.07673469
0.12913037 0.00708064 0.07673469
0.12689246 0.00738700 0.07673469
0.12461556 0.00769309 0.07673469
0.12230191 0.00799828 0.07673469
0.11995380 0.00830191 0.07673469
0.11757355 0.00860330 0.07673469
0.11516350 0.00890178 0.07673469
0.11272604 0.00919665 0.07673469
0.11026357 0.00948722 0.07673469
0.10777852 0.00977276 0.07673469
0.10527334 0.01005255 0.07673469
0.10275050 0.01032586 0.07673469
0.10021250 0.01059193 0.07673469
0.09766184 0.01085000 0.07673469
0.09510103 0.01109931 0.07673469
0.09253261 0.01133909 0.07673469
0.08995910 0.01156854 0.07673469
0.08738306 0.01178690 0.07673469
0.08480701 0.01199338 0.07673469
0.08223350 0.01218720 0.07673469
0.07966508 0.01236758 0.07673469
0.07710427 0.01253377 0.07673469
0.07455361 0.01268502 0.07673469
0.07201561 0.01282058 0.07673469
0.06949277 0.01293976 0.07673469
0.06698759 0.01304186 0.07673469
0.06450254 0.01312623 0.07673469
0.06204007 0.01319223 0.07673469
0.05960261 0.01323928 0.07673469
0.05719256 0.01326686 0.07673469
0.05481231 0.01327446 0.07673469
0.05246420 0.01326161 0.07673469
0.05015056 0.01322795 0.07673469
0.04787365 0.01317313 0.07673469
0.04563574 0.01309684 0.07673469
0.04343903 0.01299893 0.07673469
0.04128568 0.01287917 0.07673469
0.03917783 0.01273753 0.07673469
0.03711755 0.01257398 0.07673469
0.03510688 0.01238849 0.07673469
0.03314779 0.01218128 0.07673469
0.03124223 0.01195245 0.07673469
0.02939208 0.01170223 0.07673469
0.02759915 0.01143091 0.07673469
0.02586523 0.01113893 0.07673469
0.02419201 0.01082662 0.07673469
0.02258116 0.01049441 0.07673469
0.02103426 0.01014291 0.07673469
0.01955283 0.00977256 0.07673469
0.01813835 0.00938402 0.07673469
0.01679220 0.00897797 0.07673469
0.01551572 0.00855477 0.07673469
0.01431016 0.00811535 0.07673469
0.01317672 0.00766034 0.07673469
0.01211651 0.00719037 0.07673469
0.01113057 0.00670625 0.07673469
0.01021989 0.00620830 0.07673469
0.00938536 0.00569722 0.07673469
0.00862781 0.00517431 0.07673469
0.00794797 0.00463962 0.07673469
0.00734653 0.00409329 0.07673469
0.00682408 0.00353608 0.07673469
0.00638113 0.00296992 0.07673469
0.00601811 0.00239337 0.07673469
0.00573540 0.00180680 0.07673469
0.00553326 0.00121150 0.07673469
0.00541190 0.00060759 0.07673469
0.00537143 0.00000000 0.07673469
#49
0.00548571 0.00000000 0.07836735
0.00552692 -0.00061355 0.07836735
0.00565048 -0.00122184 0.07836735
0.00585629 -0.00182161 0.07836735
0.00614412 -0.00241252 0.07836735
0.00651370 -0.00299196 0.07836735
0.00696464 -0.00356288 0.07836735
0.00749651 -0.00412326 0.07836735
0.00810875 -0.00467299 0.07836735
0.00880075 -0.00521116 0.07836735
0.00957182 -0.00573765 0.07836735
0.01042119 -0.00625102 0.07836735
0.01134798 -0.00675135 0.07836735
0.01235128 -0.00723787 0.07836735
0.01343007 -0.00770947 0.07836735
0.01458327 -0.00816590 0.07836735
0.01580971 -0.00860629 0.07836735
0.01710815 -0.00903005 0.07836735
0.01847730 -0.00943634 0.07836735
0.01991578 -0.00982462 0.07836735
0.02142212 -0.01019417 0.07836735
0.02299483 -0.01054456 0.07836735
0.02463231 -0.01087508 0.07836735
0.02633292 -0.01118528 0.07836735
0.02809493 -0.01147468 0.07836735
0.02991659 -0.01174292 0.07836735
0.03179605 -0.01198962 0.07836735
0.03373143 -0.01221449 0.07836735
0.03572077 -0.01241734 0.07836735
0.03776207 -0.01259794 0.07836735
0.03985327 -0.01275624 0.07836735
0.04199227 -0.01289225 0.07836735
0.04417692 -0.01300593 0.07836735
0.04640502 -0.01309749 0.07836735
0.04867431 -0.01316703 0.07836735
0.05098253 -0.01321485 0.07836735
0.05332733 -0.01324124 0.07836735
0.05570637 -0.01324656 0.07836735
0.05811725 -0.01323123 0.07836735
0.06055753 -0.01319576 0.07836735
0.06302477 -0.01314066 0.07836735
0.06551647 -0.01306650 0.07836735
0.06803014 -0.01297391 0.07836735
0.07056323 -0.01286354 0.07836735
0.07311319 -0.01273610 0.07836735
0.07567747 -0.01259228 0.07836735
0.07825347 -0.01243282 0.07836735
0.08083861 -0.01225850 0.07836735
0.08343028 -0.01207011 0.07836735
0.08602587 -0.01186841 0.07836735
0.08862277 -0.01165422 0.07836735
0.09121835 -0.01142834 0.07836735
0.09381002 -0.01119155 0.07836735
0.09639516 -0.01094469 0.07836735
0.09897116 -0.01068855 0.07836735
0.10153544 -0.01042390 0.07836735
0.10408541 -0.01015154 0.07836735
0.10661850 -0.00987225 0.07836735
0.10913216 -0.00958678 0.07836735
0.11162387 -0.00929590 0.07836735
0.11409110 -0.00900033 0.07836735
0.11653139 -0.00870083 0.07836735
0.11894226 -0.00839807 0.07836735
0.12132130 -0.00809280 0.07836735
0.12366611 -0.00778567 0.07836735
0.12597432 -0.00747739 0.07836735
0.12824362 -0.00716863 0.07836735
0.13047171 -0.00686004 0.07836735
0.13265636 -0.00655227 0.07836735
0.13479536 -0.00624598 0.07836735
0.13688657 -0.00594179 0.07836735
0.13892787 -0.00564035 0.07836735
0.14091720 -0.00534228 0.07836735
0.14285258 -0.00504820 0.07836735
0.14473204 -0.00475872 0.07836735
0.14655370 -0.00447446 0.07836735
0.14831572 -0.00419601 0.07836735
0.15001632 -0.00392398 0.07836735
0.15165380 -0.00365898 0.07836735
0.15322651 -0.00340158 0.07836735
0.15473286 -0.00315235 0.07836735
0.15617133 -0.00291188 0.07836735
0.15754048 -0.00268073 0.07836735
0.15883893 -0.00245943 0.07836735
0.16006537 -0.00224852 0.07836735
0.16121856 -0.00204852 0.07836735
0.16229735 -0.00185993 0.07836735
0.16330065 -0.00168321 0.07836735
0.16422745 -0.00151883 0.07836735
0.16507681 -0.00136722 0.07836735
0.16584788 -0.00122877 0.07836735
0.16653989 -0.00110384 0.07836735
0.16715213 -0.00099279 0.07836735
0.16768399 -0.00089592 0.07836735
0.16813494 -0.00081349 0.07836735
0.16850451 -0.00074572 0.07836735
0.16879235 -0.00064694 0.07836735
0.16899815 -0.00046904 0.07836735
0.16912172 -0.00024516 0.07836735
0.16916292 0.00000000 0.07836735
0.16912254 0.00024278 0.07836735
0.16900143 0.00046493 0.07836735
0.16879972 0.00064256 0.07836735
0.16851760 0.00074331 0.07836735
0.16815535 0.00080975 0.07836735
0.16771333 0.00089056 0.07836735
0.16719198 0.00098554 0.07836735
0.16659181 0.00109444 0.07836735
0.16591341 0.00121696 0.07836735
0.16515745 0.00135277 0.07836735
0.16432468 0.00150152 0.07836735
0.16341593 0.00166283 0.07836735
0.16243207 0.00183627 0.07836735
0.16137410 0.00202142 0.07836735
0.16024305 0.00221782 0.07836735
0.15904003 0.00242497 0.07836735
0.15776624 0.00264240 0.07836735
0.15642293 0.00286957 0.07836735
0.15501144 0.00310597 0.07836735
0.15353314 0.00335106 0.07836735
0.15198950 0.00360427 0.07836735
0.15038204 0.00386506 0.07836735
0.14871236 0.00413285 0.07836735
0.14698209 0.00440707 0.07836735
0.14519295 0.00468714 0.07836735
0.14334670 0.00497246 0.07836735
0.14144516 0.00526246 0.07836735
0.13949021 0.00555653 0.07836735
0.13748377 0.00585407 0.07836735
0.13542784 0.00615447 0.07836735
0.13332444 0.00645713 0.07836735
0.13117563 0.00676143 0.07836735
0.12898356 0.00706674 0.07836735
0.12675036 0.00737244 0.07836735
0.12447827 0.00767787 0.07836735
0.12216950 0.00798241 0.07836735
0.11982635 0.00828538 0.07836735
0.11745112 0.00858612 0.07836735
0.11504616 0.00888396 0.07836735
0.11261384 0.00917819 0.07836735
0.11015656 0.00946813 0.07836735
0.10767675 0.00975306 0.07836735
0.10517686 0.01003225 0.07836735
0.10265934 0.01030496 0.07836735
0.10012670 0.01057045 0.07836735
0.09758141 0.01082797 0.07836735
0.09502601 0.01107674 0.07836735
0.09246301 0.01131599 0.07836735
0.08989493 0.01154495 0.07836735
0.08732432 0.01176282 0.07836735
0.08475370 0.01196885 0.07836735
0.08218563 0.01216225 0.07836735
0.07962262 0.01234224 0.07836735
0.07706722 0.01250806 0.07836735
0.07452194 0.01265896 0.07836735
0.07198929 0.01279423 0.07836735
0.06947178 0.01291313 0.07836735
0.06697188 0.01301500 0.07836735
0.06449207 0.01309917 0.07836735
0.06203480 0.01316502 0.07836735
0.05960248 0.01321196 0.07836735
0.05719752 0.01323946 0.07836735
0.05482229 0.01324702 0.07836735
0.05247913 0.01323418 0.07836735
0.05017037 0.01320057 0.07836735
0.04789827 0.01314585 0.07836735
0.04566508 0.01306970 0.07836735
0.04347300 0.01297199 0.07836735
0.04132420 0.01285246 0.07836735
0.03922079 0.01271109 0.07836735
0.03716486 0.01254787 0.07836735
0.03515843 0.01236276 0.07836735
0.03320348 0.01215597 0.07836735
0.03130194 0.01192761 0.07836735
0.02945569 0.01167789 0.07836735
0.02766654 0.01140714 0.07836735
0.02593628 0.01111575 0.07836735
0.02426659 0.01080408 0.07836735
0.02265913 0.01047256 0.07836735
0.02111550 0.01012179 0.07836735
0.01963720 0.00975220 0.07836735
0.01822570 0.00936447 0.07836735
0.01688239 0.00895926 0.07836735
0.01560860 0.00853693 0.07836735
0.01440559 0.00809843 0.07836735
0.01327454 0.00764436 0.07836735
0.01221656 0.00717537 0.07836735
0.01123271 0.00669226 0.07836735
0.01032395 0.00619535 0.07836735
0.00949118 0.00568533 0.07836735
0.00873522 0.00516351 0.07836735
0.00805682 0.00462994 0.07836735
0.00745665 0.00408474 0.07836735
0.00693530 0.00352869 0.07836735
0.00649328 0.00296372 0.07836735
0.00613104 0.00238837 0.07836735
0.00584892 0.00180303 0.07836735
0.00564720 0.00120897 0.07836735
0.00552610 0.00060632 0.07836735
0.00548571 0.00000000 0.07836735
#50
0.00560000 0.00000000 0.08000000
0.00564112 -0.00061221 0.08000000
0.00576442 -0.00121929 0.08000000
0.00596979 -0.00181780 0.08000000
0.00625701 -0.00240747 0.08000000
0.00662581 -0.00298571 0.08000000
0.00707580 -0.00355543 0.08000000
0.00760654 -0.00411463 0.08000000
0.00821749 -0.00466322 0.08000000
0.00890803 -0.00520026 0.08000000
0.00967747 -0.00572566 0.08000000
0.01052504 -0.00623796 0.08000000
0.01144987 -0.00673724 0.08000000
0.01245105 -0.00722275 0.08000000
0.01352756 -0.00769336 0.08000000
0.01467832 -0.00814884 0.08000000
0.01590216 -0.00858832 0.08000000
0.01719787 -0.00901119 0.08000000
0.01856412 -0.00941664 0.08000000
0.01999955 -0.00980411 0.08000000
0.02150272 -0.01017289 0.08000000
0.02307210 -0.01052256 0.08000000
0.02470612 -0.01085240 0.08000000
0.02640313 -0.01116196 0.08000000
0.02816142 -0.01145076 0.08000000
0.02997923 -0.01171846 0.08000000
0.03185471 -0.01196465 0.08000000
0.03378600 -0.01218906 0.08000000
0.03577113 -0.01239149 0.08000000
0.03780811 -0.01257173 0.08000000
0.03989490 -0.01272972 0.08000000
0.04202938 -0.01286545 0.08000000
0.04420941 -0.01297891 0.08000000
0.04643279 -0.01307030 0.08000000
0.04869729 -0.01313971 0.08000000
0.05100062 -0.01318745 0.08000000
0.05334047 -0.01321380 0.08000000
0.05571448 -0.01321913 0.08000000
0.05812026 -0.01320385 0.08000000
0.06055538 -0.01316847 0.08000000
0.06301740 -0.01311351 0.08000000
0.06550384 -0.01303952 0.08000000
0.06801219 -0.01294715 0.08000000
0.07053992 -0.01283703 0.08000000
0.07308450 -0.01270987 0.08000000
0.07564335 -0.01256637 0.08000000
0.07821391 -0.01240727 0.08000000
0.08079358 -0.01223334 0.08000000
0.08337977 -0.01204537 0.08000000
0.08596987 -0.01184411 0.08000000
0.08856128 -0.01163038 0.08000000
0.09115138 -0.01140500 0.08000000
0.09373757 -0.01116873 0.08000000
0.09631724 -0.01092241 0.08000000
0.09888780 -0.01066682 0.08000000
0.10144666 -0.01040274 0.08000000
0.10399123 -0.01013097 0.08000000
0.10651897 -0.00985229 0.08000000
0.10902732 -0.00956744 0.08000000
0.11151375 -0.00927718 0.08000000
0.11397577 -0.00898226 0.08000000
0.11641090 -0.00868340 0.08000000
0.11881668 -0.00838130 0.08000000
0.12119068 -0.00807668 0.08000000
0.12353053 -0.00777022 0.08000000
0.12583387 -0.00746261 0.08000000
0.12809837 -0.00715451 0.08000000
0.13032175 -0.00684658 0.08000000
0.13250178 -0.00653948 0.08000000
0.13463626 -0.00623384 0.08000000
0.13672304 -0.00593032 0.08000000
0.13876003 -0.00562953 0.08000000
0.14074516 -0.00533210 0.08000000
0.14267644 -0.00503865 0.08000000
0.14455193 -0.00474979 0.08000000
0.14636974 -0.00446614 0.08000000
0.14812803 -0.00418829 0.08000000
0.14982504 -0.00391686 0.08000000
0.15145906 -0.00365242 0.08000000
0.15302844 -0.00339558 0.08000000
0.15453160 -0.00314689 0.08000000
0.15596703 -0.00290694 0.08000000
0.15733329 -0.00267629 0.08000000
0.15862899 -0.00245547 0.08000000
0.15985284 -0.00224502 0.08000000
0.16100360 -0.00204544 0.08000000
0.16208010 -0.00185726 0.08000000
0.16308128 -0.00168092 0.08000000
0.16400612 -0.00151690 0.08000000
0.16485368 -0.00136561 0.08000000
0.16562313 -0.00122746 0.08000000
0.16631367 -0.00110281 0.08000000
0.16692461 -0.00099200 0.08000000
0.16745535 -0.00089534 0.08000000
0.16790535 -0.00081308 0.08000000
0.16827414 -0.00074546 0.08000000
0.16856137 -0.00064648 0.08000000
0.16876674 -0.00046861 0.08000000
0.16889004 -0.00024491 0.08000000
0.16893116 0.00000000 0.08000000
0.16889086 0.00024253 0.08000000
0.16877001 0.00046449 0.08000000
0.16856872 0.00064210 0.08000000
0.16828720 0.00074306 0.08000000
0.16792572 0.00080935 0.08000000
0.16748463 0.00088999 0.08000000
0.16696438 0.00098477 0.08000000
0.16636548 0.00109343 0.08000000
0.16568852 0.00121568 0.08000000
0.16493416 0.00135120 0.08000000
0.16410315 0.00149963 0.08000000
0.16319631 0.00166058 0.08000000
0.16221454 0.00183365 0.08000000
0.16115880 0.00201840 0.08000000
0.16003014 0.00221437 0.08000000
0.15882967 0.00242108 0.08000000
0.15755857 0.00263804 0.08000000
0.15621811 0.00286472 0.08000000
0.15480959 0.00310061 0.08000000
0.15333442 0.00334517 0.08000000
0.15179404 0.00359784 0.08000000
0.15018999 0.00385806 0.08000000
0.14852383 0.00412528 0.08000000
0.14679722 0.00439891 0.08000000
0.14501186 0.00467836 0.08000000
0.14316951 0.00496308 0.08000000
0.14127199 0.00525245 0.08000000
0.13932118 0.00554588 0.08000000
0.13731899 0.00584278 0.08000000
0.13526740 0.00614254 0.08000000
0.13316844 0.00644454 0.08000000
0.13102418 0.00674819 0.08000000
0.12883674 0.00705284 0.08000000
0.12660827 0.00735788 0.08000000
0.12434097 0.00766265 0.08000000
0.12203709 0.00796653 0.08000000
0.11969889 0.00826885 0.08000000
0.11732868 0.00856894 0.08000000
0.11492881 0.00886614 0.08000000
0.11250163 0.00915974 0.08000000
0.11004955 0.00944905 0.08000000
0.10757498 0.00973336 0.08000000
0.10508037 0.01001194 0.08000000
0.10256818 0.01028407 0.08000000
0.10004089 0.01054898 0.08000000
0.09750099 0.01080593 0.08000000
0.09495099 0.01105416 0.08000000
0.09239340 0.01129290 0.08000000
0.08983076 0.01152135 0.08000000
0.08726558 0.01173875 0.08000000
0.08470040 0.01194433 0.08000000
0.08213775 0.01213730 0.08000000
0.07958017 0.01231689 0.08000000
0.07703017 0.01248234 0.08000000
0.07449027 0.01263291 0.08000000
0.07196297 0.01276787 0.08000000
0.06945078 0.01288651 0.08000000
0.06695617 0.01298814 0.08000000
0.06448161 0.01307212 0.08000000
0.06202953 0.01313781 0.08000000
0.05960235 0.01318463 0.08000000
0.05720247 0.01321205 0.08000000
0.05483227 0.01321958 0.08000000
0.05249407 0.01320675 0.08000000
0.05019018 0.01317320 0.08000000
0.04792289 0.01311857 0.08000000
0.04569442 0.01304256 0.08000000
0.04350697 0.01294504 0.08000000
0.04136271 0.01282575 0.08000000
0.03926376 0.01268466 0.08000000
0.03721217 0.01252177 0.08000000
0.03520998 0.01233703 0.08000000
0.03325916 0.01213066 0.08000000
0.03136164 0.01190276 0.08000000
0.02951929 0.01165356 0.08000000
0.02773393 0.01138336 0.08000000
0.02600732 0.01109257 0.08000000
0.02434117 0.01078154 0.08000000
0.02273711 0.01045071 0.08000000
0.02119674 0.01010067 0.08000000
0.01972156 0.00973184 0.08000000
0.01831305 0.00934491 0.08000000
0.01697258 0.00894055 0.08000000
0.01570149 0.00851910 0.08000000
0.01450102 0.00808151 0.08000000
0.01337235 0.00762839 0.08000000
0.01231662 0.00716037 0.08000000
0.01133484 0.00667827 0.08000000
0.01042801 0.00618239 0.08000000
0.00959700 0.00567344 0.08000000
0.00884264 0.00515271 0.08000000
0.00816567 0.00462026 0.08000000
0.00756677 0.00407620 0.08000000
0.00704652 0.00352131 0.08000000
0.00660544 0.00295752 0.08000000
0.00624396 0.00238338 0.08000000
0.00596243 0.00179926 0.08000000
0.00576115 0.00120644 0.08000000
0.00564030 0.00060506 0.08000000
0.00560000 0.00000000 0.08000000
