# Rudder tip cap, fitted model, as a structured point grid
# source : Wind_Tunnel_Rudder.stp
# frame  : origin at the root leading edge; +X LE->TE, +Y root->tip, +Z thickness
# grid   : 81 rows along the tip chord (LE end to TE end, cosine spaced) x 41
#          points across each row, from the +Z wall base over the crest to the
#          -Z wall base. The wall-base points lie on the tip section; the first
#          and last rows collapse to the top of the LE and the top of the TE
# load   : np.loadtxt(path).reshape(81, 41, 3)
#             x_mm             y_mm             z_mm
      14.000000000    200.000000000     -0.000000266
      14.000000000    200.000000000     -0.000000266
      14.000000000    200.000000000     -0.000000266
      14.000000000    200.000000000     -0.000000266
      14.000000000    200.000000000     -0.000000266
      14.000000000    200.000000000     -0.000000266
      14.000000000    200.000000000     -0.000000266
      14.000000000    200.000000000     -0.000000266
      14.000000000    200.000000000     -0.000000266
      14.000000000    200.000000000     -0.000000266
      14.000000000    200.000000000     -0.000000266
      14.000000000    200.000000000     -0.000000266
      14.000000000    200.000000000     -0.000000266
      14.000000000    200.000000000     -0.000000266
      14.000000000    200.000000000     -0.000000266
      14.000000000    200.000000000     -0.000000266
      14.000000000    200.000000000     -0.000000266
      14.000000000    200.000000000     -0.000000266
      14.000000000    200.000000000     -0.000000266
      14.000000000    200.000000000     -0.000000266
      14.000000000    200.000000000     -0.000000266
      14.000000000    200.000000000     -0.000000266
      14.000000000    200.000000000     -0.000000266
      14.000000000    200.000000000     -0.000000266
      14.000000000    200.000000000     -0.000000266
      14.000000000    200.000000000     -0.000000266
      14.000000000    200.000000000     -0.000000266
      14.000000000    200.000000000     -0.000000266
      14.000000000    200.000000000     -0.000000266
      14.000000000    200.000000000     -0.000000266
      14.000000000    200.000000000     -0.000000266
      14.000000000    200.000000000     -0.000000266
      14.000000000    200.000000000     -0.000000266
      14.000000000    200.000000000     -0.000000266
      14.000000000    200.000000000     -0.000000266
      14.000000000    200.000000000     -0.000000266
      14.000000000    200.000000000     -0.000000266
      14.000000000    200.000000000     -0.000000266
      14.000000000    200.000000000     -0.000000266
      14.000000000    200.000000000     -0.000000266
      14.000000000    200.000000000     -0.000000266
      14.052689082    200.003293337      0.605152339
      14.052598721    200.004738992      0.605147859
      14.052329864    200.009040363      0.605081522
      14.051889129    200.016091534      0.604800931
      14.051287371    200.025718883      0.604071707
      14.050539406    200.037685353      0.602602724
      14.049663651    200.051696288      0.600074641
      14.048681670    200.067406694      0.596167737
      14.047617644    200.084429727      0.590586242
      14.046497771    200.102346226      0.583077709
      14.045349627    200.120715025      0.573447027
      14.044201484    200.139083824      0.561565275
      14.043081611    200.157000322      0.547373812
      14.042017585    200.174023355      0.530883791
      14.041035604    200.189733761      0.512170606
      14.040159849    200.203744696      0.491360798
      14.039411884    200.215711166      0.468602559
      14.038810125    200.225338515      0.443983360
      14.038369391    200.232389686      0.417177821
      14.038100533    200.236691057      0.382592636
      14.038010173    200.238136713      0.000844371
      14.038100533    200.236691057     -0.380903893
      14.038369391    200.232389686     -0.415489078
      14.038810125    200.225338515     -0.442294617
      14.039411884    200.215711166     -0.466913816
      14.040159849    200.203744696     -0.489672055
      14.041035604    200.189733761     -0.510481863
      14.042017585    200.174023355     -0.529195048
      14.043081611    200.157000322     -0.545685069
      14.044201484    200.139083824     -0.559876532
      14.045349627    200.120715025     -0.571758284
      14.046497771    200.102346226     -0.581388966
      14.047617644    200.084429727     -0.588897499
      14.048681670    200.067406694     -0.594478994
      14.049663651    200.051696288     -0.598385898
      14.050539406    200.037685353     -0.600913981
      14.051287371    200.025718883     -0.602382965
      14.051889129    200.016091534     -0.603112188
      14.052329864    200.009040363     -0.603392779
      14.052598721    200.004738992     -0.603459116
      14.052689082    200.003293337     -0.603463596
      14.210675085    200.013168268      1.238790517
      14.210501896    200.015939071      1.238781870
      14.209986593    200.024183254      1.238653834
      14.209141863    200.037697817      1.238112266
      14.207988509    200.056149987      1.236704749
      14.206554928    200.079085411      1.233869188
      14.204876420    200.105939343      1.228988650
      14.202994316    200.136050548      1.221444690
      14.200954959    200.168677590      1.210663725
      14.198808566    200.203017083      1.196153582
      14.196607987    200.238223473      1.177529317
      14.194407408    200.273429864      1.154528398
      14.192261014    200.307769356      1.127015356
      14.190221657    200.340396398      1.094974810
      14.188339553    200.370507604      1.058488204
      14.186661046    200.397361535      1.017679087
      14.185227465    200.420296959      0.972573776
      14.184074110    200.438749129      0.922638733
      14.183229381    200.452263693      0.864112560
      14.182714077    200.460507875      0.573549767
      14.182540888    200.463278678      0.000233831
      14.182714077    200.460507875     -0.573082106
      14.183229381    200.452263693     -0.863644899
      14.184074110    200.438749129     -0.922171072
      14.185227465    200.420296959     -0.972106114
      14.186661046    200.397361535     -1.017211426
      14.188339553    200.370507604     -1.058020543
      14.190221657    200.340396398     -1.094507148
      14.192261014    200.307769356     -1.126547695
      14.194407408    200.273429864     -1.154060737
      14.196607987    200.238223473     -1.177061656
      14.198808566    200.203017083     -1.195685921
      14.200954959    200.168677590     -1.210196064
      14.202994316    200.136050548     -1.220977029
      14.204876420    200.105939343     -1.228520988
      14.206554928    200.079085411     -1.233401526
      14.207988509    200.056149987     -1.236237087
      14.209141863    200.037697817     -1.237644604
      14.209986593    200.024183254     -1.238186173
      14.210501896    200.015939071     -1.238314208
      14.210675085    200.013168268     -1.238322856
      14.473714407    200.029609568      1.866399504
      14.473477540    200.033399129      1.866387553
      14.472772772    200.044674501      1.866210609
      14.471617456    200.063158047      1.865462156
      14.470040040    200.088394641      1.863516861
      14.468079366    200.119762873      1.859597502
      14.465783711    200.156490354      1.852850266
      14.463209602    200.197672732      1.842417615
      14.460420422    200.242295959      1.827501125
      14.457484851    200.289261264      1.807410195
      14.454475172    200.337412204      1.781595053
      14.451465492    200.385563145      1.749663486
      14.448529921    200.432528450      1.711379850
      14.445740741    200.477151677      1.666641070
      14.443166633    200.518334055      1.615413284
      14.440870978    200.555061536      1.557577431
      14.438910303    200.586429768      1.492489575
      14.437332887    200.611666361      1.417202755
      14.436177571    200.630149907      1.305248890
      14.435472803    200.641425279      0.669936466
      14.435235936    200.645214841     -0.000543261
      14.435472803    200.641425279     -0.671022987
      14.436177571    200.630149907     -1.306335412
      14.437332887    200.611666361     -1.418289277
      14.438910303    200.586429768     -1.493576097
      14.440870978    200.555061536     -1.558663953
      14.443166633    200.518334055     -1.616499806
      14.445740741    200.477151677     -1.667727592
      14.448529921    200.432528450     -1.712466372
      14.451465492    200.385563145     -1.750750008
      14.454475172    200.337412204     -1.782681575
      14.457484851    200.289261264     -1.808496717
      14.460420422    200.242295959     -1.828587647
      14.463209602    200.197672732     -1.843504137
      14.465783711    200.156490354     -1.853936788
      14.468079366    200.119762873     -1.860684024
      14.470040040    200.088394641     -1.864603383
      14.471617456    200.063158047     -1.866548678
      14.472772772    200.044674501     -1.867297131
      14.473477540    200.033399129     -1.867474075
      14.473714407    200.029609568     -1.867486026
      14.841401460    200.052591885      2.482613550
      14.841139880    200.056776817      2.482600077
      14.840361582    200.069228564      2.482400598
      14.839085731    200.089640523      2.481556793
      14.837343741    200.117510086      2.479363466
      14.835178506    200.152151009      2.474943452
      14.832643343    200.192710319      2.467331380
      14.829800674    200.238189311      2.455553881
      14.826720495    200.287468141      2.438697493
      14.823478652    200.339333400      2.415959233
      14.820154968    200.392507995      2.386677186
      14.816831285    200.445682590      2.350338422
      14.813589441    200.497547850      2.306557822
      14.810509263    200.546826680      2.255009715
      14.807666594    200.592305672      2.195258521
      14.805131430    200.632864982      2.126303266
      14.802966195    200.667505905      2.044974506
      14.801224206    200.695375467      1.934890413
      14.799948354    200.715787427      1.403283001
      14.799170056    200.728239174      0.703038835
      14.798908477    200.732424105     -0.001549350
      14.799170056    200.728239174     -0.706137536
      14.799948354    200.715787427     -1.406381702
      14.801224206    200.695375467     -1.937989114
      14.802966195    200.667505905     -2.048073207
      14.805131430    200.632864982     -2.129401967
      14.807666594    200.592305672     -2.198357222
      14.810509263    200.546826680     -2.258108416
      14.813589441    200.497547850     -2.309656523
      14.816831285    200.445682590     -2.353437123
      14.820154968    200.392507995     -2.389775887
      14.823478652    200.339333400     -2.419057934
      14.826720495    200.287468141     -2.441796194
      14.829800674    200.238189311     -2.458652582
      14.832643343    200.192710319     -2.470430081
      14.835178506    200.152151009     -2.478042153
      14.837343741    200.117510086     -2.482462167
      14.839085731    200.089640523     -2.484655494
      14.840361582    200.069228564     -2.485499299
      14.841139880    200.056776817     -2.485698778
      14.841401460    200.052591885     -2.485712251
      15.313169296    200.082079782      3.071370912
      15.312894486    200.086476385      3.071356348
      15.312076823    200.099557933      3.071140711
      15.310736439    200.121002315      3.070228518
      15.308906341    200.150281500      3.067857099
      15.306631590    200.186674536      3.063076743
      15.303968200    200.229285308      3.054839445
      15.300981751    200.277064595      3.042082526
      15.297745779    200.328835914      3.023797236
      15.294339965    200.383324482      2.999076141
      15.290848172    200.439188610      2.967134529
      15.287356379    200.495052738      2.927298513
      15.283950566    200.549541307      2.878941737
      15.280714594    200.601312625      2.821319752
      15.277728145    200.649091912      2.753137508
      15.275064754    200.691702684      2.671163319
      15.272790003    200.728095720      2.562913582
      15.270959905    200.757374905      2.149522902
      15.269619522    200.778819288      1.440665841
      15.268801858    200.791900835      0.722931183
      15.268527048    200.796297438      0.000744002
      15.268801858    200.791900835     -0.721443180
      15.269619522    200.778819288     -1.439177838
      15.270959905    200.757374905     -2.148034899
      15.272790003    200.728095720     -2.561425579
      15.275064754    200.691702684     -2.669675315
      15.277728145    200.649091912     -2.751649504
      15.280714594    200.601312625     -2.819831749
      15.283950566    200.549541307     -2.877453734
      15.287356379    200.495052738     -2.925810510
      15.290848172    200.439188610     -2.965646526
      15.294339965    200.383324482     -2.997588138
      15.297745779    200.328835914     -3.022309233
      15.300981751    200.277064595     -3.040594523
      15.303968200    200.229285308     -3.053351442
      15.306631590    200.186674536     -3.061588740
      15.308906341    200.150281500     -3.066369095
      15.310736439    200.121002315     -3.068740514
      15.312076823    200.099557933     -3.069652707
      15.312894486    200.086476385     -3.069868344
      15.313169296    200.082079782     -3.069882908
      15.888290485    200.118027792      3.647482924
      15.887999841    200.122677718      3.647467003
      15.887135065    200.136513001      3.647231266
      15.885717452    200.159192969      3.646233988
      15.883781906    200.190159167      3.643640932
      15.881376089    200.228649103      3.638411839
      15.878559238    200.273715029      3.629394994
      15.875400715    200.324247271      3.615414383
      15.871978293    200.379001557      3.595337912
      15.868376243    200.436629656      3.568118462
      15.864683259    200.495712573      3.532799119
      15.860990275    200.554795490      3.488465834
      15.857388225    200.612423589      3.434103855
      15.853965802    200.667177876      3.368225597
      15.850807279    200.717710118      3.287772231
      15.847990429    200.762776043      3.183435317
      15.845584612    200.801265980      2.925086920
      15.843649066    200.832232177      2.209718573
      15.842231453    200.854912146      1.480725974
      15.841366677    200.868747428      0.742603604
      15.841076033    200.873397355     -0.000097767
      15.841366677    200.868747428     -0.742799138
      15.842231453    200.854912146     -1.480921508
      15.843649066    200.832232177     -2.209914107
      15.845584612    200.801265980     -2.925282454
      15.847990429    200.762776043     -3.183630851
      15.850807279    200.717710118     -3.287967765
      15.853965802    200.667177876     -3.368421132
      15.857388225    200.612423589     -3.434299389
      15.860990275    200.554795490     -3.488661368
      15.864683259    200.495712573     -3.532994653
      15.868376243    200.436629656     -3.568313996
      15.871978293    200.379001557     -3.595533446
      15.875400715    200.324247271     -3.615609917
      15.878559238    200.273715029     -3.629590528
      15.881376089    200.228649103     -3.638607373
      15.883781906    200.190159167     -3.643836467
      15.885717452    200.159192969     -3.646429522
      15.887135065    200.136513001     -3.647426800
      15.887999841    200.122677718     -3.647662537
      15.888290485    200.118027792     -3.647678458
      16.565878231    200.160380484      4.213634781
      16.565569272    200.165323426      4.213617234
      16.564650002    200.180030542      4.213357413
      16.563143057    200.204139694      4.212258177
      16.561085543    200.237057233      4.209399449
      16.558528122    200.277972622      4.203632069
      16.555533768    200.325878387      4.193678844
      16.552176209    200.379594929      4.178224940
      16.548538122    200.437799569      4.155983813
      16.544709088    200.499059116      4.125727087
      16.540783390    200.561865156      4.086262587
      16.536857692    200.624671196      4.036325287
      16.533028658    200.685930743      3.974282134
      16.529390571    200.744135383      3.897313305
      16.526033013    200.797851925      3.798481025
      16.523038658    200.845757690      3.644716720
      16.520481237    200.886673079      3.015243927
      16.518423723    200.919590618      2.277680350
      16.516916778    200.943699770      1.526069810
      16.515997508    200.958406886      0.765046237
      16.515688549    200.963349828     -0.000698407
      16.515997508    200.958406886     -0.766443050
      16.516916778    200.943699770     -1.527466624
      16.518423723    200.919590618     -2.279077163
      16.520481237    200.886673079     -3.016640740
      16.523038658    200.845757690     -3.646113534
      16.526033013    200.797851925     -3.799877839
      16.529390571    200.744135383     -3.898710119
      16.533028658    200.685930743     -3.975678947
      16.536857692    200.624671196     -4.037722101
      16.540783390    200.561865156     -4.087659401
      16.544709088    200.499059116     -4.127123901
      16.548538122    200.437799569     -4.157380627
      16.552176209    200.379594929     -4.179621754
      16.555533768    200.325878387     -4.195075658
      16.558528122    200.277972622     -4.205028882
      16.561085543    200.237057233     -4.210796262
      16.563143057    200.204139694     -4.213654991
      16.564650002    200.180030542     -4.214754227
      16.565569272    200.165323426     -4.215014047
      16.565878231    200.160380484     -4.215031595
      17.344887743    200.209072554      4.767759481
      17.344558159    200.214345460      4.767759481
      17.343577524    200.230034341      4.767676959
      17.341969984    200.255752885      4.766813024
      17.339775121    200.290867816      4.764108903
      17.337046982    200.334514488      4.758263706
      17.333852740    200.385618175      4.747828588
      17.330271051    200.442920534      4.731301906
      17.326390105    200.505010592      4.707191028
      17.322305466    200.570359485      4.674023968
      17.318117710    200.637358107      4.630282587
      17.313929954    200.704356728      4.574186476
      17.309845315    200.769705621      4.503107220
      17.305964369    200.831795679      4.411730048
      17.302382680    200.889098038      4.283046043
      17.299188438    200.940201725      3.856451120
      17.296460299    200.983848397      3.113872284
      17.294265436    201.018963328      2.352088560
      17.292657896    201.044681873      1.575796598
      17.291677261    201.060370754      0.789782498
      17.291347677    201.065643659     -0.001107704
      17.291677261    201.060370754     -0.791997906
      17.292657896    201.044681873     -1.578012007
      17.294265436    201.018963328     -2.354303968
      17.296460299    200.983848397     -3.116087692
      17.299188438    200.940201725     -3.858666529
      17.302382680    200.889098038     -4.285261452
      17.305964369    200.831795679     -4.413945456
      17.309845315    200.769705621     -4.505322628
      17.313929954    200.704356728     -4.576401885
      17.318117710    200.637358107     -4.632497996
      17.322305466    200.570359485     -4.676239376
      17.326390105    200.505010592     -4.709406437
      17.330271051    200.442920534     -4.733517315
      17.333852740    200.385618175     -4.750043997
      17.337046982    200.334514488     -4.760479114
      17.339775121    200.290867816     -4.766324311
      17.341969984    200.255752885     -4.769028432
      17.343577524    200.230034341     -4.769892368
      17.344558159    200.214345460     -4.769974889
      17.344887743    200.209072554     -4.769974889
      18.224117844    200.264028922      5.300714608
      18.223765841    200.269660513      5.300714608
      18.222718499    200.286416617      5.300714608
      18.221001607    200.313884643      5.300412586
      18.218657441    200.351388238      5.298311746
      18.215743722    200.398003938      5.292882179
      18.212332195    200.452583910      5.282457297
      18.208506864    200.513784215      5.265301751
      18.204361920    200.580097897      5.239666135
      18.199999427    200.649892093      5.203770494
      18.195526802    200.721448239      5.155667436
      18.191054178    200.793004385      5.092847273
      18.186691685    200.862798581      5.011103518
      18.182546741    200.929112263      4.900258425
      18.178721410    200.990312568      4.703620272
      18.175309883    201.044892540      3.987344813
      18.172396164    201.091508240      3.219924826
      18.170051998    201.129011835      2.432657500
      18.168335106    201.156479861      1.630396599
      18.167287764    201.173235965      0.818088328
      18.166935761    201.178867556      0.000740838
      18.167287764    201.173235965     -0.816606653
      18.168335106    201.156479861     -1.628914924
      18.170051998    201.129011835     -2.431175825
      18.172396164    201.091508240     -3.218443151
      18.175309883    201.044892540     -3.985863138
      18.178721410    200.990312568     -4.702138597
      18.182546741    200.929112263     -4.898776750
      18.186691685    200.862798581     -5.009621843
      18.191054178    200.793004385     -5.091365598
      18.195526802    200.721448239     -5.154185761
      18.199999427    200.649892093     -5.202288819
      18.204361920    200.580097897     -5.238184460
      18.208506864    200.513784215     -5.263820076
      18.212332195    200.452583910     -5.280975622
      18.215743722    200.398003938     -5.291400504
      18.218657441    200.351388238     -5.296830071
      18.221001607    200.313884643     -5.298930911
      18.222718499    200.286416617     -5.299232933
      18.223765841    200.269660513     -5.299232933
      18.224117844    200.264028922     -5.299232933
      19.202212826    200.325164850      5.814855097
      19.201836580    200.331184288      5.814855097
      19.200717108    200.349094383      5.814855097
      19.198881974    200.378454129      5.814845630
      19.196376365    200.418540592      5.813495609
      19.193261979    200.468366710      5.808612289
      19.189615501    200.526705599      5.798278564
      19.185526719    200.592120762      5.780490060
      19.181096314    200.663001459      5.753197484
      19.176433376    200.737602374      5.714248140
      19.171652722    200.814086584      5.661142426
      19.166872069    200.890570794      5.590344568
      19.162209131    200.965171709      5.495096897
      19.157778726    201.036052407      5.354626262
      19.153689944    201.101467569      4.889733562
      19.150043466    201.159806458      4.121738492
      19.146929079    201.209632576      3.328332407
      19.144423471    201.249719039      2.514406919
      19.142588337    201.279078785      1.684980149
      19.141468864    201.296988881      0.845165788
      19.141092619    201.303008318      0.000141572
      19.141468864    201.296988881     -0.844882643
      19.142588337    201.279078785     -1.684697004
      19.144423471    201.249719039     -2.514123774
      19.146929079    201.209632576     -3.328049262
      19.150043466    201.159806458     -4.121455347
      19.153689944    201.101467569     -4.889450417
      19.157778726    201.036052407     -5.354343117
      19.162209131    200.965171709     -5.494813752
      19.166872069    200.890570794     -5.590061423
      19.171652722    200.814086584     -5.660859281
      19.176433376    200.737602374     -5.713964995
      19.181096314    200.663001459     -5.752914339
      19.185526719    200.592120762     -5.780206915
      19.189615501    200.526705599     -5.797995419
      19.193261979    200.468366710     -5.808329144
      19.196376365    200.418540592     -5.813212464
      19.198881974    200.378454129     -5.814562485
      19.200717108    200.349094383     -5.814571952
      19.201836580    200.331184288     -5.814571952
      19.202212826    200.325164850     -5.814571952
      20.277664537    200.392386070      6.313381069
      20.277262354    200.398820476      6.313381069
      20.276065707    200.417965256      6.313381069
      20.274104063    200.449349003      6.313381069
      20.271425723    200.492198945      6.312808440
      20.268096637    200.545459973      6.308631347
      20.264198778    200.607820625      6.298499288
      20.259828124    200.677745375      6.280102150
      20.255092296    200.753512442      6.251044919
      20.250107904    200.833256191      6.208728907
      20.244997682    200.915013066      6.149949893
      20.239887461    200.996769940      6.069728587
      20.234903069    201.076513689      5.957059369
      20.230167241    201.152280756      5.761319640
      20.225796587    201.222205506      5.054810890
      20.221898728    201.284566158      4.260784970
      20.218569642    201.337827186      3.440486740
      20.215891302    201.380677128      2.598973611
      20.213929658    201.412060875      1.741433790
      20.212733011    201.431205655      0.873154297
      20.212330828    201.437640061     -0.000511637
      20.212733011    201.431205655     -0.874177571
      20.213929658    201.412060875     -1.742457065
      20.215891302    201.380677128     -2.599996885
      20.218569642    201.337827186     -3.441510015
      20.221898728    201.284566158     -4.261808245
      20.225796587    201.222205506     -5.055834164
      20.230167241    201.152280756     -5.762342914
      20.234903069    201.076513689     -5.958082643
      20.239887461    200.996769940     -6.070751862
      20.244997682    200.915013066     -6.150973168
      20.250107904    200.833256191     -6.209752182
      20.255092296    200.753512442     -6.252068194
      20.259828124    200.677745375     -6.281125424
      20.264198778    200.607820625     -6.299522562
      20.268096637    200.545459973     -6.309654622
      20.271425723    200.492198945     -6.313831715
      20.274104063    200.449349003     -6.314404343
      20.276065707    200.417965256     -6.314404343
      20.277262354    200.398820476     -6.314404343
      20.277664537    200.392386070     -6.314404343
      21.448814708    200.465588933      6.794738255
      21.448385109    200.472461948      6.794738255
      21.447106892    200.492911757      6.794738255
      21.445011530    200.526434818      6.794738255
      21.442150617    200.572205681      6.794635239
      21.438594599    200.629097317      6.791356182
      21.434431038    200.695708864      6.781571108
      21.429762453    200.770400125      6.762627908
      21.424703801    200.851331953      6.731739667
      21.419379642    200.936511539      6.685782598
      21.413921075    201.023841477      6.620665461
      21.408462508    201.111171415      6.529386901
      21.403138349    201.196351000      6.393573275
      21.398079697    201.277282828      6.012011687
      21.393411112    201.351974089      5.223581506
      21.389247551    201.418585636      4.402938796
      21.385691533    201.475477272      3.555143094
      21.382830620    201.521248136      2.685421341
      21.380735258    201.554771197      1.799135662
      21.379457041    201.575221006      0.901750301
      21.379027442    201.582094021     -0.001202061
      21.379457041    201.575221006     -0.904154422
      21.380735258    201.554771197     -1.801539783
      21.382830620    201.521248136     -2.687825462
      21.385691533    201.475477272     -3.557547215
      21.389247551    201.418585636     -4.405342917
      21.393411112    201.351974089     -5.225985627
      21.398079697    201.277282828     -6.014415808
      21.403138349    201.196351000     -6.395977396
      21.408462508    201.111171415     -6.531791022
      21.413921075    201.023841477     -6.623069582
      21.419379642    200.936511539     -6.688186719
      21.424703801    200.851331953     -6.734143788
      21.429762453    200.770400125     -6.765032029
      21.434431038    200.695708864     -6.783975229
      21.438594599    200.629097317     -6.793760303
      21.442150617    200.572205681     -6.797039360
      21.445011530    200.526434818     -6.797142376
      21.447106892    200.492911757     -6.797142376
      21.448385109    200.472461948     -6.797142376
      21.448814708    200.465588933     -6.797142376
      22.713857511    200.544660564      7.254590966
      22.713399514    200.551987912      7.254590966
      22.712036802    200.573789535      7.254590966
      22.709802927    200.609528602      7.254590966
      22.706752897    200.658325101      7.254590966
      22.702961813    200.718977498      7.252417637
      22.698523023    200.789992331      7.243173560
      22.693545826    200.869620980      7.223813669
      22.688152777    200.955902721      7.191119821
      22.682476671    201.046713013      7.141369211
      22.676657271    201.139815805      7.069388253
      22.670837871    201.232918597      6.965405139
      22.665161765    201.323728889      6.797601469
      22.659768716    201.410010631      6.209668094
      22.654791519    201.489639279      5.395595720
      22.650352729    201.560654113      4.548263167
      22.646561645    201.621306510      3.672894522
      22.643511615    201.670103009      2.774886723
      22.641277740    201.705842076      1.859776287
      22.639915028    201.727643698      0.933205174
      22.639457031    201.734971047      0.000886004
      22.639915028    201.727643698     -0.931433167
      22.641277740    201.705842076     -1.858004279
      22.643511615    201.670103009     -2.773114715
      22.646561645    201.621306510     -3.671122514
      22.650352729    201.560654113     -4.546491160
      22.654791519    201.489639279     -5.393823713
      22.659768716    201.410010631     -6.207896086
      22.665161765    201.323728889     -6.795829461
      22.670837871    201.232918597     -6.963633131
      22.676657271    201.139815805     -7.067616246
      22.682476671    201.046713013     -7.139597204
      22.688152777    200.955902721     -7.189347813
      22.693545826    200.869620980     -7.222041662
      22.698523023    200.789992331     -7.241401553
      22.702961813    200.718977498     -7.250645630
      22.706752897    200.658325101     -7.252818958
      22.709802927    200.609528602     -7.252818958
      22.712036802    200.573789535     -7.252818958
      22.713399514    200.551987912     -7.252818958
      22.713857511    200.544660564     -7.252818958
      24.070842341    200.629479041      7.689834151
      24.070355057    200.637274948      7.689834151
      24.068905204    200.660470707      7.689834151
      24.066528481    200.698495163      7.689834151
      24.063283412    200.750412027      7.689834151
      24.059249901    200.814942933      7.688661302
      24.054527267    200.890498917      7.680184693
      24.049231796    200.975219539      7.660572474
      24.043493880    201.067018696      7.626138078
      24.037454806    201.163635988      7.572484860
      24.031263276    201.262692378      7.493135892
      24.025071746    201.361748768      7.374532164
      24.019032672    201.458366060      7.156336798
      24.013294757    201.550165217      6.404445002
      24.007999285    201.634885839      5.564747401
      24.003276651    201.710441823      4.690742663
      23.999243140    201.774972729      3.787819317
      23.995998071    201.826889593      2.861544187
      23.993621348    201.864914049      1.917628065
      23.992171495    201.888109808      0.961890510
      23.991684211    201.895905715      0.000223961
      23.992171495    201.888109808     -0.961442588
      23.993621348    201.864914049     -1.917180143
      23.995998071    201.826889593     -2.861096265
      23.999243140    201.774972729     -3.787371395
      24.003276651    201.710441823     -4.690294741
      24.007999285    201.634885839     -5.564299479
      24.013294757    201.550165217     -6.403997080
      24.019032672    201.458366060     -7.155888877
      24.025071746    201.361748768     -7.374084243
      24.031263276    201.262692378     -7.492687970
      24.037454806    201.163635988     -7.572036938
      24.043493880    201.067018696     -7.625690156
      24.049231796    200.975219539     -7.660124553
      24.054527267    200.890498917     -7.679736772
      24.059249901    200.814942933     -7.688213380
      24.063283412    200.750412027     -7.689386229
      24.066528481    200.698495163     -7.689386229
      24.068905204    200.660470707     -7.689386229
      24.070355057    200.637274948     -7.689386229
      24.070842341    200.629479041     -7.689386229
      25.517676827    200.719913580      8.104559762
      25.517159480    200.728190453      8.104559762
      25.515620178    200.752817270      8.104559762
      25.513096824    200.793187636      8.104559762
      25.509651552    200.848307498      8.104559762
      25.505369194    200.916819624      8.104119482
      25.500355198    200.997037016      8.096671020
      25.494733024    201.086984457      8.077008771
      25.488641108    201.184447142      8.040944565
      25.482229455    201.287025216      7.983335695
      25.475655940    201.392192867      7.896159994
      25.469082426    201.497360517      7.760691615
      25.462670772    201.599938592      7.422899179
      25.456578857    201.697401276      6.598370655
      25.450956683    201.787348717      5.733158224
      25.445942687    201.867566110      4.832596207
      25.441660329    201.936078235      3.902236870
      25.438215057    201.991198098      2.947816186
      25.435691703    202.031568464      1.975218477
      25.434152401    202.056195280      0.990440132
      25.433635054    202.064472154     -0.000447365
      25.434152401    202.056195280     -0.991334861
      25.435691703    202.031568464     -1.976113207
      25.438215057    201.991198098     -2.948710915
      25.441660329    201.936078235     -3.903131599
      25.445942687    201.867566110     -4.833490936
      25.450956683    201.787348717     -5.734052953
      25.456578857    201.697401276     -6.599265384
      25.462670772    201.599938592     -7.423793909
      25.469082426    201.497360517     -7.761586344
      25.475655940    201.392192867     -7.897054723
      25.482229455    201.287025216     -7.984230424
      25.488641108    201.184447142     -8.041839294
      25.494733024    201.086984457     -8.077903500
      25.500355198    200.997037016     -8.097565749
      25.505369194    200.916819624     -8.105014212
      25.509651552    200.848307498     -8.105454491
      25.513096824    200.793187636     -8.105454491
      25.515620178    200.752817270     -8.105454491
      25.517159480    200.728190453     -8.105454491
      25.517676827    200.719913580     -8.105454491
      27.052130053    200.815824737      8.497459971
      27.051582102    200.824591250      8.497459971
      27.049951739    200.850674928      8.497459971
      27.047279109    200.893433505      8.497459971
      27.043630023    200.951814122      8.497459971
      27.039094332    201.024379256      8.497414330
      27.033783720    201.109342110      8.491295131
      27.027828952    201.204610619      8.471835926
      27.021376654    201.307838955      8.434322443
      27.014585703    201.416485294      8.372805456
      27.007623315    201.527874403      8.277475894
      27.000660928    201.639263511      8.122621971
      26.993869977    201.747909850      7.638553428
      26.987417679    201.851138186      6.789986772
      26.981462911    201.946406695      5.899550118
      26.976152299    202.031369550      4.972733305
      26.971616608    202.103934683      4.015250467
      26.967967522    202.162315300      3.033004802
      26.965294892    202.205073877      2.032052184
      26.963664529    202.231157555      1.018563817
      26.963116578    202.239924068     -0.001211806
      26.963664529    202.231157555     -1.020987429
      26.965294892    202.205073877     -2.034475797
      26.967967522    202.162315300     -3.035428415
      26.971616608    202.103934683     -4.017674079
      26.976152299    202.031369550     -4.975156918
      26.981462911    201.946406695     -5.901973731
      26.987417679    201.851138186     -6.792410385
      26.993869977    201.747909850     -7.640977041
      27.000660928    201.639263511     -8.125045583
      27.007623315    201.527874403     -8.279899507
      27.014585703    201.416485294     -8.375229069
      27.021376654    201.307838955     -8.436746056
      27.027828952    201.204610619     -8.474259538
      27.033783720    201.109342110     -8.493718743
      27.039094332    201.024379256     -8.499837943
      27.043630023    200.951814122     -8.499883584
      27.047279109    200.893433505     -8.499883584
      27.049951739    200.850674928     -8.499883584
      27.051582102    200.824591250     -8.499883584
      27.052130053    200.815824737     -8.499883584
      28.671836006    200.917064625      8.866482627
      28.671257372    200.926322009      8.866482627
      28.669535719    200.953866214      8.866482627
      28.666713438    200.999019010      8.866482627
      28.662860025    201.060668585      8.866482627
      28.658070363    201.137296923      8.866482627
      28.652462389    201.227017179      8.861972055
      28.646174191    201.327620142      8.843044409
      28.639360604    201.436628635      8.804379237
      28.632189401    201.551358505      8.739190510
      28.624837162    201.668984724      8.635694857
      28.617484923    201.786610942      8.459008977
      28.610313721    201.901340813      7.851785242
      28.603500134    202.010349305      6.979784879
      28.597211935    202.110952269      6.064758252
      28.591603961    202.200672524      5.112346804
      28.586814299    202.277300862      4.128422468
      28.582960886    202.338950437      3.119051466
      28.580138606    202.384103233      2.090456906
      28.578416953    202.411647438      1.048980413
      28.577838319    202.420904822      0.001043039
      28.578416953    202.411647438     -1.046894335
      28.580138606    202.384103233     -2.088370828
      28.582960886    202.338950437     -3.116965388
      28.586814299    202.277300862     -4.126336390
      28.591603961    202.200672524     -5.110260726
      28.597211935    202.110952269     -6.062672174
      28.603500134    202.010349305     -6.977698801
      28.610313721    201.901340813     -7.849699164
      28.617484923    201.786610942     -8.456922899
      28.624837162    201.668984724     -8.633608779
      28.632189401    201.551358505     -8.737104432
      28.639360604    201.436628635     -8.802293159
      28.646174191    201.327620142     -8.840958331
      28.652462389    201.227017179     -8.859885977
      28.658070363    201.137296923     -8.864396549
      28.662860025    201.060668585     -8.864396549
      28.666713438    200.999019010     -8.864396549
      28.669535719    200.953866214     -8.864396549
      28.671257372    200.926322009     -8.864396549
      28.671836006    200.917064625     -8.864396549
      30.374297214    201.023477139      9.206148420
      30.373687986    201.033223993      9.206148420
      30.371875303    201.062224557      9.206148420
      30.368903799    201.109764740      9.206148420
      30.364846642    201.174673945      9.206148420
      30.359803734    201.255353892      9.206148420
      30.353899247    201.349817974      9.203158910
      30.347278569    201.455740169      9.185138153
      30.340104724    201.570512324      9.145686856
      30.332554355    201.691308366      9.077176384
      30.324813377    201.815153896      8.965718054
      30.317072399    201.938999426      8.764599232
      30.309522030    202.059795469      8.055946404
      30.302348185    202.174567623      7.161190101
      30.295727507    202.280489819      6.222284710
      30.289823020    202.374953900      5.245018894
      30.284780111    202.455633847      4.235417823
      30.280722955    202.520543053      3.199706022
      30.277751451    202.568083236      2.144269000
      30.275938768    202.597083800      1.075613876
      30.275329539    202.606830654      0.000329265
      30.275938768    202.597083800     -1.074955346
      30.277751451    202.568083236     -2.143610469
      30.280722955    202.520543053     -3.199047491
      30.284780111    202.455633847     -4.234759292
      30.289823020    202.374953900     -5.244360364
      30.295727507    202.280489819     -6.221626179
      30.302348185    202.174567623     -7.160531571
      30.309522030    202.059795469     -8.055287874
      30.317072399    201.938999426     -8.763940701
      30.324813377    201.815153896     -8.965059523
      30.332554355    201.691308366     -9.076517853
      30.340104724    201.570512324     -9.145028326
      30.347278569    201.455740169     -9.184479623
      30.353899247    201.349817974     -9.202500380
      30.359803734    201.255353892     -9.205489890
      30.364846642    201.174673945     -9.205489890
      30.368903799    201.109764740     -9.205489890
      30.371875303    201.062224557     -9.205489890
      30.373687986    201.033223993     -9.205489890
      30.374297214    201.023477139     -9.205489890
      32.156888608    201.134898198      9.521296874
      32.156248935    201.145132133      9.521296874
      32.154345666    201.175581947      9.521296874
      32.151225666    201.225497863      9.521296874
      32.146965761    201.293650785      9.521296874
      32.141670842    201.378362564      9.521296874
      32.135471289    201.477547313      9.519613754
      32.128519755    201.588762775      9.502910691
      32.120987410    201.709270456      9.463086170
      32.113059726    201.836103057      9.391685568
      32.104931907    201.966137538      9.272648543
      32.096804088    202.096172020      9.044180149
      32.088876403    202.223004621      8.254028620
      32.081344058    202.343512302      7.337187963
      32.074392524    202.454727764      6.375108532
      32.068192971    202.553912513      5.373721864
      32.062898053    202.638624291      4.339201844
      32.058638147    202.706777214      3.277926629
      32.055518148    202.756693130      2.196439336
      32.053614879    202.787142943      1.101407692
      32.052975206    202.797376879     -0.000417068
      32.053614879    202.787142943     -1.102241828
      32.055518148    202.756693130     -2.197273471
      32.058638147    202.706777214     -3.278760765
      32.062898053    202.638624291     -4.340035979
      32.068192971    202.553912513     -5.374556000
      32.074392524    202.454727764     -6.375942667
      32.081344058    202.343512302     -7.338022099
      32.088876403    202.223004621     -8.254862756
      32.096804088    202.096172020     -9.045014284
      32.104931907    201.966137538     -9.273482678
      32.113059726    201.836103057     -9.392519703
      32.120987410    201.709270456     -9.463920306
      32.128519755    201.588762775     -9.503744826
      32.135471289    201.477547313     -9.520447889
      32.141670842    201.378362564     -9.522131009
      32.146965761    201.293650785     -9.522131009
      32.151225666    201.225497863     -9.522131009
      32.154345666    201.175581947     -9.522131009
      32.156248935    201.145132133     -9.522131009
      32.156888608    201.134898198     -9.522131009
      34.016861559    201.251155999      9.811113214
      34.016191800    201.261871271      9.811113214
      34.014199014    201.293753240      9.811113214
      34.010932271    201.346016866      9.811113214
      34.006472008    201.417375247      9.811113214
      34.000928052    201.506071300      9.811113214
      33.994436913    201.609921037      9.810430397
      33.987158426    201.726367330      9.795504917
      33.979271809    201.852542886      9.755792425
      33.970971259    201.985340844      9.682061859
      33.962461162    202.121491278      9.556125345
      33.953951066    202.257641712      9.297474229
      33.945650515    202.390439670      8.445152542
      33.937763899    202.516615226      7.506998589
      33.930485412    202.633061520      6.522554219
      33.923994273    202.736911256      5.497888860
      33.918450317    202.825607310      4.439319915
      33.913990054    202.896965690      3.353373812
      33.910723311    202.949229317      2.246745771
      33.908730525    202.981111286      1.126258522
      33.908060766    202.991826557     -0.001179760
      33.908730525    202.981111286     -1.128618041
      33.910723311    202.949229317     -2.249105290
      33.913990054    202.896965690     -3.355733331
      33.918450317    202.825607310     -4.441679434
      33.923994273    202.736911256     -5.500248379
      33.930485412    202.633061520     -6.524913738
      33.937763899    202.516615226     -7.509358108
      33.945650515    202.390439670     -8.447512061
      33.953951066    202.257641712     -9.299833748
      33.962461162    202.121491278     -9.558484864
      33.970971259    201.985340844     -9.684421378
      33.979271809    201.852542886     -9.758151944
      33.987158426    201.726367330     -9.797864436
      33.994436913    201.609921037     -9.812789916
      34.000928052    201.506071300     -9.813472733
      34.006472008    201.417375247     -9.813472733
      34.010932271    201.346016866     -9.813472733
      34.014199014    201.293753240     -9.813472733
      34.016191800    201.261871271     -9.813472733
      34.016861559    201.251155999     -9.813472733
      35.951348125    201.372071282     10.074868261
      35.950649032    201.383255848     10.074868261
      35.948568969    201.416534146     10.074868261
      35.945159152    201.471086752     10.074868261
      35.940503544    201.545570402     10.074868261
      35.934716781    201.638151060     10.074868261
      35.927941351    201.746549084     10.074771118
      35.920344089    201.868095353     10.062149240
      35.912112064    201.999796997     10.023139001
      35.903447976    202.138411082      9.947829266
      35.894565164    202.280524470      9.816121725
      35.885682352    202.422637859      9.525854375
      35.877018264    202.561251944      8.630327824
      35.868786240    202.692953588      7.671849941
      35.861188977    202.814499857      6.666078819
      35.854413548    202.922897881      5.619215369
      35.848626784    203.015478539      4.537713854
      35.843971176    203.089962189      3.428242090
      35.840561360    203.144514795      2.297640340
      35.838481296    203.177793093      1.152879139
      35.837782204    203.188977659      0.001016320
      35.838481296    203.177793093     -1.150846498
      35.840561360    203.144514795     -2.295607699
      35.843971176    203.089962189     -3.426209450
      35.848626784    203.015478539     -4.535681213
      35.854413548    202.922897881     -5.617182728
      35.861188977    202.814499857     -6.664046178
      35.868786240    202.692953588     -7.669817301
      35.877018264    202.561251944     -8.628295183
      35.885682352    202.422637859     -9.523821734
      35.894565164    202.280524470     -9.814089085
      35.903447976    202.138411082     -9.945796625
      35.912112064    201.999796997    -10.021106360
      35.920344089    201.868095353    -10.060116600
      35.927941351    201.746549084    -10.072738477
      35.934716781    201.638151060    -10.072835620
      35.940503544    201.545570402    -10.072835620
      35.945159152    201.471086752    -10.072835620
      35.948568969    201.416534146    -10.072835620
      35.950649032    201.383255848    -10.072835620
      35.951348125    201.372071282    -10.072835620
      37.957365467    201.497457603     10.306693980
      37.956637959    201.509096768     10.306693980
      37.954473351    201.543727669     10.306693980
      37.950924942    201.600497577     10.306693980
      37.946080106    201.678008630     10.306693980
      37.940058138    201.774352248     10.306693980
      37.933007320    201.887156131     10.306693980
      37.925101265    202.013642673     10.296880757
      37.916534648    202.150697357     10.259218704
      37.907518407    202.294945440     10.183182708
      37.898274551    202.442835056     10.047116875
      37.889030695    202.590724672      9.726202805
      37.880014454    202.734972755      8.803356378
      37.871447837    202.872027438      7.825593738
      37.863541783    202.998513981      6.799586308
      37.856490964    203.111317864      5.731659767
      37.850468997    203.207661481      4.628398235
      37.845624160    203.285172534      3.496603688
      37.842075751    203.341942443      2.343254016
      37.839911143    203.376573344      1.175460001
      37.839183636    203.388212509      0.000421484
      37.839911143    203.376573344     -1.174617034
      37.842075751    203.341942443     -2.342411049
      37.845624160    203.285172534     -3.495760721
      37.850468997    203.207661481     -4.627555268
      37.856490964    203.111317864     -5.730816800
      37.863541783    202.998513981     -6.798743341
      37.871447837    202.872027438     -7.824750771
      37.880014454    202.734972755     -8.802513411
      37.889030695    202.590724672     -9.725359838
      37.898274551    202.442835056    -10.046273908
      37.907518407    202.294945440    -10.182339741
      37.916534648    202.150697357    -10.258375737
      37.925101265    202.013642673    -10.296037790
      37.933007320    201.887156131    -10.305851013
      37.940058138    201.774352248    -10.305851013
      37.946080106    201.678008630    -10.305851013
      37.950924942    201.600497577    -10.305851013
      37.954473351    201.543727669    -10.305851013
      37.956637959    201.509096768    -10.305851013
      37.957365467    201.497457603    -10.305851013
      40.031820452    201.627121626     10.511363366
      40.031065445    201.639200745     10.511363366
      40.028819016    201.675140673     10.511363366
      40.025136479    201.734056450     10.511363366
      40.020108511    201.814497374     10.511363366
      40.013858916    201.914482723     10.511363366
      40.006541581    202.031550525     10.511363366
      39.998336683    202.162818183     10.504341088
      39.989446253    202.305053452     10.468688558
      39.980089203    202.454754026     10.392802837
      39.970495935    202.608233781     10.253897729
      39.960902667    202.761713536      9.908193055
      39.951545617    202.911414110      8.967411647
      39.942655187    203.053649379      7.971340989
      39.934450289    203.184917037      6.926122187
      39.927132953    203.301984839      5.838199362
      39.920883359    203.401970188      4.714279921
      39.915855391    203.482411112      3.561293201
      39.912172854    203.541326889      2.386347749
      39.909926425    203.577266818      1.196687493
      39.909171418    203.589345936     -0.000352915
      39.909926425    203.577266818     -1.197393323
      39.912172854    203.541326889     -2.387053579
      39.915855391    203.482411112     -3.561999032
      39.920883359    203.401970188     -4.714985752
      39.927132953    203.301984839     -5.838905193
      39.934450289    203.184917037     -6.926828017
      39.942655187    203.053649379     -7.972046819
      39.951545617    202.911414110     -8.968117478
      39.960902667    202.761713536     -9.908898886
      39.970495935    202.608233781    -10.254603559
      39.980089203    202.454754026    -10.393508667
      39.989446253    202.305053452    -10.469394388
      39.998336683    202.162818183    -10.505046919
      40.006541581    202.031550525    -10.512069197
      40.013858916    201.914482723    -10.512069197
      40.020108511    201.814497374    -10.512069197
      40.025136479    201.734056450    -10.512069197
      40.028819016    201.675140673    -10.512069197
      40.031065445    201.639200745    -10.512069197
      40.031820452    201.627121626    -10.512069197
      42.171514420    201.760863418     10.688851881
      42.170732965    201.773365678     10.688851881
      42.168407842    201.810564611     10.688851881
      42.164596303    201.871544255     10.688851881
      42.159392201    201.954803090     10.688851881
      42.152923678    202.058291006     10.688851881
      42.145350011    202.179459787     10.688851881
      42.136857688    202.315325857     10.684370062
      42.127655819    202.462543741     10.651423903
      42.117970984    202.617488446     10.576619183
      42.108041657    202.776344721     10.436537340
      42.098112329    202.935200995     10.079458714
      42.088427494    203.090145700      9.122340979
      42.079225625    203.237363585      8.108973916
      42.070733302    203.373229654      7.045605270
      42.063159635    203.494398436      5.938791061
      42.056691112    203.597886352      4.795355168
      42.051487010    203.681145186      3.622347252
      42.047675471    203.742124830      2.426999299
      42.045350348    203.779323763      1.216681025
      42.044568893    203.791826023     -0.001145554
      42.045350348    203.779323763     -1.218972134
      42.047675471    203.742124830     -2.429290408
      42.051487010    203.681145186     -3.624638361
      42.056691112    203.597886352     -4.797646276
      42.063159635    203.494398436     -5.941082169
      42.070733302    203.373229654     -7.047896378
      42.079225625    203.237363585     -8.111265025
      42.088427494    203.090145700     -9.124632088
      42.098112329    202.935200995    -10.081749823
      42.108041657    202.776344721    -10.438828449
      42.117970984    202.617488446    -10.578910291
      42.127655819    202.462543741    -10.653715012
      42.136857688    202.315325857    -10.686661170
      42.145350011    202.179459787    -10.691142990
      42.152923678    202.058291006    -10.691142990
      42.159392201    201.954803090    -10.691142990
      42.164596303    201.871544255    -10.691142990
      42.168407842    201.810564611    -10.691142990
      42.170732965    201.773365678    -10.691142990
      42.171514420    201.760863418    -10.691142990
      44.373148120    201.898476760     10.838919195
      44.372341578    201.911380377     10.838919195
      44.369941812    201.949773498     10.838919195
      44.366007912    202.012710756     10.838919195
      44.360636744    202.098642428     10.838919195
      44.353960564    202.205452590     10.838919195
      44.346143761    202.330511223     10.838919195
      44.337378812    202.470738967     10.836578702
      44.327881537    202.622682949     10.807098088
      44.317885793    202.782601806     10.734402409
      44.307637706    202.946557803     10.595009894
      44.297389619    203.110513800     10.241774625
      44.287393875    203.270432657      9.269415195
      44.277896601    203.422376639      8.239910688
      44.269131651    203.562604383      7.159608345
      44.261314848    203.687663015      6.035168587
      44.254638668    203.794473178      4.873523960
      44.249267500    203.880404850      3.681836388
      44.245333600    203.943342108      2.467453023
      44.242933834    203.981735229      1.237860942
      44.242127292    203.994638846      0.000640988
      44.242933834    203.981735229     -1.236578966
      44.245333600    203.943342108     -2.466171047
      44.249267500    203.880404850     -3.680554412
      44.254638668    203.794473178     -4.872241983
      44.261314848    203.687663015     -6.033886611
      44.269131651    203.562604383     -7.158326369
      44.277896601    203.422376639     -8.238628712
      44.287393875    203.270432657     -9.268133218
      44.297389619    203.110513800    -10.240492649
      44.307637706    202.946557803    -10.593727917
      44.317885793    202.782601806    -10.733120433
      44.327881537    202.622682949    -10.805816112
      44.337378812    202.470738967    -10.835296726
      44.346143761    202.330511223    -10.837637219
      44.353960564    202.205452590    -10.837637219
      44.360636744    202.098642428    -10.837637219
      44.366007912    202.012710756    -10.837637219
      44.369941812    201.949773498    -10.837637219
      44.372341578    201.911380377    -10.837637219
      44.373148120    201.898476760    -10.837637219
      46.633326791    202.039749461     10.957966899
      46.632496566    202.053031974     10.957966899
      46.630026334    202.092552453     10.957966899
      46.625976921    202.157337773     10.957966899
      46.620448036    202.245792704     10.957966899
      46.613575820    202.355739191     10.957966899
      46.605529488    202.484469989     10.957966899
      46.596507168    202.628815317     10.957177227
      46.586731020    202.785220914     10.931925661
      46.576441765    202.949835556     10.862348691
      46.565892758    203.118605883     10.725431054
      46.555343752    203.287376210     10.389740900
      46.545054497    203.451990852      9.404384906
      46.535278349    203.608396449      8.359874805
      46.526256029    203.752741777      7.263826459
      46.518209697    203.881472575      6.122997372
      46.511337481    203.991419063      4.944421134
      46.505808596    204.079873994      3.735364059
      46.501759183    204.144659313      2.503280387
      46.499288951    204.184179792      1.255766324
      46.498458726    204.197462305      0.000513207
      46.499288951    204.184179792     -1.254739910
      46.501759183    204.144659313     -2.502253974
      46.505808596    204.079873994     -3.734337645
      46.511337481    203.991419063     -4.943394720
      46.518209697    203.881472575     -6.121970958
      46.526256029    203.752741777     -7.262800045
      46.535278349    203.608396449     -8.358848391
      46.545054497    203.451990852     -9.403358492
      46.555343752    203.287376210    -10.388714487
      46.565892758    203.118605883    -10.724404640
      46.576441765    202.949835556    -10.861322277
      46.586731020    202.785220914    -10.930899247
      46.596507168    202.628815317    -10.956150813
      46.605529488    202.484469989    -10.956940485
      46.613575820    202.355739191    -10.956940485
      46.620448036    202.245792704    -10.956940485
      46.625976921    202.157337773    -10.956940485
      46.630026334    202.092552453    -10.956940485
      46.632496566    202.053031974    -10.956940485
      46.633326791    202.039749461    -10.956940485
      48.948565401    202.184463690     11.048583116
      48.947712891    202.198102737     11.048583116
      48.945176352    202.238684038     11.048583116
      48.941018243    202.305208348     11.048583116
      48.935340951    202.396037616     11.048583116
      48.928284268    202.508935326     11.048583116
      48.920021953    202.641121561     11.048583116
      48.910757454    202.789341456     11.048545382
      48.900718891    202.949945347     11.028278643
      48.890153448    203.118978632     10.962780900
      48.879321281    203.292279151     10.829950375
      48.868489114    203.465579670     10.517140091
      48.857923671    203.634612955      9.528975330
      48.847885108    203.795216846      8.470539507
      48.838620609    203.943436741      7.359878318
      48.830358294    204.075622976      6.203839356
      48.823301611    204.188520685      5.009549988
      48.817624318    204.279349954      3.784373403
      48.813466210    204.345874264      2.535863224
      48.810929671    204.386455565      1.271716930
      48.810077161    204.400094612     -0.000271596
      48.810929671    204.386455565     -1.272260122
      48.813466210    204.345874264     -2.536406416
      48.817624318    204.279349954     -3.784916596
      48.823301611    204.188520685     -5.010093180
      48.830358294    204.075622976     -6.204382549
      48.838620609    203.943436741     -7.360421510
      48.847885108    203.795216846     -8.471082700
      48.857923671    203.634612955     -9.529518522
      48.868489114    203.465579670    -10.517683283
      48.879321281    203.292279151    -10.830493567
      48.890153448    203.118978632    -10.963324092
      48.900718891    202.949945347    -11.028821835
      48.910757454    202.789341456    -11.049088575
      48.920021953    202.641121561    -11.049126308
      48.928284268    202.508935326    -11.049126308
      48.935340951    202.396037616    -11.049126308
      48.941018243    202.305208348    -11.049126308
      48.945176352    202.238684038    -11.049126308
      48.947712891    202.198102737    -11.049126308
      48.948565401    202.184463690    -11.049126308
      51.315294020    202.332396307     11.112239940
      51.314420637    202.346369301     11.112239940
      51.311821992    202.387944223     11.112239940
      51.307562073    202.456097360     11.112239940
      51.301745774    202.549150556     11.112239940
      51.294516310    202.664812531     11.112239940
      51.286051695    202.800235305     11.112239940
      51.276560357    202.952084319     11.112239940
      51.266276003    203.116620547     11.097404349
      51.255451869    203.289792560     11.036896326
      51.244354479    203.467336289     10.909577261
      51.233257090    203.644880018     10.620727631
      51.222432956    203.818052032      9.644135425
      51.212148602    203.982588259      8.572820225
      51.202657264    204.134437274      7.448644162
      51.194192649    204.269860047      6.278538157
      51.186963185    204.385522023      5.069716302
      51.181146886    204.478575219      3.829631386
      51.176886967    204.546728356      2.565928944
      51.174288322    204.588303278      1.286400123
      51.173414939    204.602276272     -0.001066357
      51.174288322    204.588303278     -1.288532838
      51.176886967    204.546728356     -2.568061659
      51.181146886    204.478575219     -3.831764101
      51.186963185    204.385522023     -5.071849017
      51.194192649    204.269860047     -6.280670872
      51.202657264    204.134437274     -7.450776877
      51.212148602    203.982588259     -8.574952940
      51.222432956    203.818052032     -9.646268140
      51.233257090    203.644880018    -10.622860346
      51.244354479    203.467336289    -10.911709976
      51.255451869    203.289792560    -11.039029041
      51.266276003    203.116620547    -11.099537064
      51.276560357    202.952084319    -11.114372655
      51.286051695    202.800235305    -11.114372655
      51.294516310    202.664812531    -11.114372655
      51.301745774    202.549150556    -11.114372655
      51.307562073    202.456097360    -11.114372655
      51.311821992    202.387944223    -11.114372655
      51.314420637    202.346369301    -11.114372655
      51.315294020    202.332396307    -11.114372655
      53.729863325    202.483319210     11.149249390
      53.728970680    202.497600375     11.149249390
      53.726314722    202.540092220     11.149249390
      53.721960852    202.609748455     11.149249390
      53.716016276    202.704853912     11.149249390
      53.708627368    202.823066780     11.149249390
      53.699976069    202.961476264     11.149249390
      53.690275402    203.116674265     11.149249390
      53.679764230    203.284839292     11.139402890
      53.668701372    203.461830564     11.084800063
      53.657359233    203.643289969     10.964337106
      53.646017094    203.824749374     10.699483832
      53.634954237    204.001740647      9.751349652
      53.624443064    204.169905674      8.668285105
      53.614742397    204.325103674      7.531779960
      53.606091098    204.463513159      6.348841149
      53.598702191    204.581726026      5.126761883
      53.592757614    204.676831483      3.873076686
      53.588403744    204.746487718      2.595514946
      53.585747787    204.788979563      1.301953255
      53.584855141    204.803260728      0.000366850
      53.585747787    204.788979563     -1.301219554
      53.588403744    204.746487718     -2.594781245
      53.592757614    204.676831483     -3.872342986
      53.598702191    204.581726026     -5.126028182
      53.606091098    204.463513159     -6.348107449
      53.614742397    204.325103674     -7.531046260
      53.624443064    204.169905674     -8.667551405
      53.634954237    204.001740647     -9.750615951
      53.646017094    203.824749374    -10.698750131
      53.657359233    203.643289969    -10.963603406
      53.668701372    203.461830564    -11.084066362
      53.679764230    203.284839292    -11.138669190
      53.690275402    203.116674265    -11.148515689
      53.699976069    202.961476264    -11.148515689
      53.708627368    202.823066780    -11.148515689
      53.716016276    202.704853912    -11.148515689
      53.721960852    202.609748455    -11.148515689
      53.726314722    202.540092220    -11.148515689
      53.728970680    202.497600375    -11.148515689
      53.729863325    202.483319210    -11.148515689
      56.188550225    202.636999689     11.157884491
      56.187639853    202.651564452     11.157884491
      56.184931153    202.694900107     11.157884491
      56.180490823    202.765939587     11.157884491
      56.174428198    202.862933665     11.157884491
      56.166892561    202.983494023     11.157884491
      56.158069463    203.124652066     11.157884491
      56.148176158    203.282932015     11.157884491
      56.137456253    203.454436492     11.152276189
      56.126173707    203.634942486     11.104408578
      56.114606334    203.820005343     10.991886557
      56.103038961    204.005068200     10.750067494
      56.091756415    204.185574195      9.847913582
      56.081036510    204.357078671      8.754148061
      56.071143206    204.515358620      7.606413933
      56.062320108    204.656516663      6.411787361
      56.054784470    204.777077022      5.177633616
      56.048721845    204.874071099      3.911561666
      56.044281515    204.945110579      2.621377265
      56.041572816    204.988446234      1.315034829
      56.040662444    205.003010997      0.000588394
      56.041572816    204.988446234     -1.313858042
      56.044281515    204.945110579     -2.620200478
      56.048721845    204.874071099     -3.910384879
      56.054784470    204.777077022     -5.176456829
      56.062320108    204.656516663     -6.410610574
      56.071143206    204.515358620     -7.605237146
      56.081036510    204.357078671     -8.752971273
      56.091756415    204.185574195     -9.846736795
      56.103038961    204.005068200    -10.748890707
      56.114606334    203.820005343    -10.990709770
      56.126173707    203.634942486    -11.103231791
      56.137456253    203.454436492    -11.151099401
      56.148176158    203.282932015    -11.156707704
      56.158069463    203.124652066    -11.156707704
      56.166892561    202.983494023    -11.156707704
      56.174428198    202.862933665    -11.156707704
      56.180490823    202.765939587    -11.156707704
      56.184931153    202.694900107    -11.156707704
      56.187639853    202.651564452    -11.156707704
      56.188550225    202.636999689    -11.156707704
      58.687563602    202.793200778     11.139136231
      58.686637018    202.808024900     11.139136231
      58.683880084    202.852132246     11.139136231
      58.679360684    202.924436747     11.139136231
      58.673190100    203.023158027     11.139136231
      58.665520273    203.145865240     11.139136231
      58.656540060    203.289536926     11.139136231
      58.646470582    203.450635413     11.139136231
      58.635559784    203.625193921     11.136750074
      58.624076327    203.808914239     11.096387105
      58.612302970    203.997272565     10.992694823
      58.600529614    204.185630891     10.772708366
      58.589046156    204.369351210      9.934427724
      58.578135359    204.543909718      8.830966671
      58.568065881    204.705008205      7.673058614
      58.559085667    204.848679891      6.467842443
      58.551415840    204.971387104      5.222748715
      58.545245257    205.070108383      3.945453847
      58.540725856    205.142412885      2.643832787
      58.537968922    205.186520231      1.325910461
      58.537042339    205.201344352     -0.000187701
      58.537968922    205.186520231     -1.326285863
      58.540725856    205.142412885     -2.644208189
      58.545245257    205.070108383     -3.945829249
      58.551415840    204.971387104     -5.223124117
      58.559085667    204.848679891     -6.468217845
      58.568065881    204.705008205     -7.673434016
      58.578135359    204.543909718     -8.831342073
      58.589046156    204.369351210     -9.934803126
      58.600529614    204.185630891    -10.773083768
      58.612302970    203.997272565    -10.993070225
      58.624076327    203.808914239    -11.096762507
      58.635559784    203.625193921    -11.137125476
      58.646470582    203.450635413    -11.139511633
      58.656540060    203.289536926    -11.139511633
      58.665520273    203.145865240    -11.139511633
      58.673190100    203.023158027    -11.139511633
      58.679360684    202.924436747    -11.139511633
      58.683880084    202.852132246    -11.139511633
      58.686637018    202.808024900    -11.139511633
      58.687563602    202.793200778    -11.139511633
      61.223050159    202.951681627     11.095653303
      61.222108785    202.966742372     11.095653303
      61.219307845    203.011553761     11.095653303
      61.214716306    203.085012390     11.095653303
      61.208447227    203.185309462     11.095653303
      61.200654974    203.309975331     11.095653303
      61.191531418    203.455940310     11.095653303
      61.181301211    203.619610257     11.095653303
      61.170216255    203.796955073     11.095203100
      61.158549498    203.983607942     11.063043387
      61.146588215    204.174972850     10.968868033
      61.134626931    204.366337758     10.769403346
      61.122960174    204.552990627     10.012643296
      61.111875218    204.730335444      8.900410367
      61.101645011    204.894005390      7.733297613
      61.092521455    205.039970369      6.518500671
      61.084729202    205.164636238      5.263509169
      61.078460123    205.264933310      3.976060547
      61.073868584    205.338391939      2.664092353
      61.071067644    205.383203328      1.335693308
      61.070126270    205.398264073     -0.000946566
      61.071067644    205.383203328     -1.337586440
      61.073868584    205.338391939     -2.665985484
      61.078460123    205.264933310     -3.977953678
      61.084729202    205.164636238     -5.265402300
      61.092521455    205.039970369     -6.520393802
      61.101645011    204.894005390     -7.735190744
      61.111875218    204.730335444     -8.902303498
      61.122960174    204.552990627    -10.014536428
      61.134626931    204.366337758    -10.771296477
      61.146588215    204.174972850    -10.970761164
      61.158549498    203.983607942    -11.064936518
      61.170216255    203.796955073    -11.097096231
      61.181301211    203.619610257    -11.097546435
      61.191531418    203.455940310    -11.097546435
      61.200654974    203.309975331    -11.097546435
      61.208447227    203.185309462    -11.097546435
      61.214716306    203.085012390    -11.097546435
      61.219307845    203.011553761    -11.097546435
      61.222108785    202.966742372    -11.097546435
      61.223050159    202.951681627    -11.097546435
      63.791100359    203.112197870     11.028202767
      63.790145709    203.127471025     11.028202767
      63.787305266    203.172914413     11.028202767
      63.782648970    203.247409067     11.028202767
      63.776291475    203.349120681     11.028202767
      63.768389323    203.475544779     11.028202767
      63.759137093    203.623568378     11.028202767
      63.748762604    203.789546648     11.028202767
      63.737521311    203.969392652     11.028202767
      63.725690012    204.158677984     11.004874814
      63.713560032    204.352741812     10.920832853
      63.701430052    204.546805640     10.740834250
      63.689598753    204.736090972     10.084126663
      63.678357460    204.915936976      8.964077992
      63.667982971    205.081915246      7.788763851
      63.658730741    205.229938846      6.565430443
      63.650828590    205.356362943      5.301620024
      63.644471095    205.458074558      4.005124406
      63.639814799    205.532569212      2.683936917
      63.636974355    205.578012599      1.346203115
      63.636019705    205.593285754      0.000170575
      63.636974355    205.578012599     -1.345861965
      63.639814799    205.532569212     -2.683595766
      63.644471095    205.458074558     -4.004783256
      63.650828590    205.356362943     -5.301278874
      63.658730741    205.229938846     -6.565089292
      63.667982971    205.081915246     -7.788422701
      63.678357460    204.915936976     -8.963736842
      63.689598753    204.736090972    -10.083785513
      63.701430052    204.546805640    -10.740493100
      63.713560032    204.352741812    -10.920491703
      63.725690012    204.158677984    -11.004533664
      63.737521311    203.969392652    -11.027861617
      63.748762604    203.789546648    -11.027861617
      63.759137093    203.623568378    -11.027861617
      63.768389323    203.475544779    -11.027861617
      63.776291475    203.349120681    -11.027861617
      63.782648970    203.247409067    -11.027861617
      63.787305266    203.172914413    -11.027861617
      63.790145709    203.127471025    -11.027861617
      63.791100359    203.112197870    -11.027861617
      66.387754456    203.274502003     10.936533098
      66.386787883    203.289965906     10.936533098
      66.383911965    203.335976844     10.936533098
      66.379197516    203.411401873     10.936533098
      66.372760621    203.514383780     10.936533098
      66.364759778    203.642386809     10.936533098
      66.355391995    203.792259099     10.936533098
      66.344887938    203.960310298     10.936533098
      66.333506250    204.142402427     10.936533098
      66.321527188    204.334051774     10.921297725
      66.309245715    204.530539297     10.847838607
      66.296964242    204.727026819     10.686205860
      66.284985180    204.918676166     10.147363454
      66.273603493    205.100768295      9.020342252
      66.263099435    205.268819494      7.837711541
      66.253731652    205.418691784      6.606762633
      66.245730810    205.546694813      5.335084738
      66.239293915    205.649676720      4.030518171
      66.234579466    205.725101749      2.701106020
      66.231703547    205.771112687      1.355044554
      66.230736975    205.786576590      0.000632687
      66.231703547    205.771112687     -1.353779179
      66.234579466    205.725101749     -2.699840646
      66.239293915    205.649676720     -4.029252797
      66.245730810    205.546694813     -5.333819363
      66.253731652    205.418691784     -6.605497259
      66.263099435    205.268819494     -7.836446167
      66.273603493    205.100768295     -9.019076878
      66.284985180    204.918676166    -10.146098080
      66.296964242    204.727026819    -10.684940486
      66.309245715    204.530539297    -10.846573232
      66.321527188    204.334051774    -10.920032351
      66.333506250    204.142402427    -10.935267723
      66.344887938    203.960310298    -10.935267723
      66.355391995    203.792259099    -10.935267723
      66.364759778    203.642386809    -10.935267723
      66.372760621    203.514383780    -10.935267723
      66.379197516    203.411401873    -10.935267723
      66.383911965    203.335976844    -10.935267723
      66.386787883    203.289965906    -10.935267723
      66.387754456    203.274502003    -10.935267723
      69.009008597    203.438343764     10.820486096
      69.008031425    203.453977242     10.820486096
      69.005123969    203.500492731     10.820486096
      69.000357822    203.576744862     10.820486096
      68.993850341    203.680856057     10.820486096
      68.985761762    203.810262752     10.820486096
      68.976291253    203.961778524     10.820486096
      68.965672009    204.131672553     10.820486096
      68.954165512    204.315761484     10.820486096
      68.942055088    204.509512436     10.811880655
      68.929638938    204.708154617     10.749384654
      68.917222788    204.906796799     10.605171377
      68.905112365    205.100547750     10.202118037
      68.893605867    205.284636681      9.068934291
      68.882986624    205.454530710      7.879836964
      68.873516115    205.606046482      6.642157237
      68.865427536    205.735453177      5.363525816
      68.858920055    205.839564372      4.051825889
      68.854153907    205.915816504      2.715144522
      68.851246452    205.962331992      1.361722801
      68.850269280    205.977965470     -0.000094980
      68.851246452    205.962331992     -1.361912760
      68.854153907    205.915816504     -2.715334481
      68.858920055    205.839564372     -4.052015848
      68.865427536    205.735453177     -5.363715775
      68.873516115    205.606046482     -6.642347196
      68.882986624    205.454530710     -7.880026924
      68.893605867    205.284636681     -9.069124251
      68.905112365    205.100547750    -10.202307996
      68.917222788    204.906796799    -10.605361337
      68.929638938    204.708154617    -10.749574614
      68.942055088    204.509512436    -10.812070614
      68.954165512    204.315761484    -10.820676056
      68.965672009    204.131672553    -10.820676056
      68.976291253    203.961778524    -10.820676056
      68.985761762    203.810262752    -10.820676056
      68.993850341    203.680856057    -10.820676056
      69.000357822    203.576744862    -10.820676056
      69.005123969    203.500492731    -10.820676056
      69.008031425    203.453977242    -10.820676056
      69.009008597    203.438343764    -10.820676056
      71.650820997    203.603470521     10.683473631
      71.649834385    203.619255038     10.683473631
      71.646898840    203.666219923     10.683473631
      71.642086645    203.743208743     10.683473631
      71.635516294    203.848325779     10.683473631
      71.627349570    203.978982701     10.683473631
      71.617787564    204.131962301     10.683473631
      71.607065725    204.303497714     10.683473631
      71.595448061    204.489365169     10.683473631
      71.583220636    204.684987992     10.679761708
      71.570684531    204.885549300     10.628511872
      71.558148426    205.086110608     10.500812006
      71.545921001    205.281733431     10.201426183
      71.534303336    205.467600886      9.111933212
      71.523581498    205.639136299      7.917105624
      71.514019492    205.792115899      6.673461518
      71.505852768    205.922772821      5.388668371
      71.499282416    206.027889858      4.070647362
      71.494470222    206.104878678      2.727524527
      71.491534677    206.151843563      1.367580667
      71.490548064    206.167628080     -0.000799714
      71.491534677    206.151843563     -1.369180095
      71.494470222    206.104878678     -2.729123956
      71.499282416    206.027889858     -4.072246790
      71.505852768    205.922772821     -5.390267800
      71.514019492    205.792115899     -6.675060946
      71.523581498    205.639136299     -7.918705053
      71.534303336    205.467600886     -9.113532640
      71.545921001    205.281733431    -10.203025611
      71.558148426    205.086110608    -10.502411434
      71.570684531    204.885549300    -10.630111300
      71.583220636    204.684987992    -10.681361137
      71.595448061    204.489365169    -10.685073059
      71.607065725    204.303497714    -10.685073059
      71.617787564    204.131962301    -10.685073059
      71.627349570    203.978982701    -10.685073059
      71.635516294    203.848325779    -10.685073059
      71.642086645    203.743208743    -10.685073059
      71.646898840    203.666219923    -10.685073059
      71.649834385    203.619255038    -10.685073059
      71.650820997    203.603470521    -10.685073059
      74.309118175    203.769627660     10.526545601
      74.308123297    203.785544404     10.526545601
      74.305163161    203.832902713     10.526545601
      74.300310655    203.910536468     10.526545601
      74.293685264    204.016534068     10.526545601
      74.285450127    204.148285501     10.526545601
      74.275808021    204.302546609     10.526545601
      74.264996366    204.475518972     10.526545601
      74.253281380    204.662943436     10.526545601
      74.240951526    204.860204989     10.525764976
      74.228310406    205.062446396     10.486046963
      74.215669286    205.264687803     10.374145090
      74.203339432    205.461949356     10.128073146
      74.191624447    205.649373820      9.150859198
      74.180812792    205.822346182      7.951037521
      74.171170685    205.976607291      6.702195284
      74.162935548    206.108358724      5.412032013
      74.156310157    206.214356324      4.088501995
      74.151457651    206.291990079      2.739765232
      74.148497515    206.339348387      1.374137136
      74.147502638    206.355265131      0.000037256
      74.148497515    206.339348387     -1.374062623
      74.151457651    206.291990079     -2.739690719
      74.156310157    206.214356324     -4.088427482
      74.162935548    206.108358724     -5.411957500
      74.171170685    205.976607291     -6.702120771
      74.180812792    205.822346182     -7.950963008
      74.191624447    205.649373820     -9.150784685
      74.203339432    205.461949356    -10.127998633
      74.215669286    205.264687803    -10.374070577
      74.228310406    205.062446396    -10.485972450
      74.240951526    204.860204989    -10.525690463
      74.253281380    204.662943436    -10.526471088
      74.264996366    204.475518972    -10.526471088
      74.275808021    204.302546609    -10.526471088
      74.285450127    204.148285501    -10.526471088
      74.293685264    204.016534068    -10.526471088
      74.300310655    203.910536468    -10.526471088
      74.305163161    203.832902713    -10.526471088
      74.308123297    203.785544404    -10.526471088
      74.309118175    203.769627660    -10.526471088
      76.979801227    203.936558980     10.350510500
      76.978799063    203.952592301     10.350510500
      76.975817247    204.000297468     10.350510500
      76.970929200    204.078499824     10.350510500
      76.964255284    204.185273765     10.350510500
      76.955959832    204.317990164     10.350510500
      76.946247105    204.473381102     10.350510500
      76.935356264    204.647620338     10.350510500
      76.923555476    204.836417525     10.350510500
      76.911135317    205.035123849     10.350510500
      76.898401611    205.238846501     10.322515601
      76.885667906    205.442569152     10.225720670
      76.873247747    205.641275476     10.017167400
      76.861446959    205.830072663      9.184910749
      76.850556118    206.004311899      7.980703258
      76.840843391    206.159702837      6.727296016
      76.832547939    206.292419236      5.432416697
      76.825874023    206.399193178      4.104048662
      76.820985976    206.477395533      2.750381742
      76.818004160    206.525100701      1.379761744
      76.817001995    206.541134021      0.000638995
      76.818004160    206.525100701     -1.378483753
      76.820985976    206.477395533     -2.749103752
      76.825874023    206.399193178     -4.102770672
      76.832547939    206.292419236     -5.431138706
      76.840843391    206.159702837     -6.726018025
      76.850556118    206.004311899     -7.979425267
      76.861446959    205.830072663     -9.183632759
      76.873247747    205.641275476    -10.015889409
      76.885667906    205.442569152    -10.224442680
      76.898401611    205.238846501    -10.321237610
      76.911135317    205.035123849    -10.349232510
      76.923555476    204.836417525    -10.349232510
      76.935356264    204.647620338    -10.349232510
      76.946247105    204.473381102    -10.349232510
      76.955959832    204.317990164    -10.349232510
      76.964255284    204.185273765    -10.349232510
      76.970929200    204.078499824    -10.349232510
      76.975817247    204.000297468    -10.349232510
      76.978799063    203.952592301    -10.349232510
      76.979801227    203.936558980    -10.349232510
      79.658752155    204.104007085     10.154453913
      79.657743653    204.120141803     10.154453913
      79.654742979    204.168148669     10.154453913
      79.649824020    204.246845594     10.154453913
      79.643107896    204.354294797     10.154453913
      79.634759982    204.487850524     10.154453913
      79.624985829    204.644224189     10.154453913
      79.614026112    204.819565354     10.154453913
      79.602150693    205.009556536     10.154453913
      79.589651986    205.209519523     10.154453913
      79.576837750    205.414530562     10.136836550
      79.564023514    205.619541602     10.054594613
      79.551524807    205.819504588      9.875615114
      79.539649388    206.009495771      9.213249357
      79.528689671    206.184836935      8.005240028
      79.518915519    206.341210600      6.747875619
      79.510567604    206.474766327      5.448908200
      79.503851480    206.582215531      4.116346337
      79.498932521    206.660912456      2.758405718
      79.495931847    206.708919321      1.383458497
      79.494923345    206.725054040     -0.000018319
      79.495931847    206.708919321     -1.383495135
      79.498932521    206.660912456     -2.758442356
      79.503851480    206.582215531     -4.116382976
      79.510567604    206.474766327     -5.448944838
      79.518915519    206.341210600     -6.747912257
      79.528689671    206.184836935     -8.005276666
      79.539649388    206.009495771     -9.213285995
      79.551524807    205.819504588     -9.875651753
      79.564023514    205.619541602    -10.054631251
      79.576837750    205.414530562    -10.136873188
      79.589651986    205.209519523    -10.154490551
      79.602150693    205.009556536    -10.154490551
      79.614026112    204.819565354    -10.154490551
      79.624985829    204.644224189    -10.154490551
      79.634759982    204.487850524    -10.154490551
      79.643107896    204.354294797    -10.154490551
      79.649824020    204.246845594    -10.154490551
      79.654742979    204.168148669    -10.154490551
      79.657743653    204.120141803    -10.154490551
      79.658752155    204.104007085    -10.154490551
      82.341840211    204.271713781      9.942117384
      82.340826133    204.287937697      9.942117384
      82.337808870    204.336209960      9.942117384
      82.332862717    204.415341946      9.942117384
      82.326109465    204.523385163      9.942117384
      82.317715401    204.657679228      9.942117384
      82.307887214    204.814917375      9.942117384
      82.296866908    204.991227881      9.942117384
      82.284925838    205.182269394      9.942117384
      82.272358034    205.383337839      9.942117384
      82.259472957    205.589482244      9.932572935
      82.246587880    205.795626649      9.864367686
      82.234020076    205.996695094      9.709985243
      82.222079006    206.187736607      9.238058841
      82.211058700    206.364047113      8.026714987
      82.201230513    206.521285260      6.765879816
      82.192836449    206.655579325      5.463326796
      82.186083196    206.763622542      4.127086599
      82.181137043    206.842754528      2.765397592
      82.178119780    206.891026791      1.386655039
      82.177105703    206.907250707     -0.000640654
      82.178119780    206.891026791     -1.387936346
      82.181137043    206.842754528     -2.766678899
      82.186083196    206.763622542     -4.128367906
      82.192836449    206.655579325     -5.464608103
      82.201230513    206.521285260     -6.767161123
      82.211058700    206.364047113     -8.027996294
      82.222079006    206.187736607     -9.239340148
      82.234020076    205.996695094     -9.711266550
      82.246587880    205.795626649     -9.865648993
      82.259472957    205.589482244     -9.933854242
      82.272358034    205.383337839     -9.943398691
      82.284925838    205.182269394     -9.943398691
      82.296866908    204.991227881     -9.943398691
      82.307887214    204.814917375     -9.943398691
      82.317715401    204.657679228     -9.943398691
      82.326109465    204.523385163     -9.943398691
      82.332862717    204.415341946     -9.943398691
      82.337808870    204.336209960     -9.943398691
      82.340826133    204.287937697     -9.943398691
      82.341840211    204.271713781     -9.943398691
      85.024928266    204.439420477      9.714664550
      85.023909354    204.455721740      9.714664550
      85.020877706    204.504224138      9.714664550
      85.015907973    204.583733381      9.714664550
      85.009122525    204.692291688      9.714664550
      85.000688442    204.827225992      9.714664550
      84.990813400    204.985213764      9.714664550
      84.979740555    205.162364820      9.714664550
      84.967742557    205.354317114      9.714664550
      84.955114837    205.556344141      9.714664550
      84.942168331    205.763471328      9.710789278
      84.929221825    205.970598515      9.656226821
      84.916594104    206.172625542      9.523140693
      84.904596106    206.364577836      9.214075987
      84.893523261    206.541728892      8.046436214
      84.883648219    206.699716664      6.782599136
      84.875214137    206.834650968      5.476944883
      84.868428689    206.943209275      4.137523248
      84.863458955    207.022718518      2.772592212
      84.860427308    207.071220916      1.390567027
      84.859408396    207.087522179     -0.000031661
      84.860427308    207.071220916     -1.390630349
      84.863458955    207.022718518     -2.772655533
      84.868428689    206.943209275     -4.137586570
      84.875214137    206.834650968     -5.477008204
      84.883648219    206.699716664     -6.782662457
      84.893523261    206.541728892     -8.046499535
      84.904596106    206.364577836     -9.214139308
      84.916594104    206.172625542     -9.523204014
      84.929221825    205.970598515     -9.656290142
      84.942168331    205.763471328     -9.710852599
      84.955114837    205.556344141     -9.714727872
      84.967742557    205.354317114     -9.714727872
      84.979740555    205.162364820     -9.714727872
      84.990813400    204.985213764     -9.714727872
      85.000688442    204.827225992     -9.714727872
      85.009122525    204.692291688     -9.714727872
      85.015907973    204.583733381     -9.714727872
      85.020877706    204.504224138     -9.714727872
      85.023909354    204.455721740     -9.714727872
      85.024928266    204.439420477     -9.714727872
      87.703879194    204.606868581      9.473293661
      87.702856005    204.623238271      9.473293661
      87.699811632    204.671944264      9.473293661
      87.694821037    204.751787256      9.473293661
      87.688007106    204.860801249      9.473293661
      87.679537621    204.996301957      9.473293661
      87.669621127    205.154952901      9.473293661
      87.658501802    205.332847570      9.473293661
      87.646453441    205.525605606      9.473293661
      87.633772715    205.728480666      9.473293661
      87.620771864    205.936477294      9.472586833
      87.607771013    206.144473922      9.431308931
      87.595090287    206.347348982      9.317069617
      87.583041926    206.540107018      9.074241362
      87.571922601    206.718001687      8.063839180
      87.562006108    206.876652631      6.797352326
      87.553536622    207.012153339      5.488960623
      87.546722691    207.121167332      4.146730741
      87.541732096    207.201010324      2.778937974
      87.538687723    207.249716317      1.394015219
      87.537664534    207.266086007      0.000500986
      87.538687723    207.249716317     -1.393013248
      87.541732096    207.201010324     -2.777936003
      87.546722691    207.121167332     -4.145728770
      87.553536622    207.012153339     -5.487958652
      87.562006108    206.876652631     -6.796350355
      87.571922601    206.718001687     -8.062837209
      87.583041926    206.540107018     -9.073239391
      87.595090287    206.347348982     -9.316067646
      87.607771013    206.144473922     -9.430306960
      87.620771864    205.936477294     -9.471584862
      87.633772715    205.728480666     -9.472291690
      87.646453441    205.525605606     -9.472291690
      87.658501802    205.332847570     -9.472291690
      87.669621127    205.154952901     -9.472291690
      87.679537621    204.996301957     -9.472291690
      87.688007106    204.860801249     -9.472291690
      87.694821037    204.751787256     -9.472291690
      87.699811632    204.671944264     -9.472291690
      87.702856005    204.623238271     -9.472291690
      87.703879194    204.606868581     -9.472291690
      90.374562247    204.773799901      9.217366614
      90.373535299    204.790229716      9.217366614
      90.370479744    204.839114604      9.217366614
      90.365470819    204.919250857      9.217366614
      90.358631861    205.028665255      9.217366614
      90.350131267    205.164663652      9.217366614
      90.340178351    205.323897316      9.217366614
      90.329018185    205.502445385      9.217366614
      90.316925571    205.695911414      9.217366614
      90.304198269    205.899531628      9.217366614
      90.291149666    206.108292220      9.217366614
      90.278101064    206.317052812      9.189029101
      90.265373762    206.520673025      9.091835029
      90.253281147    206.714139054      8.890649035
      90.242120982    206.892687124      8.078174556
      90.232168065    207.051920787      6.809363953
      90.223667471    207.187919184      5.498571614
      90.216828513    207.297333582      4.153879010
      90.211819588    207.377469835      2.783576618
      90.208764033    207.426354723      1.396112809
      90.207737086    207.442784538      0.000041756
      90.208764033    207.426354723     -1.396029296
      90.211819588    207.377469835     -2.783493105
      90.216828513    207.297333582     -4.153795497
      90.223667471    207.187919184     -5.498488101
      90.232168065    207.051920787     -6.809280440
      90.242120982    206.892687124     -8.078091043
      90.253281147    206.714139054     -8.890565522
      90.265373762    206.520673025     -9.091751516
      90.278101064    206.317052812     -9.188945588
      90.291149666    206.108292220     -9.217283101
      90.304198269    205.899531628     -9.217283101
      90.316925571    205.695911414     -9.217283101
      90.329018185    205.502445385     -9.217283101
      90.340178351    205.323897316     -9.217283101
      90.350131267    205.164663652     -9.217283101
      90.358631861    205.028665255     -9.217283101
      90.365470819    204.919250857     -9.217283101
      90.370479744    204.839114604     -9.217283101
      90.373535299    204.790229716     -9.217283101
      90.374562247    204.773799901     -9.217283101
      93.032859424    204.939957041      8.949890156
      93.031829091    204.956441025      8.949890156
      93.028763462    205.005487085      8.949890156
      93.023738023    205.085887547      8.949890156
      93.016876516    205.195662682      8.949890156
      93.008347896    205.332109463      8.949890156
      92.998362165    205.491868118      8.949890156
      92.987165205    205.671004858      8.949890156
      92.975032721    205.865108742      8.949890156
      92.962263457    206.069400288      8.949890156
      92.949171834    206.278849160      8.949890156
      92.936080210    206.488298032      8.932416319
      92.923310946    206.692589579      8.850836134
      92.911178463    206.886693462      8.680380576
      92.899981502    207.065830202      8.090940007
      92.889995771    207.225588857      6.820039500
      92.881467151    207.362035638      5.507088108
      92.874605645    207.471810773      4.160180613
      92.869580206    207.552211235      2.787621147
      92.866514577    207.601257296      1.397871996
      92.865484244    207.617741279     -0.000498575
      92.866514577    207.601257296     -1.398869145
      92.869580206    207.552211235     -2.788618297
      92.874605645    207.471810773     -4.161177763
      92.881467151    207.362035638     -5.508085258
      92.889995771    207.225588857     -6.821036650
      92.899981502    207.065830202     -8.091937156
      92.911178463    206.886693462     -8.681377725
      92.923310946    206.692589579     -8.851833283
      92.936080210    206.488298032     -8.933413468
      92.949171834    206.278849160     -8.950887306
      92.962263457    206.069400288     -8.950887306
      92.975032721    205.865108742     -8.950887306
      92.987165205    205.671004858     -8.950887306
      92.998362165    205.491868118     -8.950887306
      93.008347896    205.332109463     -8.950887306
      93.016876516    205.195662682     -8.950887306
      93.023738023    205.085887547     -8.950887306
      93.028763462    205.005487085     -8.950887306
      93.031829091    204.956441025     -8.950887306
      93.032859424    204.939957041     -8.950887306
      95.674671825    205.105083798      8.672281345
      95.673638440    205.121616604      8.672281345
      95.670563731    205.170807928      8.672281345
      95.665523408    205.251446518      8.672281345
      95.658641579    205.361546784      8.672281345
      95.650087699    205.498397692      8.672281345
      95.640072392    205.658629517      8.672281345
      95.628842269    205.838296821      8.672281345
      95.616673852    206.032975599      8.672281345
      95.603866768    206.237872213      8.672281345
      95.590736370    206.447941428      8.672281345
      95.577605972    206.658010643      8.662973996
      95.564798888    206.862907257      8.595901140
      95.552630471    207.057586035      8.449986396
      95.541400347    207.237253339      8.096537441
      95.531385040    207.397485164      6.830566647
      95.522831160    207.534336072      5.515672352
      95.515949332    207.644436338      4.166771707
      95.510909008    207.725074928      2.792181130
      95.507834300    207.774266252      1.400375431
      95.506800915    207.790799058     -0.000064445
      95.507834300    207.774266252     -1.400504321
      95.510909008    207.725074928     -2.792310020
      95.515949332    207.644436338     -4.166900596
      95.522831160    207.534336072     -5.515801242
      95.531385040    207.397485164     -6.830695537
      95.541400347    207.237253339     -8.096666331
      95.552630471    207.057586035     -8.450115285
      95.564798888    206.862907257     -8.596030030
      95.577605972    206.658010643     -8.663102886
      95.590736370    206.447941428     -8.672410235
      95.603866768    206.237872213     -8.672410235
      95.616673852    206.032975599     -8.672410235
      95.628842269    205.838296821     -8.672410235
      95.640072392    205.658629517     -8.672410235
      95.650087699    205.498397692     -8.672410235
      95.658641579    205.361546784     -8.672410235
      95.665523408    205.251446518     -8.672410235
      95.670563731    205.170807928     -8.672410235
      95.673638440    205.121616604     -8.672410235
      95.674671825    205.105083798     -8.672410235
      98.295925965    205.268925559      8.385710776
      98.294889724    205.285504066      8.385710776
      98.291806516    205.334831369      8.385710776
      98.286752260    205.415692866      8.385710776
      98.279851408    205.526097480      8.385710776
      98.271273882    205.663326681      8.385710776
      98.261230890    205.824001432      8.385710776
      98.249969724    206.004165386      8.385710776
      98.237767670    206.199382310      8.385710776
      98.224925184    206.404845315      8.385710776
      98.211758490    206.615495220      8.385710776
      98.198591795    206.826145124      8.381948987
      98.185749309    207.031608129      8.328461644
      98.173547255    207.226825053      8.203013388
      98.162286089    207.406989008      7.945309382
      98.152243097    207.567663759      6.840376383
      98.143665571    207.704892960      5.523665977
      98.136764719    207.815297573      4.172902250
      98.131710463    207.896159071      2.796413110
      98.128627255    207.945486374      1.402685070
      98.127591014    207.962064881      0.000310927
      98.128627255    207.945486374     -1.402063215
      98.131710463    207.896159071     -2.795791255
      98.136764719    207.815297573     -4.172280395
      98.143665571    207.704892960     -5.523044122
      98.152243097    207.567663759     -6.839754529
      98.162286089    207.406989008     -7.944687527
      98.173547255    207.226825053     -8.202391534
      98.185749309    207.031608129     -8.327839789
      98.198591795    206.826145124     -8.381327133
      98.211758490    206.615495220     -8.385088921
      98.224925184    206.404845315     -8.385088921
      98.237767670    206.199382310     -8.385088921
      98.249969724    206.004165386     -8.385088921
      98.261230890    205.824001432     -8.385088921
      98.271273882    205.663326681     -8.385088921
      98.279851408    205.526097480     -8.385088921
      98.286752260    205.415692866     -8.385088921
      98.291806516    205.334831369     -8.385088921
      98.294889724    205.285504066     -8.385088921
      98.295925965    205.268925559     -8.385088921
     100.892580062    205.431229691      8.090243551
     100.891541117    205.447851451      8.090243551
     100.888449865    205.497307447      8.090243551
     100.883382423    205.578379909      8.090243551
     100.876463567    205.689072563      8.090243551
     100.867863663    205.826659790      8.090243551
     100.857794469    205.987753734      8.090243551
     100.846503923    206.168387729      8.090243551
     100.834270034    206.364113966      8.090243551
     100.821394042    206.570113015      8.090243551
     100.808192997    206.781312496      8.090243551
     100.794991952    206.992511978      8.089525436
     100.782115960    207.198511027      8.048887883
     100.769882071    207.394237264      7.941075534
     100.758591525    207.574871258      7.731373289
     100.748522331    207.735965203      6.849067005
     100.739922427    207.873552429      5.530640096
     100.733003571    207.984245084      4.178115474
     100.727936129    208.065317545      2.799831902
     100.724844877    208.114773542      1.404286957
     100.723805932    208.131395301      0.000084639
     100.724844877    208.114773542     -1.404117680
     100.727936129    208.065317545     -2.799662625
     100.733003571    207.984245084     -4.177946196
     100.739922427    207.873552429     -5.530470819
     100.748522331    207.735965203     -6.848897727
     100.758591525    207.574871258     -7.731204012
     100.769882071    207.394237264     -7.940906256
     100.782115960    207.198511027     -8.048718606
     100.794991952    206.992511978     -8.089356158
     100.808192997    206.781312496     -8.090074274
     100.821394042    206.570113015     -8.090074274
     100.834270034    206.364113966     -8.090074274
     100.846503923    206.168387729     -8.090074274
     100.857794469    205.987753734     -8.090074274
     100.867863663    205.826659790     -8.090074274
     100.876463567    205.689072563     -8.090074274
     100.883382423    205.578379909     -8.090074274
     100.888449865    205.497307447     -8.090074274
     100.891541117    205.447851451     -8.090074274
     100.892580062    205.431229691     -8.090074274
     103.460630263    205.591745934      7.787750207
     103.459588682    205.608409863      7.787750207
     103.456489587    205.657991330      7.787750207
     103.451409289    205.739269475      7.787750207
     103.444472879    205.850242958      7.787750207
     103.435851158    205.988179246      7.787750207
     103.425756418    206.149681889      7.787750207
     103.414437227    206.330774156      7.787750207
     103.402172301    206.526996954      7.787750207
     103.389263643    206.733518626      7.787750207
     103.376029106    206.945253925      7.787750207
     103.362794569    207.156989223      7.787750207
     103.349885911    207.363510896      7.759299426
     103.337620984    207.559733694      7.667014769
     103.326301794    207.740825961      7.489882385
     103.316207054    207.902328603      6.857289686
     103.307585332    208.040264891      5.537191400
     103.300648923    208.151238375      4.182952174
     103.295568624    208.232516519      2.802921344
     103.292469530    208.282097986      1.405607259
     103.291427949    208.298761916     -0.000375175
     103.292469530    208.282097986     -1.406357610
     103.295568624    208.232516519     -2.803671695
     103.300648923    208.151238375     -4.183702525
     103.307585332    208.040264891     -5.537941751
     103.316207054    207.902328603     -6.858040037
     103.326301794    207.740825961     -7.490632736
     103.337620984    207.559733694     -7.667765119
     103.349885911    207.363510896     -7.760049776
     103.362794569    207.156989223     -7.788500558
     103.376029106    206.945253925     -7.788500558
     103.389263643    206.733518626     -7.788500558
     103.402172301    206.526996954     -7.788500558
     103.414437227    206.330774156     -7.788500558
     103.425756418    206.149681889     -7.788500558
     103.435851158    205.988179246     -7.788500558
     103.444472879    205.850242958     -7.788500558
     103.451409289    205.739269475     -7.788500558
     103.456489587    205.657991330     -7.788500558
     103.459588682    205.608409863     -7.788500558
     103.460630263    205.591745934     -7.788500558
     105.996116820    205.750226783      7.479881662
     105.995072636    205.766932362      7.479881662
     105.991965795    205.816637752      7.479881662
     105.986872799    205.898119042      7.479881662
     105.979919053    206.009369891      7.479881662
     105.971275782    206.147650935      7.479881662
     105.961155812    206.309557236      7.479881662
     105.949808330    206.491102122      7.479881662
     105.937512749    206.687815356      7.479881662
     105.924571827    206.894853206      7.479881662
     105.911304212    207.107117713      7.479881662
     105.898036597    207.319382220      7.479881662
     105.885095675    207.526420070      7.461606517
     105.872800094    207.723133304      7.383241347
     105.861452612    207.904678191      7.230754920
     105.851332642    208.066584491      6.865384330
     105.842689371    208.204865535      5.544408888
     105.835735625    208.316116384      4.188478335
     105.830642629    208.397597674      2.806723967
     105.827535788    208.447303064      1.407664757
     105.826491604    208.464008643     -0.000073627
     105.827535788    208.447303064     -1.407812011
     105.830642629    208.397597674     -2.806871221
     105.835735625    208.316116384     -4.188625589
     105.842689371    208.204865535     -5.544556142
     105.851332642    208.066584491     -6.865531584
     105.861452612    207.904678191     -7.230902174
     105.872800094    207.723133304     -7.383388600
     105.885095675    207.526420070     -7.461753770
     105.898036597    207.319382220     -7.480028916
     105.911304212    207.107117713     -7.480028916
     105.924571827    206.894853206     -7.480028916
     105.937512749    206.687815356     -7.480028916
     105.949808330    206.491102122     -7.480028916
     105.961155812    206.309557236     -7.480028916
     105.971275782    206.147650935     -7.480028916
     105.979919053    206.009369891     -7.480028916
     105.986872799    205.898119042     -7.480028916
     105.991965795    205.816637752     -7.480028916
     105.995072636    205.766932362     -7.480028916
     105.996116820    205.750226783     -7.480028916
     108.495130197    205.906427872      7.167747272
     108.494083351    205.923176033      7.167747272
     108.490968591    205.973008120      7.167747272
     108.485862613    206.054697102      7.167747272
     108.478891143    206.166231525      7.167747272
     108.470225840    206.304865041      7.167747272
     108.460080075    206.467184034      7.167747272
     108.448703669    206.649191670      7.167747272
     108.436376747    206.846406318      7.167747272
     108.423402839    207.053971899      7.167747272
     108.410101405    207.266777459      7.167747272
     108.396799972    207.479583018      7.167747272
     108.383826064    207.687148599      7.157145429
     108.371499142    207.884363247      7.091397711
     108.360122736    208.066370883      6.958650247
     108.349976970    208.228689876      6.701980769
     108.341311668    208.367323392      5.551733612
     108.334340197    208.478857815      4.194076055
     108.329234219    208.560546797      2.810561791
     108.326119459    208.610378884      1.409720646
     108.325072614    208.627127045      0.000189271
     108.326119459    208.610378884     -1.409342104
     108.329234219    208.560546797     -2.810183249
     108.334340197    208.478857815     -4.193697513
     108.341311668    208.367323392     -5.551355070
     108.349976970    208.228689876     -6.701602227
     108.360122736    208.066370883     -6.958271705
     108.371499142    207.884363247     -7.091019169
     108.383826064    207.687148599     -7.156766888
     108.396799972    207.479583018     -7.167368730
     108.410101405    207.266777459     -7.167368730
     108.423402839    207.053971899     -7.167368730
     108.436376747    206.846406318     -7.167368730
     108.448703669    206.649191670     -7.167368730
     108.460080075    206.467184034     -7.167368730
     108.470225840    206.304865041     -7.167368730
     108.478891143    206.166231525     -7.167368730
     108.485862613    206.054697102     -7.167368730
     108.490968591    205.973008120     -7.167368730
     108.494083351    205.923176033     -7.167368730
     108.495130197    205.906427872     -7.167368730
     110.953817096    206.060108351      6.851820551
     110.952767504    206.076900461      6.851820551
     110.949644570    206.126863315      6.851820551
     110.944525193    206.208766660      6.851820551
     110.937535428    206.320593766      6.851820551
     110.928847387    206.459591076      6.851820551
     110.918674998    206.622336017      6.851820551
     110.907268738    206.804821267      6.851820551
     110.894909469    207.002553434      6.851820551
     110.881901515    207.210663697      6.851820551
     110.868565177    207.424027688      6.851820551
     110.855228839    207.637391680      6.851820551
     110.842220885    207.845501943      6.846634677
     110.829861616    208.043234110      6.792450640
     110.818455356    208.225719360      6.676130519
     110.808282967    208.388464301      6.466671254
     110.799594926    208.527461611      5.558937190
     110.792605161    208.639288717      4.199499456
     110.787485784    208.721192062      2.814171112
     110.784362851    208.771154916      1.411493168
     110.783313258    208.787947026      0.000113599
     110.784362851    208.771154916     -1.411265969
     110.787485784    208.721192062     -2.813943914
     110.792605161    208.639288717     -4.199272257
     110.799594926    208.527461611     -5.558709991
     110.808282967    208.388464301     -6.466444055
     110.818455356    208.225719360     -6.675903320
     110.829861616    208.043234110     -6.792223441
     110.842220885    207.845501943     -6.846407478
     110.855228839    207.637391680     -6.851593352
     110.868565177    207.424027688     -6.851593352
     110.881901515    207.210663697     -6.851593352
     110.894909469    207.002553434     -6.851593352
     110.907268738    206.804821267     -6.851593352
     110.918674998    206.622336017     -6.851593352
     110.928847387    206.459591076     -6.851593352
     110.937535428    206.320593766     -6.851593352
     110.944525193    206.208766660     -6.851593352
     110.949644570    206.126863315     -6.851593352
     110.952767504    206.076900461     -6.851593352
     110.953817096    206.060108351     -6.851593352
     113.368386401    206.211031255      6.533201070
     113.367333940    206.227869263      6.533201070
     113.364202470    206.277968680      6.533201070
     113.359069101    206.360095891      6.533201070
     113.352060231    206.472228653      6.533201070
     113.343348442    206.611605884      6.533201070
     113.333148249    206.774795655      6.533201070
     113.321710813    206.957779692      6.533201070
     113.309317762    207.156052320      6.533201070
     113.296274254    207.364731409      6.533201070
     113.282901463    207.578678588      6.533201070
     113.269528673    207.792625767      6.533201070
     113.256485165    208.001304856      6.531407279
     113.244092114    208.199577484      6.487905876
     113.232654678    208.382561521      6.385611697
     113.222454484    208.545751291      6.206764098
     113.213742696    208.685128523      5.566132886
     113.206733826    208.797261284      4.204838547
     113.201600456    208.879388496      2.817618238
     113.198468987    208.929487913      1.413024635
     113.197416525    208.946325921     -0.000282477
     113.198468987    208.929487913     -1.413589588
     113.201600456    208.879388496     -2.818183192
     113.206733826    208.797261284     -4.205403500
     113.213742696    208.685128523     -5.566697839
     113.222454484    208.545751291     -6.207329052
     113.232654678    208.382561521     -6.386176650
     113.244092114    208.199577484     -6.488470830
     113.256485165    208.001304856     -6.531972232
     113.269528673    207.792625767     -6.533766024
     113.282901463    207.578678588     -6.533766024
     113.296274254    207.364731409     -6.533766024
     113.309317762    207.156052320     -6.533766024
     113.321710813    206.957779692     -6.533766024
     113.333148249    206.774795655     -6.533766024
     113.343348442    206.611605884     -6.533766024
     113.352060231    206.472228653     -6.533766024
     113.359069101    206.360095891     -6.533766024
     113.364202470    206.277968680     -6.533766024
     113.367333940    206.227869263     -6.533766024
     113.368386401    206.211031255     -6.533766024
     115.735115021    206.358963872      6.213621268
     115.734059550    206.375850022      6.213621268
     115.730919127    206.426092681      6.213621268
     115.725771080    206.508454708      6.213621268
     115.718742171    206.620908075      6.213621268
     115.710005474    206.760683808      6.213621268
     115.699776117    206.924340165      6.213621268
     115.688305979    207.107847382      6.213621268
     115.675877495    207.306686903      6.213621268
     115.662796693    207.515962640      6.213621268
     115.649385668    207.730521528      6.213621268
     115.635974642    207.945080416      6.213621268
     115.622893841    208.154356153      6.213425320
     115.610465356    208.353195674      6.179858806
     115.598995218    208.536702891      6.089768654
     115.588765861    208.700359248      5.933330354
     115.580029164    208.840134981      5.574281317
     115.573000255    208.952588348      4.211057068
     115.567852208    209.034950374      2.821855032
     115.564711785    209.085193034      1.415254883
     115.563656315    209.102079184     -0.000071223
     115.564711785    209.085193034     -1.415397328
     115.567852208    209.034950374     -2.821997477
     115.573000255    208.952588348     -4.211199513
     115.580029164    208.840134981     -5.574423762
     115.588765861    208.700359248     -5.933472800
     115.598995218    208.536702891     -6.089911099
     115.610465356    208.353195674     -6.180001251
     115.622893841    208.154356153     -6.213567765
     115.635974642    207.945080416     -6.213763713
     115.649385668    207.730521528     -6.213763713
     115.662796693    207.515962640     -6.213763713
     115.675877495    207.306686903     -6.213763713
     115.688305979    207.107847382     -6.213763713
     115.699776117    206.924340165     -6.213763713
     115.710005474    206.760683808     -6.213763713
     115.718742171    206.620908075     -6.213763713
     115.725771080    206.508454708     -6.213763713
     115.730919127    206.426092681     -6.213763713
     115.734059550    206.375850022     -6.213763713
     115.735115021    206.358963872     -6.213763713
     118.050353631    206.503678100      5.894107659
     118.049294964    206.520615390      5.894107659
     118.046145030    206.571010209      5.894107659
     118.040981393    206.653621668      5.894107659
     118.033931196    206.766415599      5.894107659
     118.025168041    206.906614641      5.894107659
     118.014907704    207.070766629      5.894107659
     118.003402829    207.254829596      5.894107659
     117.990936705    207.454271300      5.894107659
     117.977816288    207.664180826      5.894107659
     117.964364647    207.879389503      5.894107659
     117.950913007    208.094598180      5.894107659
     117.937792590    208.304507706      5.894107659
     117.925326466    208.503949410      5.869643094
     117.913821591    208.688012377      5.790297478
     117.903561254    208.852164365      5.651299877
     117.894798099    208.992363407      5.401409871
     117.887747902    209.105157339      4.217610757
     117.882584265    209.187768797      2.826306721
     117.879434331    209.238163616      1.417578245
     117.878375664    209.255100906      0.000110610
     117.879434331    209.238163616     -1.417357024
     117.882584265    209.187768797     -2.826085500
     117.887747902    209.105157339     -4.217389536
     117.894798099    208.992363407     -5.401188650
     117.903561254    208.852164365     -5.651078656
     117.913821591    208.688012377     -5.790076257
     117.925326466    208.503949410     -5.869421873
     117.937792590    208.304507706     -5.893886438
     117.950913007    208.094598180     -5.893886438
     117.964364647    207.879389503     -5.893886438
     117.977816288    207.664180826     -5.893886438
     117.990936705    207.454271300     -5.893886438
     118.003402829    207.254829596     -5.893886438
     118.014907704    207.070766629     -5.893886438
     118.025168041    206.906614641     -5.893886438
     118.033931196    206.766415599     -5.893886438
     118.040981393    206.653621668     -5.893886438
     118.046145030    206.571010209     -5.893886438
     118.049294964    206.520615390     -5.893886438
     118.050353631    206.503678100     -5.893886438
     120.310532302    206.644950801      5.575406474
     120.309470244    206.661942342      5.575406474
     120.306310221    206.712498574      5.575406474
     120.301130044    206.795374637      5.575406474
     120.294057266    206.908529847      5.575406474
     120.285266042    207.049177946      5.575406474
     120.274972841    207.213855712      5.575406474
     120.263431117    207.398508232      5.575406474
     120.250925063    207.598588747      5.575406474
     120.237762622    207.809170611      5.575406474
     120.224267896    208.025068601      5.575406474
     120.210773170    208.240966591      5.575406474
     120.197610729    208.451548456      5.575406474
     120.185104675    208.651628971      5.558302871
     120.173562950    208.836281490      5.488513732
     120.163269750    209.000959256      5.363631657
     120.154478526    209.141607356      5.156811556
     120.147405748    209.254762565      4.224381868
     120.142225571    209.337638628      2.830851443
     120.139065548    209.388194861      1.419868696
     120.138003490    209.405186401      0.000132805
     120.139065548    209.388194861     -1.419603086
     120.142225571    209.337638628     -2.830585833
     120.147405748    209.254762565     -4.224116258
     120.154478526    209.141607356     -5.156545946
     120.163269750    209.000959256     -5.363366047
     120.173562950    208.836281490     -5.488248122
     120.185104675    208.651628971     -5.558037261
     120.197610729    208.451548456     -5.575140864
     120.210773170    208.240966591     -5.575140864
     120.224267896    208.025068601     -5.575140864
     120.237762622    207.809170611     -5.575140864
     120.250925063    207.598588747     -5.575140864
     120.263431117    207.398508232     -5.575140864
     120.274972841    207.213855712     -5.575140864
     120.285266042    207.049177946     -5.575140864
     120.294057266    206.908529847     -5.575140864
     120.301130044    206.795374637     -5.575140864
     120.306310221    206.712498574     -5.575140864
     120.309470244    206.661942342     -5.575140864
     120.310532302    206.644950801     -5.575140864
     122.512166001    206.782564143      5.258103001
     122.511100359    206.799613032      5.258103001
     122.507929671    206.850339897      5.258103001
     122.502732010    206.933495675      5.258103001
     122.495635361    207.047032794      5.258103001
     122.486814465    207.188155595      5.258103001
     122.476486524    207.353389165      5.258103001
     122.464905845    207.538664905      5.258103001
     122.452357582    207.739420713      5.258103001
     122.439150717    207.950713312      5.258103001
     122.425610444    208.167339979      5.258103001
     122.412070172    208.383966647      5.258103001
     122.398863306    208.595259246      5.258103001
     122.386315044    208.796015053      5.246693814
     122.374734365    208.981290794      5.185468444
     122.364406423    209.146524364      5.072312629
     122.355585528    209.287647164      4.892538604
     122.348488879    209.401184284      4.231163860
     122.343291218    209.484340062      2.835283763
     122.340120530    209.535066927      1.421921917
     122.339054888    209.552115816     -0.000207831
     122.340120530    209.535066927     -1.422337580
     122.343291218    209.484340062     -2.835699425
     122.348488879    209.401184284     -4.231579522
     122.355585528    209.287647164     -4.892954266
     122.364406423    209.146524364     -5.072728292
     122.374734365    208.981290794     -5.185884106
     122.386315044    208.796015053     -5.247109476
     122.398863306    208.595259246     -5.258518663
     122.412070172    208.383966647     -5.258518663
     122.425610444    208.167339979     -5.258518663
     122.439150717    207.950713312     -5.258518663
     122.452357582    207.739420713     -5.258518663
     122.464905845    207.538664905     -5.258518663
     122.476486524    207.353389165     -5.258518663
     122.486814465    207.188155595     -5.258518663
     122.495635361    207.047032794     -5.258518663
     122.502732010    206.933495675     -5.258518663
     122.507929671    206.850339897     -5.258518663
     122.511100359    206.799613032     -5.258518663
     122.512166001    206.782564143     -5.258518663
     124.651859970    206.916305936      4.943947173
     124.650790550    206.933415250      4.943947173
     124.647608625    206.984321906      4.943947173
     124.642392542    207.067772412      4.943947173
     124.635270740    207.181711939      4.943947173
     124.626418581    207.323334920      4.943947173
     124.616054035    207.489154125      4.943947173
     124.604432310    207.675086535      4.943947173
     124.591839573    207.876553878      4.943947173
     124.578585898    208.088595359      4.943947173
     124.564997636    208.305989813      4.943947173
     124.551409373    208.523384267      4.943947173
     124.538155698    208.735425748      4.943947173
     124.525562961    208.936893091      4.936810065
     124.513941236    209.122825502      4.883296527
     124.503576690    209.288644707      4.780054560
     124.494724531    209.430267687      4.619534411
     124.487602729    209.544207214      4.238801814
     124.482386646    209.627657720      2.840450206
     124.479204721    209.678564376      1.424585897
     124.478135301    209.695673691     -0.000061839
     124.479204721    209.678564376     -1.424709576
     124.482386646    209.627657720     -2.840573885
     124.487602729    209.544207214     -4.238925493
     124.494724531    209.430267687     -4.619658090
     124.503576690    209.288644707     -4.780178239
     124.513941236    209.122825502     -4.883420206
     124.525562961    208.936893091     -4.936933744
     124.538155698    208.735425748     -4.944070852
     124.551409373    208.523384267     -4.944070852
     124.564997636    208.305989813     -4.944070852
     124.578585898    208.088595359     -4.944070852
     124.591839573    207.876553878     -4.944070852
     124.604432310    207.675086535     -4.944070852
     124.616054035    207.489154125     -4.944070852
     124.626418581    207.323334920     -4.944070852
     124.635270740    207.181711939     -4.944070852
     124.642392542    207.067772412     -4.944070852
     124.647608625    206.984321906     -4.944070852
     124.650790550    206.933415250     -4.944070852
     124.651859970    206.916305936     -4.944070852
     126.726314955    207.045969959      4.633912519
     126.725241555    207.063142960      4.633912519
     126.722047785    207.114239106      4.633912519
     126.716812286    207.198000241      4.633912519
     126.709663975    207.312363887      4.633912519
     126.700778865    207.454514033      4.633912519
     126.690375739    207.620950469      4.633912519
     126.678710754    207.807574979      4.633912519
     126.666071143    208.009792247      4.633912519
     126.652768134    208.222623013      4.633912519
     126.639129292    208.440826678      4.633912519
     126.625490449    208.659030343      4.633912519
     126.612187440    208.871861109      4.633912519
     126.599547829    209.074078377      4.629844902
     126.587882844    209.260702886      4.583287634
     126.577479718    209.427139323      4.488515176
     126.568594608    209.569289468      4.342573802
     126.561446297    209.683653115      4.095972956
     126.556210798    209.767414250      2.845854504
     126.553017028    209.818510396      1.427357496
     126.551943628    209.835683397      0.000060728
     126.553017028    209.818510396     -1.427236039
     126.556210798    209.767414250     -2.845733048
     126.561446297    209.683653115     -4.095851500
     126.568594608    209.569289468     -4.342452346
     126.577479718    209.427139323     -4.488393720
     126.587882844    209.260702886     -4.583166178
     126.599547829    209.074078377     -4.629723446
     126.612187440    208.871861109     -4.633791063
     126.625490449    208.659030343     -4.633791063
     126.639129292    208.440826678     -4.633791063
     126.652768134    208.222623013     -4.633791063
     126.666071143    208.009792247     -4.633791063
     126.678710754    207.807574979     -4.633791063
     126.690375739    207.620950469     -4.633791063
     126.700778865    207.454514033     -4.633791063
     126.709663975    207.312363887     -4.633791063
     126.716812286    207.198000241     -4.633791063
     126.722047785    207.114239106     -4.633791063
     126.725241555    207.063142960     -4.633791063
     126.726314955    207.045969959     -4.633791063
     128.732332297    207.171356280      4.328922008
     128.731254725    207.188596015      4.328922008
     128.728048544    207.239890723      4.328922008
     128.722792701    207.323977356      4.328922008
     128.715616611    207.438785423      4.328922008
     128.706696973    207.581487968      4.328922008
     128.696253420    207.748571181      4.328922008
     128.684543105    207.935920919      4.328922008
     128.671854376    208.138924009      4.328922008
     128.658499671    208.352581841      4.328922008
     128.644807828    208.571633451      4.328922008
     128.631115984    208.790685062      4.328922008
     128.617761279    209.004342894      4.328922008
     128.605072550    209.207345984      4.326926653
     128.593362235    209.394695722      4.286652958
     128.582918682    209.561778935      4.199174026
     128.573999045    209.704481480      4.064694213
     128.566822954    209.819289547      3.858585703
     128.561567111    209.903376180      2.851460118
     128.558360930    209.954670887      1.430209623
     128.557283358    209.971910623      0.000142287
     128.558360930    209.954670887     -1.429925050
     128.561567111    209.903376180     -2.851175545
     128.566822954    209.819289547     -3.858301130
     128.573999045    209.704481480     -4.064409639
     128.582918682    209.561778935     -4.198889452
     128.593362235    209.394695722     -4.286368385
     128.605072550    209.207345984     -4.326642080
     128.617761279    209.004342894     -4.328637435
     128.631115984    208.790685062     -4.328637435
     128.644807828    208.571633451     -4.328637435
     128.658499671    208.352581841     -4.328637435
     128.671854376    208.138924009     -4.328637435
     128.684543105    207.935920919     -4.328637435
     128.696253420    207.748571181     -4.328637435
     128.706696973    207.581487968     -4.328637435
     128.715616611    207.438785423     -4.328637435
     128.722792701    207.323977356     -4.328637435
     128.728048544    207.239890723     -4.328637435
     128.731254725    207.188596015     -4.328637435
     128.732332297    207.171356280     -4.328637435
     130.666818862    207.292271562      4.029262387
     130.665736956    207.309580658      4.029262387
     130.662517875    207.361081737      4.029262387
     130.657240886    207.445506672      4.029262387
     130.650035925    207.560776641      4.029262387
     130.641080401    207.704053315      4.029262387
     130.630594831    207.871808747      4.029262387
     130.618837403    208.059912241      4.029262387
     130.606097623    208.263732064      4.029262387
     130.592689189    208.478249497      4.029262387
     130.578942260    208.698182408      4.029262387
     130.565195330    208.918115319      4.029262387
     130.551786896    209.132632752      4.029262387
     130.539047117    209.336452576      4.028527503
     130.527289689    209.524556069      3.993933417
     130.516804118    209.692311501      3.912770881
     130.507848595    209.835588175      3.787525609
     130.500643634    209.950858144      3.605403664
     130.495366644    210.035283079      2.856901226
     130.492147564    210.086784158      1.432794573
     130.491065657    210.104093254     -0.000146639
     130.492147564    210.086784158     -1.433087852
     130.495366644    210.035283079     -2.857194505
     130.500643634    209.950858144     -3.605696942
     130.507848595    209.835588175     -3.787818888
     130.516804118    209.692311501     -3.913064160
     130.527289689    209.524556069     -3.994226696
     130.539047117    209.336452576     -4.028820782
     130.551786896    209.132632752     -4.029555666
     130.565195330    208.918115319     -4.029555666
     130.578942260    208.698182408     -4.029555666
     130.592689189    208.478249497     -4.029555666
     130.606097623    208.263732064     -4.029555666
     130.618837403    208.059912241     -4.029555666
     130.630594831    207.871808747     -4.029555666
     130.641080401    207.704053315     -4.029555666
     130.650035925    207.560776641     -4.029555666
     130.657240886    207.445506672     -4.029555666
     130.662517875    207.361081737     -4.029555666
     130.665736956    207.309580658     -4.029555666
     130.666818862    207.292271562     -4.029555666
     132.526791814    207.408529364      3.736664713
     132.525705427    207.425910127      3.736664713
     132.522473019    207.477624443      3.736664713
     132.517174180    207.562398934      3.736664713
     132.509939387    207.678146172      3.736664713
     132.500946784    207.822016074      3.736664713
     132.490417799    207.990466087      3.736664713
     132.478611689    208.179348412      3.736664713
     132.465819162    208.384012139      3.736664713
     132.452355211    208.599417769      3.736664713
     132.438551363    208.820261299      3.736664713
     132.424747516    209.041104829      3.736664713
     132.411283565    209.256510458      3.736664713
     132.398491037    209.461174185      3.736542419
     132.386684928    209.650056510      3.707074096
     132.376155942    209.818506523      3.631392639
     132.367163339    209.962376425      3.513697053
     132.359928546    210.078123663      3.347958746
     132.354629708    210.162898155      2.862908456
     132.351397299    210.214612471      1.435856634
     132.350310913    210.231993234     -0.000048017
     132.351397299    210.214612471     -1.435952669
     132.354629708    210.162898155     -2.863004490
     132.359928546    210.078123663     -3.348054780
     132.367163339    209.962376425     -3.513793087
     132.376155942    209.818506523     -3.631488673
     132.386684928    209.650056510     -3.707170130
     132.398491037    209.461174185     -3.736638453
     132.411283565    209.256510458     -3.736760747
     132.424747516    209.041104829     -3.736760747
     132.438551363    208.820261299     -3.736760747
     132.452355211    208.599417769     -3.736760747
     132.465819162    208.384012139     -3.736760747
     132.478611689    208.179348412     -3.736760747
     132.490417799    207.990466087     -3.736760747
     132.500946784    207.822016074     -3.736760747
     132.509939387    207.678146172     -3.736760747
     132.517174180    207.562398934     -3.736760747
     132.522473019    207.477624443     -3.736760747
     132.525705427    207.425910127     -3.736760747
     132.526791814    207.408529364     -3.736760747
     134.309383207    207.519950423      3.452055939
     134.308292213    207.537404900      3.452055939
     134.305046095    207.589338543      3.452055939
     134.299724784    207.674472574      3.452055939
     134.292459307    207.790710710      3.452055939
     134.283428565    207.935190783      3.452055939
     134.272854925    208.104355213      3.452055939
     134.260998745    208.294038612      3.452055939
     134.248151963    208.499570344      3.452055939
     134.234630909    208.715889536      3.452055939
     134.220768518    208.937669691      3.452055939
     134.206906126    209.159449846      3.452055939
     134.193385073    209.375769038      3.452055939
     134.180538291    209.581300770      3.452055939
     134.168682110    209.770984168      3.427184994
     134.158108470    209.940148599      3.356254144
     134.149077728    210.084628672      3.244776786
     134.141812251    210.200866808      3.090980127
     134.136490940    210.286000839      2.829906907
     134.133244822    210.337934482      1.438975641
     134.132153828    210.355388959      0.000029285
     134.133244822    210.337934482     -1.438917071
     134.136490940    210.286000839     -2.829848336
     134.141812251    210.200866808     -3.090921557
     134.149077728    210.084628672     -3.244718216
     134.158108470    209.940148599     -3.356195574
     134.168682110    209.770984168     -3.427126424
     134.180538291    209.581300770     -3.451997369
     134.193385073    209.375769038     -3.451997369
     134.206906126    209.159449846     -3.451997369
     134.220768518    208.937669691     -3.451997369
     134.234630909    208.715889536     -3.451997369
     134.248151963    208.499570344     -3.451997369
     134.260998745    208.294038612     -3.451997369
     134.272854925    208.104355213     -3.451997369
     134.283428565    207.935190783     -3.451997369
     134.292459307    207.790710710     -3.451997369
     134.299724784    207.674472574     -3.451997369
     134.305046095    207.589338543     -3.451997369
     134.308292213    207.537404900     -3.451997369
     134.309383207    207.519950423     -3.451997369
     136.011844416    207.626362937      3.176355533
     136.010748718    207.643892664      3.176355533
     136.007488606    207.696050208      3.176355533
     136.002144353    207.781551274      3.176355533
     135.994847552    207.898290545      3.176355533
     135.985777877    208.043393510      3.176355533
     135.975158651    208.213287254      3.176355533
     135.963251355    208.403788430      3.176355533
     135.950349187    208.610206264      3.176355533
     135.936769841    208.827458067      3.176355533
     135.922847684    209.050194376      3.176355533
     135.908925528    209.272930686      3.176355533
     135.895346182    209.490182488      3.176355533
     135.882444014    209.696600323      3.176355533
     135.870536718    209.887101498      3.155349943
     135.859917492    210.056995243      3.088528943
     135.850847817    210.202098208      2.982194960
     135.843551016    210.318837479      2.837426658
     135.838206763    210.404338545      2.626567969
     135.834946651    210.456496088      1.442138027
     135.833850953    210.474025816      0.000093163
     135.834946651    210.456496088     -1.441951701
     135.838206763    210.404338545     -2.626381643
     135.843551016    210.318837479     -2.837240332
     135.850847817    210.202098208     -2.982008633
     135.859917492    210.056995243     -3.088342616
     135.870536718    209.887101498     -3.155163617
     135.882444014    209.696600323     -3.176169206
     135.895346182    209.490182488     -3.176169206
     135.908925528    209.272930686     -3.176169206
     135.922847684    209.050194376     -3.176169206
     135.936769841    208.827458067     -3.176169206
     135.950349187    208.610206264     -3.176169206
     135.963251355    208.403788430     -3.176169206
     135.975158651    208.213287254     -3.176169206
     135.985777877    208.043393510     -3.176169206
     135.994847552    207.898290545     -3.176169206
     136.002144353    207.781551274     -3.176169206
     136.007488606    207.696050208     -3.176169206
     136.010748718    207.643892664     -3.176169206
     136.011844416    207.626362937     -3.176169206
     137.631550368    207.727602824      2.910005148
     137.630449911    207.745208706      2.910005148
     137.627175635    207.797592837      2.910005148
     137.621808165    207.883465345      2.910005148
     137.614479665    208.000711765      2.910005148
     137.605370588    208.146445100      2.910005148
     137.594705229    208.317076913      2.910005148
     137.582746205    208.508405680      2.910005148
     137.569787986    208.715720255      2.910005148
     137.556149647    208.933915862      2.910005148
     137.542167009    209.157619803      2.910005148
     137.528184371    209.381323744      2.910005148
     137.514546032    209.599519352      2.910005148
     137.501587813    209.806833926      2.910005148
     137.489628789    209.998162694      2.892153483
     137.478963430    210.168794506      2.828877321
     137.469854353    210.314527841      2.726802828
     137.462525853    210.431774261      2.589007834
     137.457158383    210.517646769      2.402177198
     137.453884108    210.570030900      1.445083050
     137.452783650    210.587636782     -0.000090751
     137.453884108    210.570030900     -1.445264552
     137.457158383    210.517646769     -2.402358701
     137.462525853    210.431774261     -2.589189337
     137.469854353    210.314527841     -2.726984331
     137.478963430    210.168794506     -2.829058824
     137.489628789    209.998162694     -2.892334985
     137.501587813    209.806833926     -2.910186651
     137.514546032    209.599519352     -2.910186651
     137.528184371    209.381323744     -2.910186651
     137.542167009    209.157619803     -2.910186651
     137.556149647    208.933915862     -2.910186651
     137.569787986    208.715720255     -2.910186651
     137.582746205    208.508405680     -2.910186651
     137.594705229    208.317076913     -2.910186651
     137.605370588    208.146445100     -2.910186651
     137.614479665    208.000711765     -2.910186651
     137.621808165    207.883465345     -2.910186651
     137.627175635    207.797592837     -2.910186651
     137.630449911    207.745208706     -2.910186651
     137.631550368    207.727602824     -2.910186651
     139.166003595    207.823513982      2.654353462
     139.164898359    207.841196317      2.654353462
     139.161609865    207.893807923      2.654353462
     139.156219087    207.980053328      2.654353462
     139.148858764    208.097808884      2.654353462
     139.139710131    208.244175059      2.654353462
     139.128998458    208.415547831      2.654353462
     139.116987502    208.607707434      2.654353462
     139.103973013    208.815922260      2.654353462
     139.090275450    209.035065371      2.654353462
     139.076232093    209.259740735      2.654353462
     139.062188736    209.484416099      2.654353462
     139.048491174    209.703559209      2.654353462
     139.035476684    209.911774036      2.654353462
     139.023465729    210.103933639      2.639064644
     139.012754056    210.275306411      2.578829854
     139.003605423    210.421672586      2.480273069
     138.996245100    210.539428142      2.347920472
     138.990854322    210.625673547      2.176052529
     138.987565828    210.678285153      1.448275920
     138.986460592    210.695967488     -0.000032278
     138.987565828    210.678285153     -1.448340476
     138.990854322    210.625673547     -2.176117085
     138.996245100    210.539428142     -2.347985028
     139.003605423    210.421672586     -2.480337625
     139.012754056    210.275306411     -2.578894410
     139.023465729    210.103933639     -2.639129200
     139.035476684    209.911774036     -2.654418018
     139.048491174    209.703559209     -2.654418018
     139.062188736    209.484416099     -2.654418018
     139.076232093    209.259740735     -2.654418018
     139.090275450    209.035065371     -2.654418018
     139.103973013    208.815922260     -2.654418018
     139.116987502    208.607707434     -2.654418018
     139.128998458    208.415547831     -2.654418018
     139.139710131    208.244175059     -2.654418018
     139.148858764    208.097808884     -2.654418018
     139.156219087    207.980053328     -2.654418018
     139.161609865    207.893807923     -2.654418018
     139.164898359    207.841196317     -2.654418018
     139.166003595    207.823513982     -2.654418018
     140.612838080    207.913948521      2.410354079
     140.611728081    207.931707054      2.410354079
     140.608425416    207.984545380      2.410354079
     140.603011408    208.071162444      2.410354079
     140.595619367    208.189425446      2.410354079
     140.586431309    208.336422358      2.410354079
     140.575673477    208.508533629      2.410354079
     140.563610762    208.701521308      2.410354079
     140.550540189    208.910633398      2.410354079
     140.536783599    209.130720865      2.410354079
     140.522679725    209.356364426      2.410354079
     140.508575851    209.582007986      2.410354079
     140.494819261    209.802095453      2.410354079
     140.481748688    210.011207543      2.410354079
     140.469685974    210.204195222      2.397137851
     140.458928141    210.376306493      2.339491811
     140.449740084    210.523303406      2.243819485
     140.442348042    210.641566408      2.115720783
     140.436934034    210.728183471      1.954025838
     140.433631369    210.781021797      1.451435876
     140.432521370    210.798780331      0.000010425
     140.433631369    210.781021797     -1.451415025
     140.436934034    210.728183471     -1.954004987
     140.442348042    210.641566408     -2.115699932
     140.449740084    210.523303406     -2.243798634
     140.458928141    210.376306493     -2.339470961
     140.469685974    210.204195222     -2.397117000
     140.481748688    210.011207543     -2.410333228
     140.494819261    209.802095453     -2.410333228
     140.508575851    209.582007986     -2.410333228
     140.522679725    209.356364426     -2.410333228
     140.536783599    209.130720865     -2.410333228
     140.550540189    208.910633398     -2.410333228
     140.563610762    208.701521308     -2.410333228
     140.575673477    208.508533629     -2.410333228
     140.586431309    208.336422358     -2.410333228
     140.595619367    208.189425446     -2.410333228
     140.603011408    208.071162444     -2.410333228
     140.608425416    207.984545380     -2.410333228
     140.611728081    207.931707054     -2.410333228
     140.612838080    207.913948521     -2.410333228
     141.969822911    207.998766998      2.178860150
     141.968708208    208.016600778      2.178860150
     141.965391549    208.069662993      2.178860150
     141.959954600    208.156647075      2.178860150
     141.952531237    208.275411186      2.178860150
     141.943304248    208.423030961      2.178860150
     141.932500831    208.595871510      2.178860150
     141.920387004    208.789676925      2.178860150
     141.907261048    208.999675075      2.178860150
     141.893446168    209.220695107      2.178860150
     141.879282532    209.447294775      2.178860150
     141.865118897    209.673894443      2.178860150
     141.851304017    209.894914475      2.178860150
     141.838178061    210.104912624      2.178860150
     141.826064233    210.298718040      2.167313474
     141.815260817    210.471558589      2.111852378
     141.806033827    210.619178363      2.018524482
     141.798610464    210.737942475      1.893739591
     141.793173515    210.824926556      1.739250447
     141.789856856    210.877988771      1.454540352
     141.788742154    210.895822552      0.000043128
     141.789856856    210.877988771     -1.454454096
     141.793173515    210.824926556     -1.739164191
     141.798610464    210.737942475     -1.893653335
     141.806033827    210.619178363     -2.018438226
     141.815260817    210.471558589     -2.111766122
     141.826064233    210.298718040     -2.167227218
     141.838178061    210.104912624     -2.178773894
     141.851304017    209.894914475     -2.178773894
     141.865118897    209.673894443     -2.178773894
     141.879282532    209.447294775     -2.178773894
     141.893446168    209.220695107     -2.178773894
     141.907261048    208.999675075     -2.178773894
     141.920387004    208.789676925     -2.178773894
     141.932500831    208.595871510     -2.178773894
     141.943304248    208.423030961     -2.178773894
     141.952531237    208.275411186     -2.178773894
     141.959954600    208.156647075     -2.178773894
     141.965391549    208.069662993     -2.178773894
     141.968708208    208.016600778     -2.178773894
     141.969822911    207.998766998     -2.178773894
     143.234865713    208.077838629      1.960471442
     143.233746414    208.095745962      1.960471442
     143.230416075    208.149027025      1.960471442
     143.224956702    208.236369860      1.960471442
     143.217502723    208.355623798      1.960471442
     143.208237678    208.503852409      1.960471442
     143.197389705    208.677405815      1.960471442
     143.185225915    208.872010554      1.960471442
     143.172045823    209.082874812      1.960471442
     143.158173966    209.304806410      1.960471442
     143.143951914    209.532340656      1.960471442
     143.129729862    209.759874903      1.960471442
     143.115858005    209.981806501      1.960471442
     143.102677913    210.192670759      1.960471442
     143.090514123    210.387275498      1.950264542
     143.079666150    210.560828903      1.896629692
     143.070401105    210.709057515      1.805185494
     143.062947126    210.828311452      1.682959698
     143.057487753    210.915654288      1.533666157
     143.054157414    210.968935350      1.333197744
     143.053038115    210.986842684     -0.000044780
     143.054157414    210.968935350     -1.333287304
     143.057487753    210.915654288     -1.533755717
     143.062947126    210.828311452     -1.683049258
     143.070401105    210.709057515     -1.805275054
     143.079666150    210.560828903     -1.896719252
     143.090514123    210.387275498     -1.950354102
     143.102677913    210.192670759     -1.960561002
     143.115858005    209.981806501     -1.960561002
     143.129729862    209.759874903     -1.960561002
     143.143951914    209.532340656     -1.960561002
     143.158173966    209.304806410     -1.960561002
     143.172045823    209.082874812     -1.960561002
     143.185225915    208.872010554     -1.960561002
     143.197389705    208.677405815     -1.960561002
     143.208237678    208.503852409     -1.960561002
     143.217502723    208.355623798     -1.960561002
     143.224956702    208.236369860     -1.960561002
     143.230416075    208.149027025     -1.960561002
     143.233746414    208.095745962     -1.960561002
     143.234865713    208.077838629     -1.960561002
     144.406015885    208.151041491      1.756136755
     144.404892140    208.169019944      1.756136755
     144.401548575    208.222512612      1.756136755
     144.396067520    208.310202328      1.756136755
     144.388583937    208.429929882      1.756136755
     144.379282096    208.578747182      1.756136755
     144.368391040    208.752989853      1.756136755
     144.356178942    208.948367463      1.756136755
     144.342946506    209.160069166      1.756136755
     144.329019556    209.382882164      1.756136755
     144.314741022    209.611320061      1.756136755
     144.300462488    209.839757958      1.756136755
     144.286535538    210.062570955      1.756136755
     144.273303101    210.274272658      1.756136755
     144.261091004    210.469650268      1.747000455
     144.250199947    210.643892940      1.694874507
     144.240898107    210.792710240      1.604921185
     144.233414524    210.912437793      1.484642397
     144.227933469    211.000127510      1.339102978
     144.224589904    211.053620178      1.159095650
     144.223466159    211.071598630     -0.000018342
     144.224589904    211.053620178     -1.159132335
     144.227933469    211.000127510     -1.339139663
     144.233414524    210.912437793     -1.484679082
     144.240898107    210.792710240     -1.604957870
     144.250199947    210.643892940     -1.694911192
     144.261091004    210.469650268     -1.747037140
     144.273303101    210.274272658     -1.756173440
     144.286535538    210.062570955     -1.756173440
     144.300462488    209.839757958     -1.756173440
     144.314741022    209.611320061     -1.756173440
     144.329019556    209.382882164     -1.756173440
     144.342946506    209.160069166     -1.756173440
     144.356178942    208.948367463     -1.756173440
     144.368391040    208.752989853     -1.756173440
     144.379282096    208.578747182     -1.756173440
     144.388583937    208.429929882     -1.756173440
     144.396067520    208.310202328     -1.756173440
     144.401548575    208.222512612     -1.756173440
     144.404892140    208.169019944     -1.756173440
     144.406015885    208.151041491     -1.756173440
     145.481467596    208.218262712      1.566748142
     145.480339600    208.236309167      1.566748142
     145.476983388    208.290004169      1.566748142
     145.471481602    208.378025568      1.566748142
     145.463969712    208.498205987      1.566748142
     145.454632688    208.647586183      1.566748142
     145.443700436    208.822487921      1.566748142
     145.431442147    209.018604539      1.566748142
     145.418159659    209.231106996      1.566748142
     145.404180031    209.454762776      1.566748142
     145.389847489    209.684064730      1.566748142
     145.375514947    209.913366685      1.566748142
     145.361535319    210.137022465      1.566748142
     145.348252831    210.349524922      1.566748142
     145.335994541    210.545641540      1.558462749
     145.325062290    210.720543278      1.507565838
     145.315725266    210.869923474      1.418768726
     145.308213376    210.990103893      1.299936824
     145.302711590    211.078125292      1.157076502
     145.299355378    211.131820294      0.988173348
     145.298227382    211.149866749      0.000001227
     145.299355378    211.131820294     -0.988170894
     145.302711590    211.078125292     -1.157074047
     145.308213376    210.990103893     -1.299934370
     145.315725266    210.869923474     -1.418766272
     145.325062290    210.720543278     -1.507563383
     145.335994541    210.545641540     -1.558460294
     145.348252831    210.349524922     -1.566745687
     145.361535319    210.137022465     -1.566745687
     145.375514947    209.913366685     -1.566745687
     145.389847489    209.684064730     -1.566745687
     145.404180031    209.454762776     -1.566745687
     145.418159659    209.231106996     -1.566745687
     145.431442147    209.018604539     -1.566745687
     145.443700436    208.822487921     -1.566745687
     145.454632688    208.647586183     -1.566745687
     145.463969712    208.498205987     -1.566745687
     145.471481602    208.378025568     -1.566745687
     145.476983388    208.290004169     -1.566745687
     145.480339600    208.236309167     -1.566745687
     145.481467596    208.218262712     -1.566745687
     146.459562577    208.279398639      1.393017854
     146.458430572    208.297509251      1.393017854
     146.455062428    208.351395144      1.393017854
     146.449541082    208.439729467      1.393017854
     146.442002488    208.560337137      1.393017854
     146.432632269    208.710248393      1.393017854
     146.421661153    208.885771922      1.393017854
     146.409359284    209.082585752      1.393017854
     146.396029576    209.295843673      1.393017854
     146.382000249    209.520294569      1.393017854
     146.367616753    209.750411712      1.393017854
     146.353233258    209.980528855      1.393017854
     146.339203931    210.204979750      1.393017854
     146.325874223    210.418237672      1.393017854
     146.313572354    210.615051502      1.385404998
     146.302601238    210.790575030      1.335494046
     146.293231019    210.940486286      1.247572584
     146.285692424    211.061093956      1.129783279
     146.280171078    211.149428280      0.988789364
     146.276802935    211.203314172      0.826619700
     146.275670929    211.221424784      0.000013538
     146.276802935    211.203314172     -0.826592624
     146.280171078    211.149428280     -0.988762288
     146.285692424    211.061093956     -1.129756202
     146.293231019    210.940486286     -1.247545508
     146.302601238    210.790575030     -1.335466969
     146.313572354    210.615051502     -1.385377922
     146.325874223    210.418237672     -1.392990777
     146.339203931    210.204979750     -1.392990777
     146.353233258    209.980528855     -1.392990777
     146.367616753    209.750411712     -1.392990777
     146.382000249    209.520294569     -1.392990777
     146.396029576    209.295843673     -1.392990777
     146.409359284    209.082585752     -1.392990777
     146.421661153    208.885771922     -1.392990777
     146.432632269    208.710248393     -1.392990777
     146.442002488    208.560337137     -1.392990777
     146.449541082    208.439729467     -1.392990777
     146.455062428    208.351395144     -1.392990777
     146.458430572    208.297509251     -1.392990777
     146.459562577    208.279398639     -1.392990777
     147.338792679    208.334355008      1.235540849
     147.337656948    208.352525218      1.235540849
     147.334277721    208.406588436      1.235540849
     147.328738205    208.495213448      1.235540849
     147.321174803    208.616218011      1.235540849
     147.311773749    208.766622590      1.235540849
     147.300766529    208.942723728      1.235540849
     147.288424178    209.140185227      1.235540849
     147.275050604    209.354144932      1.235540849
     147.260975110    209.579334445      1.235540849
     147.246544282    209.810208851      1.235540849
     147.232113453    210.041083258      1.235540849
     147.218037959    210.266272770      1.235540849
     147.204664386    210.480232475      1.235540849
     147.192322034    210.677693975      1.228455995
     147.181314815    210.853795112      1.179322601
     147.171913761    211.004199692      1.092045277
     147.164350358    211.125204255      0.974976018
     147.158810843    211.213829267      0.835231455
     147.155431616    211.267892485      0.677248381
     147.154295885    211.286062695     -0.000015614
     147.155431616    211.267892485     -0.677279610
     147.158810843    211.213829267     -0.835262684
     147.164350358    211.125204255     -0.975007247
     147.171913761    211.004199692     -1.092076506
     147.181314815    210.853795112     -1.179353830
     147.192322034    210.677693975     -1.228487223
     147.204664386    210.480232475     -1.235572078
     147.218037959    210.266272770     -1.235572078
     147.232113453    210.041083258     -1.235572078
     147.246544282    209.810208851     -1.235572078
     147.260975110    209.579334445     -1.235572078
     147.275050604    209.354144932     -1.235572078
     147.288424178    209.140185227     -1.235572078
     147.300766529    208.942723728     -1.235572078
     147.311773749    208.766622590     -1.235572078
     147.321174803    208.616218011     -1.235572078
     147.328738205    208.495213448     -1.235572078
     147.334277721    208.406588436     -1.235572078
     147.337656948    208.352525218     -1.235572078
     147.338792679    208.334355008     -1.235572078
     148.117802190    208.383047078      1.094948084
     148.116690901    208.400826250      1.094948084
     148.113384398    208.453725984      1.094948084
     148.107964097    208.540443712      1.094948084
     148.100563465    208.658844158      1.094948084
     148.091364730    208.806011908      1.094948084
     148.080594395    208.978323204      1.094948084
     148.068517661    209.171535170      1.094948084
     148.055431897    209.380890287      1.094948084
     148.041659320    209.601233536      1.094948084
     148.027539055    209.827139336      1.094948084
     148.013418789    210.053045136      1.094948084
     147.999646212    210.273388386      1.094948084
     147.986560448    210.482743502      1.094948084
     147.974483715    210.675955469      1.086043623
     147.963713379    210.848266765      1.035178821
     147.954514644    210.995434515      0.947647133
     147.947114012    211.113834960      0.831460767
     147.941693711    211.200552689      0.693689744
     147.938387208    211.253452423      0.539916903
     147.937275919    211.271231595     -0.000006518
     147.938387208    211.253452423     -0.539929939
     147.941693711    211.200552689     -0.693702780
     147.947114012    211.113834960     -0.831473803
     147.954514644    210.995434515     -0.947660169
     147.963713379    210.848266765     -1.035191857
     147.974483715    210.675955469     -1.086056659
     147.986560448    210.482743502     -1.094961120
     147.999646212    210.273388386     -1.094961120
     148.013418789    210.053045136     -1.094961120
     148.027539055    209.827139336     -1.094961120
     148.041659320    209.601233536     -1.094961120
     148.055431897    209.380890287     -1.094961120
     148.068517661    209.171535170     -1.094961120
     148.080594395    208.978323204     -1.094961120
     148.091364730    208.806011908     -1.094961120
     148.100563465    208.658844158     -1.094961120
     148.107964097    208.540443712     -1.094961120
     148.113384398    208.453725984     -1.094961120
     148.116690901    208.400826250     -1.094961120
     148.117802190    208.383047078     -1.094961120
     148.795389936    208.425399770      0.971913549
     148.794356479    208.441933732      0.971913549
     148.791281555    208.491128499      0.971913549
     148.786240879    208.571772731      0.971913549
     148.779358569    208.681880701      0.971913549
     148.770804090    208.818741184      0.971913549
     148.760788083    208.978984221      0.971913549
     148.749557174    209.158664097      0.971913549
     148.737387905    209.353356496      0.971913549
     148.724579925    209.558267447      0.971913549
     148.711448608    209.768351360      0.971913549
     148.698317292    209.978435274      0.971913549
     148.685509311    210.183346224      0.971913549
     148.673340043    210.378038624      0.971913549
     148.662109134    210.557718500      0.955172846
     148.652093126    210.717961537      0.898608293
     148.643538648    210.854822020      0.809695968
     148.636656338    210.964929989      0.695250388
     148.631615661    211.045574222      0.561581268
     148.628540737    211.094768988      0.414310872
     148.627507280    211.111302951     -0.000001280
     148.628540737    211.094768988     -0.414313433
     148.631615661    211.045574222     -0.561583829
     148.636656338    210.964929989     -0.695252949
     148.643538648    210.854822020     -0.809698529
     148.652093126    210.717961537     -0.898610853
     148.662109134    210.557718500     -0.955175406
     148.673340043    210.378038624     -0.971916110
     148.685509311    210.183346224     -0.971916110
     148.698317292    209.978435274     -0.971916110
     148.711448608    209.768351360     -0.971916110
     148.724579925    209.558267447     -0.971916110
     148.737387905    209.353356496     -0.971916110
     148.749557174    209.158664097     -0.971916110
     148.760788083    208.978984221     -0.971916110
     148.770804090    208.818741184     -0.971916110
     148.779358569    208.681880701     -0.971916110
     148.786240879    208.571772731     -0.971916110
     148.791281555    208.491128499     -0.971916110
     148.794356479    208.441933732     -0.971916110
     148.795389936    208.425399770     -0.971916110
     149.370511125    208.461347779      0.866922741
     149.369595869    208.475990673      0.866922741
     149.366872639    208.519558799      0.866922741
     149.362408489    208.590979365      0.866922741
     149.356313342    208.688493759      0.866922741
     149.348737280    208.809700854      0.866922741
     149.339866851    208.951616129      0.866922741
     149.329920475    209.110745158      0.866922741
     149.319143064    209.283169657      0.866922741
     149.307799993    209.464643962      0.866922741
     149.296170568    209.650699574      0.866922741
     149.284541143    209.836755185      0.866922741
     149.273198073    210.018229491      0.866922741
     149.262420662    210.190653989      0.864656645
     149.252474285    210.349783018      0.833118996
     149.243603856    210.491698293      0.769470320
     149.236027794    210.612905388      0.679345975
     149.229932647    210.710419782      0.568004113
     149.225468497    210.781840348      0.440604766
     149.222745267    210.825408474      0.302139591
     149.221830011    210.840051368      0.000001893
     149.222745267    210.825408474     -0.302135804
     149.225468497    210.781840348     -0.440600979
     149.229932647    210.710419782     -0.568000326
     149.236027794    210.612905388     -0.679342188
     149.243603856    210.491698293     -0.769466533
     149.252474285    210.349783018     -0.833115209
     149.262420662    210.190653989     -0.864652858
     149.273198073    210.018229491     -0.866918954
     149.284541143    209.836755185     -0.866918954
     149.296170568    209.650699574     -0.866918954
     149.307799993    209.464643962     -0.866918954
     149.319143064    209.283169657     -0.866918954
     149.329920475    209.110745158     -0.866918954
     149.339866851    208.951616129     -0.866918954
     149.348737280    208.809700854     -0.866918954
     149.356313342    208.688493759     -0.866918954
     149.362408489    208.590979365     -0.866918954
     149.366872639    208.519558799     -0.866918954
     149.369595869    208.475990673     -0.866918954
     149.370511125    208.461347779     -0.866918954
     149.842278962    208.490835676      0.780258702
     149.841512738    208.503094247      0.780258702
     149.839232936    208.539568113      0.780258702
     149.835495690    208.599359165      0.780258702
     149.830393024    208.680995151      0.780258702
     149.824050583    208.782465921      0.780258702
     149.816624539    208.901272928      0.780258702
     149.808297745    209.034490749      0.780258702
     149.799275235    209.178839119      0.780258702
     149.789779174    209.330763702      0.780258702
     149.780043384    209.486523612      0.780258702
     149.770307595    209.642283522      0.780258702
     149.760811533    209.794208105      0.780036930
     149.751789024    209.938556476      0.761369109
     149.743462230    210.071774296      0.715398459
     149.736036186    210.190581303      0.645750865
     149.729693745    210.292052073      0.556018121
     149.724591079    210.373688059      0.449914344
     149.720853833    210.433479111      0.331317807
     149.718574030    210.469952977      0.204220604
     149.717807807    210.482211548     -0.000071623
     149.718574030    210.469952977     -0.204363850
     149.720853833    210.433479111     -0.331461052
     149.724591079    210.373688059     -0.450057589
     149.729693745    210.292052073     -0.556161366
     149.736036186    210.190581303     -0.645894110
     149.743462230    210.071774296     -0.715541705
     149.751789024    209.938556476     -0.761512355
     149.760811533    209.794208105     -0.780180176
     149.770307595    209.642283522     -0.780401948
     149.780043384    209.486523612     -0.780401948
     149.789779174    209.330763702     -0.780401948
     149.799275235    209.178839119     -0.780401948
     149.808297745    209.034490749     -0.780401948
     149.816624539    208.901272928     -0.780401948
     149.824050583    208.782465921     -0.780401948
     149.830393024    208.680995151     -0.780401948
     149.835495690    208.599359165     -0.780401948
     149.839232936    208.539568113     -0.780401948
     149.841512738    208.503094247     -0.780401948
     149.842278962    208.490835676     -0.780401948
     150.209966014    208.513817994      0.687971872
     150.209372104    208.523319784      0.687971872
     150.207604997    208.551591191      0.687971872
     150.204708205    208.597936079      0.687971872
     150.200753057    208.661213281      0.687971872
     150.195836941    208.739864704      0.687971872
     150.190080910    208.831953689      0.687971872
     150.183626695    208.935212698      0.687971872
     150.176633220    209.047099153      0.687971872
     150.169272689    209.164858038      0.687971872
     150.161726342    209.285589738      0.687971872
     150.154179994    209.406321438      0.687053142
     150.146819463    209.524080323      0.670619249
     150.139825989    209.635966778      0.634611242
     150.133371773    209.739225788      0.580559323
     150.127615742    209.831314772      0.510300835
     150.122699627    209.909966195      0.425982353
     150.118744479    209.973243398      0.330036366
     150.115847687    210.019588285      0.225140978
     150.114080579    210.047859692      0.114167815
     150.113486669    210.057361483     -0.000566686
     150.114080579    210.047859692     -0.115301187
     150.115847687    210.019588285     -0.226274349
     150.118744479    209.973243398     -0.331169737
     150.122699627    209.909966195     -0.427115725
     150.127615742    209.831314772     -0.511434206
     150.133371773    209.739225788     -0.581692694
     150.139825989    209.635966778     -0.635744613
     150.146819463    209.524080323     -0.671752620
     150.154179994    209.406321438     -0.688186514
     150.161726342    209.285589738     -0.689105243
     150.169272689    209.164858038     -0.689105243
     150.176633220    209.047099153     -0.689105243
     150.183626695    208.935212698     -0.689105243
     150.190080910    208.831953689     -0.689105243
     150.195836941    208.739864704     -0.689105243
     150.200753057    208.661213281     -0.689105243
     150.204708205    208.597936079     -0.689105243
     150.207604997    208.551591191     -0.689105243
     150.209372104    208.523319784     -0.689105243
     150.209966014    208.513817994     -0.689105243
     150.473005336    208.530259294      0.509553703
     150.472600549    208.536735353      0.509553703
     150.471396156    208.556004069      0.509553703
     150.469421813    208.587590983      0.509553703
     150.466726134    208.630718319      0.509553703
     150.463375497    208.684324140      0.509553703
     150.459452405    208.747088492      0.509553703
     150.455053457    208.817465908      0.509553703
     150.450286970    208.893723463      0.509553703
     150.445270312    208.973983443      0.509553703
     150.440127009    209.056269581      0.509553703
     150.434983705    209.138555719      0.505447391
     150.429967047    209.218815700      0.488484099
     150.425200560    209.295073255      0.458915320
     150.420801613    209.365450671      0.417585537
     150.416878520    209.428215023      0.365607069
     150.413527883    209.481820843      0.304339561
     150.410832204    209.524948180      0.235361083
     150.408857861    209.556535093      0.160432455
     150.407653468    209.575803810      0.081456231
     150.407248681    209.582279869     -0.000077915
     150.407653468    209.575803810     -0.081612062
     150.408857861    209.556535093     -0.160588286
     150.410832204    209.524948180     -0.235516914
     150.413527883    209.481820843     -0.304495391
     150.416878520    209.428215023     -0.365762899
     150.420801613    209.365450671     -0.417741368
     150.425200560    209.295073255     -0.459071150
     150.429967047    209.218815700     -0.488639929
     150.434983705    209.138555719     -0.505603221
     150.440127009    209.056269581     -0.509709533
     150.445270312    208.973983443     -0.509709533
     150.450286970    208.893723463     -0.509709533
     150.455053457    208.817465908     -0.509709533
     150.459452405    208.747088492     -0.509709533
     150.463375497    208.684324140     -0.509709533
     150.466726134    208.630718319     -0.509709533
     150.469421813    208.587590983     -0.509709533
     150.471396156    208.556004069     -0.509709533
     150.472600549    208.536735353     -0.509709533
     150.473005336    208.530259294     -0.509709533
     150.630991339    208.540134225      0.262988015
     150.630786363    208.543413575      0.262988015
     150.630176482    208.553170878      0.262988015
     150.629176713    208.569165876      0.262988015
     150.627811674    208.591004720      0.262988015
     150.626114976    208.618149664      0.262988015
     150.624128399    208.649932309      0.262988015
     150.621900857    208.685570063      0.262988015
     150.619487201    208.724185404      0.262988015
     150.616946863    208.764827495      0.262988015
     150.614342394    208.806495593      0.262988015
     150.611737926    208.848163692      0.260308244
     150.609197588    208.888805783      0.251091161
     150.606783932    208.927421124      0.235562620
     150.604556390    208.963058878      0.214132284
     150.602569813    208.994841523      0.187350183
     150.600873115    209.021986467      0.155894705
     150.599508076    209.043825311      0.120556927
     150.598508307    209.059820309      0.082221869
     150.597898426    209.069577612      0.041847238
     150.597693450    209.072856962      0.000177471
     150.597898426    209.069577612     -0.041492297
     150.598508307    209.059820309     -0.081866928
     150.599508076    209.043825311     -0.120201986
     150.600873115    209.021986467     -0.155539764
     150.602569813    208.994841523     -0.186995242
     150.604556390    208.963058878     -0.213777343
     150.606783932    208.927421124     -0.235207679
     150.609197588    208.888805783     -0.250736220
     150.611737926    208.848163692     -0.259953303
     150.614342394    208.806495593     -0.262633074
     150.616946863    208.764827495     -0.262633074
     150.619487201    208.724185404     -0.262633074
     150.621900857    208.685570063     -0.262633074
     150.624128399    208.649932309     -0.262633074
     150.626114976    208.618149664     -0.262633074
     150.627811674    208.591004720     -0.262633074
     150.629176713    208.569165876     -0.262633074
     150.630176482    208.553170878     -0.262633074
     150.630786363    208.543413575     -0.262633074
     150.630991339    208.540134225     -0.262633074
     150.683680421    208.543427562      0.000000000
     150.683680421    208.543427562      0.000000000
     150.683680421    208.543427562      0.000000000
     150.683680421    208.543427562      0.000000000
     150.683680421    208.543427562      0.000000000
     150.683680421    208.543427562      0.000000000
     150.683680421    208.543427562      0.000000000
     150.683680421    208.543427562      0.000000000
     150.683680421    208.543427562      0.000000000
     150.683680421    208.543427562      0.000000000
     150.683680421    208.543427562      0.000000000
     150.683680421    208.543427562      0.000000000
     150.683680421    208.543427562      0.000000000
     150.683680421    208.543427562      0.000000000
     150.683680421    208.543427562      0.000000000
     150.683680421    208.543427562      0.000000000
     150.683680421    208.543427562      0.000000000
     150.683680421    208.543427562      0.000000000
     150.683680421    208.543427562      0.000000000
     150.683680421    208.543427562      0.000000000
     150.683680421    208.543427562      0.000000000
     150.683680421    208.543427562      0.000000000
     150.683680421    208.543427562      0.000000000
     150.683680421    208.543427562      0.000000000
     150.683680421    208.543427562      0.000000000
     150.683680421    208.543427562      0.000000000
     150.683680421    208.543427562      0.000000000
     150.683680421    208.543427562      0.000000000
     150.683680421    208.543427562      0.000000000
     150.683680421    208.543427562      0.000000000
     150.683680421    208.543427562      0.000000000
     150.683680421    208.543427562      0.000000000
     150.683680421    208.543427562      0.000000000
     150.683680421    208.543427562      0.000000000
     150.683680421    208.543427562      0.000000000
     150.683680421    208.543427562      0.000000000
     150.683680421    208.543427562      0.000000000
     150.683680421    208.543427562      0.000000000
     150.683680421    208.543427562      0.000000000
     150.683680421    208.543427562      0.000000000
     150.683680421    208.543427562      0.000000000
